text,label,language
fuck,1,en
fuck!,1,en
fuck.,1,en
fuck lol,1,en
fuck bro,1,en
fuck man,1,en
fuck dude,1,en
you fuck,1,en
you fuck!,1,en
you fuck.,1,en
you fuck lol,1,en
you fuck bro,1,en
you fuck man,1,en
you fuck dude,1,en
u fuck,1,en
u fuck!,1,en
u fuck.,1,en
u fuck lol,1,en
u fuck bro,1,en
u fuck man,1,en
u fuck dude,1,en
hey fuck,1,en
hey fuck!,1,en
hey fuck.,1,en
hey fuck lol,1,en
hey fuck bro,1,en
hey fuck man,1,en
hey fuck dude,1,en
such a fuck,1,en
such a fuck!,1,en
such a fuck.,1,en
such a fuck lol,1,en
such a fuck bro,1,en
such a fuck man,1,en
such a fuck dude,1,en
what a fuck,1,en
what a fuck!,1,en
what a fuck.,1,en
what a fuck lol,1,en
what a fuck bro,1,en
what a fuck man,1,en
what a fuck dude,1,en
fuk,1,en
fuk!,1,en
fuk.,1,en
fuk lol,1,en
fuk bro,1,en
fuk man,1,en
fuk dude,1,en
you fuk,1,en
you fuk!,1,en
you fuk.,1,en
you fuk lol,1,en
you fuk bro,1,en
you fuk man,1,en
you fuk dude,1,en
u fuk,1,en
u fuk!,1,en
u fuk.,1,en
u fuk lol,1,en
u fuk bro,1,en
u fuk man,1,en
u fuk dude,1,en
hey fuk,1,en
hey fuk!,1,en
hey fuk.,1,en
hey fuk lol,1,en
hey fuk bro,1,en
hey fuk man,1,en
hey fuk dude,1,en
such a fuk,1,en
such a fuk!,1,en
such a fuk.,1,en
such a fuk lol,1,en
such a fuk bro,1,en
such a fuk man,1,en
such a fuk dude,1,en
what a fuk,1,en
what a fuk!,1,en
what a fuk.,1,en
what a fuk lol,1,en
what a fuk bro,1,en
what a fuk man,1,en
what a fuk dude,1,en
fck,1,en
fck!,1,en
fck.,1,en
fck lol,1,en
fck bro,1,en
fck man,1,en
fck dude,1,en
you fck,1,en
you fck!,1,en
you fck.,1,en
you fck lol,1,en
you fck bro,1,en
you fck man,1,en
you fck dude,1,en
u fck,1,en
u fck!,1,en
u fck.,1,en
u fck lol,1,en
u fck bro,1,en
u fck man,1,en
u fck dude,1,en
hey fck,1,en
hey fck!,1,en
hey fck.,1,en
hey fck lol,1,en
hey fck bro,1,en
hey fck man,1,en
hey fck dude,1,en
such a fck,1,en
such a fck!,1,en
such a fck.,1,en
such a fck lol,1,en
such a fck bro,1,en
such a fck man,1,en
such a fck dude,1,en
what a fck,1,en
what a fck!,1,en
what a fck.,1,en
what a fck lol,1,en
what a fck bro,1,en
what a fck man,1,en
what a fck dude,1,en
fucking,1,en
fucking!,1,en
fucking.,1,en
fucking lol,1,en
fucking bro,1,en
fucking man,1,en
fucking dude,1,en
you fucking,1,en
you fucking!,1,en
you fucking.,1,en
you fucking lol,1,en
you fucking bro,1,en
you fucking man,1,en
you fucking dude,1,en
u fucking,1,en
u fucking!,1,en
u fucking.,1,en
u fucking lol,1,en
u fucking bro,1,en
u fucking man,1,en
u fucking dude,1,en
hey fucking,1,en
hey fucking!,1,en
hey fucking.,1,en
hey fucking lol,1,en
hey fucking bro,1,en
hey fucking man,1,en
hey fucking dude,1,en
such a fucking,1,en
such a fucking!,1,en
such a fucking.,1,en
such a fucking lol,1,en
such a fucking bro,1,en
such a fucking man,1,en
such a fucking dude,1,en
what a fucking,1,en
what a fucking!,1,en
what a fucking.,1,en
what a fucking lol,1,en
what a fucking bro,1,en
what a fucking man,1,en
what a fucking dude,1,en
fuking,1,en
fuking!,1,en
fuking.,1,en
fuking lol,1,en
fuking bro,1,en
fuking man,1,en
fuking dude,1,en
you fuking,1,en
you fuking!,1,en
you fuking.,1,en
you fuking lol,1,en
you fuking bro,1,en
you fuking man,1,en
you fuking dude,1,en
u fuking,1,en
u fuking!,1,en
u fuking.,1,en
u fuking lol,1,en
u fuking bro,1,en
u fuking man,1,en
u fuking dude,1,en
hey fuking,1,en
hey fuking!,1,en
hey fuking.,1,en
hey fuking lol,1,en
hey fuking bro,1,en
hey fuking man,1,en
hey fuking dude,1,en
such a fuking,1,en
such a fuking!,1,en
such a fuking.,1,en
such a fuking lol,1,en
such a fuking bro,1,en
such a fuking man,1,en
such a fuking dude,1,en
what a fuking,1,en
what a fuking!,1,en
what a fuking.,1,en
what a fuking lol,1,en
what a fuking bro,1,en
what a fuking man,1,en
what a fuking dude,1,en
fcking,1,en
fcking!,1,en
fcking.,1,en
fcking lol,1,en
fcking bro,1,en
fcking man,1,en
fcking dude,1,en
you fcking,1,en
you fcking!,1,en
you fcking.,1,en
you fcking lol,1,en
you fcking bro,1,en
you fcking man,1,en
you fcking dude,1,en
u fcking,1,en
u fcking!,1,en
u fcking.,1,en
u fcking lol,1,en
u fcking bro,1,en
u fcking man,1,en
u fcking dude,1,en
hey fcking,1,en
hey fcking!,1,en
hey fcking.,1,en
hey fcking lol,1,en
hey fcking bro,1,en
hey fcking man,1,en
hey fcking dude,1,en
such a fcking,1,en
such a fcking!,1,en
such a fcking.,1,en
such a fcking lol,1,en
such a fcking bro,1,en
such a fcking man,1,en
such a fcking dude,1,en
what a fcking,1,en
what a fcking!,1,en
what a fcking.,1,en
what a fcking lol,1,en
what a fcking bro,1,en
what a fcking man,1,en
what a fcking dude,1,en
fucked,1,en
fucked!,1,en
fucked.,1,en
fucked lol,1,en
fucked bro,1,en
fucked man,1,en
fucked dude,1,en
you fucked,1,en
you fucked!,1,en
you fucked.,1,en
you fucked lol,1,en
you fucked bro,1,en
you fucked man,1,en
you fucked dude,1,en
u fucked,1,en
u fucked!,1,en
u fucked.,1,en
u fucked lol,1,en
u fucked bro,1,en
u fucked man,1,en
u fucked dude,1,en
hey fucked,1,en
hey fucked!,1,en
hey fucked.,1,en
hey fucked lol,1,en
hey fucked bro,1,en
hey fucked man,1,en
hey fucked dude,1,en
such a fucked,1,en
such a fucked!,1,en
such a fucked.,1,en
such a fucked lol,1,en
such a fucked bro,1,en
such a fucked man,1,en
such a fucked dude,1,en
what a fucked,1,en
what a fucked!,1,en
what a fucked.,1,en
what a fucked lol,1,en
what a fucked bro,1,en
what a fucked man,1,en
what a fucked dude,1,en
fuked,1,en
fuked!,1,en
fuked.,1,en
fuked lol,1,en
fuked bro,1,en
fuked man,1,en
fuked dude,1,en
you fuked,1,en
you fuked!,1,en
you fuked.,1,en
you fuked lol,1,en
you fuked bro,1,en
you fuked man,1,en
you fuked dude,1,en
u fuked,1,en
u fuked!,1,en
u fuked.,1,en
u fuked lol,1,en
u fuked bro,1,en
u fuked man,1,en
u fuked dude,1,en
hey fuked,1,en
hey fuked!,1,en
hey fuked.,1,en
hey fuked lol,1,en
hey fuked bro,1,en
hey fuked man,1,en
hey fuked dude,1,en
such a fuked,1,en
such a fuked!,1,en
such a fuked.,1,en
such a fuked lol,1,en
such a fuked bro,1,en
such a fuked man,1,en
such a fuked dude,1,en
what a fuked,1,en
what a fuked!,1,en
what a fuked.,1,en
what a fuked lol,1,en
what a fuked bro,1,en
what a fuked man,1,en
what a fuked dude,1,en
fcked,1,en
fcked!,1,en
fcked.,1,en
fcked lol,1,en
fcked bro,1,en
fcked man,1,en
fcked dude,1,en
you fcked,1,en
you fcked!,1,en
you fcked.,1,en
you fcked lol,1,en
you fcked bro,1,en
you fcked man,1,en
you fcked dude,1,en
u fcked,1,en
u fcked!,1,en
u fcked.,1,en
u fcked lol,1,en
u fcked bro,1,en
u fcked man,1,en
u fcked dude,1,en
hey fcked,1,en
hey fcked!,1,en
hey fcked.,1,en
hey fcked lol,1,en
hey fcked bro,1,en
hey fcked man,1,en
hey fcked dude,1,en
such a fcked,1,en
such a fcked!,1,en
such a fcked.,1,en
such a fcked lol,1,en
such a fcked bro,1,en
such a fcked man,1,en
such a fcked dude,1,en
what a fcked,1,en
what a fcked!,1,en
what a fcked.,1,en
what a fcked lol,1,en
what a fcked bro,1,en
what a fcked man,1,en
what a fcked dude,1,en
fucker,1,en
fucker!,1,en
fucker.,1,en
fucker lol,1,en
fucker bro,1,en
fucker man,1,en
fucker dude,1,en
you fucker,1,en
you fucker!,1,en
you fucker.,1,en
you fucker lol,1,en
you fucker bro,1,en
you fucker man,1,en
you fucker dude,1,en
u fucker,1,en
u fucker!,1,en
u fucker.,1,en
u fucker lol,1,en
u fucker bro,1,en
u fucker man,1,en
u fucker dude,1,en
hey fucker,1,en
hey fucker!,1,en
hey fucker.,1,en
hey fucker lol,1,en
hey fucker bro,1,en
hey fucker man,1,en
hey fucker dude,1,en
such a fucker,1,en
such a fucker!,1,en
such a fucker.,1,en
such a fucker lol,1,en
such a fucker bro,1,en
such a fucker man,1,en
such a fucker dude,1,en
what a fucker,1,en
what a fucker!,1,en
what a fucker.,1,en
what a fucker lol,1,en
what a fucker bro,1,en
what a fucker man,1,en
what a fucker dude,1,en
fuker,1,en
fuker!,1,en
fuker.,1,en
fuker lol,1,en
fuker bro,1,en
fuker man,1,en
fuker dude,1,en
you fuker,1,en
you fuker!,1,en
you fuker.,1,en
you fuker lol,1,en
you fuker bro,1,en
you fuker man,1,en
you fuker dude,1,en
u fuker,1,en
u fuker!,1,en
u fuker.,1,en
u fuker lol,1,en
u fuker bro,1,en
u fuker man,1,en
u fuker dude,1,en
hey fuker,1,en
hey fuker!,1,en
hey fuker.,1,en
hey fuker lol,1,en
hey fuker bro,1,en
hey fuker man,1,en
hey fuker dude,1,en
such a fuker,1,en
such a fuker!,1,en
such a fuker.,1,en
such a fuker lol,1,en
such a fuker bro,1,en
such a fuker man,1,en
such a fuker dude,1,en
what a fuker,1,en
what a fuker!,1,en
what a fuker.,1,en
what a fuker lol,1,en
what a fuker bro,1,en
what a fuker man,1,en
what a fuker dude,1,en
fcker,1,en
fcker!,1,en
fcker.,1,en
fcker lol,1,en
fcker bro,1,en
fcker man,1,en
fcker dude,1,en
you fcker,1,en
you fcker!,1,en
you fcker.,1,en
you fcker lol,1,en
you fcker bro,1,en
you fcker man,1,en
you fcker dude,1,en
u fcker,1,en
u fcker!,1,en
u fcker.,1,en
u fcker lol,1,en
u fcker bro,1,en
u fcker man,1,en
u fcker dude,1,en
hey fcker,1,en
hey fcker!,1,en
hey fcker.,1,en
hey fcker lol,1,en
hey fcker bro,1,en
hey fcker man,1,en
hey fcker dude,1,en
such a fcker,1,en
such a fcker!,1,en
such a fcker.,1,en
such a fcker lol,1,en
such a fcker bro,1,en
such a fcker man,1,en
such a fcker dude,1,en
what a fcker,1,en
what a fcker!,1,en
what a fcker.,1,en
what a fcker lol,1,en
what a fcker bro,1,en
what a fcker man,1,en
what a fcker dude,1,en
fuckers,1,en
fuckers!,1,en
fuckers.,1,en
fuckers lol,1,en
fuckers bro,1,en
fuckers man,1,en
fuckers dude,1,en
you fuckers,1,en
you fuckers!,1,en
you fuckers.,1,en
you fuckers lol,1,en
you fuckers bro,1,en
you fuckers man,1,en
you fuckers dude,1,en
u fuckers,1,en
u fuckers!,1,en
u fuckers.,1,en
u fuckers lol,1,en
u fuckers bro,1,en
u fuckers man,1,en
u fuckers dude,1,en
hey fuckers,1,en
hey fuckers!,1,en
hey fuckers.,1,en
hey fuckers lol,1,en
hey fuckers bro,1,en
hey fuckers man,1,en
hey fuckers dude,1,en
such a fuckers,1,en
such a fuckers!,1,en
such a fuckers.,1,en
such a fuckers lol,1,en
such a fuckers bro,1,en
such a fuckers man,1,en
such a fuckers dude,1,en
what a fuckers,1,en
what a fuckers!,1,en
what a fuckers.,1,en
what a fuckers lol,1,en
what a fuckers bro,1,en
what a fuckers man,1,en
what a fuckers dude,1,en
fukers,1,en
fukers!,1,en
fukers.,1,en
fukers lol,1,en
fukers bro,1,en
fukers man,1,en
fukers dude,1,en
you fukers,1,en
you fukers!,1,en
you fukers.,1,en
you fukers lol,1,en
you fukers bro,1,en
you fukers man,1,en
you fukers dude,1,en
u fukers,1,en
u fukers!,1,en
u fukers.,1,en
u fukers lol,1,en
u fukers bro,1,en
u fukers man,1,en
u fukers dude,1,en
hey fukers,1,en
hey fukers!,1,en
hey fukers.,1,en
hey fukers lol,1,en
hey fukers bro,1,en
hey fukers man,1,en
hey fukers dude,1,en
such a fukers,1,en
such a fukers!,1,en
such a fukers.,1,en
such a fukers lol,1,en
such a fukers bro,1,en
such a fukers man,1,en
such a fukers dude,1,en
what a fukers,1,en
what a fukers!,1,en
what a fukers.,1,en
what a fukers lol,1,en
what a fukers bro,1,en
what a fukers man,1,en
what a fukers dude,1,en
fckers,1,en
fckers!,1,en
fckers.,1,en
fckers lol,1,en
fckers bro,1,en
fckers man,1,en
fckers dude,1,en
you fckers,1,en
you fckers!,1,en
you fckers.,1,en
you fckers lol,1,en
you fckers bro,1,en
you fckers man,1,en
you fckers dude,1,en
u fckers,1,en
u fckers!,1,en
u fckers.,1,en
u fckers lol,1,en
u fckers bro,1,en
u fckers man,1,en
u fckers dude,1,en
hey fckers,1,en
hey fckers!,1,en
hey fckers.,1,en
hey fckers lol,1,en
hey fckers bro,1,en
hey fckers man,1,en
hey fckers dude,1,en
such a fckers,1,en
such a fckers!,1,en
such a fckers.,1,en
such a fckers lol,1,en
such a fckers bro,1,en
such a fckers man,1,en
such a fckers dude,1,en
what a fckers,1,en
what a fckers!,1,en
what a fckers.,1,en
what a fckers lol,1,en
what a fckers bro,1,en
what a fckers man,1,en
what a fckers dude,1,en
motherfucker,1,en
motherfucker!,1,en
motherfucker.,1,en
motherfucker lol,1,en
motherfucker bro,1,en
motherfucker man,1,en
motherfucker dude,1,en
you motherfucker,1,en
you motherfucker!,1,en
you motherfucker.,1,en
you motherfucker lol,1,en
you motherfucker bro,1,en
you motherfucker man,1,en
you motherfucker dude,1,en
u motherfucker,1,en
u motherfucker!,1,en
u motherfucker.,1,en
u motherfucker lol,1,en
u motherfucker bro,1,en
u motherfucker man,1,en
u motherfucker dude,1,en
hey motherfucker,1,en
hey motherfucker!,1,en
hey motherfucker.,1,en
hey motherfucker lol,1,en
hey motherfucker bro,1,en
hey motherfucker man,1,en
hey motherfucker dude,1,en
such a motherfucker,1,en
such a motherfucker!,1,en
such a motherfucker.,1,en
such a motherfucker lol,1,en
such a motherfucker bro,1,en
such a motherfucker man,1,en
such a motherfucker dude,1,en
what a motherfucker,1,en
what a motherfucker!,1,en
what a motherfucker.,1,en
what a motherfucker lol,1,en
what a motherfucker bro,1,en
what a motherfucker man,1,en
what a motherfucker dude,1,en
motherfuker,1,en
motherfuker!,1,en
motherfuker.,1,en
motherfuker lol,1,en
motherfuker bro,1,en
motherfuker man,1,en
motherfuker dude,1,en
you motherfuker,1,en
you motherfuker!,1,en
you motherfuker.,1,en
you motherfuker lol,1,en
you motherfuker bro,1,en
you motherfuker man,1,en
you motherfuker dude,1,en
u motherfuker,1,en
u motherfuker!,1,en
u motherfuker.,1,en
u motherfuker lol,1,en
u motherfuker bro,1,en
u motherfuker man,1,en
u motherfuker dude,1,en
hey motherfuker,1,en
hey motherfuker!,1,en
hey motherfuker.,1,en
hey motherfuker lol,1,en
hey motherfuker bro,1,en
hey motherfuker man,1,en
hey motherfuker dude,1,en
such a motherfuker,1,en
such a motherfuker!,1,en
such a motherfuker.,1,en
such a motherfuker lol,1,en
such a motherfuker bro,1,en
such a motherfuker man,1,en
such a motherfuker dude,1,en
what a motherfuker,1,en
what a motherfuker!,1,en
what a motherfuker.,1,en
what a motherfuker lol,1,en
what a motherfuker bro,1,en
what a motherfuker man,1,en
what a motherfuker dude,1,en
motherfcker,1,en
motherfcker!,1,en
motherfcker.,1,en
motherfcker lol,1,en
motherfcker bro,1,en
motherfcker man,1,en
motherfcker dude,1,en
you motherfcker,1,en
you motherfcker!,1,en
you motherfcker.,1,en
you motherfcker lol,1,en
you motherfcker bro,1,en
you motherfcker man,1,en
you motherfcker dude,1,en
u motherfcker,1,en
u motherfcker!,1,en
u motherfcker.,1,en
u motherfcker lol,1,en
u motherfcker bro,1,en
u motherfcker man,1,en
u motherfcker dude,1,en
hey motherfcker,1,en
hey motherfcker!,1,en
hey motherfcker.,1,en
hey motherfcker lol,1,en
hey motherfcker bro,1,en
hey motherfcker man,1,en
hey motherfcker dude,1,en
such a motherfcker,1,en
such a motherfcker!,1,en
such a motherfcker.,1,en
such a motherfcker lol,1,en
such a motherfcker bro,1,en
such a motherfcker man,1,en
such a motherfcker dude,1,en
what a motherfcker,1,en
what a motherfcker!,1,en
what a motherfcker.,1,en
what a motherfcker lol,1,en
what a motherfcker bro,1,en
what a motherfcker man,1,en
what a motherfcker dude,1,en
motherfuckers,1,en
motherfuckers!,1,en
motherfuckers.,1,en
motherfuckers lol,1,en
motherfuckers bro,1,en
motherfuckers man,1,en
motherfuckers dude,1,en
you motherfuckers,1,en
you motherfuckers!,1,en
you motherfuckers.,1,en
you motherfuckers lol,1,en
you motherfuckers bro,1,en
you motherfuckers man,1,en
you motherfuckers dude,1,en
u motherfuckers,1,en
u motherfuckers!,1,en
u motherfuckers.,1,en
u motherfuckers lol,1,en
u motherfuckers bro,1,en
u motherfuckers man,1,en
u motherfuckers dude,1,en
hey motherfuckers,1,en
hey motherfuckers!,1,en
hey motherfuckers.,1,en
hey motherfuckers lol,1,en
hey motherfuckers bro,1,en
hey motherfuckers man,1,en
hey motherfuckers dude,1,en
such a motherfuckers,1,en
such a motherfuckers!,1,en
such a motherfuckers.,1,en
such a motherfuckers lol,1,en
such a motherfuckers bro,1,en
such a motherfuckers man,1,en
such a motherfuckers dude,1,en
what a motherfuckers,1,en
what a motherfuckers!,1,en
what a motherfuckers.,1,en
what a motherfuckers lol,1,en
what a motherfuckers bro,1,en
what a motherfuckers man,1,en
what a motherfuckers dude,1,en
motherfukers,1,en
motherfukers!,1,en
motherfukers.,1,en
motherfukers lol,1,en
motherfukers bro,1,en
motherfukers man,1,en
motherfukers dude,1,en
you motherfukers,1,en
you motherfukers!,1,en
you motherfukers.,1,en
you motherfukers lol,1,en
you motherfukers bro,1,en
you motherfukers man,1,en
you motherfukers dude,1,en
u motherfukers,1,en
u motherfukers!,1,en
u motherfukers.,1,en
u motherfukers lol,1,en
u motherfukers bro,1,en
u motherfukers man,1,en
u motherfukers dude,1,en
hey motherfukers,1,en
hey motherfukers!,1,en
hey motherfukers.,1,en
hey motherfukers lol,1,en
hey motherfukers bro,1,en
hey motherfukers man,1,en
hey motherfukers dude,1,en
such a motherfukers,1,en
such a motherfukers!,1,en
such a motherfukers.,1,en
such a motherfukers lol,1,en
such a motherfukers bro,1,en
such a motherfukers man,1,en
such a motherfukers dude,1,en
what a motherfukers,1,en
what a motherfukers!,1,en
what a motherfukers.,1,en
what a motherfukers lol,1,en
what a motherfukers bro,1,en
what a motherfukers man,1,en
what a motherfukers dude,1,en
motherfckers,1,en
motherfckers!,1,en
motherfckers.,1,en
motherfckers lol,1,en
motherfckers bro,1,en
motherfckers man,1,en
motherfckers dude,1,en
you motherfckers,1,en
you motherfckers!,1,en
you motherfckers.,1,en
you motherfckers lol,1,en
you motherfckers bro,1,en
you motherfckers man,1,en
you motherfckers dude,1,en
u motherfckers,1,en
u motherfckers!,1,en
u motherfckers.,1,en
u motherfckers lol,1,en
u motherfckers bro,1,en
u motherfckers man,1,en
u motherfckers dude,1,en
hey motherfckers,1,en
hey motherfckers!,1,en
hey motherfckers.,1,en
hey motherfckers lol,1,en
hey motherfckers bro,1,en
hey motherfckers man,1,en
hey motherfckers dude,1,en
such a motherfckers,1,en
such a motherfckers!,1,en
such a motherfckers.,1,en
such a motherfckers lol,1,en
such a motherfckers bro,1,en
such a motherfckers man,1,en
such a motherfckers dude,1,en
what a motherfckers,1,en
what a motherfckers!,1,en
what a motherfckers.,1,en
what a motherfckers lol,1,en
what a motherfckers bro,1,en
what a motherfckers man,1,en
what a motherfckers dude,1,en
shit,1,en
shit!,1,en
shit.,1,en
shit lol,1,en
shit bro,1,en
shit man,1,en
shit dude,1,en
you shit,1,en
you shit!,1,en
you shit.,1,en
you shit lol,1,en
you shit bro,1,en
you shit man,1,en
you shit dude,1,en
u shit,1,en
u shit!,1,en
u shit.,1,en
u shit lol,1,en
u shit bro,1,en
u shit man,1,en
u shit dude,1,en
hey shit,1,en
hey shit!,1,en
hey shit.,1,en
hey shit lol,1,en
hey shit bro,1,en
hey shit man,1,en
hey shit dude,1,en
such a shit,1,en
such a shit!,1,en
such a shit.,1,en
such a shit lol,1,en
such a shit bro,1,en
such a shit man,1,en
such a shit dude,1,en
what a shit,1,en
what a shit!,1,en
what a shit.,1,en
what a shit lol,1,en
what a shit bro,1,en
what a shit man,1,en
what a shit dude,1,en
sh1t,1,en
sh1t!,1,en
sh1t.,1,en
sh1t lol,1,en
sh1t bro,1,en
sh1t man,1,en
sh1t dude,1,en
you sh1t,1,en
you sh1t!,1,en
you sh1t.,1,en
you sh1t lol,1,en
you sh1t bro,1,en
you sh1t man,1,en
you sh1t dude,1,en
u sh1t,1,en
u sh1t!,1,en
u sh1t.,1,en
u sh1t lol,1,en
u sh1t bro,1,en
u sh1t man,1,en
u sh1t dude,1,en
hey sh1t,1,en
hey sh1t!,1,en
hey sh1t.,1,en
hey sh1t lol,1,en
hey sh1t bro,1,en
hey sh1t man,1,en
hey sh1t dude,1,en
such a sh1t,1,en
such a sh1t!,1,en
such a sh1t.,1,en
such a sh1t lol,1,en
such a sh1t bro,1,en
such a sh1t man,1,en
such a sh1t dude,1,en
what a sh1t,1,en
what a sh1t!,1,en
what a sh1t.,1,en
what a sh1t lol,1,en
what a sh1t bro,1,en
what a sh1t man,1,en
what a sh1t dude,1,en
shitty,1,en
shitty!,1,en
shitty.,1,en
shitty lol,1,en
shitty bro,1,en
shitty man,1,en
shitty dude,1,en
you shitty,1,en
you shitty!,1,en
you shitty.,1,en
you shitty lol,1,en
you shitty bro,1,en
you shitty man,1,en
you shitty dude,1,en
u shitty,1,en
u shitty!,1,en
u shitty.,1,en
u shitty lol,1,en
u shitty bro,1,en
u shitty man,1,en
u shitty dude,1,en
hey shitty,1,en
hey shitty!,1,en
hey shitty.,1,en
hey shitty lol,1,en
hey shitty bro,1,en
hey shitty man,1,en
hey shitty dude,1,en
such a shitty,1,en
such a shitty!,1,en
such a shitty.,1,en
such a shitty lol,1,en
such a shitty bro,1,en
such a shitty man,1,en
such a shitty dude,1,en
what a shitty,1,en
what a shitty!,1,en
what a shitty.,1,en
what a shitty lol,1,en
what a shitty bro,1,en
what a shitty man,1,en
what a shitty dude,1,en
sh1tty,1,en
sh1tty!,1,en
sh1tty.,1,en
sh1tty lol,1,en
sh1tty bro,1,en
sh1tty man,1,en
sh1tty dude,1,en
you sh1tty,1,en
you sh1tty!,1,en
you sh1tty.,1,en
you sh1tty lol,1,en
you sh1tty bro,1,en
you sh1tty man,1,en
you sh1tty dude,1,en
u sh1tty,1,en
u sh1tty!,1,en
u sh1tty.,1,en
u sh1tty lol,1,en
u sh1tty bro,1,en
u sh1tty man,1,en
u sh1tty dude,1,en
hey sh1tty,1,en
hey sh1tty!,1,en
hey sh1tty.,1,en
hey sh1tty lol,1,en
hey sh1tty bro,1,en
hey sh1tty man,1,en
hey sh1tty dude,1,en
such a sh1tty,1,en
such a sh1tty!,1,en
such a sh1tty.,1,en
such a sh1tty lol,1,en
such a sh1tty bro,1,en
such a sh1tty man,1,en
such a sh1tty dude,1,en
what a sh1tty,1,en
what a sh1tty!,1,en
what a sh1tty.,1,en
what a sh1tty lol,1,en
what a sh1tty bro,1,en
what a sh1tty man,1,en
what a sh1tty dude,1,en
bullshit,1,en
bullshit!,1,en
bullshit.,1,en
bullshit lol,1,en
bullshit bro,1,en
bullshit man,1,en
bullshit dude,1,en
you bullshit,1,en
you bullshit!,1,en
you bullshit.,1,en
you bullshit lol,1,en
you bullshit bro,1,en
you bullshit man,1,en
you bullshit dude,1,en
u bullshit,1,en
u bullshit!,1,en
u bullshit.,1,en
u bullshit lol,1,en
u bullshit bro,1,en
u bullshit man,1,en
u bullshit dude,1,en
hey bullshit,1,en
hey bullshit!,1,en
hey bullshit.,1,en
hey bullshit lol,1,en
hey bullshit bro,1,en
hey bullshit man,1,en
hey bullshit dude,1,en
such a bullshit,1,en
such a bullshit!,1,en
such a bullshit.,1,en
such a bullshit lol,1,en
such a bullshit bro,1,en
such a bullshit man,1,en
such a bullshit dude,1,en
what a bullshit,1,en
what a bullshit!,1,en
what a bullshit.,1,en
what a bullshit lol,1,en
what a bullshit bro,1,en
what a bullshit man,1,en
what a bullshit dude,1,en
bullsh1t,1,en
bullsh1t!,1,en
bullsh1t.,1,en
bullsh1t lol,1,en
bullsh1t bro,1,en
bullsh1t man,1,en
bullsh1t dude,1,en
you bullsh1t,1,en
you bullsh1t!,1,en
you bullsh1t.,1,en
you bullsh1t lol,1,en
you bullsh1t bro,1,en
you bullsh1t man,1,en
you bullsh1t dude,1,en
u bullsh1t,1,en
u bullsh1t!,1,en
u bullsh1t.,1,en
u bullsh1t lol,1,en
u bullsh1t bro,1,en
u bullsh1t man,1,en
u bullsh1t dude,1,en
hey bullsh1t,1,en
hey bullsh1t!,1,en
hey bullsh1t.,1,en
hey bullsh1t lol,1,en
hey bullsh1t bro,1,en
hey bullsh1t man,1,en
hey bullsh1t dude,1,en
such a bullsh1t,1,en
such a bullsh1t!,1,en
such a bullsh1t.,1,en
such a bullsh1t lol,1,en
such a bullsh1t bro,1,en
such a bullsh1t man,1,en
such a bullsh1t dude,1,en
what a bullsh1t,1,en
what a bullsh1t!,1,en
what a bullsh1t.,1,en
what a bullsh1t lol,1,en
what a bullsh1t bro,1,en
what a bullsh1t man,1,en
what a bullsh1t dude,1,en
shithead,1,en
shithead!,1,en
shithead.,1,en
shithead lol,1,en
shithead bro,1,en
shithead man,1,en
shithead dude,1,en
you shithead,1,en
you shithead!,1,en
you shithead.,1,en
you shithead lol,1,en
you shithead bro,1,en
you shithead man,1,en
you shithead dude,1,en
u shithead,1,en
u shithead!,1,en
u shithead.,1,en
u shithead lol,1,en
u shithead bro,1,en
u shithead man,1,en
u shithead dude,1,en
hey shithead,1,en
hey shithead!,1,en
hey shithead.,1,en
hey shithead lol,1,en
hey shithead bro,1,en
hey shithead man,1,en
hey shithead dude,1,en
such a shithead,1,en
such a shithead!,1,en
such a shithead.,1,en
such a shithead lol,1,en
such a shithead bro,1,en
such a shithead man,1,en
such a shithead dude,1,en
what a shithead,1,en
what a shithead!,1,en
what a shithead.,1,en
what a shithead lol,1,en
what a shithead bro,1,en
what a shithead man,1,en
what a shithead dude,1,en
sh1thead,1,en
sh1thead!,1,en
sh1thead.,1,en
sh1thead lol,1,en
sh1thead bro,1,en
sh1thead man,1,en
sh1thead dude,1,en
you sh1thead,1,en
you sh1thead!,1,en
you sh1thead.,1,en
you sh1thead lol,1,en
you sh1thead bro,1,en
you sh1thead man,1,en
you sh1thead dude,1,en
u sh1thead,1,en
u sh1thead!,1,en
u sh1thead.,1,en
u sh1thead lol,1,en
u sh1thead bro,1,en
u sh1thead man,1,en
u sh1thead dude,1,en
hey sh1thead,1,en
hey sh1thead!,1,en
hey sh1thead.,1,en
hey sh1thead lol,1,en
hey sh1thead bro,1,en
hey sh1thead man,1,en
hey sh1thead dude,1,en
such a sh1thead,1,en
such a sh1thead!,1,en
such a sh1thead.,1,en
such a sh1thead lol,1,en
such a sh1thead bro,1,en
such a sh1thead man,1,en
such a sh1thead dude,1,en
what a sh1thead,1,en
what a sh1thead!,1,en
what a sh1thead.,1,en
what a sh1thead lol,1,en
what a sh1thead bro,1,en
what a sh1thead man,1,en
what a sh1thead dude,1,en
shitheads,1,en
shitheads!,1,en
shitheads.,1,en
shitheads lol,1,en
shitheads bro,1,en
shitheads man,1,en
shitheads dude,1,en
you shitheads,1,en
you shitheads!,1,en
you shitheads.,1,en
you shitheads lol,1,en
you shitheads bro,1,en
you shitheads man,1,en
you shitheads dude,1,en
u shitheads,1,en
u shitheads!,1,en
u shitheads.,1,en
u shitheads lol,1,en
u shitheads bro,1,en
u shitheads man,1,en
u shitheads dude,1,en
hey shitheads,1,en
hey shitheads!,1,en
hey shitheads.,1,en
hey shitheads lol,1,en
hey shitheads bro,1,en
hey shitheads man,1,en
hey shitheads dude,1,en
such a shitheads,1,en
such a shitheads!,1,en
such a shitheads.,1,en
such a shitheads lol,1,en
such a shitheads bro,1,en
such a shitheads man,1,en
such a shitheads dude,1,en
what a shitheads,1,en
what a shitheads!,1,en
what a shitheads.,1,en
what a shitheads lol,1,en
what a shitheads bro,1,en
what a shitheads man,1,en
what a shitheads dude,1,en
sh1theads,1,en
sh1theads!,1,en
sh1theads.,1,en
sh1theads lol,1,en
sh1theads bro,1,en
sh1theads man,1,en
sh1theads dude,1,en
you sh1theads,1,en
you sh1theads!,1,en
you sh1theads.,1,en
you sh1theads lol,1,en
you sh1theads bro,1,en
you sh1theads man,1,en
you sh1theads dude,1,en
u sh1theads,1,en
u sh1theads!,1,en
u sh1theads.,1,en
u sh1theads lol,1,en
u sh1theads bro,1,en
u sh1theads man,1,en
u sh1theads dude,1,en
hey sh1theads,1,en
hey sh1theads!,1,en
hey sh1theads.,1,en
hey sh1theads lol,1,en
hey sh1theads bro,1,en
hey sh1theads man,1,en
hey sh1theads dude,1,en
such a sh1theads,1,en
such a sh1theads!,1,en
such a sh1theads.,1,en
such a sh1theads lol,1,en
such a sh1theads bro,1,en
such a sh1theads man,1,en
such a sh1theads dude,1,en
what a sh1theads,1,en
what a sh1theads!,1,en
what a sh1theads.,1,en
what a sh1theads lol,1,en
what a sh1theads bro,1,en
what a sh1theads man,1,en
what a sh1theads dude,1,en
dipshit,1,en
dipshit!,1,en
dipshit.,1,en
dipshit lol,1,en
dipshit bro,1,en
dipshit man,1,en
dipshit dude,1,en
you dipshit,1,en
you dipshit!,1,en
you dipshit.,1,en
you dipshit lol,1,en
you dipshit bro,1,en
you dipshit man,1,en
you dipshit dude,1,en
u dipshit,1,en
u dipshit!,1,en
u dipshit.,1,en
u dipshit lol,1,en
u dipshit bro,1,en
u dipshit man,1,en
u dipshit dude,1,en
hey dipshit,1,en
hey dipshit!,1,en
hey dipshit.,1,en
hey dipshit lol,1,en
hey dipshit bro,1,en
hey dipshit man,1,en
hey dipshit dude,1,en
such a dipshit,1,en
such a dipshit!,1,en
such a dipshit.,1,en
such a dipshit lol,1,en
such a dipshit bro,1,en
such a dipshit man,1,en
such a dipshit dude,1,en
what a dipshit,1,en
what a dipshit!,1,en
what a dipshit.,1,en
what a dipshit lol,1,en
what a dipshit bro,1,en
what a dipshit man,1,en
what a dipshit dude,1,en
dipsh1t,1,en
dipsh1t!,1,en
dipsh1t.,1,en
dipsh1t lol,1,en
dipsh1t bro,1,en
dipsh1t man,1,en
dipsh1t dude,1,en
you dipsh1t,1,en
you dipsh1t!,1,en
you dipsh1t.,1,en
you dipsh1t lol,1,en
you dipsh1t bro,1,en
you dipsh1t man,1,en
you dipsh1t dude,1,en
u dipsh1t,1,en
u dipsh1t!,1,en
u dipsh1t.,1,en
u dipsh1t lol,1,en
u dipsh1t bro,1,en
u dipsh1t man,1,en
u dipsh1t dude,1,en
hey dipsh1t,1,en
hey dipsh1t!,1,en
hey dipsh1t.,1,en
hey dipsh1t lol,1,en
hey dipsh1t bro,1,en
hey dipsh1t man,1,en
hey dipsh1t dude,1,en
such a dipsh1t,1,en
such a dipsh1t!,1,en
such a dipsh1t.,1,en
such a dipsh1t lol,1,en
such a dipsh1t bro,1,en
such a dipsh1t man,1,en
such a dipsh1t dude,1,en
what a dipsh1t,1,en
what a dipsh1t!,1,en
what a dipsh1t.,1,en
what a dipsh1t lol,1,en
what a dipsh1t bro,1,en
what a dipsh1t man,1,en
what a dipsh1t dude,1,en
piece of shit,1,en
piece of shit!,1,en
piece of shit.,1,en
piece of shit lol,1,en
piece of shit bro,1,en
piece of shit man,1,en
piece of shit dude,1,en
you piece of shit,1,en
you piece of shit!,1,en
you piece of shit.,1,en
you piece of shit lol,1,en
you piece of shit bro,1,en
you piece of shit man,1,en
you piece of shit dude,1,en
u piece of shit,1,en
u piece of shit!,1,en
u piece of shit.,1,en
u piece of shit lol,1,en
u piece of shit bro,1,en
u piece of shit man,1,en
u piece of shit dude,1,en
hey piece of shit,1,en
hey piece of shit!,1,en
hey piece of shit.,1,en
hey piece of shit lol,1,en
hey piece of shit bro,1,en
hey piece of shit man,1,en
hey piece of shit dude,1,en
such a piece of shit,1,en
such a piece of shit!,1,en
such a piece of shit.,1,en
such a piece of shit lol,1,en
such a piece of shit bro,1,en
such a piece of shit man,1,en
such a piece of shit dude,1,en
what a piece of shit,1,en
what a piece of shit!,1,en
what a piece of shit.,1,en
what a piece of shit lol,1,en
what a piece of shit bro,1,en
what a piece of shit man,1,en
what a piece of shit dude,1,en
piece of sh1t,1,en
piece of sh1t!,1,en
piece of sh1t.,1,en
piece of sh1t lol,1,en
piece of sh1t bro,1,en
piece of sh1t man,1,en
piece of sh1t dude,1,en
you piece of sh1t,1,en
you piece of sh1t!,1,en
you piece of sh1t.,1,en
you piece of sh1t lol,1,en
you piece of sh1t bro,1,en
you piece of sh1t man,1,en
you piece of sh1t dude,1,en
u piece of sh1t,1,en
u piece of sh1t!,1,en
u piece of sh1t.,1,en
u piece of sh1t lol,1,en
u piece of sh1t bro,1,en
u piece of sh1t man,1,en
u piece of sh1t dude,1,en
hey piece of sh1t,1,en
hey piece of sh1t!,1,en
hey piece of sh1t.,1,en
hey piece of sh1t lol,1,en
hey piece of sh1t bro,1,en
hey piece of sh1t man,1,en
hey piece of sh1t dude,1,en
such a piece of sh1t,1,en
such a piece of sh1t!,1,en
such a piece of sh1t.,1,en
such a piece of sh1t lol,1,en
such a piece of sh1t bro,1,en
such a piece of sh1t man,1,en
such a piece of sh1t dude,1,en
what a piece of sh1t,1,en
what a piece of sh1t!,1,en
what a piece of sh1t.,1,en
what a piece of sh1t lol,1,en
what a piece of sh1t bro,1,en
what a piece of sh1t man,1,en
what a piece of sh1t dude,1,en
ass,1,en
ass!,1,en
ass.,1,en
ass lol,1,en
ass bro,1,en
ass man,1,en
ass dude,1,en
you ass,1,en
you ass!,1,en
you ass.,1,en
you ass lol,1,en
you ass bro,1,en
you ass man,1,en
you ass dude,1,en
u ass,1,en
u ass!,1,en
u ass.,1,en
u ass lol,1,en
u ass bro,1,en
u ass man,1,en
u ass dude,1,en
hey ass,1,en
hey ass!,1,en
hey ass.,1,en
hey ass lol,1,en
hey ass bro,1,en
hey ass man,1,en
hey ass dude,1,en
such a ass,1,en
such a ass!,1,en
such a ass.,1,en
such a ass lol,1,en
such a ass bro,1,en
such a ass man,1,en
such a ass dude,1,en
what a ass,1,en
what a ass!,1,en
what a ass.,1,en
what a ass lol,1,en
what a ass bro,1,en
what a ass man,1,en
what a ass dude,1,en
azz,1,en
azz!,1,en
azz.,1,en
azz lol,1,en
azz bro,1,en
azz man,1,en
azz dude,1,en
you azz,1,en
you azz!,1,en
you azz.,1,en
you azz lol,1,en
you azz bro,1,en
you azz man,1,en
you azz dude,1,en
u azz,1,en
u azz!,1,en
u azz.,1,en
u azz lol,1,en
u azz bro,1,en
u azz man,1,en
u azz dude,1,en
hey azz,1,en
hey azz!,1,en
hey azz.,1,en
hey azz lol,1,en
hey azz bro,1,en
hey azz man,1,en
hey azz dude,1,en
such a azz,1,en
such a azz!,1,en
such a azz.,1,en
such a azz lol,1,en
such a azz bro,1,en
such a azz man,1,en
such a azz dude,1,en
what a azz,1,en
what a azz!,1,en
what a azz.,1,en
what a azz lol,1,en
what a azz bro,1,en
what a azz man,1,en
what a azz dude,1,en
asses,1,en
asses!,1,en
asses.,1,en
asses lol,1,en
asses bro,1,en
asses man,1,en
asses dude,1,en
you asses,1,en
you asses!,1,en
you asses.,1,en
you asses lol,1,en
you asses bro,1,en
you asses man,1,en
you asses dude,1,en
u asses,1,en
u asses!,1,en
u asses.,1,en
u asses lol,1,en
u asses bro,1,en
u asses man,1,en
u asses dude,1,en
hey asses,1,en
hey asses!,1,en
hey asses.,1,en
hey asses lol,1,en
hey asses bro,1,en
hey asses man,1,en
hey asses dude,1,en
such a asses,1,en
such a asses!,1,en
such a asses.,1,en
such a asses lol,1,en
such a asses bro,1,en
such a asses man,1,en
such a asses dude,1,en
what a asses,1,en
what a asses!,1,en
what a asses.,1,en
what a asses lol,1,en
what a asses bro,1,en
what a asses man,1,en
what a asses dude,1,en
azzes,1,en
azzes!,1,en
azzes.,1,en
azzes lol,1,en
azzes bro,1,en
azzes man,1,en
azzes dude,1,en
you azzes,1,en
you azzes!,1,en
you azzes.,1,en
you azzes lol,1,en
you azzes bro,1,en
you azzes man,1,en
you azzes dude,1,en
u azzes,1,en
u azzes!,1,en
u azzes.,1,en
u azzes lol,1,en
u azzes bro,1,en
u azzes man,1,en
u azzes dude,1,en
hey azzes,1,en
hey azzes!,1,en
hey azzes.,1,en
hey azzes lol,1,en
hey azzes bro,1,en
hey azzes man,1,en
hey azzes dude,1,en
such a azzes,1,en
such a azzes!,1,en
such a azzes.,1,en
such a azzes lol,1,en
such a azzes bro,1,en
such a azzes man,1,en
such a azzes dude,1,en
what a azzes,1,en
what a azzes!,1,en
what a azzes.,1,en
what a azzes lol,1,en
what a azzes bro,1,en
what a azzes man,1,en
what a azzes dude,1,en
asshole,1,en
asshole!,1,en
asshole.,1,en
asshole lol,1,en
asshole bro,1,en
asshole man,1,en
asshole dude,1,en
you asshole,1,en
you asshole!,1,en
you asshole.,1,en
you asshole lol,1,en
you asshole bro,1,en
you asshole man,1,en
you asshole dude,1,en
u asshole,1,en
u asshole!,1,en
u asshole.,1,en
u asshole lol,1,en
u asshole bro,1,en
u asshole man,1,en
u asshole dude,1,en
hey asshole,1,en
hey asshole!,1,en
hey asshole.,1,en
hey asshole lol,1,en
hey asshole bro,1,en
hey asshole man,1,en
hey asshole dude,1,en
such a asshole,1,en
such a asshole!,1,en
such a asshole.,1,en
such a asshole lol,1,en
such a asshole bro,1,en
such a asshole man,1,en
such a asshole dude,1,en
what a asshole,1,en
what a asshole!,1,en
what a asshole.,1,en
what a asshole lol,1,en
what a asshole bro,1,en
what a asshole man,1,en
what a asshole dude,1,en
azzhole,1,en
azzhole!,1,en
azzhole.,1,en
azzhole lol,1,en
azzhole bro,1,en
azzhole man,1,en
azzhole dude,1,en
you azzhole,1,en
you azzhole!,1,en
you azzhole.,1,en
you azzhole lol,1,en
you azzhole bro,1,en
you azzhole man,1,en
you azzhole dude,1,en
u azzhole,1,en
u azzhole!,1,en
u azzhole.,1,en
u azzhole lol,1,en
u azzhole bro,1,en
u azzhole man,1,en
u azzhole dude,1,en
hey azzhole,1,en
hey azzhole!,1,en
hey azzhole.,1,en
hey azzhole lol,1,en
hey azzhole bro,1,en
hey azzhole man,1,en
hey azzhole dude,1,en
such a azzhole,1,en
such a azzhole!,1,en
such a azzhole.,1,en
such a azzhole lol,1,en
such a azzhole bro,1,en
such a azzhole man,1,en
such a azzhole dude,1,en
what a azzhole,1,en
what a azzhole!,1,en
what a azzhole.,1,en
what a azzhole lol,1,en
what a azzhole bro,1,en
what a azzhole man,1,en
what a azzhole dude,1,en
assholes,1,en
assholes!,1,en
assholes.,1,en
assholes lol,1,en
assholes bro,1,en
assholes man,1,en
assholes dude,1,en
you assholes,1,en
you assholes!,1,en
you assholes.,1,en
you assholes lol,1,en
you assholes bro,1,en
you assholes man,1,en
you assholes dude,1,en
u assholes,1,en
u assholes!,1,en
u assholes.,1,en
u assholes lol,1,en
u assholes bro,1,en
u assholes man,1,en
u assholes dude,1,en
hey assholes,1,en
hey assholes!,1,en
hey assholes.,1,en
hey assholes lol,1,en
hey assholes bro,1,en
hey assholes man,1,en
hey assholes dude,1,en
such a assholes,1,en
such a assholes!,1,en
such a assholes.,1,en
such a assholes lol,1,en
such a assholes bro,1,en
such a assholes man,1,en
such a assholes dude,1,en
what a assholes,1,en
what a assholes!,1,en
what a assholes.,1,en
what a assholes lol,1,en
what a assholes bro,1,en
what a assholes man,1,en
what a assholes dude,1,en
azzholes,1,en
azzholes!,1,en
azzholes.,1,en
azzholes lol,1,en
azzholes bro,1,en
azzholes man,1,en
azzholes dude,1,en
you azzholes,1,en
you azzholes!,1,en
you azzholes.,1,en
you azzholes lol,1,en
you azzholes bro,1,en
you azzholes man,1,en
you azzholes dude,1,en
u azzholes,1,en
u azzholes!,1,en
u azzholes.,1,en
u azzholes lol,1,en
u azzholes bro,1,en
u azzholes man,1,en
u azzholes dude,1,en
hey azzholes,1,en
hey azzholes!,1,en
hey azzholes.,1,en
hey azzholes lol,1,en
hey azzholes bro,1,en
hey azzholes man,1,en
hey azzholes dude,1,en
such a azzholes,1,en
such a azzholes!,1,en
such a azzholes.,1,en
such a azzholes lol,1,en
such a azzholes bro,1,en
such a azzholes man,1,en
such a azzholes dude,1,en
what a azzholes,1,en
what a azzholes!,1,en
what a azzholes.,1,en
what a azzholes lol,1,en
what a azzholes bro,1,en
what a azzholes man,1,en
what a azzholes dude,1,en
dumbass,1,en
dumbass!,1,en
dumbass.,1,en
dumbass lol,1,en
dumbass bro,1,en
dumbass man,1,en
dumbass dude,1,en
you dumbass,1,en
you dumbass!,1,en
you dumbass.,1,en
you dumbass lol,1,en
you dumbass bro,1,en
you dumbass man,1,en
you dumbass dude,1,en
u dumbass,1,en
u dumbass!,1,en
u dumbass.,1,en
u dumbass lol,1,en
u dumbass bro,1,en
u dumbass man,1,en
u dumbass dude,1,en
hey dumbass,1,en
hey dumbass!,1,en
hey dumbass.,1,en
hey dumbass lol,1,en
hey dumbass bro,1,en
hey dumbass man,1,en
hey dumbass dude,1,en
such a dumbass,1,en
such a dumbass!,1,en
such a dumbass.,1,en
such a dumbass lol,1,en
such a dumbass bro,1,en
such a dumbass man,1,en
such a dumbass dude,1,en
what a dumbass,1,en
what a dumbass!,1,en
what a dumbass.,1,en
what a dumbass lol,1,en
what a dumbass bro,1,en
what a dumbass man,1,en
what a dumbass dude,1,en
dumbazz,1,en
dumbazz!,1,en
dumbazz.,1,en
dumbazz lol,1,en
dumbazz bro,1,en
dumbazz man,1,en
dumbazz dude,1,en
you dumbazz,1,en
you dumbazz!,1,en
you dumbazz.,1,en
you dumbazz lol,1,en
you dumbazz bro,1,en
you dumbazz man,1,en
you dumbazz dude,1,en
u dumbazz,1,en
u dumbazz!,1,en
u dumbazz.,1,en
u dumbazz lol,1,en
u dumbazz bro,1,en
u dumbazz man,1,en
u dumbazz dude,1,en
hey dumbazz,1,en
hey dumbazz!,1,en
hey dumbazz.,1,en
hey dumbazz lol,1,en
hey dumbazz bro,1,en
hey dumbazz man,1,en
hey dumbazz dude,1,en
such a dumbazz,1,en
such a dumbazz!,1,en
such a dumbazz.,1,en
such a dumbazz lol,1,en
such a dumbazz bro,1,en
such a dumbazz man,1,en
such a dumbazz dude,1,en
what a dumbazz,1,en
what a dumbazz!,1,en
what a dumbazz.,1,en
what a dumbazz lol,1,en
what a dumbazz bro,1,en
what a dumbazz man,1,en
what a dumbazz dude,1,en
jackass,1,en
jackass!,1,en
jackass.,1,en
jackass lol,1,en
jackass bro,1,en
jackass man,1,en
jackass dude,1,en
you jackass,1,en
you jackass!,1,en
you jackass.,1,en
you jackass lol,1,en
you jackass bro,1,en
you jackass man,1,en
you jackass dude,1,en
u jackass,1,en
u jackass!,1,en
u jackass.,1,en
u jackass lol,1,en
u jackass bro,1,en
u jackass man,1,en
u jackass dude,1,en
hey jackass,1,en
hey jackass!,1,en
hey jackass.,1,en
hey jackass lol,1,en
hey jackass bro,1,en
hey jackass man,1,en
hey jackass dude,1,en
such a jackass,1,en
such a jackass!,1,en
such a jackass.,1,en
such a jackass lol,1,en
such a jackass bro,1,en
such a jackass man,1,en
such a jackass dude,1,en
what a jackass,1,en
what a jackass!,1,en
what a jackass.,1,en
what a jackass lol,1,en
what a jackass bro,1,en
what a jackass man,1,en
what a jackass dude,1,en
jackazz,1,en
jackazz!,1,en
jackazz.,1,en
jackazz lol,1,en
jackazz bro,1,en
jackazz man,1,en
jackazz dude,1,en
you jackazz,1,en
you jackazz!,1,en
you jackazz.,1,en
you jackazz lol,1,en
you jackazz bro,1,en
you jackazz man,1,en
you jackazz dude,1,en
u jackazz,1,en
u jackazz!,1,en
u jackazz.,1,en
u jackazz lol,1,en
u jackazz bro,1,en
u jackazz man,1,en
u jackazz dude,1,en
hey jackazz,1,en
hey jackazz!,1,en
hey jackazz.,1,en
hey jackazz lol,1,en
hey jackazz bro,1,en
hey jackazz man,1,en
hey jackazz dude,1,en
such a jackazz,1,en
such a jackazz!,1,en
such a jackazz.,1,en
such a jackazz lol,1,en
such a jackazz bro,1,en
such a jackazz man,1,en
such a jackazz dude,1,en
what a jackazz,1,en
what a jackazz!,1,en
what a jackazz.,1,en
what a jackazz lol,1,en
what a jackazz bro,1,en
what a jackazz man,1,en
what a jackazz dude,1,en
smartass,1,en
smartass!,1,en
smartass.,1,en
smartass lol,1,en
smartass bro,1,en
smartass man,1,en
smartass dude,1,en
you smartass,1,en
you smartass!,1,en
you smartass.,1,en
you smartass lol,1,en
you smartass bro,1,en
you smartass man,1,en
you smartass dude,1,en
u smartass,1,en
u smartass!,1,en
u smartass.,1,en
u smartass lol,1,en
u smartass bro,1,en
u smartass man,1,en
u smartass dude,1,en
hey smartass,1,en
hey smartass!,1,en
hey smartass.,1,en
hey smartass lol,1,en
hey smartass bro,1,en
hey smartass man,1,en
hey smartass dude,1,en
such a smartass,1,en
such a smartass!,1,en
such a smartass.,1,en
such a smartass lol,1,en
such a smartass bro,1,en
such a smartass man,1,en
such a smartass dude,1,en
what a smartass,1,en
what a smartass!,1,en
what a smartass.,1,en
what a smartass lol,1,en
what a smartass bro,1,en
what a smartass man,1,en
what a smartass dude,1,en
smartazz,1,en
smartazz!,1,en
smartazz.,1,en
smartazz lol,1,en
smartazz bro,1,en
smartazz man,1,en
smartazz dude,1,en
you smartazz,1,en
you smartazz!,1,en
you smartazz.,1,en
you smartazz lol,1,en
you smartazz bro,1,en
you smartazz man,1,en
you smartazz dude,1,en
u smartazz,1,en
u smartazz!,1,en
u smartazz.,1,en
u smartazz lol,1,en
u smartazz bro,1,en
u smartazz man,1,en
u smartazz dude,1,en
hey smartazz,1,en
hey smartazz!,1,en
hey smartazz.,1,en
hey smartazz lol,1,en
hey smartazz bro,1,en
hey smartazz man,1,en
hey smartazz dude,1,en
such a smartazz,1,en
such a smartazz!,1,en
such a smartazz.,1,en
such a smartazz lol,1,en
such a smartazz bro,1,en
such a smartazz man,1,en
such a smartazz dude,1,en
what a smartazz,1,en
what a smartazz!,1,en
what a smartazz.,1,en
what a smartazz lol,1,en
what a smartazz bro,1,en
what a smartazz man,1,en
what a smartazz dude,1,en
badass,1,en
badass!,1,en
badass.,1,en
badass lol,1,en
badass bro,1,en
badass man,1,en
badass dude,1,en
you badass,1,en
you badass!,1,en
you badass.,1,en
you badass lol,1,en
you badass bro,1,en
you badass man,1,en
you badass dude,1,en
u badass,1,en
u badass!,1,en
u badass.,1,en
u badass lol,1,en
u badass bro,1,en
u badass man,1,en
u badass dude,1,en
hey badass,1,en
hey badass!,1,en
hey badass.,1,en
hey badass lol,1,en
hey badass bro,1,en
hey badass man,1,en
hey badass dude,1,en
such a badass,1,en
such a badass!,1,en
such a badass.,1,en
such a badass lol,1,en
such a badass bro,1,en
such a badass man,1,en
such a badass dude,1,en
what a badass,1,en
what a badass!,1,en
what a badass.,1,en
what a badass lol,1,en
what a badass bro,1,en
what a badass man,1,en
what a badass dude,1,en
badazz,1,en
badazz!,1,en
badazz.,1,en
badazz lol,1,en
badazz bro,1,en
badazz man,1,en
badazz dude,1,en
you badazz,1,en
you badazz!,1,en
you badazz.,1,en
you badazz lol,1,en
you badazz bro,1,en
you badazz man,1,en
you badazz dude,1,en
u badazz,1,en
u badazz!,1,en
u badazz.,1,en
u badazz lol,1,en
u badazz bro,1,en
u badazz man,1,en
u badazz dude,1,en
hey badazz,1,en
hey badazz!,1,en
hey badazz.,1,en
hey badazz lol,1,en
hey badazz bro,1,en
hey badazz man,1,en
hey badazz dude,1,en
such a badazz,1,en
such a badazz!,1,en
such a badazz.,1,en
such a badazz lol,1,en
such a badazz bro,1,en
such a badazz man,1,en
such a badazz dude,1,en
what a badazz,1,en
what a badazz!,1,en
what a badazz.,1,en
what a badazz lol,1,en
what a badazz bro,1,en
what a badazz man,1,en
what a badazz dude,1,en
arse,1,en
arse!,1,en
arse.,1,en
arse lol,1,en
arse bro,1,en
arse man,1,en
arse dude,1,en
you arse,1,en
you arse!,1,en
you arse.,1,en
you arse lol,1,en
you arse bro,1,en
you arse man,1,en
you arse dude,1,en
u arse,1,en
u arse!,1,en
u arse.,1,en
u arse lol,1,en
u arse bro,1,en
u arse man,1,en
u arse dude,1,en
hey arse,1,en
hey arse!,1,en
hey arse.,1,en
hey arse lol,1,en
hey arse bro,1,en
hey arse man,1,en
hey arse dude,1,en
such a arse,1,en
such a arse!,1,en
such a arse.,1,en
such a arse lol,1,en
such a arse bro,1,en
such a arse man,1,en
such a arse dude,1,en
what a arse,1,en
what a arse!,1,en
what a arse.,1,en
what a arse lol,1,en
what a arse bro,1,en
what a arse man,1,en
what a arse dude,1,en
arsehole,1,en
arsehole!,1,en
arsehole.,1,en
arsehole lol,1,en
arsehole bro,1,en
arsehole man,1,en
arsehole dude,1,en
you arsehole,1,en
you arsehole!,1,en
you arsehole.,1,en
you arsehole lol,1,en
you arsehole bro,1,en
you arsehole man,1,en
you arsehole dude,1,en
u arsehole,1,en
u arsehole!,1,en
u arsehole.,1,en
u arsehole lol,1,en
u arsehole bro,1,en
u arsehole man,1,en
u arsehole dude,1,en
hey arsehole,1,en
hey arsehole!,1,en
hey arsehole.,1,en
hey arsehole lol,1,en
hey arsehole bro,1,en
hey arsehole man,1,en
hey arsehole dude,1,en
such a arsehole,1,en
such a arsehole!,1,en
such a arsehole.,1,en
such a arsehole lol,1,en
such a arsehole bro,1,en
such a arsehole man,1,en
such a arsehole dude,1,en
what a arsehole,1,en
what a arsehole!,1,en
what a arsehole.,1,en
what a arsehole lol,1,en
what a arsehole bro,1,en
what a arsehole man,1,en
what a arsehole dude,1,en
bastard,1,en
bastard!,1,en
bastard.,1,en
bastard lol,1,en
bastard bro,1,en
bastard man,1,en
bastard dude,1,en
you bastard,1,en
you bastard!,1,en
you bastard.,1,en
you bastard lol,1,en
you bastard bro,1,en
you bastard man,1,en
you bastard dude,1,en
u bastard,1,en
u bastard!,1,en
u bastard.,1,en
u bastard lol,1,en
u bastard bro,1,en
u bastard man,1,en
u bastard dude,1,en
hey bastard,1,en
hey bastard!,1,en
hey bastard.,1,en
hey bastard lol,1,en
hey bastard bro,1,en
hey bastard man,1,en
hey bastard dude,1,en
such a bastard,1,en
such a bastard!,1,en
such a bastard.,1,en
such a bastard lol,1,en
such a bastard bro,1,en
such a bastard man,1,en
such a bastard dude,1,en
what a bastard,1,en
what a bastard!,1,en
what a bastard.,1,en
what a bastard lol,1,en
what a bastard bro,1,en
what a bastard man,1,en
what a bastard dude,1,en
bastards,1,en
bastards!,1,en
bastards.,1,en
bastards lol,1,en
bastards bro,1,en
bastards man,1,en
bastards dude,1,en
you bastards,1,en
you bastards!,1,en
you bastards.,1,en
you bastards lol,1,en
you bastards bro,1,en
you bastards man,1,en
you bastards dude,1,en
u bastards,1,en
u bastards!,1,en
u bastards.,1,en
u bastards lol,1,en
u bastards bro,1,en
u bastards man,1,en
u bastards dude,1,en
hey bastards,1,en
hey bastards!,1,en
hey bastards.,1,en
hey bastards lol,1,en
hey bastards bro,1,en
hey bastards man,1,en
hey bastards dude,1,en
such a bastards,1,en
such a bastards!,1,en
such a bastards.,1,en
such a bastards lol,1,en
such a bastards bro,1,en
such a bastards man,1,en
such a bastards dude,1,en
what a bastards,1,en
what a bastards!,1,en
what a bastards.,1,en
what a bastards lol,1,en
what a bastards bro,1,en
what a bastards man,1,en
what a bastards dude,1,en
bitch,1,en
bitch!,1,en
bitch.,1,en
bitch lol,1,en
bitch bro,1,en
bitch man,1,en
bitch dude,1,en
you bitch,1,en
you bitch!,1,en
you bitch.,1,en
you bitch lol,1,en
you bitch bro,1,en
you bitch man,1,en
you bitch dude,1,en
u bitch,1,en
u bitch!,1,en
u bitch.,1,en
u bitch lol,1,en
u bitch bro,1,en
u bitch man,1,en
u bitch dude,1,en
hey bitch,1,en
hey bitch!,1,en
hey bitch.,1,en
hey bitch lol,1,en
hey bitch bro,1,en
hey bitch man,1,en
hey bitch dude,1,en
such a bitch,1,en
such a bitch!,1,en
such a bitch.,1,en
such a bitch lol,1,en
such a bitch bro,1,en
such a bitch man,1,en
such a bitch dude,1,en
what a bitch,1,en
what a bitch!,1,en
what a bitch.,1,en
what a bitch lol,1,en
what a bitch bro,1,en
what a bitch man,1,en
what a bitch dude,1,en
b1tch,1,en
b1tch!,1,en
b1tch.,1,en
b1tch lol,1,en
b1tch bro,1,en
b1tch man,1,en
b1tch dude,1,en
you b1tch,1,en
you b1tch!,1,en
you b1tch.,1,en
you b1tch lol,1,en
you b1tch bro,1,en
you b1tch man,1,en
you b1tch dude,1,en
u b1tch,1,en
u b1tch!,1,en
u b1tch.,1,en
u b1tch lol,1,en
u b1tch bro,1,en
u b1tch man,1,en
u b1tch dude,1,en
hey b1tch,1,en
hey b1tch!,1,en
hey b1tch.,1,en
hey b1tch lol,1,en
hey b1tch bro,1,en
hey b1tch man,1,en
hey b1tch dude,1,en
such a b1tch,1,en
such a b1tch!,1,en
such a b1tch.,1,en
such a b1tch lol,1,en
such a b1tch bro,1,en
such a b1tch man,1,en
such a b1tch dude,1,en
what a b1tch,1,en
what a b1tch!,1,en
what a b1tch.,1,en
what a b1tch lol,1,en
what a b1tch bro,1,en
what a b1tch man,1,en
what a b1tch dude,1,en
bitches,1,en
bitches!,1,en
bitches.,1,en
bitches lol,1,en
bitches bro,1,en
bitches man,1,en
bitches dude,1,en
you bitches,1,en
you bitches!,1,en
you bitches.,1,en
you bitches lol,1,en
you bitches bro,1,en
you bitches man,1,en
you bitches dude,1,en
u bitches,1,en
u bitches!,1,en
u bitches.,1,en
u bitches lol,1,en
u bitches bro,1,en
u bitches man,1,en
u bitches dude,1,en
hey bitches,1,en
hey bitches!,1,en
hey bitches.,1,en
hey bitches lol,1,en
hey bitches bro,1,en
hey bitches man,1,en
hey bitches dude,1,en
such a bitches,1,en
such a bitches!,1,en
such a bitches.,1,en
such a bitches lol,1,en
such a bitches bro,1,en
such a bitches man,1,en
such a bitches dude,1,en
what a bitches,1,en
what a bitches!,1,en
what a bitches.,1,en
what a bitches lol,1,en
what a bitches bro,1,en
what a bitches man,1,en
what a bitches dude,1,en
b1tches,1,en
b1tches!,1,en
b1tches.,1,en
b1tches lol,1,en
b1tches bro,1,en
b1tches man,1,en
b1tches dude,1,en
you b1tches,1,en
you b1tches!,1,en
you b1tches.,1,en
you b1tches lol,1,en
you b1tches bro,1,en
you b1tches man,1,en
you b1tches dude,1,en
u b1tches,1,en
u b1tches!,1,en
u b1tches.,1,en
u b1tches lol,1,en
u b1tches bro,1,en
u b1tches man,1,en
u b1tches dude,1,en
hey b1tches,1,en
hey b1tches!,1,en
hey b1tches.,1,en
hey b1tches lol,1,en
hey b1tches bro,1,en
hey b1tches man,1,en
hey b1tches dude,1,en
such a b1tches,1,en
such a b1tches!,1,en
such a b1tches.,1,en
such a b1tches lol,1,en
such a b1tches bro,1,en
such a b1tches man,1,en
such a b1tches dude,1,en
what a b1tches,1,en
what a b1tches!,1,en
what a b1tches.,1,en
what a b1tches lol,1,en
what a b1tches bro,1,en
what a b1tches man,1,en
what a b1tches dude,1,en
bitchy,1,en
bitchy!,1,en
bitchy.,1,en
bitchy lol,1,en
bitchy bro,1,en
bitchy man,1,en
bitchy dude,1,en
you bitchy,1,en
you bitchy!,1,en
you bitchy.,1,en
you bitchy lol,1,en
you bitchy bro,1,en
you bitchy man,1,en
you bitchy dude,1,en
u bitchy,1,en
u bitchy!,1,en
u bitchy.,1,en
u bitchy lol,1,en
u bitchy bro,1,en
u bitchy man,1,en
u bitchy dude,1,en
hey bitchy,1,en
hey bitchy!,1,en
hey bitchy.,1,en
hey bitchy lol,1,en
hey bitchy bro,1,en
hey bitchy man,1,en
hey bitchy dude,1,en
such a bitchy,1,en
such a bitchy!,1,en
such a bitchy.,1,en
such a bitchy lol,1,en
such a bitchy bro,1,en
such a bitchy man,1,en
such a bitchy dude,1,en
what a bitchy,1,en
what a bitchy!,1,en
what a bitchy.,1,en
what a bitchy lol,1,en
what a bitchy bro,1,en
what a bitchy man,1,en
what a bitchy dude,1,en
b1tchy,1,en
b1tchy!,1,en
b1tchy.,1,en
b1tchy lol,1,en
b1tchy bro,1,en
b1tchy man,1,en
b1tchy dude,1,en
you b1tchy,1,en
you b1tchy!,1,en
you b1tchy.,1,en
you b1tchy lol,1,en
you b1tchy bro,1,en
you b1tchy man,1,en
you b1tchy dude,1,en
u b1tchy,1,en
u b1tchy!,1,en
u b1tchy.,1,en
u b1tchy lol,1,en
u b1tchy bro,1,en
u b1tchy man,1,en
u b1tchy dude,1,en
hey b1tchy,1,en
hey b1tchy!,1,en
hey b1tchy.,1,en
hey b1tchy lol,1,en
hey b1tchy bro,1,en
hey b1tchy man,1,en
hey b1tchy dude,1,en
such a b1tchy,1,en
such a b1tchy!,1,en
such a b1tchy.,1,en
such a b1tchy lol,1,en
such a b1tchy bro,1,en
such a b1tchy man,1,en
such a b1tchy dude,1,en
what a b1tchy,1,en
what a b1tchy!,1,en
what a b1tchy.,1,en
what a b1tchy lol,1,en
what a b1tchy bro,1,en
what a b1tchy man,1,en
what a b1tchy dude,1,en
son of a bitch,1,en
son of a bitch!,1,en
son of a bitch.,1,en
son of a bitch lol,1,en
son of a bitch bro,1,en
son of a bitch man,1,en
son of a bitch dude,1,en
you son of a bitch,1,en
you son of a bitch!,1,en
you son of a bitch.,1,en
you son of a bitch lol,1,en
you son of a bitch bro,1,en
you son of a bitch man,1,en
you son of a bitch dude,1,en
u son of a bitch,1,en
u son of a bitch!,1,en
u son of a bitch.,1,en
u son of a bitch lol,1,en
u son of a bitch bro,1,en
u son of a bitch man,1,en
u son of a bitch dude,1,en
hey son of a bitch,1,en
hey son of a bitch!,1,en
hey son of a bitch.,1,en
hey son of a bitch lol,1,en
hey son of a bitch bro,1,en
hey son of a bitch man,1,en
hey son of a bitch dude,1,en
such a son of a bitch,1,en
such a son of a bitch!,1,en
such a son of a bitch.,1,en
such a son of a bitch lol,1,en
such a son of a bitch bro,1,en
such a son of a bitch man,1,en
such a son of a bitch dude,1,en
what a son of a bitch,1,en
what a son of a bitch!,1,en
what a son of a bitch.,1,en
what a son of a bitch lol,1,en
what a son of a bitch bro,1,en
what a son of a bitch man,1,en
what a son of a bitch dude,1,en
son of a b1tch,1,en
son of a b1tch!,1,en
son of a b1tch.,1,en
son of a b1tch lol,1,en
son of a b1tch bro,1,en
son of a b1tch man,1,en
son of a b1tch dude,1,en
you son of a b1tch,1,en
you son of a b1tch!,1,en
you son of a b1tch.,1,en
you son of a b1tch lol,1,en
you son of a b1tch bro,1,en
you son of a b1tch man,1,en
you son of a b1tch dude,1,en
u son of a b1tch,1,en
u son of a b1tch!,1,en
u son of a b1tch.,1,en
u son of a b1tch lol,1,en
u son of a b1tch bro,1,en
u son of a b1tch man,1,en
u son of a b1tch dude,1,en
hey son of a b1tch,1,en
hey son of a b1tch!,1,en
hey son of a b1tch.,1,en
hey son of a b1tch lol,1,en
hey son of a b1tch bro,1,en
hey son of a b1tch man,1,en
hey son of a b1tch dude,1,en
such a son of a b1tch,1,en
such a son of a b1tch!,1,en
such a son of a b1tch.,1,en
such a son of a b1tch lol,1,en
such a son of a b1tch bro,1,en
such a son of a b1tch man,1,en
such a son of a b1tch dude,1,en
what a son of a b1tch,1,en
what a son of a b1tch!,1,en
what a son of a b1tch.,1,en
what a son of a b1tch lol,1,en
what a son of a b1tch bro,1,en
what a son of a b1tch man,1,en
what a son of a b1tch dude,1,en
sonofabitch,1,en
sonofabitch!,1,en
sonofabitch.,1,en
sonofabitch lol,1,en
sonofabitch bro,1,en
sonofabitch man,1,en
sonofabitch dude,1,en
you sonofabitch,1,en
you sonofabitch!,1,en
you sonofabitch.,1,en
you sonofabitch lol,1,en
you sonofabitch bro,1,en
you sonofabitch man,1,en
you sonofabitch dude,1,en
u sonofabitch,1,en
u sonofabitch!,1,en
u sonofabitch.,1,en
u sonofabitch lol,1,en
u sonofabitch bro,1,en
u sonofabitch man,1,en
u sonofabitch dude,1,en
hey sonofabitch,1,en
hey sonofabitch!,1,en
hey sonofabitch.,1,en
hey sonofabitch lol,1,en
hey sonofabitch bro,1,en
hey sonofabitch man,1,en
hey sonofabitch dude,1,en
such a sonofabitch,1,en
such a sonofabitch!,1,en
such a sonofabitch.,1,en
such a sonofabitch lol,1,en
such a sonofabitch bro,1,en
such a sonofabitch man,1,en
such a sonofabitch dude,1,en
what a sonofabitch,1,en
what a sonofabitch!,1,en
what a sonofabitch.,1,en
what a sonofabitch lol,1,en
what a sonofabitch bro,1,en
what a sonofabitch man,1,en
what a sonofabitch dude,1,en
sonofab1tch,1,en
sonofab1tch!,1,en
sonofab1tch.,1,en
sonofab1tch lol,1,en
sonofab1tch bro,1,en
sonofab1tch man,1,en
sonofab1tch dude,1,en
you sonofab1tch,1,en
you sonofab1tch!,1,en
you sonofab1tch.,1,en
you sonofab1tch lol,1,en
you sonofab1tch bro,1,en
you sonofab1tch man,1,en
you sonofab1tch dude,1,en
u sonofab1tch,1,en
u sonofab1tch!,1,en
u sonofab1tch.,1,en
u sonofab1tch lol,1,en
u sonofab1tch bro,1,en
u sonofab1tch man,1,en
u sonofab1tch dude,1,en
hey sonofab1tch,1,en
hey sonofab1tch!,1,en
hey sonofab1tch.,1,en
hey sonofab1tch lol,1,en
hey sonofab1tch bro,1,en
hey sonofab1tch man,1,en
hey sonofab1tch dude,1,en
such a sonofab1tch,1,en
such a sonofab1tch!,1,en
such a sonofab1tch.,1,en
such a sonofab1tch lol,1,en
such a sonofab1tch bro,1,en
such a sonofab1tch man,1,en
such a sonofab1tch dude,1,en
what a sonofab1tch,1,en
what a sonofab1tch!,1,en
what a sonofab1tch.,1,en
what a sonofab1tch lol,1,en
what a sonofab1tch bro,1,en
what a sonofab1tch man,1,en
what a sonofab1tch dude,1,en
douche,1,en
douche!,1,en
douche.,1,en
douche lol,1,en
douche bro,1,en
douche man,1,en
douche dude,1,en
you douche,1,en
you douche!,1,en
you douche.,1,en
you douche lol,1,en
you douche bro,1,en
you douche man,1,en
you douche dude,1,en
u douche,1,en
u douche!,1,en
u douche.,1,en
u douche lol,1,en
u douche bro,1,en
u douche man,1,en
u douche dude,1,en
hey douche,1,en
hey douche!,1,en
hey douche.,1,en
hey douche lol,1,en
hey douche bro,1,en
hey douche man,1,en
hey douche dude,1,en
such a douche,1,en
such a douche!,1,en
such a douche.,1,en
such a douche lol,1,en
such a douche bro,1,en
such a douche man,1,en
such a douche dude,1,en
what a douche,1,en
what a douche!,1,en
what a douche.,1,en
what a douche lol,1,en
what a douche bro,1,en
what a douche man,1,en
what a douche dude,1,en
douchebag,1,en
douchebag!,1,en
douchebag.,1,en
douchebag lol,1,en
douchebag bro,1,en
douchebag man,1,en
douchebag dude,1,en
you douchebag,1,en
you douchebag!,1,en
you douchebag.,1,en
you douchebag lol,1,en
you douchebag bro,1,en
you douchebag man,1,en
you douchebag dude,1,en
u douchebag,1,en
u douchebag!,1,en
u douchebag.,1,en
u douchebag lol,1,en
u douchebag bro,1,en
u douchebag man,1,en
u douchebag dude,1,en
hey douchebag,1,en
hey douchebag!,1,en
hey douchebag.,1,en
hey douchebag lol,1,en
hey douchebag bro,1,en
hey douchebag man,1,en
hey douchebag dude,1,en
such a douchebag,1,en
such a douchebag!,1,en
such a douchebag.,1,en
such a douchebag lol,1,en
such a douchebag bro,1,en
such a douchebag man,1,en
such a douchebag dude,1,en
what a douchebag,1,en
what a douchebag!,1,en
what a douchebag.,1,en
what a douchebag lol,1,en
what a douchebag bro,1,en
what a douchebag man,1,en
what a douchebag dude,1,en
douchebags,1,en
douchebags!,1,en
douchebags.,1,en
douchebags lol,1,en
douchebags bro,1,en
douchebags man,1,en
douchebags dude,1,en
you douchebags,1,en
you douchebags!,1,en
you douchebags.,1,en
you douchebags lol,1,en
you douchebags bro,1,en
you douchebags man,1,en
you douchebags dude,1,en
u douchebags,1,en
u douchebags!,1,en
u douchebags.,1,en
u douchebags lol,1,en
u douchebags bro,1,en
u douchebags man,1,en
u douchebags dude,1,en
hey douchebags,1,en
hey douchebags!,1,en
hey douchebags.,1,en
hey douchebags lol,1,en
hey douchebags bro,1,en
hey douchebags man,1,en
hey douchebags dude,1,en
such a douchebags,1,en
such a douchebags!,1,en
such a douchebags.,1,en
such a douchebags lol,1,en
such a douchebags bro,1,en
such a douchebags man,1,en
such a douchebags dude,1,en
what a douchebags,1,en
what a douchebags!,1,en
what a douchebags.,1,en
what a douchebags lol,1,en
what a douchebags bro,1,en
what a douchebags man,1,en
what a douchebags dude,1,en
dick,1,en
dick!,1,en
dick.,1,en
dick lol,1,en
dick bro,1,en
dick man,1,en
dick dude,1,en
you dick,1,en
you dick!,1,en
you dick.,1,en
you dick lol,1,en
you dick bro,1,en
you dick man,1,en
you dick dude,1,en
u dick,1,en
u dick!,1,en
u dick.,1,en
u dick lol,1,en
u dick bro,1,en
u dick man,1,en
u dick dude,1,en
hey dick,1,en
hey dick!,1,en
hey dick.,1,en
hey dick lol,1,en
hey dick bro,1,en
hey dick man,1,en
hey dick dude,1,en
such a dick,1,en
such a dick!,1,en
such a dick.,1,en
such a dick lol,1,en
such a dick bro,1,en
such a dick man,1,en
such a dick dude,1,en
what a dick,1,en
what a dick!,1,en
what a dick.,1,en
what a dick lol,1,en
what a dick bro,1,en
what a dick man,1,en
what a dick dude,1,en
d1ck,1,en
d1ck!,1,en
d1ck.,1,en
d1ck lol,1,en
d1ck bro,1,en
d1ck man,1,en
d1ck dude,1,en
you d1ck,1,en
you d1ck!,1,en
you d1ck.,1,en
you d1ck lol,1,en
you d1ck bro,1,en
you d1ck man,1,en
you d1ck dude,1,en
u d1ck,1,en
u d1ck!,1,en
u d1ck.,1,en
u d1ck lol,1,en
u d1ck bro,1,en
u d1ck man,1,en
u d1ck dude,1,en
hey d1ck,1,en
hey d1ck!,1,en
hey d1ck.,1,en
hey d1ck lol,1,en
hey d1ck bro,1,en
hey d1ck man,1,en
hey d1ck dude,1,en
such a d1ck,1,en
such a d1ck!,1,en
such a d1ck.,1,en
such a d1ck lol,1,en
such a d1ck bro,1,en
such a d1ck man,1,en
such a d1ck dude,1,en
what a d1ck,1,en
what a d1ck!,1,en
what a d1ck.,1,en
what a d1ck lol,1,en
what a d1ck bro,1,en
what a d1ck man,1,en
what a d1ck dude,1,en
dicks,1,en
dicks!,1,en
dicks.,1,en
dicks lol,1,en
dicks bro,1,en
dicks man,1,en
dicks dude,1,en
you dicks,1,en
you dicks!,1,en
you dicks.,1,en
you dicks lol,1,en
you dicks bro,1,en
you dicks man,1,en
you dicks dude,1,en
u dicks,1,en
u dicks!,1,en
u dicks.,1,en
u dicks lol,1,en
u dicks bro,1,en
u dicks man,1,en
u dicks dude,1,en
hey dicks,1,en
hey dicks!,1,en
hey dicks.,1,en
hey dicks lol,1,en
hey dicks bro,1,en
hey dicks man,1,en
hey dicks dude,1,en
such a dicks,1,en
such a dicks!,1,en
such a dicks.,1,en
such a dicks lol,1,en
such a dicks bro,1,en
such a dicks man,1,en
such a dicks dude,1,en
what a dicks,1,en
what a dicks!,1,en
what a dicks.,1,en
what a dicks lol,1,en
what a dicks bro,1,en
what a dicks man,1,en
what a dicks dude,1,en
d1cks,1,en
d1cks!,1,en
d1cks.,1,en
d1cks lol,1,en
d1cks bro,1,en
d1cks man,1,en
d1cks dude,1,en
you d1cks,1,en
you d1cks!,1,en
you d1cks.,1,en
you d1cks lol,1,en
you d1cks bro,1,en
you d1cks man,1,en
you d1cks dude,1,en
u d1cks,1,en
u d1cks!,1,en
u d1cks.,1,en
u d1cks lol,1,en
u d1cks bro,1,en
u d1cks man,1,en
u d1cks dude,1,en
hey d1cks,1,en
hey d1cks!,1,en
hey d1cks.,1,en
hey d1cks lol,1,en
hey d1cks bro,1,en
hey d1cks man,1,en
hey d1cks dude,1,en
such a d1cks,1,en
such a d1cks!,1,en
such a d1cks.,1,en
such a d1cks lol,1,en
such a d1cks bro,1,en
such a d1cks man,1,en
such a d1cks dude,1,en
what a d1cks,1,en
what a d1cks!,1,en
what a d1cks.,1,en
what a d1cks lol,1,en
what a d1cks bro,1,en
what a d1cks man,1,en
what a d1cks dude,1,en
dickhead,1,en
dickhead!,1,en
dickhead.,1,en
dickhead lol,1,en
dickhead bro,1,en
dickhead man,1,en
dickhead dude,1,en
you dickhead,1,en
you dickhead!,1,en
you dickhead.,1,en
you dickhead lol,1,en
you dickhead bro,1,en
you dickhead man,1,en
you dickhead dude,1,en
u dickhead,1,en
u dickhead!,1,en
u dickhead.,1,en
u dickhead lol,1,en
u dickhead bro,1,en
u dickhead man,1,en
u dickhead dude,1,en
hey dickhead,1,en
hey dickhead!,1,en
hey dickhead.,1,en
hey dickhead lol,1,en
hey dickhead bro,1,en
hey dickhead man,1,en
hey dickhead dude,1,en
such a dickhead,1,en
such a dickhead!,1,en
such a dickhead.,1,en
such a dickhead lol,1,en
such a dickhead bro,1,en
such a dickhead man,1,en
such a dickhead dude,1,en
what a dickhead,1,en
what a dickhead!,1,en
what a dickhead.,1,en
what a dickhead lol,1,en
what a dickhead bro,1,en
what a dickhead man,1,en
what a dickhead dude,1,en
d1ckhead,1,en
d1ckhead!,1,en
d1ckhead.,1,en
d1ckhead lol,1,en
d1ckhead bro,1,en
d1ckhead man,1,en
d1ckhead dude,1,en
you d1ckhead,1,en
you d1ckhead!,1,en
you d1ckhead.,1,en
you d1ckhead lol,1,en
you d1ckhead bro,1,en
you d1ckhead man,1,en
you d1ckhead dude,1,en
u d1ckhead,1,en
u d1ckhead!,1,en
u d1ckhead.,1,en
u d1ckhead lol,1,en
u d1ckhead bro,1,en
u d1ckhead man,1,en
u d1ckhead dude,1,en
hey d1ckhead,1,en
hey d1ckhead!,1,en
hey d1ckhead.,1,en
hey d1ckhead lol,1,en
hey d1ckhead bro,1,en
hey d1ckhead man,1,en
hey d1ckhead dude,1,en
such a d1ckhead,1,en
such a d1ckhead!,1,en
such a d1ckhead.,1,en
such a d1ckhead lol,1,en
such a d1ckhead bro,1,en
such a d1ckhead man,1,en
such a d1ckhead dude,1,en
what a d1ckhead,1,en
what a d1ckhead!,1,en
what a d1ckhead.,1,en
what a d1ckhead lol,1,en
what a d1ckhead bro,1,en
what a d1ckhead man,1,en
what a d1ckhead dude,1,en
dickheads,1,en
dickheads!,1,en
dickheads.,1,en
dickheads lol,1,en
dickheads bro,1,en
dickheads man,1,en
dickheads dude,1,en
you dickheads,1,en
you dickheads!,1,en
you dickheads.,1,en
you dickheads lol,1,en
you dickheads bro,1,en
you dickheads man,1,en
you dickheads dude,1,en
u dickheads,1,en
u dickheads!,1,en
u dickheads.,1,en
u dickheads lol,1,en
u dickheads bro,1,en
u dickheads man,1,en
u dickheads dude,1,en
hey dickheads,1,en
hey dickheads!,1,en
hey dickheads.,1,en
hey dickheads lol,1,en
hey dickheads bro,1,en
hey dickheads man,1,en
hey dickheads dude,1,en
such a dickheads,1,en
such a dickheads!,1,en
such a dickheads.,1,en
such a dickheads lol,1,en
such a dickheads bro,1,en
such a dickheads man,1,en
such a dickheads dude,1,en
what a dickheads,1,en
what a dickheads!,1,en
what a dickheads.,1,en
what a dickheads lol,1,en
what a dickheads bro,1,en
what a dickheads man,1,en
what a dickheads dude,1,en
d1ckheads,1,en
d1ckheads!,1,en
d1ckheads.,1,en
d1ckheads lol,1,en
d1ckheads bro,1,en
d1ckheads man,1,en
d1ckheads dude,1,en
you d1ckheads,1,en
you d1ckheads!,1,en
you d1ckheads.,1,en
you d1ckheads lol,1,en
you d1ckheads bro,1,en
you d1ckheads man,1,en
you d1ckheads dude,1,en
u d1ckheads,1,en
u d1ckheads!,1,en
u d1ckheads.,1,en
u d1ckheads lol,1,en
u d1ckheads bro,1,en
u d1ckheads man,1,en
u d1ckheads dude,1,en
hey d1ckheads,1,en
hey d1ckheads!,1,en
hey d1ckheads.,1,en
hey d1ckheads lol,1,en
hey d1ckheads bro,1,en
hey d1ckheads man,1,en
hey d1ckheads dude,1,en
such a d1ckheads,1,en
such a d1ckheads!,1,en
such a d1ckheads.,1,en
such a d1ckheads lol,1,en
such a d1ckheads bro,1,en
such a d1ckheads man,1,en
such a d1ckheads dude,1,en
what a d1ckheads,1,en
what a d1ckheads!,1,en
what a d1ckheads.,1,en
what a d1ckheads lol,1,en
what a d1ckheads bro,1,en
what a d1ckheads man,1,en
what a d1ckheads dude,1,en
dickwad,1,en
dickwad!,1,en
dickwad.,1,en
dickwad lol,1,en
dickwad bro,1,en
dickwad man,1,en
dickwad dude,1,en
you dickwad,1,en
you dickwad!,1,en
you dickwad.,1,en
you dickwad lol,1,en
you dickwad bro,1,en
you dickwad man,1,en
you dickwad dude,1,en
u dickwad,1,en
u dickwad!,1,en
u dickwad.,1,en
u dickwad lol,1,en
u dickwad bro,1,en
u dickwad man,1,en
u dickwad dude,1,en
hey dickwad,1,en
hey dickwad!,1,en
hey dickwad.,1,en
hey dickwad lol,1,en
hey dickwad bro,1,en
hey dickwad man,1,en
hey dickwad dude,1,en
such a dickwad,1,en
such a dickwad!,1,en
such a dickwad.,1,en
such a dickwad lol,1,en
such a dickwad bro,1,en
such a dickwad man,1,en
such a dickwad dude,1,en
what a dickwad,1,en
what a dickwad!,1,en
what a dickwad.,1,en
what a dickwad lol,1,en
what a dickwad bro,1,en
what a dickwad man,1,en
what a dickwad dude,1,en
d1ckwad,1,en
d1ckwad!,1,en
d1ckwad.,1,en
d1ckwad lol,1,en
d1ckwad bro,1,en
d1ckwad man,1,en
d1ckwad dude,1,en
you d1ckwad,1,en
you d1ckwad!,1,en
you d1ckwad.,1,en
you d1ckwad lol,1,en
you d1ckwad bro,1,en
you d1ckwad man,1,en
you d1ckwad dude,1,en
u d1ckwad,1,en
u d1ckwad!,1,en
u d1ckwad.,1,en
u d1ckwad lol,1,en
u d1ckwad bro,1,en
u d1ckwad man,1,en
u d1ckwad dude,1,en
hey d1ckwad,1,en
hey d1ckwad!,1,en
hey d1ckwad.,1,en
hey d1ckwad lol,1,en
hey d1ckwad bro,1,en
hey d1ckwad man,1,en
hey d1ckwad dude,1,en
such a d1ckwad,1,en
such a d1ckwad!,1,en
such a d1ckwad.,1,en
such a d1ckwad lol,1,en
such a d1ckwad bro,1,en
such a d1ckwad man,1,en
such a d1ckwad dude,1,en
what a d1ckwad,1,en
what a d1ckwad!,1,en
what a d1ckwad.,1,en
what a d1ckwad lol,1,en
what a d1ckwad bro,1,en
what a d1ckwad man,1,en
what a d1ckwad dude,1,en
dickweed,1,en
dickweed!,1,en
dickweed.,1,en
dickweed lol,1,en
dickweed bro,1,en
dickweed man,1,en
dickweed dude,1,en
you dickweed,1,en
you dickweed!,1,en
you dickweed.,1,en
you dickweed lol,1,en
you dickweed bro,1,en
you dickweed man,1,en
you dickweed dude,1,en
u dickweed,1,en
u dickweed!,1,en
u dickweed.,1,en
u dickweed lol,1,en
u dickweed bro,1,en
u dickweed man,1,en
u dickweed dude,1,en
hey dickweed,1,en
hey dickweed!,1,en
hey dickweed.,1,en
hey dickweed lol,1,en
hey dickweed bro,1,en
hey dickweed man,1,en
hey dickweed dude,1,en
such a dickweed,1,en
such a dickweed!,1,en
such a dickweed.,1,en
such a dickweed lol,1,en
such a dickweed bro,1,en
such a dickweed man,1,en
such a dickweed dude,1,en
what a dickweed,1,en
what a dickweed!,1,en
what a dickweed.,1,en
what a dickweed lol,1,en
what a dickweed bro,1,en
what a dickweed man,1,en
what a dickweed dude,1,en
d1ckweed,1,en
d1ckweed!,1,en
d1ckweed.,1,en
d1ckweed lol,1,en
d1ckweed bro,1,en
d1ckweed man,1,en
d1ckweed dude,1,en
you d1ckweed,1,en
you d1ckweed!,1,en
you d1ckweed.,1,en
you d1ckweed lol,1,en
you d1ckweed bro,1,en
you d1ckweed man,1,en
you d1ckweed dude,1,en
u d1ckweed,1,en
u d1ckweed!,1,en
u d1ckweed.,1,en
u d1ckweed lol,1,en
u d1ckweed bro,1,en
u d1ckweed man,1,en
u d1ckweed dude,1,en
hey d1ckweed,1,en
hey d1ckweed!,1,en
hey d1ckweed.,1,en
hey d1ckweed lol,1,en
hey d1ckweed bro,1,en
hey d1ckweed man,1,en
hey d1ckweed dude,1,en
such a d1ckweed,1,en
such a d1ckweed!,1,en
such a d1ckweed.,1,en
such a d1ckweed lol,1,en
such a d1ckweed bro,1,en
such a d1ckweed man,1,en
such a d1ckweed dude,1,en
what a d1ckweed,1,en
what a d1ckweed!,1,en
what a d1ckweed.,1,en
what a d1ckweed lol,1,en
what a d1ckweed bro,1,en
what a d1ckweed man,1,en
what a d1ckweed dude,1,en
prick,1,en
prick!,1,en
prick.,1,en
prick lol,1,en
prick bro,1,en
prick man,1,en
prick dude,1,en
you prick,1,en
you prick!,1,en
you prick.,1,en
you prick lol,1,en
you prick bro,1,en
you prick man,1,en
you prick dude,1,en
u prick,1,en
u prick!,1,en
u prick.,1,en
u prick lol,1,en
u prick bro,1,en
u prick man,1,en
u prick dude,1,en
hey prick,1,en
hey prick!,1,en
hey prick.,1,en
hey prick lol,1,en
hey prick bro,1,en
hey prick man,1,en
hey prick dude,1,en
such a prick,1,en
such a prick!,1,en
such a prick.,1,en
such a prick lol,1,en
such a prick bro,1,en
such a prick man,1,en
such a prick dude,1,en
what a prick,1,en
what a prick!,1,en
what a prick.,1,en
what a prick lol,1,en
what a prick bro,1,en
what a prick man,1,en
what a prick dude,1,en
pricks,1,en
pricks!,1,en
pricks.,1,en
pricks lol,1,en
pricks bro,1,en
pricks man,1,en
pricks dude,1,en
you pricks,1,en
you pricks!,1,en
you pricks.,1,en
you pricks lol,1,en
you pricks bro,1,en
you pricks man,1,en
you pricks dude,1,en
u pricks,1,en
u pricks!,1,en
u pricks.,1,en
u pricks lol,1,en
u pricks bro,1,en
u pricks man,1,en
u pricks dude,1,en
hey pricks,1,en
hey pricks!,1,en
hey pricks.,1,en
hey pricks lol,1,en
hey pricks bro,1,en
hey pricks man,1,en
hey pricks dude,1,en
such a pricks,1,en
such a pricks!,1,en
such a pricks.,1,en
such a pricks lol,1,en
such a pricks bro,1,en
such a pricks man,1,en
such a pricks dude,1,en
what a pricks,1,en
what a pricks!,1,en
what a pricks.,1,en
what a pricks lol,1,en
what a pricks bro,1,en
what a pricks man,1,en
what a pricks dude,1,en
cock,1,en
cock!,1,en
cock.,1,en
cock lol,1,en
cock bro,1,en
cock man,1,en
cock dude,1,en
you cock,1,en
you cock!,1,en
you cock.,1,en
you cock lol,1,en
you cock bro,1,en
you cock man,1,en
you cock dude,1,en
u cock,1,en
u cock!,1,en
u cock.,1,en
u cock lol,1,en
u cock bro,1,en
u cock man,1,en
u cock dude,1,en
hey cock,1,en
hey cock!,1,en
hey cock.,1,en
hey cock lol,1,en
hey cock bro,1,en
hey cock man,1,en
hey cock dude,1,en
such a cock,1,en
such a cock!,1,en
such a cock.,1,en
such a cock lol,1,en
such a cock bro,1,en
such a cock man,1,en
such a cock dude,1,en
what a cock,1,en
what a cock!,1,en
what a cock.,1,en
what a cock lol,1,en
what a cock bro,1,en
what a cock man,1,en
what a cock dude,1,en
cocks,1,en
cocks!,1,en
cocks.,1,en
cocks lol,1,en
cocks bro,1,en
cocks man,1,en
cocks dude,1,en
you cocks,1,en
you cocks!,1,en
you cocks.,1,en
you cocks lol,1,en
you cocks bro,1,en
you cocks man,1,en
you cocks dude,1,en
u cocks,1,en
u cocks!,1,en
u cocks.,1,en
u cocks lol,1,en
u cocks bro,1,en
u cocks man,1,en
u cocks dude,1,en
hey cocks,1,en
hey cocks!,1,en
hey cocks.,1,en
hey cocks lol,1,en
hey cocks bro,1,en
hey cocks man,1,en
hey cocks dude,1,en
such a cocks,1,en
such a cocks!,1,en
such a cocks.,1,en
such a cocks lol,1,en
such a cocks bro,1,en
such a cocks man,1,en
such a cocks dude,1,en
what a cocks,1,en
what a cocks!,1,en
what a cocks.,1,en
what a cocks lol,1,en
what a cocks bro,1,en
what a cocks man,1,en
what a cocks dude,1,en
cocksucker,1,en
cocksucker!,1,en
cocksucker.,1,en
cocksucker lol,1,en
cocksucker bro,1,en
cocksucker man,1,en
cocksucker dude,1,en
you cocksucker,1,en
you cocksucker!,1,en
you cocksucker.,1,en
you cocksucker lol,1,en
you cocksucker bro,1,en
you cocksucker man,1,en
you cocksucker dude,1,en
u cocksucker,1,en
u cocksucker!,1,en
u cocksucker.,1,en
u cocksucker lol,1,en
u cocksucker bro,1,en
u cocksucker man,1,en
u cocksucker dude,1,en
hey cocksucker,1,en
hey cocksucker!,1,en
hey cocksucker.,1,en
hey cocksucker lol,1,en
hey cocksucker bro,1,en
hey cocksucker man,1,en
hey cocksucker dude,1,en
such a cocksucker,1,en
such a cocksucker!,1,en
such a cocksucker.,1,en
such a cocksucker lol,1,en
such a cocksucker bro,1,en
such a cocksucker man,1,en
such a cocksucker dude,1,en
what a cocksucker,1,en
what a cocksucker!,1,en
what a cocksucker.,1,en
what a cocksucker lol,1,en
what a cocksucker bro,1,en
what a cocksucker man,1,en
what a cocksucker dude,1,en
cocksuckers,1,en
cocksuckers!,1,en
cocksuckers.,1,en
cocksuckers lol,1,en
cocksuckers bro,1,en
cocksuckers man,1,en
cocksuckers dude,1,en
you cocksuckers,1,en
you cocksuckers!,1,en
you cocksuckers.,1,en
you cocksuckers lol,1,en
you cocksuckers bro,1,en
you cocksuckers man,1,en
you cocksuckers dude,1,en
u cocksuckers,1,en
u cocksuckers!,1,en
u cocksuckers.,1,en
u cocksuckers lol,1,en
u cocksuckers bro,1,en
u cocksuckers man,1,en
u cocksuckers dude,1,en
hey cocksuckers,1,en
hey cocksuckers!,1,en
hey cocksuckers.,1,en
hey cocksuckers lol,1,en
hey cocksuckers bro,1,en
hey cocksuckers man,1,en
hey cocksuckers dude,1,en
such a cocksuckers,1,en
such a cocksuckers!,1,en
such a cocksuckers.,1,en
such a cocksuckers lol,1,en
such a cocksuckers bro,1,en
such a cocksuckers man,1,en
such a cocksuckers dude,1,en
what a cocksuckers,1,en
what a cocksuckers!,1,en
what a cocksuckers.,1,en
what a cocksuckers lol,1,en
what a cocksuckers bro,1,en
what a cocksuckers man,1,en
what a cocksuckers dude,1,en
pussy,1,en
pussy!,1,en
pussy.,1,en
pussy lol,1,en
pussy bro,1,en
pussy man,1,en
pussy dude,1,en
you pussy,1,en
you pussy!,1,en
you pussy.,1,en
you pussy lol,1,en
you pussy bro,1,en
you pussy man,1,en
you pussy dude,1,en
u pussy,1,en
u pussy!,1,en
u pussy.,1,en
u pussy lol,1,en
u pussy bro,1,en
u pussy man,1,en
u pussy dude,1,en
hey pussy,1,en
hey pussy!,1,en
hey pussy.,1,en
hey pussy lol,1,en
hey pussy bro,1,en
hey pussy man,1,en
hey pussy dude,1,en
such a pussy,1,en
such a pussy!,1,en
such a pussy.,1,en
such a pussy lol,1,en
such a pussy bro,1,en
such a pussy man,1,en
such a pussy dude,1,en
what a pussy,1,en
what a pussy!,1,en
what a pussy.,1,en
what a pussy lol,1,en
what a pussy bro,1,en
what a pussy man,1,en
what a pussy dude,1,en
pussies,1,en
pussies!,1,en
pussies.,1,en
pussies lol,1,en
pussies bro,1,en
pussies man,1,en
pussies dude,1,en
you pussies,1,en
you pussies!,1,en
you pussies.,1,en
you pussies lol,1,en
you pussies bro,1,en
you pussies man,1,en
you pussies dude,1,en
u pussies,1,en
u pussies!,1,en
u pussies.,1,en
u pussies lol,1,en
u pussies bro,1,en
u pussies man,1,en
u pussies dude,1,en
hey pussies,1,en
hey pussies!,1,en
hey pussies.,1,en
hey pussies lol,1,en
hey pussies bro,1,en
hey pussies man,1,en
hey pussies dude,1,en
such a pussies,1,en
such a pussies!,1,en
such a pussies.,1,en
such a pussies lol,1,en
such a pussies bro,1,en
such a pussies man,1,en
such a pussies dude,1,en
what a pussies,1,en
what a pussies!,1,en
what a pussies.,1,en
what a pussies lol,1,en
what a pussies bro,1,en
what a pussies man,1,en
what a pussies dude,1,en
twat,1,en
twat!,1,en
twat.,1,en
twat lol,1,en
twat bro,1,en
twat man,1,en
twat dude,1,en
you twat,1,en
you twat!,1,en
you twat.,1,en
you twat lol,1,en
you twat bro,1,en
you twat man,1,en
you twat dude,1,en
u twat,1,en
u twat!,1,en
u twat.,1,en
u twat lol,1,en
u twat bro,1,en
u twat man,1,en
u twat dude,1,en
hey twat,1,en
hey twat!,1,en
hey twat.,1,en
hey twat lol,1,en
hey twat bro,1,en
hey twat man,1,en
hey twat dude,1,en
such a twat,1,en
such a twat!,1,en
such a twat.,1,en
such a twat lol,1,en
such a twat bro,1,en
such a twat man,1,en
such a twat dude,1,en
what a twat,1,en
what a twat!,1,en
what a twat.,1,en
what a twat lol,1,en
what a twat bro,1,en
what a twat man,1,en
what a twat dude,1,en
twats,1,en
twats!,1,en
twats.,1,en
twats lol,1,en
twats bro,1,en
twats man,1,en
twats dude,1,en
you twats,1,en
you twats!,1,en
you twats.,1,en
you twats lol,1,en
you twats bro,1,en
you twats man,1,en
you twats dude,1,en
u twats,1,en
u twats!,1,en
u twats.,1,en
u twats lol,1,en
u twats bro,1,en
u twats man,1,en
u twats dude,1,en
hey twats,1,en
hey twats!,1,en
hey twats.,1,en
hey twats lol,1,en
hey twats bro,1,en
hey twats man,1,en
hey twats dude,1,en
such a twats,1,en
such a twats!,1,en
such a twats.,1,en
such a twats lol,1,en
such a twats bro,1,en
such a twats man,1,en
such a twats dude,1,en
what a twats,1,en
what a twats!,1,en
what a twats.,1,en
what a twats lol,1,en
what a twats bro,1,en
what a twats man,1,en
what a twats dude,1,en
cunt,1,en
cunt!,1,en
cunt.,1,en
cunt lol,1,en
cunt bro,1,en
cunt man,1,en
cunt dude,1,en
you cunt,1,en
you cunt!,1,en
you cunt.,1,en
you cunt lol,1,en
you cunt bro,1,en
you cunt man,1,en
you cunt dude,1,en
u cunt,1,en
u cunt!,1,en
u cunt.,1,en
u cunt lol,1,en
u cunt bro,1,en
u cunt man,1,en
u cunt dude,1,en
hey cunt,1,en
hey cunt!,1,en
hey cunt.,1,en
hey cunt lol,1,en
hey cunt bro,1,en
hey cunt man,1,en
hey cunt dude,1,en
such a cunt,1,en
such a cunt!,1,en
such a cunt.,1,en
such a cunt lol,1,en
such a cunt bro,1,en
such a cunt man,1,en
such a cunt dude,1,en
what a cunt,1,en
what a cunt!,1,en
what a cunt.,1,en
what a cunt lol,1,en
what a cunt bro,1,en
what a cunt man,1,en
what a cunt dude,1,en
c*nt,1,en
c*nt!,1,en
c*nt.,1,en
c*nt lol,1,en
c*nt bro,1,en
c*nt man,1,en
c*nt dude,1,en
you c*nt,1,en
you c*nt!,1,en
you c*nt.,1,en
you c*nt lol,1,en
you c*nt bro,1,en
you c*nt man,1,en
you c*nt dude,1,en
u c*nt,1,en
u c*nt!,1,en
u c*nt.,1,en
u c*nt lol,1,en
u c*nt bro,1,en
u c*nt man,1,en
u c*nt dude,1,en
hey c*nt,1,en
hey c*nt!,1,en
hey c*nt.,1,en
hey c*nt lol,1,en
hey c*nt bro,1,en
hey c*nt man,1,en
hey c*nt dude,1,en
such a c*nt,1,en
such a c*nt!,1,en
such a c*nt.,1,en
such a c*nt lol,1,en
such a c*nt bro,1,en
such a c*nt man,1,en
such a c*nt dude,1,en
what a c*nt,1,en
what a c*nt!,1,en
what a c*nt.,1,en
what a c*nt lol,1,en
what a c*nt bro,1,en
what a c*nt man,1,en
what a c*nt dude,1,en
cunts,1,en
cunts!,1,en
cunts.,1,en
cunts lol,1,en
cunts bro,1,en
cunts man,1,en
cunts dude,1,en
you cunts,1,en
you cunts!,1,en
you cunts.,1,en
you cunts lol,1,en
you cunts bro,1,en
you cunts man,1,en
you cunts dude,1,en
u cunts,1,en
u cunts!,1,en
u cunts.,1,en
u cunts lol,1,en
u cunts bro,1,en
u cunts man,1,en
u cunts dude,1,en
hey cunts,1,en
hey cunts!,1,en
hey cunts.,1,en
hey cunts lol,1,en
hey cunts bro,1,en
hey cunts man,1,en
hey cunts dude,1,en
such a cunts,1,en
such a cunts!,1,en
such a cunts.,1,en
such a cunts lol,1,en
such a cunts bro,1,en
such a cunts man,1,en
such a cunts dude,1,en
what a cunts,1,en
what a cunts!,1,en
what a cunts.,1,en
what a cunts lol,1,en
what a cunts bro,1,en
what a cunts man,1,en
what a cunts dude,1,en
c*nts,1,en
c*nts!,1,en
c*nts.,1,en
c*nts lol,1,en
c*nts bro,1,en
c*nts man,1,en
c*nts dude,1,en
you c*nts,1,en
you c*nts!,1,en
you c*nts.,1,en
you c*nts lol,1,en
you c*nts bro,1,en
you c*nts man,1,en
you c*nts dude,1,en
u c*nts,1,en
u c*nts!,1,en
u c*nts.,1,en
u c*nts lol,1,en
u c*nts bro,1,en
u c*nts man,1,en
u c*nts dude,1,en
hey c*nts,1,en
hey c*nts!,1,en
hey c*nts.,1,en
hey c*nts lol,1,en
hey c*nts bro,1,en
hey c*nts man,1,en
hey c*nts dude,1,en
such a c*nts,1,en
such a c*nts!,1,en
such a c*nts.,1,en
such a c*nts lol,1,en
such a c*nts bro,1,en
such a c*nts man,1,en
such a c*nts dude,1,en
what a c*nts,1,en
what a c*nts!,1,en
what a c*nts.,1,en
what a c*nts lol,1,en
what a c*nts bro,1,en
what a c*nts man,1,en
what a c*nts dude,1,en
wanker,1,en
wanker!,1,en
wanker.,1,en
wanker lol,1,en
wanker bro,1,en
wanker man,1,en
wanker dude,1,en
you wanker,1,en
you wanker!,1,en
you wanker.,1,en
you wanker lol,1,en
you wanker bro,1,en
you wanker man,1,en
you wanker dude,1,en
u wanker,1,en
u wanker!,1,en
u wanker.,1,en
u wanker lol,1,en
u wanker bro,1,en
u wanker man,1,en
u wanker dude,1,en
hey wanker,1,en
hey wanker!,1,en
hey wanker.,1,en
hey wanker lol,1,en
hey wanker bro,1,en
hey wanker man,1,en
hey wanker dude,1,en
such a wanker,1,en
such a wanker!,1,en
such a wanker.,1,en
such a wanker lol,1,en
such a wanker bro,1,en
such a wanker man,1,en
such a wanker dude,1,en
what a wanker,1,en
what a wanker!,1,en
what a wanker.,1,en
what a wanker lol,1,en
what a wanker bro,1,en
what a wanker man,1,en
what a wanker dude,1,en
wankers,1,en
wankers!,1,en
wankers.,1,en
wankers lol,1,en
wankers bro,1,en
wankers man,1,en
wankers dude,1,en
you wankers,1,en
you wankers!,1,en
you wankers.,1,en
you wankers lol,1,en
you wankers bro,1,en
you wankers man,1,en
you wankers dude,1,en
u wankers,1,en
u wankers!,1,en
u wankers.,1,en
u wankers lol,1,en
u wankers bro,1,en
u wankers man,1,en
u wankers dude,1,en
hey wankers,1,en
hey wankers!,1,en
hey wankers.,1,en
hey wankers lol,1,en
hey wankers bro,1,en
hey wankers man,1,en
hey wankers dude,1,en
such a wankers,1,en
such a wankers!,1,en
such a wankers.,1,en
such a wankers lol,1,en
such a wankers bro,1,en
such a wankers man,1,en
such a wankers dude,1,en
what a wankers,1,en
what a wankers!,1,en
what a wankers.,1,en
what a wankers lol,1,en
what a wankers bro,1,en
what a wankers man,1,en
what a wankers dude,1,en
wank,1,en
wank!,1,en
wank.,1,en
wank lol,1,en
wank bro,1,en
wank man,1,en
wank dude,1,en
you wank,1,en
you wank!,1,en
you wank.,1,en
you wank lol,1,en
you wank bro,1,en
you wank man,1,en
you wank dude,1,en
u wank,1,en
u wank!,1,en
u wank.,1,en
u wank lol,1,en
u wank bro,1,en
u wank man,1,en
u wank dude,1,en
hey wank,1,en
hey wank!,1,en
hey wank.,1,en
hey wank lol,1,en
hey wank bro,1,en
hey wank man,1,en
hey wank dude,1,en
such a wank,1,en
such a wank!,1,en
such a wank.,1,en
such a wank lol,1,en
such a wank bro,1,en
such a wank man,1,en
such a wank dude,1,en
what a wank,1,en
what a wank!,1,en
what a wank.,1,en
what a wank lol,1,en
what a wank bro,1,en
what a wank man,1,en
what a wank dude,1,en
wanking,1,en
wanking!,1,en
wanking.,1,en
wanking lol,1,en
wanking bro,1,en
wanking man,1,en
wanking dude,1,en
you wanking,1,en
you wanking!,1,en
you wanking.,1,en
you wanking lol,1,en
you wanking bro,1,en
you wanking man,1,en
you wanking dude,1,en
u wanking,1,en
u wanking!,1,en
u wanking.,1,en
u wanking lol,1,en
u wanking bro,1,en
u wanking man,1,en
u wanking dude,1,en
hey wanking,1,en
hey wanking!,1,en
hey wanking.,1,en
hey wanking lol,1,en
hey wanking bro,1,en
hey wanking man,1,en
hey wanking dude,1,en
such a wanking,1,en
such a wanking!,1,en
such a wanking.,1,en
such a wanking lol,1,en
such a wanking bro,1,en
such a wanking man,1,en
such a wanking dude,1,en
what a wanking,1,en
what a wanking!,1,en
what a wanking.,1,en
what a wanking lol,1,en
what a wanking bro,1,en
what a wanking man,1,en
what a wanking dude,1,en
jerk,1,en
jerk!,1,en
jerk.,1,en
jerk lol,1,en
jerk bro,1,en
jerk man,1,en
jerk dude,1,en
you jerk,1,en
you jerk!,1,en
you jerk.,1,en
you jerk lol,1,en
you jerk bro,1,en
you jerk man,1,en
you jerk dude,1,en
u jerk,1,en
u jerk!,1,en
u jerk.,1,en
u jerk lol,1,en
u jerk bro,1,en
u jerk man,1,en
u jerk dude,1,en
hey jerk,1,en
hey jerk!,1,en
hey jerk.,1,en
hey jerk lol,1,en
hey jerk bro,1,en
hey jerk man,1,en
hey jerk dude,1,en
such a jerk,1,en
such a jerk!,1,en
such a jerk.,1,en
such a jerk lol,1,en
such a jerk bro,1,en
such a jerk man,1,en
such a jerk dude,1,en
what a jerk,1,en
what a jerk!,1,en
what a jerk.,1,en
what a jerk lol,1,en
what a jerk bro,1,en
what a jerk man,1,en
what a jerk dude,1,en
jerks,1,en
jerks!,1,en
jerks.,1,en
jerks lol,1,en
jerks bro,1,en
jerks man,1,en
jerks dude,1,en
you jerks,1,en
you jerks!,1,en
you jerks.,1,en
you jerks lol,1,en
you jerks bro,1,en
you jerks man,1,en
you jerks dude,1,en
u jerks,1,en
u jerks!,1,en
u jerks.,1,en
u jerks lol,1,en
u jerks bro,1,en
u jerks man,1,en
u jerks dude,1,en
hey jerks,1,en
hey jerks!,1,en
hey jerks.,1,en
hey jerks lol,1,en
hey jerks bro,1,en
hey jerks man,1,en
hey jerks dude,1,en
such a jerks,1,en
such a jerks!,1,en
such a jerks.,1,en
such a jerks lol,1,en
such a jerks bro,1,en
such a jerks man,1,en
such a jerks dude,1,en
what a jerks,1,en
what a jerks!,1,en
what a jerks.,1,en
what a jerks lol,1,en
what a jerks bro,1,en
what a jerks man,1,en
what a jerks dude,1,en
jerkoff,1,en
jerkoff!,1,en
jerkoff.,1,en
jerkoff lol,1,en
jerkoff bro,1,en
jerkoff man,1,en
jerkoff dude,1,en
you jerkoff,1,en
you jerkoff!,1,en
you jerkoff.,1,en
you jerkoff lol,1,en
you jerkoff bro,1,en
you jerkoff man,1,en
you jerkoff dude,1,en
u jerkoff,1,en
u jerkoff!,1,en
u jerkoff.,1,en
u jerkoff lol,1,en
u jerkoff bro,1,en
u jerkoff man,1,en
u jerkoff dude,1,en
hey jerkoff,1,en
hey jerkoff!,1,en
hey jerkoff.,1,en
hey jerkoff lol,1,en
hey jerkoff bro,1,en
hey jerkoff man,1,en
hey jerkoff dude,1,en
such a jerkoff,1,en
such a jerkoff!,1,en
such a jerkoff.,1,en
such a jerkoff lol,1,en
such a jerkoff bro,1,en
such a jerkoff man,1,en
such a jerkoff dude,1,en
what a jerkoff,1,en
what a jerkoff!,1,en
what a jerkoff.,1,en
what a jerkoff lol,1,en
what a jerkoff bro,1,en
what a jerkoff man,1,en
what a jerkoff dude,1,en
jerk off,1,en
jerk off!,1,en
jerk off.,1,en
jerk off lol,1,en
jerk off bro,1,en
jerk off man,1,en
jerk off dude,1,en
you jerk off,1,en
you jerk off!,1,en
you jerk off.,1,en
you jerk off lol,1,en
you jerk off bro,1,en
you jerk off man,1,en
you jerk off dude,1,en
u jerk off,1,en
u jerk off!,1,en
u jerk off.,1,en
u jerk off lol,1,en
u jerk off bro,1,en
u jerk off man,1,en
u jerk off dude,1,en
hey jerk off,1,en
hey jerk off!,1,en
hey jerk off.,1,en
hey jerk off lol,1,en
hey jerk off bro,1,en
hey jerk off man,1,en
hey jerk off dude,1,en
such a jerk off,1,en
such a jerk off!,1,en
such a jerk off.,1,en
such a jerk off lol,1,en
such a jerk off bro,1,en
such a jerk off man,1,en
such a jerk off dude,1,en
what a jerk off,1,en
what a jerk off!,1,en
what a jerk off.,1,en
what a jerk off lol,1,en
what a jerk off bro,1,en
what a jerk off man,1,en
what a jerk off dude,1,en
moron,1,en
moron!,1,en
moron.,1,en
moron lol,1,en
moron bro,1,en
moron man,1,en
moron dude,1,en
you moron,1,en
you moron!,1,en
you moron.,1,en
you moron lol,1,en
you moron bro,1,en
you moron man,1,en
you moron dude,1,en
u moron,1,en
u moron!,1,en
u moron.,1,en
u moron lol,1,en
u moron bro,1,en
u moron man,1,en
u moron dude,1,en
hey moron,1,en
hey moron!,1,en
hey moron.,1,en
hey moron lol,1,en
hey moron bro,1,en
hey moron man,1,en
hey moron dude,1,en
such a moron,1,en
such a moron!,1,en
such a moron.,1,en
such a moron lol,1,en
such a moron bro,1,en
such a moron man,1,en
such a moron dude,1,en
what a moron,1,en
what a moron!,1,en
what a moron.,1,en
what a moron lol,1,en
what a moron bro,1,en
what a moron man,1,en
what a moron dude,1,en
morons,1,en
morons!,1,en
morons.,1,en
morons lol,1,en
morons bro,1,en
morons man,1,en
morons dude,1,en
you morons,1,en
you morons!,1,en
you morons.,1,en
you morons lol,1,en
you morons bro,1,en
you morons man,1,en
you morons dude,1,en
u morons,1,en
u morons!,1,en
u morons.,1,en
u morons lol,1,en
u morons bro,1,en
u morons man,1,en
u morons dude,1,en
hey morons,1,en
hey morons!,1,en
hey morons.,1,en
hey morons lol,1,en
hey morons bro,1,en
hey morons man,1,en
hey morons dude,1,en
such a morons,1,en
such a morons!,1,en
such a morons.,1,en
such a morons lol,1,en
such a morons bro,1,en
such a morons man,1,en
such a morons dude,1,en
what a morons,1,en
what a morons!,1,en
what a morons.,1,en
what a morons lol,1,en
what a morons bro,1,en
what a morons man,1,en
what a morons dude,1,en
idiot,1,en
idiot!,1,en
idiot.,1,en
idiot lol,1,en
idiot bro,1,en
idiot man,1,en
idiot dude,1,en
you idiot,1,en
you idiot!,1,en
you idiot.,1,en
you idiot lol,1,en
you idiot bro,1,en
you idiot man,1,en
you idiot dude,1,en
u idiot,1,en
u idiot!,1,en
u idiot.,1,en
u idiot lol,1,en
u idiot bro,1,en
u idiot man,1,en
u idiot dude,1,en
hey idiot,1,en
hey idiot!,1,en
hey idiot.,1,en
hey idiot lol,1,en
hey idiot bro,1,en
hey idiot man,1,en
hey idiot dude,1,en
such a idiot,1,en
such a idiot!,1,en
such a idiot.,1,en
such a idiot lol,1,en
such a idiot bro,1,en
such a idiot man,1,en
such a idiot dude,1,en
what a idiot,1,en
what a idiot!,1,en
what a idiot.,1,en
what a idiot lol,1,en
what a idiot bro,1,en
what a idiot man,1,en
what a idiot dude,1,en
1diot,1,en
1diot!,1,en
1diot.,1,en
1diot lol,1,en
1diot bro,1,en
1diot man,1,en
1diot dude,1,en
you 1diot,1,en
you 1diot!,1,en
you 1diot.,1,en
you 1diot lol,1,en
you 1diot bro,1,en
you 1diot man,1,en
you 1diot dude,1,en
u 1diot,1,en
u 1diot!,1,en
u 1diot.,1,en
u 1diot lol,1,en
u 1diot bro,1,en
u 1diot man,1,en
u 1diot dude,1,en
hey 1diot,1,en
hey 1diot!,1,en
hey 1diot.,1,en
hey 1diot lol,1,en
hey 1diot bro,1,en
hey 1diot man,1,en
hey 1diot dude,1,en
such a 1diot,1,en
such a 1diot!,1,en
such a 1diot.,1,en
such a 1diot lol,1,en
such a 1diot bro,1,en
such a 1diot man,1,en
such a 1diot dude,1,en
what a 1diot,1,en
what a 1diot!,1,en
what a 1diot.,1,en
what a 1diot lol,1,en
what a 1diot bro,1,en
what a 1diot man,1,en
what a 1diot dude,1,en
idiots,1,en
idiots!,1,en
idiots.,1,en
idiots lol,1,en
idiots bro,1,en
idiots man,1,en
idiots dude,1,en
you idiots,1,en
you idiots!,1,en
you idiots.,1,en
you idiots lol,1,en
you idiots bro,1,en
you idiots man,1,en
you idiots dude,1,en
u idiots,1,en
u idiots!,1,en
u idiots.,1,en
u idiots lol,1,en
u idiots bro,1,en
u idiots man,1,en
u idiots dude,1,en
hey idiots,1,en
hey idiots!,1,en
hey idiots.,1,en
hey idiots lol,1,en
hey idiots bro,1,en
hey idiots man,1,en
hey idiots dude,1,en
such a idiots,1,en
such a idiots!,1,en
such a idiots.,1,en
such a idiots lol,1,en
such a idiots bro,1,en
such a idiots man,1,en
such a idiots dude,1,en
what a idiots,1,en
what a idiots!,1,en
what a idiots.,1,en
what a idiots lol,1,en
what a idiots bro,1,en
what a idiots man,1,en
what a idiots dude,1,en
1diots,1,en
1diots!,1,en
1diots.,1,en
1diots lol,1,en
1diots bro,1,en
1diots man,1,en
1diots dude,1,en
you 1diots,1,en
you 1diots!,1,en
you 1diots.,1,en
you 1diots lol,1,en
you 1diots bro,1,en
you 1diots man,1,en
you 1diots dude,1,en
u 1diots,1,en
u 1diots!,1,en
u 1diots.,1,en
u 1diots lol,1,en
u 1diots bro,1,en
u 1diots man,1,en
u 1diots dude,1,en
hey 1diots,1,en
hey 1diots!,1,en
hey 1diots.,1,en
hey 1diots lol,1,en
hey 1diots bro,1,en
hey 1diots man,1,en
hey 1diots dude,1,en
such a 1diots,1,en
such a 1diots!,1,en
such a 1diots.,1,en
such a 1diots lol,1,en
such a 1diots bro,1,en
such a 1diots man,1,en
such a 1diots dude,1,en
what a 1diots,1,en
what a 1diots!,1,en
what a 1diots.,1,en
what a 1diots lol,1,en
what a 1diots bro,1,en
what a 1diots man,1,en
what a 1diots dude,1,en
idiotic,1,en
idiotic!,1,en
idiotic.,1,en
idiotic lol,1,en
idiotic bro,1,en
idiotic man,1,en
idiotic dude,1,en
you idiotic,1,en
you idiotic!,1,en
you idiotic.,1,en
you idiotic lol,1,en
you idiotic bro,1,en
you idiotic man,1,en
you idiotic dude,1,en
u idiotic,1,en
u idiotic!,1,en
u idiotic.,1,en
u idiotic lol,1,en
u idiotic bro,1,en
u idiotic man,1,en
u idiotic dude,1,en
hey idiotic,1,en
hey idiotic!,1,en
hey idiotic.,1,en
hey idiotic lol,1,en
hey idiotic bro,1,en
hey idiotic man,1,en
hey idiotic dude,1,en
such a idiotic,1,en
such a idiotic!,1,en
such a idiotic.,1,en
such a idiotic lol,1,en
such a idiotic bro,1,en
such a idiotic man,1,en
such a idiotic dude,1,en
what a idiotic,1,en
what a idiotic!,1,en
what a idiotic.,1,en
what a idiotic lol,1,en
what a idiotic bro,1,en
what a idiotic man,1,en
what a idiotic dude,1,en
1diotic,1,en
1diotic!,1,en
1diotic.,1,en
1diotic lol,1,en
1diotic bro,1,en
1diotic man,1,en
1diotic dude,1,en
you 1diotic,1,en
you 1diotic!,1,en
you 1diotic.,1,en
you 1diotic lol,1,en
you 1diotic bro,1,en
you 1diotic man,1,en
you 1diotic dude,1,en
u 1diotic,1,en
u 1diotic!,1,en
u 1diotic.,1,en
u 1diotic lol,1,en
u 1diotic bro,1,en
u 1diotic man,1,en
u 1diotic dude,1,en
hey 1diotic,1,en
hey 1diotic!,1,en
hey 1diotic.,1,en
hey 1diotic lol,1,en
hey 1diotic bro,1,en
hey 1diotic man,1,en
hey 1diotic dude,1,en
such a 1diotic,1,en
such a 1diotic!,1,en
such a 1diotic.,1,en
such a 1diotic lol,1,en
such a 1diotic bro,1,en
such a 1diotic man,1,en
such a 1diotic dude,1,en
what a 1diotic,1,en
what a 1diotic!,1,en
what a 1diotic.,1,en
what a 1diotic lol,1,en
what a 1diotic bro,1,en
what a 1diotic man,1,en
what a 1diotic dude,1,en
imbecile,1,en
imbecile!,1,en
imbecile.,1,en
imbecile lol,1,en
imbecile bro,1,en
imbecile man,1,en
imbecile dude,1,en
you imbecile,1,en
you imbecile!,1,en
you imbecile.,1,en
you imbecile lol,1,en
you imbecile bro,1,en
you imbecile man,1,en
you imbecile dude,1,en
u imbecile,1,en
u imbecile!,1,en
u imbecile.,1,en
u imbecile lol,1,en
u imbecile bro,1,en
u imbecile man,1,en
u imbecile dude,1,en
hey imbecile,1,en
hey imbecile!,1,en
hey imbecile.,1,en
hey imbecile lol,1,en
hey imbecile bro,1,en
hey imbecile man,1,en
hey imbecile dude,1,en
such a imbecile,1,en
such a imbecile!,1,en
such a imbecile.,1,en
such a imbecile lol,1,en
such a imbecile bro,1,en
such a imbecile man,1,en
such a imbecile dude,1,en
what a imbecile,1,en
what a imbecile!,1,en
what a imbecile.,1,en
what a imbecile lol,1,en
what a imbecile bro,1,en
what a imbecile man,1,en
what a imbecile dude,1,en
imbeciles,1,en
imbeciles!,1,en
imbeciles.,1,en
imbeciles lol,1,en
imbeciles bro,1,en
imbeciles man,1,en
imbeciles dude,1,en
you imbeciles,1,en
you imbeciles!,1,en
you imbeciles.,1,en
you imbeciles lol,1,en
you imbeciles bro,1,en
you imbeciles man,1,en
you imbeciles dude,1,en
u imbeciles,1,en
u imbeciles!,1,en
u imbeciles.,1,en
u imbeciles lol,1,en
u imbeciles bro,1,en
u imbeciles man,1,en
u imbeciles dude,1,en
hey imbeciles,1,en
hey imbeciles!,1,en
hey imbeciles.,1,en
hey imbeciles lol,1,en
hey imbeciles bro,1,en
hey imbeciles man,1,en
hey imbeciles dude,1,en
such a imbeciles,1,en
such a imbeciles!,1,en
such a imbeciles.,1,en
such a imbeciles lol,1,en
such a imbeciles bro,1,en
such a imbeciles man,1,en
such a imbeciles dude,1,en
what a imbeciles,1,en
what a imbeciles!,1,en
what a imbeciles.,1,en
what a imbeciles lol,1,en
what a imbeciles bro,1,en
what a imbeciles man,1,en
what a imbeciles dude,1,en
stupid,1,en
stupid!,1,en
stupid.,1,en
stupid lol,1,en
stupid bro,1,en
stupid man,1,en
stupid dude,1,en
you stupid,1,en
you stupid!,1,en
you stupid.,1,en
you stupid lol,1,en
you stupid bro,1,en
you stupid man,1,en
you stupid dude,1,en
u stupid,1,en
u stupid!,1,en
u stupid.,1,en
u stupid lol,1,en
u stupid bro,1,en
u stupid man,1,en
u stupid dude,1,en
hey stupid,1,en
hey stupid!,1,en
hey stupid.,1,en
hey stupid lol,1,en
hey stupid bro,1,en
hey stupid man,1,en
hey stupid dude,1,en
such a stupid,1,en
such a stupid!,1,en
such a stupid.,1,en
such a stupid lol,1,en
such a stupid bro,1,en
such a stupid man,1,en
such a stupid dude,1,en
what a stupid,1,en
what a stupid!,1,en
what a stupid.,1,en
what a stupid lol,1,en
what a stupid bro,1,en
what a stupid man,1,en
what a stupid dude,1,en
stupidity,1,en
stupidity!,1,en
stupidity.,1,en
stupidity lol,1,en
stupidity bro,1,en
stupidity man,1,en
stupidity dude,1,en
you stupidity,1,en
you stupidity!,1,en
you stupidity.,1,en
you stupidity lol,1,en
you stupidity bro,1,en
you stupidity man,1,en
you stupidity dude,1,en
u stupidity,1,en
u stupidity!,1,en
u stupidity.,1,en
u stupidity lol,1,en
u stupidity bro,1,en
u stupidity man,1,en
u stupidity dude,1,en
hey stupidity,1,en
hey stupidity!,1,en
hey stupidity.,1,en
hey stupidity lol,1,en
hey stupidity bro,1,en
hey stupidity man,1,en
hey stupidity dude,1,en
such a stupidity,1,en
such a stupidity!,1,en
such a stupidity.,1,en
such a stupidity lol,1,en
such a stupidity bro,1,en
such a stupidity man,1,en
such a stupidity dude,1,en
what a stupidity,1,en
what a stupidity!,1,en
what a stupidity.,1,en
what a stupidity lol,1,en
what a stupidity bro,1,en
what a stupidity man,1,en
what a stupidity dude,1,en
stupidass,1,en
stupidass!,1,en
stupidass.,1,en
stupidass lol,1,en
stupidass bro,1,en
stupidass man,1,en
stupidass dude,1,en
you stupidass,1,en
you stupidass!,1,en
you stupidass.,1,en
you stupidass lol,1,en
you stupidass bro,1,en
you stupidass man,1,en
you stupidass dude,1,en
u stupidass,1,en
u stupidass!,1,en
u stupidass.,1,en
u stupidass lol,1,en
u stupidass bro,1,en
u stupidass man,1,en
u stupidass dude,1,en
hey stupidass,1,en
hey stupidass!,1,en
hey stupidass.,1,en
hey stupidass lol,1,en
hey stupidass bro,1,en
hey stupidass man,1,en
hey stupidass dude,1,en
such a stupidass,1,en
such a stupidass!,1,en
such a stupidass.,1,en
such a stupidass lol,1,en
such a stupidass bro,1,en
such a stupidass man,1,en
such a stupidass dude,1,en
what a stupidass,1,en
what a stupidass!,1,en
what a stupidass.,1,en
what a stupidass lol,1,en
what a stupidass bro,1,en
what a stupidass man,1,en
what a stupidass dude,1,en
stupidazz,1,en
stupidazz!,1,en
stupidazz.,1,en
stupidazz lol,1,en
stupidazz bro,1,en
stupidazz man,1,en
stupidazz dude,1,en
you stupidazz,1,en
you stupidazz!,1,en
you stupidazz.,1,en
you stupidazz lol,1,en
you stupidazz bro,1,en
you stupidazz man,1,en
you stupidazz dude,1,en
u stupidazz,1,en
u stupidazz!,1,en
u stupidazz.,1,en
u stupidazz lol,1,en
u stupidazz bro,1,en
u stupidazz man,1,en
u stupidazz dude,1,en
hey stupidazz,1,en
hey stupidazz!,1,en
hey stupidazz.,1,en
hey stupidazz lol,1,en
hey stupidazz bro,1,en
hey stupidazz man,1,en
hey stupidazz dude,1,en
such a stupidazz,1,en
such a stupidazz!,1,en
such a stupidazz.,1,en
such a stupidazz lol,1,en
such a stupidazz bro,1,en
such a stupidazz man,1,en
such a stupidazz dude,1,en
what a stupidazz,1,en
what a stupidazz!,1,en
what a stupidazz.,1,en
what a stupidazz lol,1,en
what a stupidazz bro,1,en
what a stupidazz man,1,en
what a stupidazz dude,1,en
dumb,1,en
dumb!,1,en
dumb.,1,en
dumb lol,1,en
dumb bro,1,en
dumb man,1,en
dumb dude,1,en
you dumb,1,en
you dumb!,1,en
you dumb.,1,en
you dumb lol,1,en
you dumb bro,1,en
you dumb man,1,en
you dumb dude,1,en
u dumb,1,en
u dumb!,1,en
u dumb.,1,en
u dumb lol,1,en
u dumb bro,1,en
u dumb man,1,en
u dumb dude,1,en
hey dumb,1,en
hey dumb!,1,en
hey dumb.,1,en
hey dumb lol,1,en
hey dumb bro,1,en
hey dumb man,1,en
hey dumb dude,1,en
such a dumb,1,en
such a dumb!,1,en
such a dumb.,1,en
such a dumb lol,1,en
such a dumb bro,1,en
such a dumb man,1,en
such a dumb dude,1,en
what a dumb,1,en
what a dumb!,1,en
what a dumb.,1,en
what a dumb lol,1,en
what a dumb bro,1,en
what a dumb man,1,en
what a dumb dude,1,en
dumbfuck,1,en
dumbfuck!,1,en
dumbfuck.,1,en
dumbfuck lol,1,en
dumbfuck bro,1,en
dumbfuck man,1,en
dumbfuck dude,1,en
you dumbfuck,1,en
you dumbfuck!,1,en
you dumbfuck.,1,en
you dumbfuck lol,1,en
you dumbfuck bro,1,en
you dumbfuck man,1,en
you dumbfuck dude,1,en
u dumbfuck,1,en
u dumbfuck!,1,en
u dumbfuck.,1,en
u dumbfuck lol,1,en
u dumbfuck bro,1,en
u dumbfuck man,1,en
u dumbfuck dude,1,en
hey dumbfuck,1,en
hey dumbfuck!,1,en
hey dumbfuck.,1,en
hey dumbfuck lol,1,en
hey dumbfuck bro,1,en
hey dumbfuck man,1,en
hey dumbfuck dude,1,en
such a dumbfuck,1,en
such a dumbfuck!,1,en
such a dumbfuck.,1,en
such a dumbfuck lol,1,en
such a dumbfuck bro,1,en
such a dumbfuck man,1,en
such a dumbfuck dude,1,en
what a dumbfuck,1,en
what a dumbfuck!,1,en
what a dumbfuck.,1,en
what a dumbfuck lol,1,en
what a dumbfuck bro,1,en
what a dumbfuck man,1,en
what a dumbfuck dude,1,en
dumbfuk,1,en
dumbfuk!,1,en
dumbfuk.,1,en
dumbfuk lol,1,en
dumbfuk bro,1,en
dumbfuk man,1,en
dumbfuk dude,1,en
you dumbfuk,1,en
you dumbfuk!,1,en
you dumbfuk.,1,en
you dumbfuk lol,1,en
you dumbfuk bro,1,en
you dumbfuk man,1,en
you dumbfuk dude,1,en
u dumbfuk,1,en
u dumbfuk!,1,en
u dumbfuk.,1,en
u dumbfuk lol,1,en
u dumbfuk bro,1,en
u dumbfuk man,1,en
u dumbfuk dude,1,en
hey dumbfuk,1,en
hey dumbfuk!,1,en
hey dumbfuk.,1,en
hey dumbfuk lol,1,en
hey dumbfuk bro,1,en
hey dumbfuk man,1,en
hey dumbfuk dude,1,en
such a dumbfuk,1,en
such a dumbfuk!,1,en
such a dumbfuk.,1,en
such a dumbfuk lol,1,en
such a dumbfuk bro,1,en
such a dumbfuk man,1,en
such a dumbfuk dude,1,en
what a dumbfuk,1,en
what a dumbfuk!,1,en
what a dumbfuk.,1,en
what a dumbfuk lol,1,en
what a dumbfuk bro,1,en
what a dumbfuk man,1,en
what a dumbfuk dude,1,en
dumbfck,1,en
dumbfck!,1,en
dumbfck.,1,en
dumbfck lol,1,en
dumbfck bro,1,en
dumbfck man,1,en
dumbfck dude,1,en
you dumbfck,1,en
you dumbfck!,1,en
you dumbfck.,1,en
you dumbfck lol,1,en
you dumbfck bro,1,en
you dumbfck man,1,en
you dumbfck dude,1,en
u dumbfck,1,en
u dumbfck!,1,en
u dumbfck.,1,en
u dumbfck lol,1,en
u dumbfck bro,1,en
u dumbfck man,1,en
u dumbfck dude,1,en
hey dumbfck,1,en
hey dumbfck!,1,en
hey dumbfck.,1,en
hey dumbfck lol,1,en
hey dumbfck bro,1,en
hey dumbfck man,1,en
hey dumbfck dude,1,en
such a dumbfck,1,en
such a dumbfck!,1,en
such a dumbfck.,1,en
such a dumbfck lol,1,en
such a dumbfck bro,1,en
such a dumbfck man,1,en
such a dumbfck dude,1,en
what a dumbfck,1,en
what a dumbfck!,1,en
what a dumbfck.,1,en
what a dumbfck lol,1,en
what a dumbfck bro,1,en
what a dumbfck man,1,en
what a dumbfck dude,1,en
dumbfucks,1,en
dumbfucks!,1,en
dumbfucks.,1,en
dumbfucks lol,1,en
dumbfucks bro,1,en
dumbfucks man,1,en
dumbfucks dude,1,en
you dumbfucks,1,en
you dumbfucks!,1,en
you dumbfucks.,1,en
you dumbfucks lol,1,en
you dumbfucks bro,1,en
you dumbfucks man,1,en
you dumbfucks dude,1,en
u dumbfucks,1,en
u dumbfucks!,1,en
u dumbfucks.,1,en
u dumbfucks lol,1,en
u dumbfucks bro,1,en
u dumbfucks man,1,en
u dumbfucks dude,1,en
hey dumbfucks,1,en
hey dumbfucks!,1,en
hey dumbfucks.,1,en
hey dumbfucks lol,1,en
hey dumbfucks bro,1,en
hey dumbfucks man,1,en
hey dumbfucks dude,1,en
such a dumbfucks,1,en
such a dumbfucks!,1,en
such a dumbfucks.,1,en
such a dumbfucks lol,1,en
such a dumbfucks bro,1,en
such a dumbfucks man,1,en
such a dumbfucks dude,1,en
what a dumbfucks,1,en
what a dumbfucks!,1,en
what a dumbfucks.,1,en
what a dumbfucks lol,1,en
what a dumbfucks bro,1,en
what a dumbfucks man,1,en
what a dumbfucks dude,1,en
dumbfuks,1,en
dumbfuks!,1,en
dumbfuks.,1,en
dumbfuks lol,1,en
dumbfuks bro,1,en
dumbfuks man,1,en
dumbfuks dude,1,en
you dumbfuks,1,en
you dumbfuks!,1,en
you dumbfuks.,1,en
you dumbfuks lol,1,en
you dumbfuks bro,1,en
you dumbfuks man,1,en
you dumbfuks dude,1,en
u dumbfuks,1,en
u dumbfuks!,1,en
u dumbfuks.,1,en
u dumbfuks lol,1,en
u dumbfuks bro,1,en
u dumbfuks man,1,en
u dumbfuks dude,1,en
hey dumbfuks,1,en
hey dumbfuks!,1,en
hey dumbfuks.,1,en
hey dumbfuks lol,1,en
hey dumbfuks bro,1,en
hey dumbfuks man,1,en
hey dumbfuks dude,1,en
such a dumbfuks,1,en
such a dumbfuks!,1,en
such a dumbfuks.,1,en
such a dumbfuks lol,1,en
such a dumbfuks bro,1,en
such a dumbfuks man,1,en
such a dumbfuks dude,1,en
what a dumbfuks,1,en
what a dumbfuks!,1,en
what a dumbfuks.,1,en
what a dumbfuks lol,1,en
what a dumbfuks bro,1,en
what a dumbfuks man,1,en
what a dumbfuks dude,1,en
dumbfcks,1,en
dumbfcks!,1,en
dumbfcks.,1,en
dumbfcks lol,1,en
dumbfcks bro,1,en
dumbfcks man,1,en
dumbfcks dude,1,en
you dumbfcks,1,en
you dumbfcks!,1,en
you dumbfcks.,1,en
you dumbfcks lol,1,en
you dumbfcks bro,1,en
you dumbfcks man,1,en
you dumbfcks dude,1,en
u dumbfcks,1,en
u dumbfcks!,1,en
u dumbfcks.,1,en
u dumbfcks lol,1,en
u dumbfcks bro,1,en
u dumbfcks man,1,en
u dumbfcks dude,1,en
hey dumbfcks,1,en
hey dumbfcks!,1,en
hey dumbfcks.,1,en
hey dumbfcks lol,1,en
hey dumbfcks bro,1,en
hey dumbfcks man,1,en
hey dumbfcks dude,1,en
such a dumbfcks,1,en
such a dumbfcks!,1,en
such a dumbfcks.,1,en
such a dumbfcks lol,1,en
such a dumbfcks bro,1,en
such a dumbfcks man,1,en
such a dumbfcks dude,1,en
what a dumbfcks,1,en
what a dumbfcks!,1,en
what a dumbfcks.,1,en
what a dumbfcks lol,1,en
what a dumbfcks bro,1,en
what a dumbfcks man,1,en
what a dumbfcks dude,1,en
dumbshit,1,en
dumbshit!,1,en
dumbshit.,1,en
dumbshit lol,1,en
dumbshit bro,1,en
dumbshit man,1,en
dumbshit dude,1,en
you dumbshit,1,en
you dumbshit!,1,en
you dumbshit.,1,en
you dumbshit lol,1,en
you dumbshit bro,1,en
you dumbshit man,1,en
you dumbshit dude,1,en
u dumbshit,1,en
u dumbshit!,1,en
u dumbshit.,1,en
u dumbshit lol,1,en
u dumbshit bro,1,en
u dumbshit man,1,en
u dumbshit dude,1,en
hey dumbshit,1,en
hey dumbshit!,1,en
hey dumbshit.,1,en
hey dumbshit lol,1,en
hey dumbshit bro,1,en
hey dumbshit man,1,en
hey dumbshit dude,1,en
such a dumbshit,1,en
such a dumbshit!,1,en
such a dumbshit.,1,en
such a dumbshit lol,1,en
such a dumbshit bro,1,en
such a dumbshit man,1,en
such a dumbshit dude,1,en
what a dumbshit,1,en
what a dumbshit!,1,en
what a dumbshit.,1,en
what a dumbshit lol,1,en
what a dumbshit bro,1,en
what a dumbshit man,1,en
what a dumbshit dude,1,en
dumbsh1t,1,en
dumbsh1t!,1,en
dumbsh1t.,1,en
dumbsh1t lol,1,en
dumbsh1t bro,1,en
dumbsh1t man,1,en
dumbsh1t dude,1,en
you dumbsh1t,1,en
you dumbsh1t!,1,en
you dumbsh1t.,1,en
you dumbsh1t lol,1,en
you dumbsh1t bro,1,en
you dumbsh1t man,1,en
you dumbsh1t dude,1,en
u dumbsh1t,1,en
u dumbsh1t!,1,en
u dumbsh1t.,1,en
u dumbsh1t lol,1,en
u dumbsh1t bro,1,en
u dumbsh1t man,1,en
u dumbsh1t dude,1,en
hey dumbsh1t,1,en
hey dumbsh1t!,1,en
hey dumbsh1t.,1,en
hey dumbsh1t lol,1,en
hey dumbsh1t bro,1,en
hey dumbsh1t man,1,en
hey dumbsh1t dude,1,en
such a dumbsh1t,1,en
such a dumbsh1t!,1,en
such a dumbsh1t.,1,en
such a dumbsh1t lol,1,en
such a dumbsh1t bro,1,en
such a dumbsh1t man,1,en
such a dumbsh1t dude,1,en
what a dumbsh1t,1,en
what a dumbsh1t!,1,en
what a dumbsh1t.,1,en
what a dumbsh1t lol,1,en
what a dumbsh1t bro,1,en
what a dumbsh1t man,1,en
what a dumbsh1t dude,1,en
fuckwit,1,en
fuckwit!,1,en
fuckwit.,1,en
fuckwit lol,1,en
fuckwit bro,1,en
fuckwit man,1,en
fuckwit dude,1,en
you fuckwit,1,en
you fuckwit!,1,en
you fuckwit.,1,en
you fuckwit lol,1,en
you fuckwit bro,1,en
you fuckwit man,1,en
you fuckwit dude,1,en
u fuckwit,1,en
u fuckwit!,1,en
u fuckwit.,1,en
u fuckwit lol,1,en
u fuckwit bro,1,en
u fuckwit man,1,en
u fuckwit dude,1,en
hey fuckwit,1,en
hey fuckwit!,1,en
hey fuckwit.,1,en
hey fuckwit lol,1,en
hey fuckwit bro,1,en
hey fuckwit man,1,en
hey fuckwit dude,1,en
such a fuckwit,1,en
such a fuckwit!,1,en
such a fuckwit.,1,en
such a fuckwit lol,1,en
such a fuckwit bro,1,en
such a fuckwit man,1,en
such a fuckwit dude,1,en
what a fuckwit,1,en
what a fuckwit!,1,en
what a fuckwit.,1,en
what a fuckwit lol,1,en
what a fuckwit bro,1,en
what a fuckwit man,1,en
what a fuckwit dude,1,en
fukwit,1,en
fukwit!,1,en
fukwit.,1,en
fukwit lol,1,en
fukwit bro,1,en
fukwit man,1,en
fukwit dude,1,en
you fukwit,1,en
you fukwit!,1,en
you fukwit.,1,en
you fukwit lol,1,en
you fukwit bro,1,en
you fukwit man,1,en
you fukwit dude,1,en
u fukwit,1,en
u fukwit!,1,en
u fukwit.,1,en
u fukwit lol,1,en
u fukwit bro,1,en
u fukwit man,1,en
u fukwit dude,1,en
hey fukwit,1,en
hey fukwit!,1,en
hey fukwit.,1,en
hey fukwit lol,1,en
hey fukwit bro,1,en
hey fukwit man,1,en
hey fukwit dude,1,en
such a fukwit,1,en
such a fukwit!,1,en
such a fukwit.,1,en
such a fukwit lol,1,en
such a fukwit bro,1,en
such a fukwit man,1,en
such a fukwit dude,1,en
what a fukwit,1,en
what a fukwit!,1,en
what a fukwit.,1,en
what a fukwit lol,1,en
what a fukwit bro,1,en
what a fukwit man,1,en
what a fukwit dude,1,en
fckwit,1,en
fckwit!,1,en
fckwit.,1,en
fckwit lol,1,en
fckwit bro,1,en
fckwit man,1,en
fckwit dude,1,en
you fckwit,1,en
you fckwit!,1,en
you fckwit.,1,en
you fckwit lol,1,en
you fckwit bro,1,en
you fckwit man,1,en
you fckwit dude,1,en
u fckwit,1,en
u fckwit!,1,en
u fckwit.,1,en
u fckwit lol,1,en
u fckwit bro,1,en
u fckwit man,1,en
u fckwit dude,1,en
hey fckwit,1,en
hey fckwit!,1,en
hey fckwit.,1,en
hey fckwit lol,1,en
hey fckwit bro,1,en
hey fckwit man,1,en
hey fckwit dude,1,en
such a fckwit,1,en
such a fckwit!,1,en
such a fckwit.,1,en
such a fckwit lol,1,en
such a fckwit bro,1,en
such a fckwit man,1,en
such a fckwit dude,1,en
what a fckwit,1,en
what a fckwit!,1,en
what a fckwit.,1,en
what a fckwit lol,1,en
what a fckwit bro,1,en
what a fckwit man,1,en
what a fckwit dude,1,en
fuckwits,1,en
fuckwits!,1,en
fuckwits.,1,en
fuckwits lol,1,en
fuckwits bro,1,en
fuckwits man,1,en
fuckwits dude,1,en
you fuckwits,1,en
you fuckwits!,1,en
you fuckwits.,1,en
you fuckwits lol,1,en
you fuckwits bro,1,en
you fuckwits man,1,en
you fuckwits dude,1,en
u fuckwits,1,en
u fuckwits!,1,en
u fuckwits.,1,en
u fuckwits lol,1,en
u fuckwits bro,1,en
u fuckwits man,1,en
u fuckwits dude,1,en
hey fuckwits,1,en
hey fuckwits!,1,en
hey fuckwits.,1,en
hey fuckwits lol,1,en
hey fuckwits bro,1,en
hey fuckwits man,1,en
hey fuckwits dude,1,en
such a fuckwits,1,en
such a fuckwits!,1,en
such a fuckwits.,1,en
such a fuckwits lol,1,en
such a fuckwits bro,1,en
such a fuckwits man,1,en
such a fuckwits dude,1,en
what a fuckwits,1,en
what a fuckwits!,1,en
what a fuckwits.,1,en
what a fuckwits lol,1,en
what a fuckwits bro,1,en
what a fuckwits man,1,en
what a fuckwits dude,1,en
fukwits,1,en
fukwits!,1,en
fukwits.,1,en
fukwits lol,1,en
fukwits bro,1,en
fukwits man,1,en
fukwits dude,1,en
you fukwits,1,en
you fukwits!,1,en
you fukwits.,1,en
you fukwits lol,1,en
you fukwits bro,1,en
you fukwits man,1,en
you fukwits dude,1,en
u fukwits,1,en
u fukwits!,1,en
u fukwits.,1,en
u fukwits lol,1,en
u fukwits bro,1,en
u fukwits man,1,en
u fukwits dude,1,en
hey fukwits,1,en
hey fukwits!,1,en
hey fukwits.,1,en
hey fukwits lol,1,en
hey fukwits bro,1,en
hey fukwits man,1,en
hey fukwits dude,1,en
such a fukwits,1,en
such a fukwits!,1,en
such a fukwits.,1,en
such a fukwits lol,1,en
such a fukwits bro,1,en
such a fukwits man,1,en
such a fukwits dude,1,en
what a fukwits,1,en
what a fukwits!,1,en
what a fukwits.,1,en
what a fukwits lol,1,en
what a fukwits bro,1,en
what a fukwits man,1,en
what a fukwits dude,1,en
fckwits,1,en
fckwits!,1,en
fckwits.,1,en
fckwits lol,1,en
fckwits bro,1,en
fckwits man,1,en
fckwits dude,1,en
you fckwits,1,en
you fckwits!,1,en
you fckwits.,1,en
you fckwits lol,1,en
you fckwits bro,1,en
you fckwits man,1,en
you fckwits dude,1,en
u fckwits,1,en
u fckwits!,1,en
u fckwits.,1,en
u fckwits lol,1,en
u fckwits bro,1,en
u fckwits man,1,en
u fckwits dude,1,en
hey fckwits,1,en
hey fckwits!,1,en
hey fckwits.,1,en
hey fckwits lol,1,en
hey fckwits bro,1,en
hey fckwits man,1,en
hey fckwits dude,1,en
such a fckwits,1,en
such a fckwits!,1,en
such a fckwits.,1,en
such a fckwits lol,1,en
such a fckwits bro,1,en
such a fckwits man,1,en
such a fckwits dude,1,en
what a fckwits,1,en
what a fckwits!,1,en
what a fckwits.,1,en
what a fckwits lol,1,en
what a fckwits bro,1,en
what a fckwits man,1,en
what a fckwits dude,1,en
nitwit,1,en
nitwit!,1,en
nitwit.,1,en
nitwit lol,1,en
nitwit bro,1,en
nitwit man,1,en
nitwit dude,1,en
you nitwit,1,en
you nitwit!,1,en
you nitwit.,1,en
you nitwit lol,1,en
you nitwit bro,1,en
you nitwit man,1,en
you nitwit dude,1,en
u nitwit,1,en
u nitwit!,1,en
u nitwit.,1,en
u nitwit lol,1,en
u nitwit bro,1,en
u nitwit man,1,en
u nitwit dude,1,en
hey nitwit,1,en
hey nitwit!,1,en
hey nitwit.,1,en
hey nitwit lol,1,en
hey nitwit bro,1,en
hey nitwit man,1,en
hey nitwit dude,1,en
such a nitwit,1,en
such a nitwit!,1,en
such a nitwit.,1,en
such a nitwit lol,1,en
such a nitwit bro,1,en
such a nitwit man,1,en
such a nitwit dude,1,en
what a nitwit,1,en
what a nitwit!,1,en
what a nitwit.,1,en
what a nitwit lol,1,en
what a nitwit bro,1,en
what a nitwit man,1,en
what a nitwit dude,1,en
blockhead,1,en
blockhead!,1,en
blockhead.,1,en
blockhead lol,1,en
blockhead bro,1,en
blockhead man,1,en
blockhead dude,1,en
you blockhead,1,en
you blockhead!,1,en
you blockhead.,1,en
you blockhead lol,1,en
you blockhead bro,1,en
you blockhead man,1,en
you blockhead dude,1,en
u blockhead,1,en
u blockhead!,1,en
u blockhead.,1,en
u blockhead lol,1,en
u blockhead bro,1,en
u blockhead man,1,en
u blockhead dude,1,en
hey blockhead,1,en
hey blockhead!,1,en
hey blockhead.,1,en
hey blockhead lol,1,en
hey blockhead bro,1,en
hey blockhead man,1,en
hey blockhead dude,1,en
such a blockhead,1,en
such a blockhead!,1,en
such a blockhead.,1,en
such a blockhead lol,1,en
such a blockhead bro,1,en
such a blockhead man,1,en
such a blockhead dude,1,en
what a blockhead,1,en
what a blockhead!,1,en
what a blockhead.,1,en
what a blockhead lol,1,en
what a blockhead bro,1,en
what a blockhead man,1,en
what a blockhead dude,1,en
bonehead,1,en
bonehead!,1,en
bonehead.,1,en
bonehead lol,1,en
bonehead bro,1,en
bonehead man,1,en
bonehead dude,1,en
you bonehead,1,en
you bonehead!,1,en
you bonehead.,1,en
you bonehead lol,1,en
you bonehead bro,1,en
you bonehead man,1,en
you bonehead dude,1,en
u bonehead,1,en
u bonehead!,1,en
u bonehead.,1,en
u bonehead lol,1,en
u bonehead bro,1,en
u bonehead man,1,en
u bonehead dude,1,en
hey bonehead,1,en
hey bonehead!,1,en
hey bonehead.,1,en
hey bonehead lol,1,en
hey bonehead bro,1,en
hey bonehead man,1,en
hey bonehead dude,1,en
such a bonehead,1,en
such a bonehead!,1,en
such a bonehead.,1,en
such a bonehead lol,1,en
such a bonehead bro,1,en
such a bonehead man,1,en
such a bonehead dude,1,en
what a bonehead,1,en
what a bonehead!,1,en
what a bonehead.,1,en
what a bonehead lol,1,en
what a bonehead bro,1,en
what a bonehead man,1,en
what a bonehead dude,1,en
airhead,1,en
airhead!,1,en
airhead.,1,en
airhead lol,1,en
airhead bro,1,en
airhead man,1,en
airhead dude,1,en
you airhead,1,en
you airhead!,1,en
you airhead.,1,en
you airhead lol,1,en
you airhead bro,1,en
you airhead man,1,en
you airhead dude,1,en
u airhead,1,en
u airhead!,1,en
u airhead.,1,en
u airhead lol,1,en
u airhead bro,1,en
u airhead man,1,en
u airhead dude,1,en
hey airhead,1,en
hey airhead!,1,en
hey airhead.,1,en
hey airhead lol,1,en
hey airhead bro,1,en
hey airhead man,1,en
hey airhead dude,1,en
such a airhead,1,en
such a airhead!,1,en
such a airhead.,1,en
such a airhead lol,1,en
such a airhead bro,1,en
such a airhead man,1,en
such a airhead dude,1,en
what a airhead,1,en
what a airhead!,1,en
what a airhead.,1,en
what a airhead lol,1,en
what a airhead bro,1,en
what a airhead man,1,en
what a airhead dude,1,en
loser,1,en
loser!,1,en
loser.,1,en
loser lol,1,en
loser bro,1,en
loser man,1,en
loser dude,1,en
you loser,1,en
you loser!,1,en
you loser.,1,en
you loser lol,1,en
you loser bro,1,en
you loser man,1,en
you loser dude,1,en
u loser,1,en
u loser!,1,en
u loser.,1,en
u loser lol,1,en
u loser bro,1,en
u loser man,1,en
u loser dude,1,en
hey loser,1,en
hey loser!,1,en
hey loser.,1,en
hey loser lol,1,en
hey loser bro,1,en
hey loser man,1,en
hey loser dude,1,en
such a loser,1,en
such a loser!,1,en
such a loser.,1,en
such a loser lol,1,en
such a loser bro,1,en
such a loser man,1,en
such a loser dude,1,en
what a loser,1,en
what a loser!,1,en
what a loser.,1,en
what a loser lol,1,en
what a loser bro,1,en
what a loser man,1,en
what a loser dude,1,en
losers,1,en
losers!,1,en
losers.,1,en
losers lol,1,en
losers bro,1,en
losers man,1,en
losers dude,1,en
you losers,1,en
you losers!,1,en
you losers.,1,en
you losers lol,1,en
you losers bro,1,en
you losers man,1,en
you losers dude,1,en
u losers,1,en
u losers!,1,en
u losers.,1,en
u losers lol,1,en
u losers bro,1,en
u losers man,1,en
u losers dude,1,en
hey losers,1,en
hey losers!,1,en
hey losers.,1,en
hey losers lol,1,en
hey losers bro,1,en
hey losers man,1,en
hey losers dude,1,en
such a losers,1,en
such a losers!,1,en
such a losers.,1,en
such a losers lol,1,en
such a losers bro,1,en
such a losers man,1,en
such a losers dude,1,en
what a losers,1,en
what a losers!,1,en
what a losers.,1,en
what a losers lol,1,en
what a losers bro,1,en
what a losers man,1,en
what a losers dude,1,en
lowlife,1,en
lowlife!,1,en
lowlife.,1,en
lowlife lol,1,en
lowlife bro,1,en
lowlife man,1,en
lowlife dude,1,en
you lowlife,1,en
you lowlife!,1,en
you lowlife.,1,en
you lowlife lol,1,en
you lowlife bro,1,en
you lowlife man,1,en
you lowlife dude,1,en
u lowlife,1,en
u lowlife!,1,en
u lowlife.,1,en
u lowlife lol,1,en
u lowlife bro,1,en
u lowlife man,1,en
u lowlife dude,1,en
hey lowlife,1,en
hey lowlife!,1,en
hey lowlife.,1,en
hey lowlife lol,1,en
hey lowlife bro,1,en
hey lowlife man,1,en
hey lowlife dude,1,en
such a lowlife,1,en
such a lowlife!,1,en
such a lowlife.,1,en
such a lowlife lol,1,en
such a lowlife bro,1,en
such a lowlife man,1,en
such a lowlife dude,1,en
what a lowlife,1,en
what a lowlife!,1,en
what a lowlife.,1,en
what a lowlife lol,1,en
what a lowlife bro,1,en
what a lowlife man,1,en
what a lowlife dude,1,en
scumbag,1,en
scumbag!,1,en
scumbag.,1,en
scumbag lol,1,en
scumbag bro,1,en
scumbag man,1,en
scumbag dude,1,en
you scumbag,1,en
you scumbag!,1,en
you scumbag.,1,en
you scumbag lol,1,en
you scumbag bro,1,en
you scumbag man,1,en
you scumbag dude,1,en
u scumbag,1,en
u scumbag!,1,en
u scumbag.,1,en
u scumbag lol,1,en
u scumbag bro,1,en
u scumbag man,1,en
u scumbag dude,1,en
hey scumbag,1,en
hey scumbag!,1,en
hey scumbag.,1,en
hey scumbag lol,1,en
hey scumbag bro,1,en
hey scumbag man,1,en
hey scumbag dude,1,en
such a scumbag,1,en
such a scumbag!,1,en
such a scumbag.,1,en
such a scumbag lol,1,en
such a scumbag bro,1,en
such a scumbag man,1,en
such a scumbag dude,1,en
what a scumbag,1,en
what a scumbag!,1,en
what a scumbag.,1,en
what a scumbag lol,1,en
what a scumbag bro,1,en
what a scumbag man,1,en
what a scumbag dude,1,en
scumbags,1,en
scumbags!,1,en
scumbags.,1,en
scumbags lol,1,en
scumbags bro,1,en
scumbags man,1,en
scumbags dude,1,en
you scumbags,1,en
you scumbags!,1,en
you scumbags.,1,en
you scumbags lol,1,en
you scumbags bro,1,en
you scumbags man,1,en
you scumbags dude,1,en
u scumbags,1,en
u scumbags!,1,en
u scumbags.,1,en
u scumbags lol,1,en
u scumbags bro,1,en
u scumbags man,1,en
u scumbags dude,1,en
hey scumbags,1,en
hey scumbags!,1,en
hey scumbags.,1,en
hey scumbags lol,1,en
hey scumbags bro,1,en
hey scumbags man,1,en
hey scumbags dude,1,en
such a scumbags,1,en
such a scumbags!,1,en
such a scumbags.,1,en
such a scumbags lol,1,en
such a scumbags bro,1,en
such a scumbags man,1,en
such a scumbags dude,1,en
what a scumbags,1,en
what a scumbags!,1,en
what a scumbags.,1,en
what a scumbags lol,1,en
what a scumbags bro,1,en
what a scumbags man,1,en
what a scumbags dude,1,en
sleazebag,1,en
sleazebag!,1,en
sleazebag.,1,en
sleazebag lol,1,en
sleazebag bro,1,en
sleazebag man,1,en
sleazebag dude,1,en
you sleazebag,1,en
you sleazebag!,1,en
you sleazebag.,1,en
you sleazebag lol,1,en
you sleazebag bro,1,en
you sleazebag man,1,en
you sleazebag dude,1,en
u sleazebag,1,en
u sleazebag!,1,en
u sleazebag.,1,en
u sleazebag lol,1,en
u sleazebag bro,1,en
u sleazebag man,1,en
u sleazebag dude,1,en
hey sleazebag,1,en
hey sleazebag!,1,en
hey sleazebag.,1,en
hey sleazebag lol,1,en
hey sleazebag bro,1,en
hey sleazebag man,1,en
hey sleazebag dude,1,en
such a sleazebag,1,en
such a sleazebag!,1,en
such a sleazebag.,1,en
such a sleazebag lol,1,en
such a sleazebag bro,1,en
such a sleazebag man,1,en
such a sleazebag dude,1,en
what a sleazebag,1,en
what a sleazebag!,1,en
what a sleazebag.,1,en
what a sleazebag lol,1,en
what a sleazebag bro,1,en
what a sleazebag man,1,en
what a sleazebag dude,1,en
sleazebags,1,en
sleazebags!,1,en
sleazebags.,1,en
sleazebags lol,1,en
sleazebags bro,1,en
sleazebags man,1,en
sleazebags dude,1,en
you sleazebags,1,en
you sleazebags!,1,en
you sleazebags.,1,en
you sleazebags lol,1,en
you sleazebags bro,1,en
you sleazebags man,1,en
you sleazebags dude,1,en
u sleazebags,1,en
u sleazebags!,1,en
u sleazebags.,1,en
u sleazebags lol,1,en
u sleazebags bro,1,en
u sleazebags man,1,en
u sleazebags dude,1,en
hey sleazebags,1,en
hey sleazebags!,1,en
hey sleazebags.,1,en
hey sleazebags lol,1,en
hey sleazebags bro,1,en
hey sleazebags man,1,en
hey sleazebags dude,1,en
such a sleazebags,1,en
such a sleazebags!,1,en
such a sleazebags.,1,en
such a sleazebags lol,1,en
such a sleazebags bro,1,en
such a sleazebags man,1,en
such a sleazebags dude,1,en
what a sleazebags,1,en
what a sleazebags!,1,en
what a sleazebags.,1,en
what a sleazebags lol,1,en
what a sleazebags bro,1,en
what a sleazebags man,1,en
what a sleazebags dude,1,en
creep,1,en
creep!,1,en
creep.,1,en
creep lol,1,en
creep bro,1,en
creep man,1,en
creep dude,1,en
you creep,1,en
you creep!,1,en
you creep.,1,en
you creep lol,1,en
you creep bro,1,en
you creep man,1,en
you creep dude,1,en
u creep,1,en
u creep!,1,en
u creep.,1,en
u creep lol,1,en
u creep bro,1,en
u creep man,1,en
u creep dude,1,en
hey creep,1,en
hey creep!,1,en
hey creep.,1,en
hey creep lol,1,en
hey creep bro,1,en
hey creep man,1,en
hey creep dude,1,en
such a creep,1,en
such a creep!,1,en
such a creep.,1,en
such a creep lol,1,en
such a creep bro,1,en
such a creep man,1,en
such a creep dude,1,en
what a creep,1,en
what a creep!,1,en
what a creep.,1,en
what a creep lol,1,en
what a creep bro,1,en
what a creep man,1,en
what a creep dude,1,en
creeps,1,en
creeps!,1,en
creeps.,1,en
creeps lol,1,en
creeps bro,1,en
creeps man,1,en
creeps dude,1,en
you creeps,1,en
you creeps!,1,en
you creeps.,1,en
you creeps lol,1,en
you creeps bro,1,en
you creeps man,1,en
you creeps dude,1,en
u creeps,1,en
u creeps!,1,en
u creeps.,1,en
u creeps lol,1,en
u creeps bro,1,en
u creeps man,1,en
u creeps dude,1,en
hey creeps,1,en
hey creeps!,1,en
hey creeps.,1,en
hey creeps lol,1,en
hey creeps bro,1,en
hey creeps man,1,en
hey creeps dude,1,en
such a creeps,1,en
such a creeps!,1,en
such a creeps.,1,en
such a creeps lol,1,en
such a creeps bro,1,en
such a creeps man,1,en
such a creeps dude,1,en
what a creeps,1,en
what a creeps!,1,en
what a creeps.,1,en
what a creeps lol,1,en
what a creeps bro,1,en
what a creeps man,1,en
what a creeps dude,1,en
creepy,1,en
creepy!,1,en
creepy.,1,en
creepy lol,1,en
creepy bro,1,en
creepy man,1,en
creepy dude,1,en
you creepy,1,en
you creepy!,1,en
you creepy.,1,en
you creepy lol,1,en
you creepy bro,1,en
you creepy man,1,en
you creepy dude,1,en
u creepy,1,en
u creepy!,1,en
u creepy.,1,en
u creepy lol,1,en
u creepy bro,1,en
u creepy man,1,en
u creepy dude,1,en
hey creepy,1,en
hey creepy!,1,en
hey creepy.,1,en
hey creepy lol,1,en
hey creepy bro,1,en
hey creepy man,1,en
hey creepy dude,1,en
such a creepy,1,en
such a creepy!,1,en
such a creepy.,1,en
such a creepy lol,1,en
such a creepy bro,1,en
such a creepy man,1,en
such a creepy dude,1,en
what a creepy,1,en
what a creepy!,1,en
what a creepy.,1,en
what a creepy lol,1,en
what a creepy bro,1,en
what a creepy man,1,en
what a creepy dude,1,en
pervert,1,en
pervert!,1,en
pervert.,1,en
pervert lol,1,en
pervert bro,1,en
pervert man,1,en
pervert dude,1,en
you pervert,1,en
you pervert!,1,en
you pervert.,1,en
you pervert lol,1,en
you pervert bro,1,en
you pervert man,1,en
you pervert dude,1,en
u pervert,1,en
u pervert!,1,en
u pervert.,1,en
u pervert lol,1,en
u pervert bro,1,en
u pervert man,1,en
u pervert dude,1,en
hey pervert,1,en
hey pervert!,1,en
hey pervert.,1,en
hey pervert lol,1,en
hey pervert bro,1,en
hey pervert man,1,en
hey pervert dude,1,en
such a pervert,1,en
such a pervert!,1,en
such a pervert.,1,en
such a pervert lol,1,en
such a pervert bro,1,en
such a pervert man,1,en
such a pervert dude,1,en
what a pervert,1,en
what a pervert!,1,en
what a pervert.,1,en
what a pervert lol,1,en
what a pervert bro,1,en
what a pervert man,1,en
what a pervert dude,1,en
perverts,1,en
perverts!,1,en
perverts.,1,en
perverts lol,1,en
perverts bro,1,en
perverts man,1,en
perverts dude,1,en
you perverts,1,en
you perverts!,1,en
you perverts.,1,en
you perverts lol,1,en
you perverts bro,1,en
you perverts man,1,en
you perverts dude,1,en
u perverts,1,en
u perverts!,1,en
u perverts.,1,en
u perverts lol,1,en
u perverts bro,1,en
u perverts man,1,en
u perverts dude,1,en
hey perverts,1,en
hey perverts!,1,en
hey perverts.,1,en
hey perverts lol,1,en
hey perverts bro,1,en
hey perverts man,1,en
hey perverts dude,1,en
such a perverts,1,en
such a perverts!,1,en
such a perverts.,1,en
such a perverts lol,1,en
such a perverts bro,1,en
such a perverts man,1,en
such a perverts dude,1,en
what a perverts,1,en
what a perverts!,1,en
what a perverts.,1,en
what a perverts lol,1,en
what a perverts bro,1,en
what a perverts man,1,en
what a perverts dude,1,en
perverted,1,en
perverted!,1,en
perverted.,1,en
perverted lol,1,en
perverted bro,1,en
perverted man,1,en
perverted dude,1,en
you perverted,1,en
you perverted!,1,en
you perverted.,1,en
you perverted lol,1,en
you perverted bro,1,en
you perverted man,1,en
you perverted dude,1,en
u perverted,1,en
u perverted!,1,en
u perverted.,1,en
u perverted lol,1,en
u perverted bro,1,en
u perverted man,1,en
u perverted dude,1,en
hey perverted,1,en
hey perverted!,1,en
hey perverted.,1,en
hey perverted lol,1,en
hey perverted bro,1,en
hey perverted man,1,en
hey perverted dude,1,en
such a perverted,1,en
such a perverted!,1,en
such a perverted.,1,en
such a perverted lol,1,en
such a perverted bro,1,en
such a perverted man,1,en
such a perverted dude,1,en
what a perverted,1,en
what a perverted!,1,en
what a perverted.,1,en
what a perverted lol,1,en
what a perverted bro,1,en
what a perverted man,1,en
what a perverted dude,1,en
degenerate,1,en
degenerate!,1,en
degenerate.,1,en
degenerate lol,1,en
degenerate bro,1,en
degenerate man,1,en
degenerate dude,1,en
you degenerate,1,en
you degenerate!,1,en
you degenerate.,1,en
you degenerate lol,1,en
you degenerate bro,1,en
you degenerate man,1,en
you degenerate dude,1,en
u degenerate,1,en
u degenerate!,1,en
u degenerate.,1,en
u degenerate lol,1,en
u degenerate bro,1,en
u degenerate man,1,en
u degenerate dude,1,en
hey degenerate,1,en
hey degenerate!,1,en
hey degenerate.,1,en
hey degenerate lol,1,en
hey degenerate bro,1,en
hey degenerate man,1,en
hey degenerate dude,1,en
such a degenerate,1,en
such a degenerate!,1,en
such a degenerate.,1,en
such a degenerate lol,1,en
such a degenerate bro,1,en
such a degenerate man,1,en
such a degenerate dude,1,en
what a degenerate,1,en
what a degenerate!,1,en
what a degenerate.,1,en
what a degenerate lol,1,en
what a degenerate bro,1,en
what a degenerate man,1,en
what a degenerate dude,1,en
degenerates,1,en
degenerates!,1,en
degenerates.,1,en
degenerates lol,1,en
degenerates bro,1,en
degenerates man,1,en
degenerates dude,1,en
you degenerates,1,en
you degenerates!,1,en
you degenerates.,1,en
you degenerates lol,1,en
you degenerates bro,1,en
you degenerates man,1,en
you degenerates dude,1,en
u degenerates,1,en
u degenerates!,1,en
u degenerates.,1,en
u degenerates lol,1,en
u degenerates bro,1,en
u degenerates man,1,en
u degenerates dude,1,en
hey degenerates,1,en
hey degenerates!,1,en
hey degenerates.,1,en
hey degenerates lol,1,en
hey degenerates bro,1,en
hey degenerates man,1,en
hey degenerates dude,1,en
such a degenerates,1,en
such a degenerates!,1,en
such a degenerates.,1,en
such a degenerates lol,1,en
such a degenerates bro,1,en
such a degenerates man,1,en
such a degenerates dude,1,en
what a degenerates,1,en
what a degenerates!,1,en
what a degenerates.,1,en
what a degenerates lol,1,en
what a degenerates bro,1,en
what a degenerates man,1,en
what a degenerates dude,1,en
trash,1,en
trash!,1,en
trash.,1,en
trash lol,1,en
trash bro,1,en
trash man,1,en
trash dude,1,en
you trash,1,en
you trash!,1,en
you trash.,1,en
you trash lol,1,en
you trash bro,1,en
you trash man,1,en
you trash dude,1,en
u trash,1,en
u trash!,1,en
u trash.,1,en
u trash lol,1,en
u trash bro,1,en
u trash man,1,en
u trash dude,1,en
hey trash,1,en
hey trash!,1,en
hey trash.,1,en
hey trash lol,1,en
hey trash bro,1,en
hey trash man,1,en
hey trash dude,1,en
such a trash,1,en
such a trash!,1,en
such a trash.,1,en
such a trash lol,1,en
such a trash bro,1,en
such a trash man,1,en
such a trash dude,1,en
what a trash,1,en
what a trash!,1,en
what a trash.,1,en
what a trash lol,1,en
what a trash bro,1,en
what a trash man,1,en
what a trash dude,1,en
human trash,1,en
human trash!,1,en
human trash.,1,en
human trash lol,1,en
human trash bro,1,en
human trash man,1,en
human trash dude,1,en
you human trash,1,en
you human trash!,1,en
you human trash.,1,en
you human trash lol,1,en
you human trash bro,1,en
you human trash man,1,en
you human trash dude,1,en
u human trash,1,en
u human trash!,1,en
u human trash.,1,en
u human trash lol,1,en
u human trash bro,1,en
u human trash man,1,en
u human trash dude,1,en
hey human trash,1,en
hey human trash!,1,en
hey human trash.,1,en
hey human trash lol,1,en
hey human trash bro,1,en
hey human trash man,1,en
hey human trash dude,1,en
such a human trash,1,en
such a human trash!,1,en
such a human trash.,1,en
such a human trash lol,1,en
such a human trash bro,1,en
such a human trash man,1,en
such a human trash dude,1,en
what a human trash,1,en
what a human trash!,1,en
what a human trash.,1,en
what a human trash lol,1,en
what a human trash bro,1,en
what a human trash man,1,en
what a human trash dude,1,en
garbage,1,en
garbage!,1,en
garbage.,1,en
garbage lol,1,en
garbage bro,1,en
garbage man,1,en
garbage dude,1,en
you garbage,1,en
you garbage!,1,en
you garbage.,1,en
you garbage lol,1,en
you garbage bro,1,en
you garbage man,1,en
you garbage dude,1,en
u garbage,1,en
u garbage!,1,en
u garbage.,1,en
u garbage lol,1,en
u garbage bro,1,en
u garbage man,1,en
u garbage dude,1,en
hey garbage,1,en
hey garbage!,1,en
hey garbage.,1,en
hey garbage lol,1,en
hey garbage bro,1,en
hey garbage man,1,en
hey garbage dude,1,en
such a garbage,1,en
such a garbage!,1,en
such a garbage.,1,en
such a garbage lol,1,en
such a garbage bro,1,en
such a garbage man,1,en
such a garbage dude,1,en
what a garbage,1,en
what a garbage!,1,en
what a garbage.,1,en
what a garbage lol,1,en
what a garbage bro,1,en
what a garbage man,1,en
what a garbage dude,1,en
piece of garbage,1,en
piece of garbage!,1,en
piece of garbage.,1,en
piece of garbage lol,1,en
piece of garbage bro,1,en
piece of garbage man,1,en
piece of garbage dude,1,en
you piece of garbage,1,en
you piece of garbage!,1,en
you piece of garbage.,1,en
you piece of garbage lol,1,en
you piece of garbage bro,1,en
you piece of garbage man,1,en
you piece of garbage dude,1,en
u piece of garbage,1,en
u piece of garbage!,1,en
u piece of garbage.,1,en
u piece of garbage lol,1,en
u piece of garbage bro,1,en
u piece of garbage man,1,en
u piece of garbage dude,1,en
hey piece of garbage,1,en
hey piece of garbage!,1,en
hey piece of garbage.,1,en
hey piece of garbage lol,1,en
hey piece of garbage bro,1,en
hey piece of garbage man,1,en
hey piece of garbage dude,1,en
such a piece of garbage,1,en
such a piece of garbage!,1,en
such a piece of garbage.,1,en
such a piece of garbage lol,1,en
such a piece of garbage bro,1,en
such a piece of garbage man,1,en
such a piece of garbage dude,1,en
what a piece of garbage,1,en
what a piece of garbage!,1,en
what a piece of garbage.,1,en
what a piece of garbage lol,1,en
what a piece of garbage bro,1,en
what a piece of garbage man,1,en
what a piece of garbage dude,1,en
piece of trash,1,en
piece of trash!,1,en
piece of trash.,1,en
piece of trash lol,1,en
piece of trash bro,1,en
piece of trash man,1,en
piece of trash dude,1,en
you piece of trash,1,en
you piece of trash!,1,en
you piece of trash.,1,en
you piece of trash lol,1,en
you piece of trash bro,1,en
you piece of trash man,1,en
you piece of trash dude,1,en
u piece of trash,1,en
u piece of trash!,1,en
u piece of trash.,1,en
u piece of trash lol,1,en
u piece of trash bro,1,en
u piece of trash man,1,en
u piece of trash dude,1,en
hey piece of trash,1,en
hey piece of trash!,1,en
hey piece of trash.,1,en
hey piece of trash lol,1,en
hey piece of trash bro,1,en
hey piece of trash man,1,en
hey piece of trash dude,1,en
such a piece of trash,1,en
such a piece of trash!,1,en
such a piece of trash.,1,en
such a piece of trash lol,1,en
such a piece of trash bro,1,en
such a piece of trash man,1,en
such a piece of trash dude,1,en
what a piece of trash,1,en
what a piece of trash!,1,en
what a piece of trash.,1,en
what a piece of trash lol,1,en
what a piece of trash bro,1,en
what a piece of trash man,1,en
what a piece of trash dude,1,en
worthless,1,en
worthless!,1,en
worthless.,1,en
worthless lol,1,en
worthless bro,1,en
worthless man,1,en
worthless dude,1,en
you worthless,1,en
you worthless!,1,en
you worthless.,1,en
you worthless lol,1,en
you worthless bro,1,en
you worthless man,1,en
you worthless dude,1,en
u worthless,1,en
u worthless!,1,en
u worthless.,1,en
u worthless lol,1,en
u worthless bro,1,en
u worthless man,1,en
u worthless dude,1,en
hey worthless,1,en
hey worthless!,1,en
hey worthless.,1,en
hey worthless lol,1,en
hey worthless bro,1,en
hey worthless man,1,en
hey worthless dude,1,en
such a worthless,1,en
such a worthless!,1,en
such a worthless.,1,en
such a worthless lol,1,en
such a worthless bro,1,en
such a worthless man,1,en
such a worthless dude,1,en
what a worthless,1,en
what a worthless!,1,en
what a worthless.,1,en
what a worthless lol,1,en
what a worthless bro,1,en
what a worthless man,1,en
what a worthless dude,1,en
worthless idiot,1,en
worthless idiot!,1,en
worthless idiot.,1,en
worthless idiot lol,1,en
worthless idiot bro,1,en
worthless idiot man,1,en
worthless idiot dude,1,en
you worthless idiot,1,en
you worthless idiot!,1,en
you worthless idiot.,1,en
you worthless idiot lol,1,en
you worthless idiot bro,1,en
you worthless idiot man,1,en
you worthless idiot dude,1,en
u worthless idiot,1,en
u worthless idiot!,1,en
u worthless idiot.,1,en
u worthless idiot lol,1,en
u worthless idiot bro,1,en
u worthless idiot man,1,en
u worthless idiot dude,1,en
hey worthless idiot,1,en
hey worthless idiot!,1,en
hey worthless idiot.,1,en
hey worthless idiot lol,1,en
hey worthless idiot bro,1,en
hey worthless idiot man,1,en
hey worthless idiot dude,1,en
such a worthless idiot,1,en
such a worthless idiot!,1,en
such a worthless idiot.,1,en
such a worthless idiot lol,1,en
such a worthless idiot bro,1,en
such a worthless idiot man,1,en
such a worthless idiot dude,1,en
what a worthless idiot,1,en
what a worthless idiot!,1,en
what a worthless idiot.,1,en
what a worthless idiot lol,1,en
what a worthless idiot bro,1,en
what a worthless idiot man,1,en
what a worthless idiot dude,1,en
worthless 1diot,1,en
worthless 1diot!,1,en
worthless 1diot.,1,en
worthless 1diot lol,1,en
worthless 1diot bro,1,en
worthless 1diot man,1,en
worthless 1diot dude,1,en
you worthless 1diot,1,en
you worthless 1diot!,1,en
you worthless 1diot.,1,en
you worthless 1diot lol,1,en
you worthless 1diot bro,1,en
you worthless 1diot man,1,en
you worthless 1diot dude,1,en
u worthless 1diot,1,en
u worthless 1diot!,1,en
u worthless 1diot.,1,en
u worthless 1diot lol,1,en
u worthless 1diot bro,1,en
u worthless 1diot man,1,en
u worthless 1diot dude,1,en
hey worthless 1diot,1,en
hey worthless 1diot!,1,en
hey worthless 1diot.,1,en
hey worthless 1diot lol,1,en
hey worthless 1diot bro,1,en
hey worthless 1diot man,1,en
hey worthless 1diot dude,1,en
such a worthless 1diot,1,en
such a worthless 1diot!,1,en
such a worthless 1diot.,1,en
such a worthless 1diot lol,1,en
such a worthless 1diot bro,1,en
such a worthless 1diot man,1,en
such a worthless 1diot dude,1,en
what a worthless 1diot,1,en
what a worthless 1diot!,1,en
what a worthless 1diot.,1,en
what a worthless 1diot lol,1,en
what a worthless 1diot bro,1,en
what a worthless 1diot man,1,en
what a worthless 1diot dude,1,en
pathetic,1,en
pathetic!,1,en
pathetic.,1,en
pathetic lol,1,en
pathetic bro,1,en
pathetic man,1,en
pathetic dude,1,en
you pathetic,1,en
you pathetic!,1,en
you pathetic.,1,en
you pathetic lol,1,en
you pathetic bro,1,en
you pathetic man,1,en
you pathetic dude,1,en
u pathetic,1,en
u pathetic!,1,en
u pathetic.,1,en
u pathetic lol,1,en
u pathetic bro,1,en
u pathetic man,1,en
u pathetic dude,1,en
hey pathetic,1,en
hey pathetic!,1,en
hey pathetic.,1,en
hey pathetic lol,1,en
hey pathetic bro,1,en
hey pathetic man,1,en
hey pathetic dude,1,en
such a pathetic,1,en
such a pathetic!,1,en
such a pathetic.,1,en
such a pathetic lol,1,en
such a pathetic bro,1,en
such a pathetic man,1,en
such a pathetic dude,1,en
what a pathetic,1,en
what a pathetic!,1,en
what a pathetic.,1,en
what a pathetic lol,1,en
what a pathetic bro,1,en
what a pathetic man,1,en
what a pathetic dude,1,en
pathetic loser,1,en
pathetic loser!,1,en
pathetic loser.,1,en
pathetic loser lol,1,en
pathetic loser bro,1,en
pathetic loser man,1,en
pathetic loser dude,1,en
you pathetic loser,1,en
you pathetic loser!,1,en
you pathetic loser.,1,en
you pathetic loser lol,1,en
you pathetic loser bro,1,en
you pathetic loser man,1,en
you pathetic loser dude,1,en
u pathetic loser,1,en
u pathetic loser!,1,en
u pathetic loser.,1,en
u pathetic loser lol,1,en
u pathetic loser bro,1,en
u pathetic loser man,1,en
u pathetic loser dude,1,en
hey pathetic loser,1,en
hey pathetic loser!,1,en
hey pathetic loser.,1,en
hey pathetic loser lol,1,en
hey pathetic loser bro,1,en
hey pathetic loser man,1,en
hey pathetic loser dude,1,en
such a pathetic loser,1,en
such a pathetic loser!,1,en
such a pathetic loser.,1,en
such a pathetic loser lol,1,en
such a pathetic loser bro,1,en
such a pathetic loser man,1,en
such a pathetic loser dude,1,en
what a pathetic loser,1,en
what a pathetic loser!,1,en
what a pathetic loser.,1,en
what a pathetic loser lol,1,en
what a pathetic loser bro,1,en
what a pathetic loser man,1,en
what a pathetic loser dude,1,en
filthy,1,en
filthy!,1,en
filthy.,1,en
filthy lol,1,en
filthy bro,1,en
filthy man,1,en
filthy dude,1,en
you filthy,1,en
you filthy!,1,en
you filthy.,1,en
you filthy lol,1,en
you filthy bro,1,en
you filthy man,1,en
you filthy dude,1,en
u filthy,1,en
u filthy!,1,en
u filthy.,1,en
u filthy lol,1,en
u filthy bro,1,en
u filthy man,1,en
u filthy dude,1,en
hey filthy,1,en
hey filthy!,1,en
hey filthy.,1,en
hey filthy lol,1,en
hey filthy bro,1,en
hey filthy man,1,en
hey filthy dude,1,en
such a filthy,1,en
such a filthy!,1,en
such a filthy.,1,en
such a filthy lol,1,en
such a filthy bro,1,en
such a filthy man,1,en
such a filthy dude,1,en
what a filthy,1,en
what a filthy!,1,en
what a filthy.,1,en
what a filthy lol,1,en
what a filthy bro,1,en
what a filthy man,1,en
what a filthy dude,1,en
filthy bastard,1,en
filthy bastard!,1,en
filthy bastard.,1,en
filthy bastard lol,1,en
filthy bastard bro,1,en
filthy bastard man,1,en
filthy bastard dude,1,en
you filthy bastard,1,en
you filthy bastard!,1,en
you filthy bastard.,1,en
you filthy bastard lol,1,en
you filthy bastard bro,1,en
you filthy bastard man,1,en
you filthy bastard dude,1,en
u filthy bastard,1,en
u filthy bastard!,1,en
u filthy bastard.,1,en
u filthy bastard lol,1,en
u filthy bastard bro,1,en
u filthy bastard man,1,en
u filthy bastard dude,1,en
hey filthy bastard,1,en
hey filthy bastard!,1,en
hey filthy bastard.,1,en
hey filthy bastard lol,1,en
hey filthy bastard bro,1,en
hey filthy bastard man,1,en
hey filthy bastard dude,1,en
such a filthy bastard,1,en
such a filthy bastard!,1,en
such a filthy bastard.,1,en
such a filthy bastard lol,1,en
such a filthy bastard bro,1,en
such a filthy bastard man,1,en
such a filthy bastard dude,1,en
what a filthy bastard,1,en
what a filthy bastard!,1,en
what a filthy bastard.,1,en
what a filthy bastard lol,1,en
what a filthy bastard bro,1,en
what a filthy bastard man,1,en
what a filthy bastard dude,1,en
disgusting,1,en
disgusting!,1,en
disgusting.,1,en
disgusting lol,1,en
disgusting bro,1,en
disgusting man,1,en
disgusting dude,1,en
you disgusting,1,en
you disgusting!,1,en
you disgusting.,1,en
you disgusting lol,1,en
you disgusting bro,1,en
you disgusting man,1,en
you disgusting dude,1,en
u disgusting,1,en
u disgusting!,1,en
u disgusting.,1,en
u disgusting lol,1,en
u disgusting bro,1,en
u disgusting man,1,en
u disgusting dude,1,en
hey disgusting,1,en
hey disgusting!,1,en
hey disgusting.,1,en
hey disgusting lol,1,en
hey disgusting bro,1,en
hey disgusting man,1,en
hey disgusting dude,1,en
such a disgusting,1,en
such a disgusting!,1,en
such a disgusting.,1,en
such a disgusting lol,1,en
such a disgusting bro,1,en
such a disgusting man,1,en
such a disgusting dude,1,en
what a disgusting,1,en
what a disgusting!,1,en
what a disgusting.,1,en
what a disgusting lol,1,en
what a disgusting bro,1,en
what a disgusting man,1,en
what a disgusting dude,1,en
disgusting creep,1,en
disgusting creep!,1,en
disgusting creep.,1,en
disgusting creep lol,1,en
disgusting creep bro,1,en
disgusting creep man,1,en
disgusting creep dude,1,en
you disgusting creep,1,en
you disgusting creep!,1,en
you disgusting creep.,1,en
you disgusting creep lol,1,en
you disgusting creep bro,1,en
you disgusting creep man,1,en
you disgusting creep dude,1,en
u disgusting creep,1,en
u disgusting creep!,1,en
u disgusting creep.,1,en
u disgusting creep lol,1,en
u disgusting creep bro,1,en
u disgusting creep man,1,en
u disgusting creep dude,1,en
hey disgusting creep,1,en
hey disgusting creep!,1,en
hey disgusting creep.,1,en
hey disgusting creep lol,1,en
hey disgusting creep bro,1,en
hey disgusting creep man,1,en
hey disgusting creep dude,1,en
such a disgusting creep,1,en
such a disgusting creep!,1,en
such a disgusting creep.,1,en
such a disgusting creep lol,1,en
such a disgusting creep bro,1,en
such a disgusting creep man,1,en
such a disgusting creep dude,1,en
what a disgusting creep,1,en
what a disgusting creep!,1,en
what a disgusting creep.,1,en
what a disgusting creep lol,1,en
what a disgusting creep bro,1,en
what a disgusting creep man,1,en
what a disgusting creep dude,1,en
disgrace,1,en
disgrace!,1,en
disgrace.,1,en
disgrace lol,1,en
disgrace bro,1,en
disgrace man,1,en
disgrace dude,1,en
you disgrace,1,en
you disgrace!,1,en
you disgrace.,1,en
you disgrace lol,1,en
you disgrace bro,1,en
you disgrace man,1,en
you disgrace dude,1,en
u disgrace,1,en
u disgrace!,1,en
u disgrace.,1,en
u disgrace lol,1,en
u disgrace bro,1,en
u disgrace man,1,en
u disgrace dude,1,en
hey disgrace,1,en
hey disgrace!,1,en
hey disgrace.,1,en
hey disgrace lol,1,en
hey disgrace bro,1,en
hey disgrace man,1,en
hey disgrace dude,1,en
such a disgrace,1,en
such a disgrace!,1,en
such a disgrace.,1,en
such a disgrace lol,1,en
such a disgrace bro,1,en
such a disgrace man,1,en
such a disgrace dude,1,en
what a disgrace,1,en
what a disgrace!,1,en
what a disgrace.,1,en
what a disgrace lol,1,en
what a disgrace bro,1,en
what a disgrace man,1,en
what a disgrace dude,1,en
disgraceful,1,en
disgraceful!,1,en
disgraceful.,1,en
disgraceful lol,1,en
disgraceful bro,1,en
disgraceful man,1,en
disgraceful dude,1,en
you disgraceful,1,en
you disgraceful!,1,en
you disgraceful.,1,en
you disgraceful lol,1,en
you disgraceful bro,1,en
you disgraceful man,1,en
you disgraceful dude,1,en
u disgraceful,1,en
u disgraceful!,1,en
u disgraceful.,1,en
u disgraceful lol,1,en
u disgraceful bro,1,en
u disgraceful man,1,en
u disgraceful dude,1,en
hey disgraceful,1,en
hey disgraceful!,1,en
hey disgraceful.,1,en
hey disgraceful lol,1,en
hey disgraceful bro,1,en
hey disgraceful man,1,en
hey disgraceful dude,1,en
such a disgraceful,1,en
such a disgraceful!,1,en
such a disgraceful.,1,en
such a disgraceful lol,1,en
such a disgraceful bro,1,en
such a disgraceful man,1,en
such a disgraceful dude,1,en
what a disgraceful,1,en
what a disgraceful!,1,en
what a disgraceful.,1,en
what a disgraceful lol,1,en
what a disgraceful bro,1,en
what a disgraceful man,1,en
what a disgraceful dude,1,en
shameless,1,en
shameless!,1,en
shameless.,1,en
shameless lol,1,en
shameless bro,1,en
shameless man,1,en
shameless dude,1,en
you shameless,1,en
you shameless!,1,en
you shameless.,1,en
you shameless lol,1,en
you shameless bro,1,en
you shameless man,1,en
you shameless dude,1,en
u shameless,1,en
u shameless!,1,en
u shameless.,1,en
u shameless lol,1,en
u shameless bro,1,en
u shameless man,1,en
u shameless dude,1,en
hey shameless,1,en
hey shameless!,1,en
hey shameless.,1,en
hey shameless lol,1,en
hey shameless bro,1,en
hey shameless man,1,en
hey shameless dude,1,en
such a shameless,1,en
such a shameless!,1,en
such a shameless.,1,en
such a shameless lol,1,en
such a shameless bro,1,en
such a shameless man,1,en
such a shameless dude,1,en
what a shameless,1,en
what a shameless!,1,en
what a shameless.,1,en
what a shameless lol,1,en
what a shameless bro,1,en
what a shameless man,1,en
what a shameless dude,1,en
coward,1,en
coward!,1,en
coward.,1,en
coward lol,1,en
coward bro,1,en
coward man,1,en
coward dude,1,en
you coward,1,en
you coward!,1,en
you coward.,1,en
you coward lol,1,en
you coward bro,1,en
you coward man,1,en
you coward dude,1,en
u coward,1,en
u coward!,1,en
u coward.,1,en
u coward lol,1,en
u coward bro,1,en
u coward man,1,en
u coward dude,1,en
hey coward,1,en
hey coward!,1,en
hey coward.,1,en
hey coward lol,1,en
hey coward bro,1,en
hey coward man,1,en
hey coward dude,1,en
such a coward,1,en
such a coward!,1,en
such a coward.,1,en
such a coward lol,1,en
such a coward bro,1,en
such a coward man,1,en
such a coward dude,1,en
what a coward,1,en
what a coward!,1,en
what a coward.,1,en
what a coward lol,1,en
what a coward bro,1,en
what a coward man,1,en
what a coward dude,1,en
cowards,1,en
cowards!,1,en
cowards.,1,en
cowards lol,1,en
cowards bro,1,en
cowards man,1,en
cowards dude,1,en
you cowards,1,en
you cowards!,1,en
you cowards.,1,en
you cowards lol,1,en
you cowards bro,1,en
you cowards man,1,en
you cowards dude,1,en
u cowards,1,en
u cowards!,1,en
u cowards.,1,en
u cowards lol,1,en
u cowards bro,1,en
u cowards man,1,en
u cowards dude,1,en
hey cowards,1,en
hey cowards!,1,en
hey cowards.,1,en
hey cowards lol,1,en
hey cowards bro,1,en
hey cowards man,1,en
hey cowards dude,1,en
such a cowards,1,en
such a cowards!,1,en
such a cowards.,1,en
such a cowards lol,1,en
such a cowards bro,1,en
such a cowards man,1,en
such a cowards dude,1,en
what a cowards,1,en
what a cowards!,1,en
what a cowards.,1,en
what a cowards lol,1,en
what a cowards bro,1,en
what a cowards man,1,en
what a cowards dude,1,en
liar,1,en
liar!,1,en
liar.,1,en
liar lol,1,en
liar bro,1,en
liar man,1,en
liar dude,1,en
you liar,1,en
you liar!,1,en
you liar.,1,en
you liar lol,1,en
you liar bro,1,en
you liar man,1,en
you liar dude,1,en
u liar,1,en
u liar!,1,en
u liar.,1,en
u liar lol,1,en
u liar bro,1,en
u liar man,1,en
u liar dude,1,en
hey liar,1,en
hey liar!,1,en
hey liar.,1,en
hey liar lol,1,en
hey liar bro,1,en
hey liar man,1,en
hey liar dude,1,en
such a liar,1,en
such a liar!,1,en
such a liar.,1,en
such a liar lol,1,en
such a liar bro,1,en
such a liar man,1,en
such a liar dude,1,en
what a liar,1,en
what a liar!,1,en
what a liar.,1,en
what a liar lol,1,en
what a liar bro,1,en
what a liar man,1,en
what a liar dude,1,en
liars,1,en
liars!,1,en
liars.,1,en
liars lol,1,en
liars bro,1,en
liars man,1,en
liars dude,1,en
you liars,1,en
you liars!,1,en
you liars.,1,en
you liars lol,1,en
you liars bro,1,en
you liars man,1,en
you liars dude,1,en
u liars,1,en
u liars!,1,en
u liars.,1,en
u liars lol,1,en
u liars bro,1,en
u liars man,1,en
u liars dude,1,en
hey liars,1,en
hey liars!,1,en
hey liars.,1,en
hey liars lol,1,en
hey liars bro,1,en
hey liars man,1,en
hey liars dude,1,en
such a liars,1,en
such a liars!,1,en
such a liars.,1,en
such a liars lol,1,en
such a liars bro,1,en
such a liars man,1,en
such a liars dude,1,en
what a liars,1,en
what a liars!,1,en
what a liars.,1,en
what a liars lol,1,en
what a liars bro,1,en
what a liars man,1,en
what a liars dude,1,en
lying bastard,1,en
lying bastard!,1,en
lying bastard.,1,en
lying bastard lol,1,en
lying bastard bro,1,en
lying bastard man,1,en
lying bastard dude,1,en
you lying bastard,1,en
you lying bastard!,1,en
you lying bastard.,1,en
you lying bastard lol,1,en
you lying bastard bro,1,en
you lying bastard man,1,en
you lying bastard dude,1,en
u lying bastard,1,en
u lying bastard!,1,en
u lying bastard.,1,en
u lying bastard lol,1,en
u lying bastard bro,1,en
u lying bastard man,1,en
u lying bastard dude,1,en
hey lying bastard,1,en
hey lying bastard!,1,en
hey lying bastard.,1,en
hey lying bastard lol,1,en
hey lying bastard bro,1,en
hey lying bastard man,1,en
hey lying bastard dude,1,en
such a lying bastard,1,en
such a lying bastard!,1,en
such a lying bastard.,1,en
such a lying bastard lol,1,en
such a lying bastard bro,1,en
such a lying bastard man,1,en
such a lying bastard dude,1,en
what a lying bastard,1,en
what a lying bastard!,1,en
what a lying bastard.,1,en
what a lying bastard lol,1,en
what a lying bastard bro,1,en
what a lying bastard man,1,en
what a lying bastard dude,1,en
cheater,1,en
cheater!,1,en
cheater.,1,en
cheater lol,1,en
cheater bro,1,en
cheater man,1,en
cheater dude,1,en
you cheater,1,en
you cheater!,1,en
you cheater.,1,en
you cheater lol,1,en
you cheater bro,1,en
you cheater man,1,en
you cheater dude,1,en
u cheater,1,en
u cheater!,1,en
u cheater.,1,en
u cheater lol,1,en
u cheater bro,1,en
u cheater man,1,en
u cheater dude,1,en
hey cheater,1,en
hey cheater!,1,en
hey cheater.,1,en
hey cheater lol,1,en
hey cheater bro,1,en
hey cheater man,1,en
hey cheater dude,1,en
such a cheater,1,en
such a cheater!,1,en
such a cheater.,1,en
such a cheater lol,1,en
such a cheater bro,1,en
such a cheater man,1,en
such a cheater dude,1,en
what a cheater,1,en
what a cheater!,1,en
what a cheater.,1,en
what a cheater lol,1,en
what a cheater bro,1,en
what a cheater man,1,en
what a cheater dude,1,en
cheaters,1,en
cheaters!,1,en
cheaters.,1,en
cheaters lol,1,en
cheaters bro,1,en
cheaters man,1,en
cheaters dude,1,en
you cheaters,1,en
you cheaters!,1,en
you cheaters.,1,en
you cheaters lol,1,en
you cheaters bro,1,en
you cheaters man,1,en
you cheaters dude,1,en
u cheaters,1,en
u cheaters!,1,en
u cheaters.,1,en
u cheaters lol,1,en
u cheaters bro,1,en
u cheaters man,1,en
u cheaters dude,1,en
hey cheaters,1,en
hey cheaters!,1,en
hey cheaters.,1,en
hey cheaters lol,1,en
hey cheaters bro,1,en
hey cheaters man,1,en
hey cheaters dude,1,en
such a cheaters,1,en
such a cheaters!,1,en
such a cheaters.,1,en
such a cheaters lol,1,en
such a cheaters bro,1,en
such a cheaters man,1,en
such a cheaters dude,1,en
what a cheaters,1,en
what a cheaters!,1,en
what a cheaters.,1,en
what a cheaters lol,1,en
what a cheaters bro,1,en
what a cheaters man,1,en
what a cheaters dude,1,en
scammer,1,en
scammer!,1,en
scammer.,1,en
scammer lol,1,en
scammer bro,1,en
scammer man,1,en
scammer dude,1,en
you scammer,1,en
you scammer!,1,en
you scammer.,1,en
you scammer lol,1,en
you scammer bro,1,en
you scammer man,1,en
you scammer dude,1,en
u scammer,1,en
u scammer!,1,en
u scammer.,1,en
u scammer lol,1,en
u scammer bro,1,en
u scammer man,1,en
u scammer dude,1,en
hey scammer,1,en
hey scammer!,1,en
hey scammer.,1,en
hey scammer lol,1,en
hey scammer bro,1,en
hey scammer man,1,en
hey scammer dude,1,en
such a scammer,1,en
such a scammer!,1,en
such a scammer.,1,en
such a scammer lol,1,en
such a scammer bro,1,en
such a scammer man,1,en
such a scammer dude,1,en
what a scammer,1,en
what a scammer!,1,en
what a scammer.,1,en
what a scammer lol,1,en
what a scammer bro,1,en
what a scammer man,1,en
what a scammer dude,1,en
scammers,1,en
scammers!,1,en
scammers.,1,en
scammers lol,1,en
scammers bro,1,en
scammers man,1,en
scammers dude,1,en
you scammers,1,en
you scammers!,1,en
you scammers.,1,en
you scammers lol,1,en
you scammers bro,1,en
you scammers man,1,en
you scammers dude,1,en
u scammers,1,en
u scammers!,1,en
u scammers.,1,en
u scammers lol,1,en
u scammers bro,1,en
u scammers man,1,en
u scammers dude,1,en
hey scammers,1,en
hey scammers!,1,en
hey scammers.,1,en
hey scammers lol,1,en
hey scammers bro,1,en
hey scammers man,1,en
hey scammers dude,1,en
such a scammers,1,en
such a scammers!,1,en
such a scammers.,1,en
such a scammers lol,1,en
such a scammers bro,1,en
such a scammers man,1,en
such a scammers dude,1,en
what a scammers,1,en
what a scammers!,1,en
what a scammers.,1,en
what a scammers lol,1,en
what a scammers bro,1,en
what a scammers man,1,en
what a scammers dude,1,en
fraud,1,en
fraud!,1,en
fraud.,1,en
fraud lol,1,en
fraud bro,1,en
fraud man,1,en
fraud dude,1,en
you fraud,1,en
you fraud!,1,en
you fraud.,1,en
you fraud lol,1,en
you fraud bro,1,en
you fraud man,1,en
you fraud dude,1,en
u fraud,1,en
u fraud!,1,en
u fraud.,1,en
u fraud lol,1,en
u fraud bro,1,en
u fraud man,1,en
u fraud dude,1,en
hey fraud,1,en
hey fraud!,1,en
hey fraud.,1,en
hey fraud lol,1,en
hey fraud bro,1,en
hey fraud man,1,en
hey fraud dude,1,en
such a fraud,1,en
such a fraud!,1,en
such a fraud.,1,en
such a fraud lol,1,en
such a fraud bro,1,en
such a fraud man,1,en
such a fraud dude,1,en
what a fraud,1,en
what a fraud!,1,en
what a fraud.,1,en
what a fraud lol,1,en
what a fraud bro,1,en
what a fraud man,1,en
what a fraud dude,1,en
fraudster,1,en
fraudster!,1,en
fraudster.,1,en
fraudster lol,1,en
fraudster bro,1,en
fraudster man,1,en
fraudster dude,1,en
you fraudster,1,en
you fraudster!,1,en
you fraudster.,1,en
you fraudster lol,1,en
you fraudster bro,1,en
you fraudster man,1,en
you fraudster dude,1,en
u fraudster,1,en
u fraudster!,1,en
u fraudster.,1,en
u fraudster lol,1,en
u fraudster bro,1,en
u fraudster man,1,en
u fraudster dude,1,en
hey fraudster,1,en
hey fraudster!,1,en
hey fraudster.,1,en
hey fraudster lol,1,en
hey fraudster bro,1,en
hey fraudster man,1,en
hey fraudster dude,1,en
such a fraudster,1,en
such a fraudster!,1,en
such a fraudster.,1,en
such a fraudster lol,1,en
such a fraudster bro,1,en
such a fraudster man,1,en
such a fraudster dude,1,en
what a fraudster,1,en
what a fraudster!,1,en
what a fraudster.,1,en
what a fraudster lol,1,en
what a fraudster bro,1,en
what a fraudster man,1,en
what a fraudster dude,1,en
thief,1,en
thief!,1,en
thief.,1,en
thief lol,1,en
thief bro,1,en
thief man,1,en
thief dude,1,en
you thief,1,en
you thief!,1,en
you thief.,1,en
you thief lol,1,en
you thief bro,1,en
you thief man,1,en
you thief dude,1,en
u thief,1,en
u thief!,1,en
u thief.,1,en
u thief lol,1,en
u thief bro,1,en
u thief man,1,en
u thief dude,1,en
hey thief,1,en
hey thief!,1,en
hey thief.,1,en
hey thief lol,1,en
hey thief bro,1,en
hey thief man,1,en
hey thief dude,1,en
such a thief,1,en
such a thief!,1,en
such a thief.,1,en
such a thief lol,1,en
such a thief bro,1,en
such a thief man,1,en
such a thief dude,1,en
what a thief,1,en
what a thief!,1,en
what a thief.,1,en
what a thief lol,1,en
what a thief bro,1,en
what a thief man,1,en
what a thief dude,1,en
thieves,1,en
thieves!,1,en
thieves.,1,en
thieves lol,1,en
thieves bro,1,en
thieves man,1,en
thieves dude,1,en
you thieves,1,en
you thieves!,1,en
you thieves.,1,en
you thieves lol,1,en
you thieves bro,1,en
you thieves man,1,en
you thieves dude,1,en
u thieves,1,en
u thieves!,1,en
u thieves.,1,en
u thieves lol,1,en
u thieves bro,1,en
u thieves man,1,en
u thieves dude,1,en
hey thieves,1,en
hey thieves!,1,en
hey thieves.,1,en
hey thieves lol,1,en
hey thieves bro,1,en
hey thieves man,1,en
hey thieves dude,1,en
such a thieves,1,en
such a thieves!,1,en
such a thieves.,1,en
such a thieves lol,1,en
such a thieves bro,1,en
such a thieves man,1,en
such a thieves dude,1,en
what a thieves,1,en
what a thieves!,1,en
what a thieves.,1,en
what a thieves lol,1,en
what a thieves bro,1,en
what a thieves man,1,en
what a thieves dude,1,en
crook,1,en
crook!,1,en
crook.,1,en
crook lol,1,en
crook bro,1,en
crook man,1,en
crook dude,1,en
you crook,1,en
you crook!,1,en
you crook.,1,en
you crook lol,1,en
you crook bro,1,en
you crook man,1,en
you crook dude,1,en
u crook,1,en
u crook!,1,en
u crook.,1,en
u crook lol,1,en
u crook bro,1,en
u crook man,1,en
u crook dude,1,en
hey crook,1,en
hey crook!,1,en
hey crook.,1,en
hey crook lol,1,en
hey crook bro,1,en
hey crook man,1,en
hey crook dude,1,en
such a crook,1,en
such a crook!,1,en
such a crook.,1,en
such a crook lol,1,en
such a crook bro,1,en
such a crook man,1,en
such a crook dude,1,en
what a crook,1,en
what a crook!,1,en
what a crook.,1,en
what a crook lol,1,en
what a crook bro,1,en
what a crook man,1,en
what a crook dude,1,en
crooks,1,en
crooks!,1,en
crooks.,1,en
crooks lol,1,en
crooks bro,1,en
crooks man,1,en
crooks dude,1,en
you crooks,1,en
you crooks!,1,en
you crooks.,1,en
you crooks lol,1,en
you crooks bro,1,en
you crooks man,1,en
you crooks dude,1,en
u crooks,1,en
u crooks!,1,en
u crooks.,1,en
u crooks lol,1,en
u crooks bro,1,en
u crooks man,1,en
u crooks dude,1,en
hey crooks,1,en
hey crooks!,1,en
hey crooks.,1,en
hey crooks lol,1,en
hey crooks bro,1,en
hey crooks man,1,en
hey crooks dude,1,en
such a crooks,1,en
such a crooks!,1,en
such a crooks.,1,en
such a crooks lol,1,en
such a crooks bro,1,en
such a crooks man,1,en
such a crooks dude,1,en
what a crooks,1,en
what a crooks!,1,en
what a crooks.,1,en
what a crooks lol,1,en
what a crooks bro,1,en
what a crooks man,1,en
what a crooks dude,1,en
con artist,1,en
con artist!,1,en
con artist.,1,en
con artist lol,1,en
con artist bro,1,en
con artist man,1,en
con artist dude,1,en
you con artist,1,en
you con artist!,1,en
you con artist.,1,en
you con artist lol,1,en
you con artist bro,1,en
you con artist man,1,en
you con artist dude,1,en
u con artist,1,en
u con artist!,1,en
u con artist.,1,en
u con artist lol,1,en
u con artist bro,1,en
u con artist man,1,en
u con artist dude,1,en
hey con artist,1,en
hey con artist!,1,en
hey con artist.,1,en
hey con artist lol,1,en
hey con artist bro,1,en
hey con artist man,1,en
hey con artist dude,1,en
such a con artist,1,en
such a con artist!,1,en
such a con artist.,1,en
such a con artist lol,1,en
such a con artist bro,1,en
such a con artist man,1,en
such a con artist dude,1,en
what a con artist,1,en
what a con artist!,1,en
what a con artist.,1,en
what a con artist lol,1,en
what a con artist bro,1,en
what a con artist man,1,en
what a con artist dude,1,en
conman,1,en
conman!,1,en
conman.,1,en
conman lol,1,en
conman bro,1,en
conman man,1,en
conman dude,1,en
you conman,1,en
you conman!,1,en
you conman.,1,en
you conman lol,1,en
you conman bro,1,en
you conman man,1,en
you conman dude,1,en
u conman,1,en
u conman!,1,en
u conman.,1,en
u conman lol,1,en
u conman bro,1,en
u conman man,1,en
u conman dude,1,en
hey conman,1,en
hey conman!,1,en
hey conman.,1,en
hey conman lol,1,en
hey conman bro,1,en
hey conman man,1,en
hey conman dude,1,en
such a conman,1,en
such a conman!,1,en
such a conman.,1,en
such a conman lol,1,en
such a conman bro,1,en
such a conman man,1,en
such a conman dude,1,en
what a conman,1,en
what a conman!,1,en
what a conman.,1,en
what a conman lol,1,en
what a conman bro,1,en
what a conman man,1,en
what a conman dude,1,en
conmen,1,en
conmen!,1,en
conmen.,1,en
conmen lol,1,en
conmen bro,1,en
conmen man,1,en
conmen dude,1,en
you conmen,1,en
you conmen!,1,en
you conmen.,1,en
you conmen lol,1,en
you conmen bro,1,en
you conmen man,1,en
you conmen dude,1,en
u conmen,1,en
u conmen!,1,en
u conmen.,1,en
u conmen lol,1,en
u conmen bro,1,en
u conmen man,1,en
u conmen dude,1,en
hey conmen,1,en
hey conmen!,1,en
hey conmen.,1,en
hey conmen lol,1,en
hey conmen bro,1,en
hey conmen man,1,en
hey conmen dude,1,en
such a conmen,1,en
such a conmen!,1,en
such a conmen.,1,en
such a conmen lol,1,en
such a conmen bro,1,en
such a conmen man,1,en
such a conmen dude,1,en
what a conmen,1,en
what a conmen!,1,en
what a conmen.,1,en
what a conmen lol,1,en
what a conmen bro,1,en
what a conmen man,1,en
what a conmen dude,1,en
sleaze,1,en
sleaze!,1,en
sleaze.,1,en
sleaze lol,1,en
sleaze bro,1,en
sleaze man,1,en
sleaze dude,1,en
you sleaze,1,en
you sleaze!,1,en
you sleaze.,1,en
you sleaze lol,1,en
you sleaze bro,1,en
you sleaze man,1,en
you sleaze dude,1,en
u sleaze,1,en
u sleaze!,1,en
u sleaze.,1,en
u sleaze lol,1,en
u sleaze bro,1,en
u sleaze man,1,en
u sleaze dude,1,en
hey sleaze,1,en
hey sleaze!,1,en
hey sleaze.,1,en
hey sleaze lol,1,en
hey sleaze bro,1,en
hey sleaze man,1,en
hey sleaze dude,1,en
such a sleaze,1,en
such a sleaze!,1,en
such a sleaze.,1,en
such a sleaze lol,1,en
such a sleaze bro,1,en
such a sleaze man,1,en
such a sleaze dude,1,en
what a sleaze,1,en
what a sleaze!,1,en
what a sleaze.,1,en
what a sleaze lol,1,en
what a sleaze bro,1,en
what a sleaze man,1,en
what a sleaze dude,1,en
sleazy,1,en
sleazy!,1,en
sleazy.,1,en
sleazy lol,1,en
sleazy bro,1,en
sleazy man,1,en
sleazy dude,1,en
you sleazy,1,en
you sleazy!,1,en
you sleazy.,1,en
you sleazy lol,1,en
you sleazy bro,1,en
you sleazy man,1,en
you sleazy dude,1,en
u sleazy,1,en
u sleazy!,1,en
u sleazy.,1,en
u sleazy lol,1,en
u sleazy bro,1,en
u sleazy man,1,en
u sleazy dude,1,en
hey sleazy,1,en
hey sleazy!,1,en
hey sleazy.,1,en
hey sleazy lol,1,en
hey sleazy bro,1,en
hey sleazy man,1,en
hey sleazy dude,1,en
such a sleazy,1,en
such a sleazy!,1,en
such a sleazy.,1,en
such a sleazy lol,1,en
such a sleazy bro,1,en
such a sleazy man,1,en
such a sleazy dude,1,en
what a sleazy,1,en
what a sleazy!,1,en
what a sleazy.,1,en
what a sleazy lol,1,en
what a sleazy bro,1,en
what a sleazy man,1,en
what a sleazy dude,1,en
asswipe,1,en
asswipe!,1,en
asswipe.,1,en
asswipe lol,1,en
asswipe bro,1,en
asswipe man,1,en
asswipe dude,1,en
you asswipe,1,en
you asswipe!,1,en
you asswipe.,1,en
you asswipe lol,1,en
you asswipe bro,1,en
you asswipe man,1,en
you asswipe dude,1,en
u asswipe,1,en
u asswipe!,1,en
u asswipe.,1,en
u asswipe lol,1,en
u asswipe bro,1,en
u asswipe man,1,en
u asswipe dude,1,en
hey asswipe,1,en
hey asswipe!,1,en
hey asswipe.,1,en
hey asswipe lol,1,en
hey asswipe bro,1,en
hey asswipe man,1,en
hey asswipe dude,1,en
such a asswipe,1,en
such a asswipe!,1,en
such a asswipe.,1,en
such a asswipe lol,1,en
such a asswipe bro,1,en
such a asswipe man,1,en
such a asswipe dude,1,en
what a asswipe,1,en
what a asswipe!,1,en
what a asswipe.,1,en
what a asswipe lol,1,en
what a asswipe bro,1,en
what a asswipe man,1,en
what a asswipe dude,1,en
azzwipe,1,en
azzwipe!,1,en
azzwipe.,1,en
azzwipe lol,1,en
azzwipe bro,1,en
azzwipe man,1,en
azzwipe dude,1,en
you azzwipe,1,en
you azzwipe!,1,en
you azzwipe.,1,en
you azzwipe lol,1,en
you azzwipe bro,1,en
you azzwipe man,1,en
you azzwipe dude,1,en
u azzwipe,1,en
u azzwipe!,1,en
u azzwipe.,1,en
u azzwipe lol,1,en
u azzwipe bro,1,en
u azzwipe man,1,en
u azzwipe dude,1,en
hey azzwipe,1,en
hey azzwipe!,1,en
hey azzwipe.,1,en
hey azzwipe lol,1,en
hey azzwipe bro,1,en
hey azzwipe man,1,en
hey azzwipe dude,1,en
such a azzwipe,1,en
such a azzwipe!,1,en
such a azzwipe.,1,en
such a azzwipe lol,1,en
such a azzwipe bro,1,en
such a azzwipe man,1,en
such a azzwipe dude,1,en
what a azzwipe,1,en
what a azzwipe!,1,en
what a azzwipe.,1,en
what a azzwipe lol,1,en
what a azzwipe bro,1,en
what a azzwipe man,1,en
what a azzwipe dude,1,en
asshat,1,en
asshat!,1,en
asshat.,1,en
asshat lol,1,en
asshat bro,1,en
asshat man,1,en
asshat dude,1,en
you asshat,1,en
you asshat!,1,en
you asshat.,1,en
you asshat lol,1,en
you asshat bro,1,en
you asshat man,1,en
you asshat dude,1,en
u asshat,1,en
u asshat!,1,en
u asshat.,1,en
u asshat lol,1,en
u asshat bro,1,en
u asshat man,1,en
u asshat dude,1,en
hey asshat,1,en
hey asshat!,1,en
hey asshat.,1,en
hey asshat lol,1,en
hey asshat bro,1,en
hey asshat man,1,en
hey asshat dude,1,en
such a asshat,1,en
such a asshat!,1,en
such a asshat.,1,en
such a asshat lol,1,en
such a asshat bro,1,en
such a asshat man,1,en
such a asshat dude,1,en
what a asshat,1,en
what a asshat!,1,en
what a asshat.,1,en
what a asshat lol,1,en
what a asshat bro,1,en
what a asshat man,1,en
what a asshat dude,1,en
azzhat,1,en
azzhat!,1,en
azzhat.,1,en
azzhat lol,1,en
azzhat bro,1,en
azzhat man,1,en
azzhat dude,1,en
you azzhat,1,en
you azzhat!,1,en
you azzhat.,1,en
you azzhat lol,1,en
you azzhat bro,1,en
you azzhat man,1,en
you azzhat dude,1,en
u azzhat,1,en
u azzhat!,1,en
u azzhat.,1,en
u azzhat lol,1,en
u azzhat bro,1,en
u azzhat man,1,en
u azzhat dude,1,en
hey azzhat,1,en
hey azzhat!,1,en
hey azzhat.,1,en
hey azzhat lol,1,en
hey azzhat bro,1,en
hey azzhat man,1,en
hey azzhat dude,1,en
such a azzhat,1,en
such a azzhat!,1,en
such a azzhat.,1,en
such a azzhat lol,1,en
such a azzhat bro,1,en
such a azzhat man,1,en
such a azzhat dude,1,en
what a azzhat,1,en
what a azzhat!,1,en
what a azzhat.,1,en
what a azzhat lol,1,en
what a azzhat bro,1,en
what a azzhat man,1,en
what a azzhat dude,1,en
assclown,1,en
assclown!,1,en
assclown.,1,en
assclown lol,1,en
assclown bro,1,en
assclown man,1,en
assclown dude,1,en
you assclown,1,en
you assclown!,1,en
you assclown.,1,en
you assclown lol,1,en
you assclown bro,1,en
you assclown man,1,en
you assclown dude,1,en
u assclown,1,en
u assclown!,1,en
u assclown.,1,en
u assclown lol,1,en
u assclown bro,1,en
u assclown man,1,en
u assclown dude,1,en
hey assclown,1,en
hey assclown!,1,en
hey assclown.,1,en
hey assclown lol,1,en
hey assclown bro,1,en
hey assclown man,1,en
hey assclown dude,1,en
such a assclown,1,en
such a assclown!,1,en
such a assclown.,1,en
such a assclown lol,1,en
such a assclown bro,1,en
such a assclown man,1,en
such a assclown dude,1,en
what a assclown,1,en
what a assclown!,1,en
what a assclown.,1,en
what a assclown lol,1,en
what a assclown bro,1,en
what a assclown man,1,en
what a assclown dude,1,en
azzclown,1,en
azzclown!,1,en
azzclown.,1,en
azzclown lol,1,en
azzclown bro,1,en
azzclown man,1,en
azzclown dude,1,en
you azzclown,1,en
you azzclown!,1,en
you azzclown.,1,en
you azzclown lol,1,en
you azzclown bro,1,en
you azzclown man,1,en
you azzclown dude,1,en
u azzclown,1,en
u azzclown!,1,en
u azzclown.,1,en
u azzclown lol,1,en
u azzclown bro,1,en
u azzclown man,1,en
u azzclown dude,1,en
hey azzclown,1,en
hey azzclown!,1,en
hey azzclown.,1,en
hey azzclown lol,1,en
hey azzclown bro,1,en
hey azzclown man,1,en
hey azzclown dude,1,en
such a azzclown,1,en
such a azzclown!,1,en
such a azzclown.,1,en
such a azzclown lol,1,en
such a azzclown bro,1,en
such a azzclown man,1,en
such a azzclown dude,1,en
what a azzclown,1,en
what a azzclown!,1,en
what a azzclown.,1,en
what a azzclown lol,1,en
what a azzclown bro,1,en
what a azzclown man,1,en
what a azzclown dude,1,en
assface,1,en
assface!,1,en
assface.,1,en
assface lol,1,en
assface bro,1,en
assface man,1,en
assface dude,1,en
you assface,1,en
you assface!,1,en
you assface.,1,en
you assface lol,1,en
you assface bro,1,en
you assface man,1,en
you assface dude,1,en
u assface,1,en
u assface!,1,en
u assface.,1,en
u assface lol,1,en
u assface bro,1,en
u assface man,1,en
u assface dude,1,en
hey assface,1,en
hey assface!,1,en
hey assface.,1,en
hey assface lol,1,en
hey assface bro,1,en
hey assface man,1,en
hey assface dude,1,en
such a assface,1,en
such a assface!,1,en
such a assface.,1,en
such a assface lol,1,en
such a assface bro,1,en
such a assface man,1,en
such a assface dude,1,en
what a assface,1,en
what a assface!,1,en
what a assface.,1,en
what a assface lol,1,en
what a assface bro,1,en
what a assface man,1,en
what a assface dude,1,en
azzface,1,en
azzface!,1,en
azzface.,1,en
azzface lol,1,en
azzface bro,1,en
azzface man,1,en
azzface dude,1,en
you azzface,1,en
you azzface!,1,en
you azzface.,1,en
you azzface lol,1,en
you azzface bro,1,en
you azzface man,1,en
you azzface dude,1,en
u azzface,1,en
u azzface!,1,en
u azzface.,1,en
u azzface lol,1,en
u azzface bro,1,en
u azzface man,1,en
u azzface dude,1,en
hey azzface,1,en
hey azzface!,1,en
hey azzface.,1,en
hey azzface lol,1,en
hey azzface bro,1,en
hey azzface man,1,en
hey azzface dude,1,en
such a azzface,1,en
such a azzface!,1,en
such a azzface.,1,en
such a azzface lol,1,en
such a azzface bro,1,en
such a azzface man,1,en
such a azzface dude,1,en
what a azzface,1,en
what a azzface!,1,en
what a azzface.,1,en
what a azzface lol,1,en
what a azzface bro,1,en
what a azzface man,1,en
what a azzface dude,1,en
butthead,1,en
butthead!,1,en
butthead.,1,en
butthead lol,1,en
butthead bro,1,en
butthead man,1,en
butthead dude,1,en
you butthead,1,en
you butthead!,1,en
you butthead.,1,en
you butthead lol,1,en
you butthead bro,1,en
you butthead man,1,en
you butthead dude,1,en
u butthead,1,en
u butthead!,1,en
u butthead.,1,en
u butthead lol,1,en
u butthead bro,1,en
u butthead man,1,en
u butthead dude,1,en
hey butthead,1,en
hey butthead!,1,en
hey butthead.,1,en
hey butthead lol,1,en
hey butthead bro,1,en
hey butthead man,1,en
hey butthead dude,1,en
such a butthead,1,en
such a butthead!,1,en
such a butthead.,1,en
such a butthead lol,1,en
such a butthead bro,1,en
such a butthead man,1,en
such a butthead dude,1,en
what a butthead,1,en
what a butthead!,1,en
what a butthead.,1,en
what a butthead lol,1,en
what a butthead bro,1,en
what a butthead man,1,en
what a butthead dude,1,en
buttface,1,en
buttface!,1,en
buttface.,1,en
buttface lol,1,en
buttface bro,1,en
buttface man,1,en
buttface dude,1,en
you buttface,1,en
you buttface!,1,en
you buttface.,1,en
you buttface lol,1,en
you buttface bro,1,en
you buttface man,1,en
you buttface dude,1,en
u buttface,1,en
u buttface!,1,en
u buttface.,1,en
u buttface lol,1,en
u buttface bro,1,en
u buttface man,1,en
u buttface dude,1,en
hey buttface,1,en
hey buttface!,1,en
hey buttface.,1,en
hey buttface lol,1,en
hey buttface bro,1,en
hey buttface man,1,en
hey buttface dude,1,en
such a buttface,1,en
such a buttface!,1,en
such a buttface.,1,en
such a buttface lol,1,en
such a buttface bro,1,en
such a buttface man,1,en
such a buttface dude,1,en
what a buttface,1,en
what a buttface!,1,en
what a buttface.,1,en
what a buttface lol,1,en
what a buttface bro,1,en
what a buttface man,1,en
what a buttface dude,1,en
dumbhead,1,en
dumbhead!,1,en
dumbhead.,1,en
dumbhead lol,1,en
dumbhead bro,1,en
dumbhead man,1,en
dumbhead dude,1,en
you dumbhead,1,en
you dumbhead!,1,en
you dumbhead.,1,en
you dumbhead lol,1,en
you dumbhead bro,1,en
you dumbhead man,1,en
you dumbhead dude,1,en
u dumbhead,1,en
u dumbhead!,1,en
u dumbhead.,1,en
u dumbhead lol,1,en
u dumbhead bro,1,en
u dumbhead man,1,en
u dumbhead dude,1,en
hey dumbhead,1,en
hey dumbhead!,1,en
hey dumbhead.,1,en
hey dumbhead lol,1,en
hey dumbhead bro,1,en
hey dumbhead man,1,en
hey dumbhead dude,1,en
such a dumbhead,1,en
such a dumbhead!,1,en
such a dumbhead.,1,en
such a dumbhead lol,1,en
such a dumbhead bro,1,en
such a dumbhead man,1,en
such a dumbhead dude,1,en
what a dumbhead,1,en
what a dumbhead!,1,en
what a dumbhead.,1,en
what a dumbhead lol,1,en
what a dumbhead bro,1,en
what a dumbhead man,1,en
what a dumbhead dude,1,en
shitface,1,en
shitface!,1,en
shitface.,1,en
shitface lol,1,en
shitface bro,1,en
shitface man,1,en
shitface dude,1,en
you shitface,1,en
you shitface!,1,en
you shitface.,1,en
you shitface lol,1,en
you shitface bro,1,en
you shitface man,1,en
you shitface dude,1,en
u shitface,1,en
u shitface!,1,en
u shitface.,1,en
u shitface lol,1,en
u shitface bro,1,en
u shitface man,1,en
u shitface dude,1,en
hey shitface,1,en
hey shitface!,1,en
hey shitface.,1,en
hey shitface lol,1,en
hey shitface bro,1,en
hey shitface man,1,en
hey shitface dude,1,en
such a shitface,1,en
such a shitface!,1,en
such a shitface.,1,en
such a shitface lol,1,en
such a shitface bro,1,en
such a shitface man,1,en
such a shitface dude,1,en
what a shitface,1,en
what a shitface!,1,en
what a shitface.,1,en
what a shitface lol,1,en
what a shitface bro,1,en
what a shitface man,1,en
what a shitface dude,1,en
sh1tface,1,en
sh1tface!,1,en
sh1tface.,1,en
sh1tface lol,1,en
sh1tface bro,1,en
sh1tface man,1,en
sh1tface dude,1,en
you sh1tface,1,en
you sh1tface!,1,en
you sh1tface.,1,en
you sh1tface lol,1,en
you sh1tface bro,1,en
you sh1tface man,1,en
you sh1tface dude,1,en
u sh1tface,1,en
u sh1tface!,1,en
u sh1tface.,1,en
u sh1tface lol,1,en
u sh1tface bro,1,en
u sh1tface man,1,en
u sh1tface dude,1,en
hey sh1tface,1,en
hey sh1tface!,1,en
hey sh1tface.,1,en
hey sh1tface lol,1,en
hey sh1tface bro,1,en
hey sh1tface man,1,en
hey sh1tface dude,1,en
such a sh1tface,1,en
such a sh1tface!,1,en
such a sh1tface.,1,en
such a sh1tface lol,1,en
such a sh1tface bro,1,en
such a sh1tface man,1,en
such a sh1tface dude,1,en
what a sh1tface,1,en
what a sh1tface!,1,en
what a sh1tface.,1,en
what a sh1tface lol,1,en
what a sh1tface bro,1,en
what a sh1tface man,1,en
what a sh1tface dude,1,en
shitbag,1,en
shitbag!,1,en
shitbag.,1,en
shitbag lol,1,en
shitbag bro,1,en
shitbag man,1,en
shitbag dude,1,en
you shitbag,1,en
you shitbag!,1,en
you shitbag.,1,en
you shitbag lol,1,en
you shitbag bro,1,en
you shitbag man,1,en
you shitbag dude,1,en
u shitbag,1,en
u shitbag!,1,en
u shitbag.,1,en
u shitbag lol,1,en
u shitbag bro,1,en
u shitbag man,1,en
u shitbag dude,1,en
hey shitbag,1,en
hey shitbag!,1,en
hey shitbag.,1,en
hey shitbag lol,1,en
hey shitbag bro,1,en
hey shitbag man,1,en
hey shitbag dude,1,en
such a shitbag,1,en
such a shitbag!,1,en
such a shitbag.,1,en
such a shitbag lol,1,en
such a shitbag bro,1,en
such a shitbag man,1,en
such a shitbag dude,1,en
what a shitbag,1,en
what a shitbag!,1,en
what a shitbag.,1,en
what a shitbag lol,1,en
what a shitbag bro,1,en
what a shitbag man,1,en
what a shitbag dude,1,en
sh1tbag,1,en
sh1tbag!,1,en
sh1tbag.,1,en
sh1tbag lol,1,en
sh1tbag bro,1,en
sh1tbag man,1,en
sh1tbag dude,1,en
you sh1tbag,1,en
you sh1tbag!,1,en
you sh1tbag.,1,en
you sh1tbag lol,1,en
you sh1tbag bro,1,en
you sh1tbag man,1,en
you sh1tbag dude,1,en
u sh1tbag,1,en
u sh1tbag!,1,en
u sh1tbag.,1,en
u sh1tbag lol,1,en
u sh1tbag bro,1,en
u sh1tbag man,1,en
u sh1tbag dude,1,en
hey sh1tbag,1,en
hey sh1tbag!,1,en
hey sh1tbag.,1,en
hey sh1tbag lol,1,en
hey sh1tbag bro,1,en
hey sh1tbag man,1,en
hey sh1tbag dude,1,en
such a sh1tbag,1,en
such a sh1tbag!,1,en
such a sh1tbag.,1,en
such a sh1tbag lol,1,en
such a sh1tbag bro,1,en
such a sh1tbag man,1,en
such a sh1tbag dude,1,en
what a sh1tbag,1,en
what a sh1tbag!,1,en
what a sh1tbag.,1,en
what a sh1tbag lol,1,en
what a sh1tbag bro,1,en
what a sh1tbag man,1,en
what a sh1tbag dude,1,en
shitbrain,1,en
shitbrain!,1,en
shitbrain.,1,en
shitbrain lol,1,en
shitbrain bro,1,en
shitbrain man,1,en
shitbrain dude,1,en
you shitbrain,1,en
you shitbrain!,1,en
you shitbrain.,1,en
you shitbrain lol,1,en
you shitbrain bro,1,en
you shitbrain man,1,en
you shitbrain dude,1,en
u shitbrain,1,en
u shitbrain!,1,en
u shitbrain.,1,en
u shitbrain lol,1,en
u shitbrain bro,1,en
u shitbrain man,1,en
u shitbrain dude,1,en
hey shitbrain,1,en
hey shitbrain!,1,en
hey shitbrain.,1,en
hey shitbrain lol,1,en
hey shitbrain bro,1,en
hey shitbrain man,1,en
hey shitbrain dude,1,en
such a shitbrain,1,en
such a shitbrain!,1,en
such a shitbrain.,1,en
such a shitbrain lol,1,en
such a shitbrain bro,1,en
such a shitbrain man,1,en
such a shitbrain dude,1,en
what a shitbrain,1,en
what a shitbrain!,1,en
what a shitbrain.,1,en
what a shitbrain lol,1,en
what a shitbrain bro,1,en
what a shitbrain man,1,en
what a shitbrain dude,1,en
sh1tbrain,1,en
sh1tbrain!,1,en
sh1tbrain.,1,en
sh1tbrain lol,1,en
sh1tbrain bro,1,en
sh1tbrain man,1,en
sh1tbrain dude,1,en
you sh1tbrain,1,en
you sh1tbrain!,1,en
you sh1tbrain.,1,en
you sh1tbrain lol,1,en
you sh1tbrain bro,1,en
you sh1tbrain man,1,en
you sh1tbrain dude,1,en
u sh1tbrain,1,en
u sh1tbrain!,1,en
u sh1tbrain.,1,en
u sh1tbrain lol,1,en
u sh1tbrain bro,1,en
u sh1tbrain man,1,en
u sh1tbrain dude,1,en
hey sh1tbrain,1,en
hey sh1tbrain!,1,en
hey sh1tbrain.,1,en
hey sh1tbrain lol,1,en
hey sh1tbrain bro,1,en
hey sh1tbrain man,1,en
hey sh1tbrain dude,1,en
such a sh1tbrain,1,en
such a sh1tbrain!,1,en
such a sh1tbrain.,1,en
such a sh1tbrain lol,1,en
such a sh1tbrain bro,1,en
such a sh1tbrain man,1,en
such a sh1tbrain dude,1,en
what a sh1tbrain,1,en
what a sh1tbrain!,1,en
what a sh1tbrain.,1,en
what a sh1tbrain lol,1,en
what a sh1tbrain bro,1,en
what a sh1tbrain man,1,en
what a sh1tbrain dude,1,en
shitforbrains,1,en
shitforbrains!,1,en
shitforbrains.,1,en
shitforbrains lol,1,en
shitforbrains bro,1,en
shitforbrains man,1,en
shitforbrains dude,1,en
you shitforbrains,1,en
you shitforbrains!,1,en
you shitforbrains.,1,en
you shitforbrains lol,1,en
you shitforbrains bro,1,en
you shitforbrains man,1,en
you shitforbrains dude,1,en
u shitforbrains,1,en
u shitforbrains!,1,en
u shitforbrains.,1,en
u shitforbrains lol,1,en
u shitforbrains bro,1,en
u shitforbrains man,1,en
u shitforbrains dude,1,en
hey shitforbrains,1,en
hey shitforbrains!,1,en
hey shitforbrains.,1,en
hey shitforbrains lol,1,en
hey shitforbrains bro,1,en
hey shitforbrains man,1,en
hey shitforbrains dude,1,en
such a shitforbrains,1,en
such a shitforbrains!,1,en
such a shitforbrains.,1,en
such a shitforbrains lol,1,en
such a shitforbrains bro,1,en
such a shitforbrains man,1,en
such a shitforbrains dude,1,en
what a shitforbrains,1,en
what a shitforbrains!,1,en
what a shitforbrains.,1,en
what a shitforbrains lol,1,en
what a shitforbrains bro,1,en
what a shitforbrains man,1,en
what a shitforbrains dude,1,en
sh1tforbrains,1,en
sh1tforbrains!,1,en
sh1tforbrains.,1,en
sh1tforbrains lol,1,en
sh1tforbrains bro,1,en
sh1tforbrains man,1,en
sh1tforbrains dude,1,en
you sh1tforbrains,1,en
you sh1tforbrains!,1,en
you sh1tforbrains.,1,en
you sh1tforbrains lol,1,en
you sh1tforbrains bro,1,en
you sh1tforbrains man,1,en
you sh1tforbrains dude,1,en
u sh1tforbrains,1,en
u sh1tforbrains!,1,en
u sh1tforbrains.,1,en
u sh1tforbrains lol,1,en
u sh1tforbrains bro,1,en
u sh1tforbrains man,1,en
u sh1tforbrains dude,1,en
hey sh1tforbrains,1,en
hey sh1tforbrains!,1,en
hey sh1tforbrains.,1,en
hey sh1tforbrains lol,1,en
hey sh1tforbrains bro,1,en
hey sh1tforbrains man,1,en
hey sh1tforbrains dude,1,en
such a sh1tforbrains,1,en
such a sh1tforbrains!,1,en
such a sh1tforbrains.,1,en
such a sh1tforbrains lol,1,en
such a sh1tforbrains bro,1,en
such a sh1tforbrains man,1,en
such a sh1tforbrains dude,1,en
what a sh1tforbrains,1,en
what a sh1tforbrains!,1,en
what a sh1tforbrains.,1,en
what a sh1tforbrains lol,1,en
what a sh1tforbrains bro,1,en
what a sh1tforbrains man,1,en
what a sh1tforbrains dude,1,en
fuckface,1,en
fuckface!,1,en
fuckface.,1,en
fuckface lol,1,en
fuckface bro,1,en
fuckface man,1,en
fuckface dude,1,en
you fuckface,1,en
you fuckface!,1,en
you fuckface.,1,en
you fuckface lol,1,en
you fuckface bro,1,en
you fuckface man,1,en
you fuckface dude,1,en
u fuckface,1,en
u fuckface!,1,en
u fuckface.,1,en
u fuckface lol,1,en
u fuckface bro,1,en
u fuckface man,1,en
u fuckface dude,1,en
hey fuckface,1,en
hey fuckface!,1,en
hey fuckface.,1,en
hey fuckface lol,1,en
hey fuckface bro,1,en
hey fuckface man,1,en
hey fuckface dude,1,en
such a fuckface,1,en
such a fuckface!,1,en
such a fuckface.,1,en
such a fuckface lol,1,en
such a fuckface bro,1,en
such a fuckface man,1,en
such a fuckface dude,1,en
what a fuckface,1,en
what a fuckface!,1,en
what a fuckface.,1,en
what a fuckface lol,1,en
what a fuckface bro,1,en
what a fuckface man,1,en
what a fuckface dude,1,en
fukface,1,en
fukface!,1,en
fukface.,1,en
fukface lol,1,en
fukface bro,1,en
fukface man,1,en
fukface dude,1,en
you fukface,1,en
you fukface!,1,en
you fukface.,1,en
you fukface lol,1,en
you fukface bro,1,en
you fukface man,1,en
you fukface dude,1,en
u fukface,1,en
u fukface!,1,en
u fukface.,1,en
u fukface lol,1,en
u fukface bro,1,en
u fukface man,1,en
u fukface dude,1,en
hey fukface,1,en
hey fukface!,1,en
hey fukface.,1,en
hey fukface lol,1,en
hey fukface bro,1,en
hey fukface man,1,en
hey fukface dude,1,en
such a fukface,1,en
such a fukface!,1,en
such a fukface.,1,en
such a fukface lol,1,en
such a fukface bro,1,en
such a fukface man,1,en
such a fukface dude,1,en
what a fukface,1,en
what a fukface!,1,en
what a fukface.,1,en
what a fukface lol,1,en
what a fukface bro,1,en
what a fukface man,1,en
what a fukface dude,1,en
fckface,1,en
fckface!,1,en
fckface.,1,en
fckface lol,1,en
fckface bro,1,en
fckface man,1,en
fckface dude,1,en
you fckface,1,en
you fckface!,1,en
you fckface.,1,en
you fckface lol,1,en
you fckface bro,1,en
you fckface man,1,en
you fckface dude,1,en
u fckface,1,en
u fckface!,1,en
u fckface.,1,en
u fckface lol,1,en
u fckface bro,1,en
u fckface man,1,en
u fckface dude,1,en
hey fckface,1,en
hey fckface!,1,en
hey fckface.,1,en
hey fckface lol,1,en
hey fckface bro,1,en
hey fckface man,1,en
hey fckface dude,1,en
such a fckface,1,en
such a fckface!,1,en
such a fckface.,1,en
such a fckface lol,1,en
such a fckface bro,1,en
such a fckface man,1,en
such a fckface dude,1,en
what a fckface,1,en
what a fckface!,1,en
what a fckface.,1,en
what a fckface lol,1,en
what a fckface bro,1,en
what a fckface man,1,en
what a fckface dude,1,en
fuckhead,1,en
fuckhead!,1,en
fuckhead.,1,en
fuckhead lol,1,en
fuckhead bro,1,en
fuckhead man,1,en
fuckhead dude,1,en
you fuckhead,1,en
you fuckhead!,1,en
you fuckhead.,1,en
you fuckhead lol,1,en
you fuckhead bro,1,en
you fuckhead man,1,en
you fuckhead dude,1,en
u fuckhead,1,en
u fuckhead!,1,en
u fuckhead.,1,en
u fuckhead lol,1,en
u fuckhead bro,1,en
u fuckhead man,1,en
u fuckhead dude,1,en
hey fuckhead,1,en
hey fuckhead!,1,en
hey fuckhead.,1,en
hey fuckhead lol,1,en
hey fuckhead bro,1,en
hey fuckhead man,1,en
hey fuckhead dude,1,en
such a fuckhead,1,en
such a fuckhead!,1,en
such a fuckhead.,1,en
such a fuckhead lol,1,en
such a fuckhead bro,1,en
such a fuckhead man,1,en
such a fuckhead dude,1,en
what a fuckhead,1,en
what a fuckhead!,1,en
what a fuckhead.,1,en
what a fuckhead lol,1,en
what a fuckhead bro,1,en
what a fuckhead man,1,en
what a fuckhead dude,1,en
fukhead,1,en
fukhead!,1,en
fukhead.,1,en
fukhead lol,1,en
fukhead bro,1,en
fukhead man,1,en
fukhead dude,1,en
you fukhead,1,en
you fukhead!,1,en
you fukhead.,1,en
you fukhead lol,1,en
you fukhead bro,1,en
you fukhead man,1,en
you fukhead dude,1,en
u fukhead,1,en
u fukhead!,1,en
u fukhead.,1,en
u fukhead lol,1,en
u fukhead bro,1,en
u fukhead man,1,en
u fukhead dude,1,en
hey fukhead,1,en
hey fukhead!,1,en
hey fukhead.,1,en
hey fukhead lol,1,en
hey fukhead bro,1,en
hey fukhead man,1,en
hey fukhead dude,1,en
such a fukhead,1,en
such a fukhead!,1,en
such a fukhead.,1,en
such a fukhead lol,1,en
such a fukhead bro,1,en
such a fukhead man,1,en
such a fukhead dude,1,en
what a fukhead,1,en
what a fukhead!,1,en
what a fukhead.,1,en
what a fukhead lol,1,en
what a fukhead bro,1,en
what a fukhead man,1,en
what a fukhead dude,1,en
fckhead,1,en
fckhead!,1,en
fckhead.,1,en
fckhead lol,1,en
fckhead bro,1,en
fckhead man,1,en
fckhead dude,1,en
you fckhead,1,en
you fckhead!,1,en
you fckhead.,1,en
you fckhead lol,1,en
you fckhead bro,1,en
you fckhead man,1,en
you fckhead dude,1,en
u fckhead,1,en
u fckhead!,1,en
u fckhead.,1,en
u fckhead lol,1,en
u fckhead bro,1,en
u fckhead man,1,en
u fckhead dude,1,en
hey fckhead,1,en
hey fckhead!,1,en
hey fckhead.,1,en
hey fckhead lol,1,en
hey fckhead bro,1,en
hey fckhead man,1,en
hey fckhead dude,1,en
such a fckhead,1,en
such a fckhead!,1,en
such a fckhead.,1,en
such a fckhead lol,1,en
such a fckhead bro,1,en
such a fckhead man,1,en
such a fckhead dude,1,en
what a fckhead,1,en
what a fckhead!,1,en
what a fckhead.,1,en
what a fckhead lol,1,en
what a fckhead bro,1,en
what a fckhead man,1,en
what a fckhead dude,1,en
fuckbrain,1,en
fuckbrain!,1,en
fuckbrain.,1,en
fuckbrain lol,1,en
fuckbrain bro,1,en
fuckbrain man,1,en
fuckbrain dude,1,en
you fuckbrain,1,en
you fuckbrain!,1,en
you fuckbrain.,1,en
you fuckbrain lol,1,en
you fuckbrain bro,1,en
you fuckbrain man,1,en
you fuckbrain dude,1,en
u fuckbrain,1,en
u fuckbrain!,1,en
u fuckbrain.,1,en
u fuckbrain lol,1,en
u fuckbrain bro,1,en
u fuckbrain man,1,en
u fuckbrain dude,1,en
hey fuckbrain,1,en
hey fuckbrain!,1,en
hey fuckbrain.,1,en
hey fuckbrain lol,1,en
hey fuckbrain bro,1,en
hey fuckbrain man,1,en
hey fuckbrain dude,1,en
such a fuckbrain,1,en
such a fuckbrain!,1,en
such a fuckbrain.,1,en
such a fuckbrain lol,1,en
such a fuckbrain bro,1,en
such a fuckbrain man,1,en
such a fuckbrain dude,1,en
what a fuckbrain,1,en
what a fuckbrain!,1,en
what a fuckbrain.,1,en
what a fuckbrain lol,1,en
what a fuckbrain bro,1,en
what a fuckbrain man,1,en
what a fuckbrain dude,1,en
fukbrain,1,en
fukbrain!,1,en
fukbrain.,1,en
fukbrain lol,1,en
fukbrain bro,1,en
fukbrain man,1,en
fukbrain dude,1,en
you fukbrain,1,en
you fukbrain!,1,en
you fukbrain.,1,en
you fukbrain lol,1,en
you fukbrain bro,1,en
you fukbrain man,1,en
you fukbrain dude,1,en
u fukbrain,1,en
u fukbrain!,1,en
u fukbrain.,1,en
u fukbrain lol,1,en
u fukbrain bro,1,en
u fukbrain man,1,en
u fukbrain dude,1,en
hey fukbrain,1,en
hey fukbrain!,1,en
hey fukbrain.,1,en
hey fukbrain lol,1,en
hey fukbrain bro,1,en
hey fukbrain man,1,en
hey fukbrain dude,1,en
such a fukbrain,1,en
such a fukbrain!,1,en
such a fukbrain.,1,en
such a fukbrain lol,1,en
such a fukbrain bro,1,en
such a fukbrain man,1,en
such a fukbrain dude,1,en
what a fukbrain,1,en
what a fukbrain!,1,en
what a fukbrain.,1,en
what a fukbrain lol,1,en
what a fukbrain bro,1,en
what a fukbrain man,1,en
what a fukbrain dude,1,en
fckbrain,1,en
fckbrain!,1,en
fckbrain.,1,en
fckbrain lol,1,en
fckbrain bro,1,en
fckbrain man,1,en
fckbrain dude,1,en
you fckbrain,1,en
you fckbrain!,1,en
you fckbrain.,1,en
you fckbrain lol,1,en
you fckbrain bro,1,en
you fckbrain man,1,en
you fckbrain dude,1,en
u fckbrain,1,en
u fckbrain!,1,en
u fckbrain.,1,en
u fckbrain lol,1,en
u fckbrain bro,1,en
u fckbrain man,1,en
u fckbrain dude,1,en
hey fckbrain,1,en
hey fckbrain!,1,en
hey fckbrain.,1,en
hey fckbrain lol,1,en
hey fckbrain bro,1,en
hey fckbrain man,1,en
hey fckbrain dude,1,en
such a fckbrain,1,en
such a fckbrain!,1,en
such a fckbrain.,1,en
such a fckbrain lol,1,en
such a fckbrain bro,1,en
such a fckbrain man,1,en
such a fckbrain dude,1,en
what a fckbrain,1,en
what a fckbrain!,1,en
what a fckbrain.,1,en
what a fckbrain lol,1,en
what a fckbrain bro,1,en
what a fckbrain man,1,en
what a fckbrain dude,1,en
fuckwad,1,en
fuckwad!,1,en
fuckwad.,1,en
fuckwad lol,1,en
fuckwad bro,1,en
fuckwad man,1,en
fuckwad dude,1,en
you fuckwad,1,en
you fuckwad!,1,en
you fuckwad.,1,en
you fuckwad lol,1,en
you fuckwad bro,1,en
you fuckwad man,1,en
you fuckwad dude,1,en
u fuckwad,1,en
u fuckwad!,1,en
u fuckwad.,1,en
u fuckwad lol,1,en
u fuckwad bro,1,en
u fuckwad man,1,en
u fuckwad dude,1,en
hey fuckwad,1,en
hey fuckwad!,1,en
hey fuckwad.,1,en
hey fuckwad lol,1,en
hey fuckwad bro,1,en
hey fuckwad man,1,en
hey fuckwad dude,1,en
such a fuckwad,1,en
such a fuckwad!,1,en
such a fuckwad.,1,en
such a fuckwad lol,1,en
such a fuckwad bro,1,en
such a fuckwad man,1,en
such a fuckwad dude,1,en
what a fuckwad,1,en
what a fuckwad!,1,en
what a fuckwad.,1,en
what a fuckwad lol,1,en
what a fuckwad bro,1,en
what a fuckwad man,1,en
what a fuckwad dude,1,en
fukwad,1,en
fukwad!,1,en
fukwad.,1,en
fukwad lol,1,en
fukwad bro,1,en
fukwad man,1,en
fukwad dude,1,en
you fukwad,1,en
you fukwad!,1,en
you fukwad.,1,en
you fukwad lol,1,en
you fukwad bro,1,en
you fukwad man,1,en
you fukwad dude,1,en
u fukwad,1,en
u fukwad!,1,en
u fukwad.,1,en
u fukwad lol,1,en
u fukwad bro,1,en
u fukwad man,1,en
u fukwad dude,1,en
hey fukwad,1,en
hey fukwad!,1,en
hey fukwad.,1,en
hey fukwad lol,1,en
hey fukwad bro,1,en
hey fukwad man,1,en
hey fukwad dude,1,en
such a fukwad,1,en
such a fukwad!,1,en
such a fukwad.,1,en
such a fukwad lol,1,en
such a fukwad bro,1,en
such a fukwad man,1,en
such a fukwad dude,1,en
what a fukwad,1,en
what a fukwad!,1,en
what a fukwad.,1,en
what a fukwad lol,1,en
what a fukwad bro,1,en
what a fukwad man,1,en
what a fukwad dude,1,en
fckwad,1,en
fckwad!,1,en
fckwad.,1,en
fckwad lol,1,en
fckwad bro,1,en
fckwad man,1,en
fckwad dude,1,en
you fckwad,1,en
you fckwad!,1,en
you fckwad.,1,en
you fckwad lol,1,en
you fckwad bro,1,en
you fckwad man,1,en
you fckwad dude,1,en
u fckwad,1,en
u fckwad!,1,en
u fckwad.,1,en
u fckwad lol,1,en
u fckwad bro,1,en
u fckwad man,1,en
u fckwad dude,1,en
hey fckwad,1,en
hey fckwad!,1,en
hey fckwad.,1,en
hey fckwad lol,1,en
hey fckwad bro,1,en
hey fckwad man,1,en
hey fckwad dude,1,en
such a fckwad,1,en
such a fckwad!,1,en
such a fckwad.,1,en
such a fckwad lol,1,en
such a fckwad bro,1,en
such a fckwad man,1,en
such a fckwad dude,1,en
what a fckwad,1,en
what a fckwad!,1,en
what a fckwad.,1,en
what a fckwad lol,1,en
what a fckwad bro,1,en
what a fckwad man,1,en
what a fckwad dude,1,en
fucknut,1,en
fucknut!,1,en
fucknut.,1,en
fucknut lol,1,en
fucknut bro,1,en
fucknut man,1,en
fucknut dude,1,en
you fucknut,1,en
you fucknut!,1,en
you fucknut.,1,en
you fucknut lol,1,en
you fucknut bro,1,en
you fucknut man,1,en
you fucknut dude,1,en
u fucknut,1,en
u fucknut!,1,en
u fucknut.,1,en
u fucknut lol,1,en
u fucknut bro,1,en
u fucknut man,1,en
u fucknut dude,1,en
hey fucknut,1,en
hey fucknut!,1,en
hey fucknut.,1,en
hey fucknut lol,1,en
hey fucknut bro,1,en
hey fucknut man,1,en
hey fucknut dude,1,en
such a fucknut,1,en
such a fucknut!,1,en
such a fucknut.,1,en
such a fucknut lol,1,en
such a fucknut bro,1,en
such a fucknut man,1,en
such a fucknut dude,1,en
what a fucknut,1,en
what a fucknut!,1,en
what a fucknut.,1,en
what a fucknut lol,1,en
what a fucknut bro,1,en
what a fucknut man,1,en
what a fucknut dude,1,en
fuknut,1,en
fuknut!,1,en
fuknut.,1,en
fuknut lol,1,en
fuknut bro,1,en
fuknut man,1,en
fuknut dude,1,en
you fuknut,1,en
you fuknut!,1,en
you fuknut.,1,en
you fuknut lol,1,en
you fuknut bro,1,en
you fuknut man,1,en
you fuknut dude,1,en
u fuknut,1,en
u fuknut!,1,en
u fuknut.,1,en
u fuknut lol,1,en
u fuknut bro,1,en
u fuknut man,1,en
u fuknut dude,1,en
hey fuknut,1,en
hey fuknut!,1,en
hey fuknut.,1,en
hey fuknut lol,1,en
hey fuknut bro,1,en
hey fuknut man,1,en
hey fuknut dude,1,en
such a fuknut,1,en
such a fuknut!,1,en
such a fuknut.,1,en
such a fuknut lol,1,en
such a fuknut bro,1,en
such a fuknut man,1,en
such a fuknut dude,1,en
what a fuknut,1,en
what a fuknut!,1,en
what a fuknut.,1,en
what a fuknut lol,1,en
what a fuknut bro,1,en
what a fuknut man,1,en
what a fuknut dude,1,en
fcknut,1,en
fcknut!,1,en
fcknut.,1,en
fcknut lol,1,en
fcknut bro,1,en
fcknut man,1,en
fcknut dude,1,en
you fcknut,1,en
you fcknut!,1,en
you fcknut.,1,en
you fcknut lol,1,en
you fcknut bro,1,en
you fcknut man,1,en
you fcknut dude,1,en
u fcknut,1,en
u fcknut!,1,en
u fcknut.,1,en
u fcknut lol,1,en
u fcknut bro,1,en
u fcknut man,1,en
u fcknut dude,1,en
hey fcknut,1,en
hey fcknut!,1,en
hey fcknut.,1,en
hey fcknut lol,1,en
hey fcknut bro,1,en
hey fcknut man,1,en
hey fcknut dude,1,en
such a fcknut,1,en
such a fcknut!,1,en
such a fcknut.,1,en
such a fcknut lol,1,en
such a fcknut bro,1,en
such a fcknut man,1,en
such a fcknut dude,1,en
what a fcknut,1,en
what a fcknut!,1,en
what a fcknut.,1,en
what a fcknut lol,1,en
what a fcknut bro,1,en
what a fcknut man,1,en
what a fcknut dude,1,en
fucknugget,1,en
fucknugget!,1,en
fucknugget.,1,en
fucknugget lol,1,en
fucknugget bro,1,en
fucknugget man,1,en
fucknugget dude,1,en
you fucknugget,1,en
you fucknugget!,1,en
you fucknugget.,1,en
you fucknugget lol,1,en
you fucknugget bro,1,en
you fucknugget man,1,en
you fucknugget dude,1,en
u fucknugget,1,en
u fucknugget!,1,en
u fucknugget.,1,en
u fucknugget lol,1,en
u fucknugget bro,1,en
u fucknugget man,1,en
u fucknugget dude,1,en
hey fucknugget,1,en
hey fucknugget!,1,en
hey fucknugget.,1,en
hey fucknugget lol,1,en
hey fucknugget bro,1,en
hey fucknugget man,1,en
hey fucknugget dude,1,en
such a fucknugget,1,en
such a fucknugget!,1,en
such a fucknugget.,1,en
such a fucknugget lol,1,en
such a fucknugget bro,1,en
such a fucknugget man,1,en
such a fucknugget dude,1,en
what a fucknugget,1,en
what a fucknugget!,1,en
what a fucknugget.,1,en
what a fucknugget lol,1,en
what a fucknugget bro,1,en
what a fucknugget man,1,en
what a fucknugget dude,1,en
fuknugget,1,en
fuknugget!,1,en
fuknugget.,1,en
fuknugget lol,1,en
fuknugget bro,1,en
fuknugget man,1,en
fuknugget dude,1,en
you fuknugget,1,en
you fuknugget!,1,en
you fuknugget.,1,en
you fuknugget lol,1,en
you fuknugget bro,1,en
you fuknugget man,1,en
you fuknugget dude,1,en
u fuknugget,1,en
u fuknugget!,1,en
u fuknugget.,1,en
u fuknugget lol,1,en
u fuknugget bro,1,en
u fuknugget man,1,en
u fuknugget dude,1,en
hey fuknugget,1,en
hey fuknugget!,1,en
hey fuknugget.,1,en
hey fuknugget lol,1,en
hey fuknugget bro,1,en
hey fuknugget man,1,en
hey fuknugget dude,1,en
such a fuknugget,1,en
such a fuknugget!,1,en
such a fuknugget.,1,en
such a fuknugget lol,1,en
such a fuknugget bro,1,en
such a fuknugget man,1,en
such a fuknugget dude,1,en
what a fuknugget,1,en
what a fuknugget!,1,en
what a fuknugget.,1,en
what a fuknugget lol,1,en
what a fuknugget bro,1,en
what a fuknugget man,1,en
what a fuknugget dude,1,en
fcknugget,1,en
fcknugget!,1,en
fcknugget.,1,en
fcknugget lol,1,en
fcknugget bro,1,en
fcknugget man,1,en
fcknugget dude,1,en
you fcknugget,1,en
you fcknugget!,1,en
you fcknugget.,1,en
you fcknugget lol,1,en
you fcknugget bro,1,en
you fcknugget man,1,en
you fcknugget dude,1,en
u fcknugget,1,en
u fcknugget!,1,en
u fcknugget.,1,en
u fcknugget lol,1,en
u fcknugget bro,1,en
u fcknugget man,1,en
u fcknugget dude,1,en
hey fcknugget,1,en
hey fcknugget!,1,en
hey fcknugget.,1,en
hey fcknugget lol,1,en
hey fcknugget bro,1,en
hey fcknugget man,1,en
hey fcknugget dude,1,en
such a fcknugget,1,en
such a fcknugget!,1,en
such a fcknugget.,1,en
such a fcknugget lol,1,en
such a fcknugget bro,1,en
such a fcknugget man,1,en
such a fcknugget dude,1,en
what a fcknugget,1,en
what a fcknugget!,1,en
what a fcknugget.,1,en
what a fcknugget lol,1,en
what a fcknugget bro,1,en
what a fcknugget man,1,en
what a fcknugget dude,1,en
cockhead,1,en
cockhead!,1,en
cockhead.,1,en
cockhead lol,1,en
cockhead bro,1,en
cockhead man,1,en
cockhead dude,1,en
you cockhead,1,en
you cockhead!,1,en
you cockhead.,1,en
you cockhead lol,1,en
you cockhead bro,1,en
you cockhead man,1,en
you cockhead dude,1,en
u cockhead,1,en
u cockhead!,1,en
u cockhead.,1,en
u cockhead lol,1,en
u cockhead bro,1,en
u cockhead man,1,en
u cockhead dude,1,en
hey cockhead,1,en
hey cockhead!,1,en
hey cockhead.,1,en
hey cockhead lol,1,en
hey cockhead bro,1,en
hey cockhead man,1,en
hey cockhead dude,1,en
such a cockhead,1,en
such a cockhead!,1,en
such a cockhead.,1,en
such a cockhead lol,1,en
such a cockhead bro,1,en
such a cockhead man,1,en
such a cockhead dude,1,en
what a cockhead,1,en
what a cockhead!,1,en
what a cockhead.,1,en
what a cockhead lol,1,en
what a cockhead bro,1,en
what a cockhead man,1,en
what a cockhead dude,1,en
dickbrain,1,en
dickbrain!,1,en
dickbrain.,1,en
dickbrain lol,1,en
dickbrain bro,1,en
dickbrain man,1,en
dickbrain dude,1,en
you dickbrain,1,en
you dickbrain!,1,en
you dickbrain.,1,en
you dickbrain lol,1,en
you dickbrain bro,1,en
you dickbrain man,1,en
you dickbrain dude,1,en
u dickbrain,1,en
u dickbrain!,1,en
u dickbrain.,1,en
u dickbrain lol,1,en
u dickbrain bro,1,en
u dickbrain man,1,en
u dickbrain dude,1,en
hey dickbrain,1,en
hey dickbrain!,1,en
hey dickbrain.,1,en
hey dickbrain lol,1,en
hey dickbrain bro,1,en
hey dickbrain man,1,en
hey dickbrain dude,1,en
such a dickbrain,1,en
such a dickbrain!,1,en
such a dickbrain.,1,en
such a dickbrain lol,1,en
such a dickbrain bro,1,en
such a dickbrain man,1,en
such a dickbrain dude,1,en
what a dickbrain,1,en
what a dickbrain!,1,en
what a dickbrain.,1,en
what a dickbrain lol,1,en
what a dickbrain bro,1,en
what a dickbrain man,1,en
what a dickbrain dude,1,en
d1ckbrain,1,en
d1ckbrain!,1,en
d1ckbrain.,1,en
d1ckbrain lol,1,en
d1ckbrain bro,1,en
d1ckbrain man,1,en
d1ckbrain dude,1,en
you d1ckbrain,1,en
you d1ckbrain!,1,en
you d1ckbrain.,1,en
you d1ckbrain lol,1,en
you d1ckbrain bro,1,en
you d1ckbrain man,1,en
you d1ckbrain dude,1,en
u d1ckbrain,1,en
u d1ckbrain!,1,en
u d1ckbrain.,1,en
u d1ckbrain lol,1,en
u d1ckbrain bro,1,en
u d1ckbrain man,1,en
u d1ckbrain dude,1,en
hey d1ckbrain,1,en
hey d1ckbrain!,1,en
hey d1ckbrain.,1,en
hey d1ckbrain lol,1,en
hey d1ckbrain bro,1,en
hey d1ckbrain man,1,en
hey d1ckbrain dude,1,en
such a d1ckbrain,1,en
such a d1ckbrain!,1,en
such a d1ckbrain.,1,en
such a d1ckbrain lol,1,en
such a d1ckbrain bro,1,en
such a d1ckbrain man,1,en
such a d1ckbrain dude,1,en
what a d1ckbrain,1,en
what a d1ckbrain!,1,en
what a d1ckbrain.,1,en
what a d1ckbrain lol,1,en
what a d1ckbrain bro,1,en
what a d1ckbrain man,1,en
what a d1ckbrain dude,1,en
dickface,1,en
dickface!,1,en
dickface.,1,en
dickface lol,1,en
dickface bro,1,en
dickface man,1,en
dickface dude,1,en
you dickface,1,en
you dickface!,1,en
you dickface.,1,en
you dickface lol,1,en
you dickface bro,1,en
you dickface man,1,en
you dickface dude,1,en
u dickface,1,en
u dickface!,1,en
u dickface.,1,en
u dickface lol,1,en
u dickface bro,1,en
u dickface man,1,en
u dickface dude,1,en
hey dickface,1,en
hey dickface!,1,en
hey dickface.,1,en
hey dickface lol,1,en
hey dickface bro,1,en
hey dickface man,1,en
hey dickface dude,1,en
such a dickface,1,en
such a dickface!,1,en
such a dickface.,1,en
such a dickface lol,1,en
such a dickface bro,1,en
such a dickface man,1,en
such a dickface dude,1,en
what a dickface,1,en
what a dickface!,1,en
what a dickface.,1,en
what a dickface lol,1,en
what a dickface bro,1,en
what a dickface man,1,en
what a dickface dude,1,en
d1ckface,1,en
d1ckface!,1,en
d1ckface.,1,en
d1ckface lol,1,en
d1ckface bro,1,en
d1ckface man,1,en
d1ckface dude,1,en
you d1ckface,1,en
you d1ckface!,1,en
you d1ckface.,1,en
you d1ckface lol,1,en
you d1ckface bro,1,en
you d1ckface man,1,en
you d1ckface dude,1,en
u d1ckface,1,en
u d1ckface!,1,en
u d1ckface.,1,en
u d1ckface lol,1,en
u d1ckface bro,1,en
u d1ckface man,1,en
u d1ckface dude,1,en
hey d1ckface,1,en
hey d1ckface!,1,en
hey d1ckface.,1,en
hey d1ckface lol,1,en
hey d1ckface bro,1,en
hey d1ckface man,1,en
hey d1ckface dude,1,en
such a d1ckface,1,en
such a d1ckface!,1,en
such a d1ckface.,1,en
such a d1ckface lol,1,en
such a d1ckface bro,1,en
such a d1ckface man,1,en
such a d1ckface dude,1,en
what a d1ckface,1,en
what a d1ckface!,1,en
what a d1ckface.,1,en
what a d1ckface lol,1,en
what a d1ckface bro,1,en
what a d1ckface man,1,en
what a d1ckface dude,1,en
pisshead,1,en
pisshead!,1,en
pisshead.,1,en
pisshead lol,1,en
pisshead bro,1,en
pisshead man,1,en
pisshead dude,1,en
you pisshead,1,en
you pisshead!,1,en
you pisshead.,1,en
you pisshead lol,1,en
you pisshead bro,1,en
you pisshead man,1,en
you pisshead dude,1,en
u pisshead,1,en
u pisshead!,1,en
u pisshead.,1,en
u pisshead lol,1,en
u pisshead bro,1,en
u pisshead man,1,en
u pisshead dude,1,en
hey pisshead,1,en
hey pisshead!,1,en
hey pisshead.,1,en
hey pisshead lol,1,en
hey pisshead bro,1,en
hey pisshead man,1,en
hey pisshead dude,1,en
such a pisshead,1,en
such a pisshead!,1,en
such a pisshead.,1,en
such a pisshead lol,1,en
such a pisshead bro,1,en
such a pisshead man,1,en
such a pisshead dude,1,en
what a pisshead,1,en
what a pisshead!,1,en
what a pisshead.,1,en
what a pisshead lol,1,en
what a pisshead bro,1,en
what a pisshead man,1,en
what a pisshead dude,1,en
pissbrain,1,en
pissbrain!,1,en
pissbrain.,1,en
pissbrain lol,1,en
pissbrain bro,1,en
pissbrain man,1,en
pissbrain dude,1,en
you pissbrain,1,en
you pissbrain!,1,en
you pissbrain.,1,en
you pissbrain lol,1,en
you pissbrain bro,1,en
you pissbrain man,1,en
you pissbrain dude,1,en
u pissbrain,1,en
u pissbrain!,1,en
u pissbrain.,1,en
u pissbrain lol,1,en
u pissbrain bro,1,en
u pissbrain man,1,en
u pissbrain dude,1,en
hey pissbrain,1,en
hey pissbrain!,1,en
hey pissbrain.,1,en
hey pissbrain lol,1,en
hey pissbrain bro,1,en
hey pissbrain man,1,en
hey pissbrain dude,1,en
such a pissbrain,1,en
such a pissbrain!,1,en
such a pissbrain.,1,en
such a pissbrain lol,1,en
such a pissbrain bro,1,en
such a pissbrain man,1,en
such a pissbrain dude,1,en
what a pissbrain,1,en
what a pissbrain!,1,en
what a pissbrain.,1,en
what a pissbrain lol,1,en
what a pissbrain bro,1,en
what a pissbrain man,1,en
what a pissbrain dude,1,en
piss off,1,en
piss off!,1,en
piss off.,1,en
piss off lol,1,en
piss off bro,1,en
piss off man,1,en
piss off dude,1,en
you piss off,1,en
you piss off!,1,en
you piss off.,1,en
you piss off lol,1,en
you piss off bro,1,en
you piss off man,1,en
you piss off dude,1,en
u piss off,1,en
u piss off!,1,en
u piss off.,1,en
u piss off lol,1,en
u piss off bro,1,en
u piss off man,1,en
u piss off dude,1,en
hey piss off,1,en
hey piss off!,1,en
hey piss off.,1,en
hey piss off lol,1,en
hey piss off bro,1,en
hey piss off man,1,en
hey piss off dude,1,en
such a piss off,1,en
such a piss off!,1,en
such a piss off.,1,en
such a piss off lol,1,en
such a piss off bro,1,en
such a piss off man,1,en
such a piss off dude,1,en
what a piss off,1,en
what a piss off!,1,en
what a piss off.,1,en
what a piss off lol,1,en
what a piss off bro,1,en
what a piss off man,1,en
what a piss off dude,1,en
pissed off,1,en
pissed off!,1,en
pissed off.,1,en
pissed off lol,1,en
pissed off bro,1,en
pissed off man,1,en
pissed off dude,1,en
you pissed off,1,en
you pissed off!,1,en
you pissed off.,1,en
you pissed off lol,1,en
you pissed off bro,1,en
you pissed off man,1,en
you pissed off dude,1,en
u pissed off,1,en
u pissed off!,1,en
u pissed off.,1,en
u pissed off lol,1,en
u pissed off bro,1,en
u pissed off man,1,en
u pissed off dude,1,en
hey pissed off,1,en
hey pissed off!,1,en
hey pissed off.,1,en
hey pissed off lol,1,en
hey pissed off bro,1,en
hey pissed off man,1,en
hey pissed off dude,1,en
such a pissed off,1,en
such a pissed off!,1,en
such a pissed off.,1,en
such a pissed off lol,1,en
such a pissed off bro,1,en
such a pissed off man,1,en
such a pissed off dude,1,en
what a pissed off,1,en
what a pissed off!,1,en
what a pissed off.,1,en
what a pissed off lol,1,en
what a pissed off bro,1,en
what a pissed off man,1,en
what a pissed off dude,1,en
screw you,1,en
screw you!,1,en
screw you.,1,en
screw you lol,1,en
screw you bro,1,en
screw you man,1,en
screw you dude,1,en
you screw you,1,en
you screw you!,1,en
you screw you.,1,en
you screw you lol,1,en
you screw you bro,1,en
you screw you man,1,en
you screw you dude,1,en
u screw you,1,en
u screw you!,1,en
u screw you.,1,en
u screw you lol,1,en
u screw you bro,1,en
u screw you man,1,en
u screw you dude,1,en
hey screw you,1,en
hey screw you!,1,en
hey screw you.,1,en
hey screw you lol,1,en
hey screw you bro,1,en
hey screw you man,1,en
hey screw you dude,1,en
such a screw you,1,en
such a screw you!,1,en
such a screw you.,1,en
such a screw you lol,1,en
such a screw you bro,1,en
such a screw you man,1,en
such a screw you dude,1,en
what a screw you,1,en
what a screw you!,1,en
what a screw you.,1,en
what a screw you lol,1,en
what a screw you bro,1,en
what a screw you man,1,en
what a screw you dude,1,en
screw off,1,en
screw off!,1,en
screw off.,1,en
screw off lol,1,en
screw off bro,1,en
screw off man,1,en
screw off dude,1,en
you screw off,1,en
you screw off!,1,en
you screw off.,1,en
you screw off lol,1,en
you screw off bro,1,en
you screw off man,1,en
you screw off dude,1,en
u screw off,1,en
u screw off!,1,en
u screw off.,1,en
u screw off lol,1,en
u screw off bro,1,en
u screw off man,1,en
u screw off dude,1,en
hey screw off,1,en
hey screw off!,1,en
hey screw off.,1,en
hey screw off lol,1,en
hey screw off bro,1,en
hey screw off man,1,en
hey screw off dude,1,en
such a screw off,1,en
such a screw off!,1,en
such a screw off.,1,en
such a screw off lol,1,en
such a screw off bro,1,en
such a screw off man,1,en
such a screw off dude,1,en
what a screw off,1,en
what a screw off!,1,en
what a screw off.,1,en
what a screw off lol,1,en
what a screw off bro,1,en
what a screw off man,1,en
what a screw off dude,1,en
get lost,1,en
get lost!,1,en
get lost.,1,en
get lost lol,1,en
get lost bro,1,en
get lost man,1,en
get lost dude,1,en
you get lost,1,en
you get lost!,1,en
you get lost.,1,en
you get lost lol,1,en
you get lost bro,1,en
you get lost man,1,en
you get lost dude,1,en
u get lost,1,en
u get lost!,1,en
u get lost.,1,en
u get lost lol,1,en
u get lost bro,1,en
u get lost man,1,en
u get lost dude,1,en
hey get lost,1,en
hey get lost!,1,en
hey get lost.,1,en
hey get lost lol,1,en
hey get lost bro,1,en
hey get lost man,1,en
hey get lost dude,1,en
such a get lost,1,en
such a get lost!,1,en
such a get lost.,1,en
such a get lost lol,1,en
such a get lost bro,1,en
such a get lost man,1,en
such a get lost dude,1,en
what a get lost,1,en
what a get lost!,1,en
what a get lost.,1,en
what a get lost lol,1,en
what a get lost bro,1,en
what a get lost man,1,en
what a get lost dude,1,en
shut up idiot,1,en
shut up idiot!,1,en
shut up idiot.,1,en
shut up idiot lol,1,en
shut up idiot bro,1,en
shut up idiot man,1,en
shut up idiot dude,1,en
you shut up idiot,1,en
you shut up idiot!,1,en
you shut up idiot.,1,en
you shut up idiot lol,1,en
you shut up idiot bro,1,en
you shut up idiot man,1,en
you shut up idiot dude,1,en
u shut up idiot,1,en
u shut up idiot!,1,en
u shut up idiot.,1,en
u shut up idiot lol,1,en
u shut up idiot bro,1,en
u shut up idiot man,1,en
u shut up idiot dude,1,en
hey shut up idiot,1,en
hey shut up idiot!,1,en
hey shut up idiot.,1,en
hey shut up idiot lol,1,en
hey shut up idiot bro,1,en
hey shut up idiot man,1,en
hey shut up idiot dude,1,en
such a shut up idiot,1,en
such a shut up idiot!,1,en
such a shut up idiot.,1,en
such a shut up idiot lol,1,en
such a shut up idiot bro,1,en
such a shut up idiot man,1,en
such a shut up idiot dude,1,en
what a shut up idiot,1,en
what a shut up idiot!,1,en
what a shut up idiot.,1,en
what a shut up idiot lol,1,en
what a shut up idiot bro,1,en
what a shut up idiot man,1,en
what a shut up idiot dude,1,en
shut up 1diot,1,en
shut up 1diot!,1,en
shut up 1diot.,1,en
shut up 1diot lol,1,en
shut up 1diot bro,1,en
shut up 1diot man,1,en
shut up 1diot dude,1,en
you shut up 1diot,1,en
you shut up 1diot!,1,en
you shut up 1diot.,1,en
you shut up 1diot lol,1,en
you shut up 1diot bro,1,en
you shut up 1diot man,1,en
you shut up 1diot dude,1,en
u shut up 1diot,1,en
u shut up 1diot!,1,en
u shut up 1diot.,1,en
u shut up 1diot lol,1,en
u shut up 1diot bro,1,en
u shut up 1diot man,1,en
u shut up 1diot dude,1,en
hey shut up 1diot,1,en
hey shut up 1diot!,1,en
hey shut up 1diot.,1,en
hey shut up 1diot lol,1,en
hey shut up 1diot bro,1,en
hey shut up 1diot man,1,en
hey shut up 1diot dude,1,en
such a shut up 1diot,1,en
such a shut up 1diot!,1,en
such a shut up 1diot.,1,en
such a shut up 1diot lol,1,en
such a shut up 1diot bro,1,en
such a shut up 1diot man,1,en
such a shut up 1diot dude,1,en
what a shut up 1diot,1,en
what a shut up 1diot!,1,en
what a shut up 1diot.,1,en
what a shut up 1diot lol,1,en
what a shut up 1diot bro,1,en
what a shut up 1diot man,1,en
what a shut up 1diot dude,1,en
stupid idiot,1,en
stupid idiot!,1,en
stupid idiot.,1,en
stupid idiot lol,1,en
stupid idiot bro,1,en
stupid idiot man,1,en
stupid idiot dude,1,en
you stupid idiot,1,en
you stupid idiot!,1,en
you stupid idiot.,1,en
you stupid idiot lol,1,en
you stupid idiot bro,1,en
you stupid idiot man,1,en
you stupid idiot dude,1,en
u stupid idiot,1,en
u stupid idiot!,1,en
u stupid idiot.,1,en
u stupid idiot lol,1,en
u stupid idiot bro,1,en
u stupid idiot man,1,en
u stupid idiot dude,1,en
hey stupid idiot,1,en
hey stupid idiot!,1,en
hey stupid idiot.,1,en
hey stupid idiot lol,1,en
hey stupid idiot bro,1,en
hey stupid idiot man,1,en
hey stupid idiot dude,1,en
such a stupid idiot,1,en
such a stupid idiot!,1,en
such a stupid idiot.,1,en
such a stupid idiot lol,1,en
such a stupid idiot bro,1,en
such a stupid idiot man,1,en
such a stupid idiot dude,1,en
what a stupid idiot,1,en
what a stupid idiot!,1,en
what a stupid idiot.,1,en
what a stupid idiot lol,1,en
what a stupid idiot bro,1,en
what a stupid idiot man,1,en
what a stupid idiot dude,1,en
stupid 1diot,1,en
stupid 1diot!,1,en
stupid 1diot.,1,en
stupid 1diot lol,1,en
stupid 1diot bro,1,en
stupid 1diot man,1,en
stupid 1diot dude,1,en
you stupid 1diot,1,en
you stupid 1diot!,1,en
you stupid 1diot.,1,en
you stupid 1diot lol,1,en
you stupid 1diot bro,1,en
you stupid 1diot man,1,en
you stupid 1diot dude,1,en
u stupid 1diot,1,en
u stupid 1diot!,1,en
u stupid 1diot.,1,en
u stupid 1diot lol,1,en
u stupid 1diot bro,1,en
u stupid 1diot man,1,en
u stupid 1diot dude,1,en
hey stupid 1diot,1,en
hey stupid 1diot!,1,en
hey stupid 1diot.,1,en
hey stupid 1diot lol,1,en
hey stupid 1diot bro,1,en
hey stupid 1diot man,1,en
hey stupid 1diot dude,1,en
such a stupid 1diot,1,en
such a stupid 1diot!,1,en
such a stupid 1diot.,1,en
such a stupid 1diot lol,1,en
such a stupid 1diot bro,1,en
such a stupid 1diot man,1,en
such a stupid 1diot dude,1,en
what a stupid 1diot,1,en
what a stupid 1diot!,1,en
what a stupid 1diot.,1,en
what a stupid 1diot lol,1,en
what a stupid 1diot bro,1,en
what a stupid 1diot man,1,en
what a stupid 1diot dude,1,en
fucking idiot,1,en
fucking idiot!,1,en
fucking idiot.,1,en
fucking idiot lol,1,en
fucking idiot bro,1,en
fucking idiot man,1,en
fucking idiot dude,1,en
you fucking idiot,1,en
you fucking idiot!,1,en
you fucking idiot.,1,en
you fucking idiot lol,1,en
you fucking idiot bro,1,en
you fucking idiot man,1,en
you fucking idiot dude,1,en
u fucking idiot,1,en
u fucking idiot!,1,en
u fucking idiot.,1,en
u fucking idiot lol,1,en
u fucking idiot bro,1,en
u fucking idiot man,1,en
u fucking idiot dude,1,en
hey fucking idiot,1,en
hey fucking idiot!,1,en
hey fucking idiot.,1,en
hey fucking idiot lol,1,en
hey fucking idiot bro,1,en
hey fucking idiot man,1,en
hey fucking idiot dude,1,en
such a fucking idiot,1,en
such a fucking idiot!,1,en
such a fucking idiot.,1,en
such a fucking idiot lol,1,en
such a fucking idiot bro,1,en
such a fucking idiot man,1,en
such a fucking idiot dude,1,en
what a fucking idiot,1,en
what a fucking idiot!,1,en
what a fucking idiot.,1,en
what a fucking idiot lol,1,en
what a fucking idiot bro,1,en
what a fucking idiot man,1,en
what a fucking idiot dude,1,en
fuking idiot,1,en
fuking idiot!,1,en
fuking idiot.,1,en
fuking idiot lol,1,en
fuking idiot bro,1,en
fuking idiot man,1,en
fuking idiot dude,1,en
you fuking idiot,1,en
you fuking idiot!,1,en
you fuking idiot.,1,en
you fuking idiot lol,1,en
you fuking idiot bro,1,en
you fuking idiot man,1,en
you fuking idiot dude,1,en
u fuking idiot,1,en
u fuking idiot!,1,en
u fuking idiot.,1,en
u fuking idiot lol,1,en
u fuking idiot bro,1,en
u fuking idiot man,1,en
u fuking idiot dude,1,en
hey fuking idiot,1,en
hey fuking idiot!,1,en
hey fuking idiot.,1,en
hey fuking idiot lol,1,en
hey fuking idiot bro,1,en
hey fuking idiot man,1,en
hey fuking idiot dude,1,en
such a fuking idiot,1,en
such a fuking idiot!,1,en
such a fuking idiot.,1,en
such a fuking idiot lol,1,en
such a fuking idiot bro,1,en
such a fuking idiot man,1,en
such a fuking idiot dude,1,en
what a fuking idiot,1,en
what a fuking idiot!,1,en
what a fuking idiot.,1,en
what a fuking idiot lol,1,en
what a fuking idiot bro,1,en
what a fuking idiot man,1,en
what a fuking idiot dude,1,en
fcking idiot,1,en
fcking idiot!,1,en
fcking idiot.,1,en
fcking idiot lol,1,en
fcking idiot bro,1,en
fcking idiot man,1,en
fcking idiot dude,1,en
you fcking idiot,1,en
you fcking idiot!,1,en
you fcking idiot.,1,en
you fcking idiot lol,1,en
you fcking idiot bro,1,en
you fcking idiot man,1,en
you fcking idiot dude,1,en
u fcking idiot,1,en
u fcking idiot!,1,en
u fcking idiot.,1,en
u fcking idiot lol,1,en
u fcking idiot bro,1,en
u fcking idiot man,1,en
u fcking idiot dude,1,en
hey fcking idiot,1,en
hey fcking idiot!,1,en
hey fcking idiot.,1,en
hey fcking idiot lol,1,en
hey fcking idiot bro,1,en
hey fcking idiot man,1,en
hey fcking idiot dude,1,en
such a fcking idiot,1,en
such a fcking idiot!,1,en
such a fcking idiot.,1,en
such a fcking idiot lol,1,en
such a fcking idiot bro,1,en
such a fcking idiot man,1,en
such a fcking idiot dude,1,en
what a fcking idiot,1,en
what a fcking idiot!,1,en
what a fcking idiot.,1,en
what a fcking idiot lol,1,en
what a fcking idiot bro,1,en
what a fcking idiot man,1,en
what a fcking idiot dude,1,en
fucking 1diot,1,en
fucking 1diot!,1,en
fucking 1diot.,1,en
fucking 1diot lol,1,en
fucking 1diot bro,1,en
fucking 1diot man,1,en
fucking 1diot dude,1,en
you fucking 1diot,1,en
you fucking 1diot!,1,en
you fucking 1diot.,1,en
you fucking 1diot lol,1,en
you fucking 1diot bro,1,en
you fucking 1diot man,1,en
you fucking 1diot dude,1,en
u fucking 1diot,1,en
u fucking 1diot!,1,en
u fucking 1diot.,1,en
u fucking 1diot lol,1,en
u fucking 1diot bro,1,en
u fucking 1diot man,1,en
u fucking 1diot dude,1,en
hey fucking 1diot,1,en
hey fucking 1diot!,1,en
hey fucking 1diot.,1,en
hey fucking 1diot lol,1,en
hey fucking 1diot bro,1,en
hey fucking 1diot man,1,en
hey fucking 1diot dude,1,en
such a fucking 1diot,1,en
such a fucking 1diot!,1,en
such a fucking 1diot.,1,en
such a fucking 1diot lol,1,en
such a fucking 1diot bro,1,en
such a fucking 1diot man,1,en
such a fucking 1diot dude,1,en
what a fucking 1diot,1,en
what a fucking 1diot!,1,en
what a fucking 1diot.,1,en
what a fucking 1diot lol,1,en
what a fucking 1diot bro,1,en
what a fucking 1diot man,1,en
what a fucking 1diot dude,1,en
fucking moron,1,en
fucking moron!,1,en
fucking moron.,1,en
fucking moron lol,1,en
fucking moron bro,1,en
fucking moron man,1,en
fucking moron dude,1,en
you fucking moron,1,en
you fucking moron!,1,en
you fucking moron.,1,en
you fucking moron lol,1,en
you fucking moron bro,1,en
you fucking moron man,1,en
you fucking moron dude,1,en
u fucking moron,1,en
u fucking moron!,1,en
u fucking moron.,1,en
u fucking moron lol,1,en
u fucking moron bro,1,en
u fucking moron man,1,en
u fucking moron dude,1,en
hey fucking moron,1,en
hey fucking moron!,1,en
hey fucking moron.,1,en
hey fucking moron lol,1,en
hey fucking moron bro,1,en
hey fucking moron man,1,en
hey fucking moron dude,1,en
such a fucking moron,1,en
such a fucking moron!,1,en
such a fucking moron.,1,en
such a fucking moron lol,1,en
such a fucking moron bro,1,en
such a fucking moron man,1,en
such a fucking moron dude,1,en
what a fucking moron,1,en
what a fucking moron!,1,en
what a fucking moron.,1,en
what a fucking moron lol,1,en
what a fucking moron bro,1,en
what a fucking moron man,1,en
what a fucking moron dude,1,en
fuking moron,1,en
fuking moron!,1,en
fuking moron.,1,en
fuking moron lol,1,en
fuking moron bro,1,en
fuking moron man,1,en
fuking moron dude,1,en
you fuking moron,1,en
you fuking moron!,1,en
you fuking moron.,1,en
you fuking moron lol,1,en
you fuking moron bro,1,en
you fuking moron man,1,en
you fuking moron dude,1,en
u fuking moron,1,en
u fuking moron!,1,en
u fuking moron.,1,en
u fuking moron lol,1,en
u fuking moron bro,1,en
u fuking moron man,1,en
u fuking moron dude,1,en
hey fuking moron,1,en
hey fuking moron!,1,en
hey fuking moron.,1,en
hey fuking moron lol,1,en
hey fuking moron bro,1,en
hey fuking moron man,1,en
hey fuking moron dude,1,en
such a fuking moron,1,en
such a fuking moron!,1,en
such a fuking moron.,1,en
such a fuking moron lol,1,en
such a fuking moron bro,1,en
such a fuking moron man,1,en
such a fuking moron dude,1,en
what a fuking moron,1,en
what a fuking moron!,1,en
what a fuking moron.,1,en
what a fuking moron lol,1,en
what a fuking moron bro,1,en
what a fuking moron man,1,en
what a fuking moron dude,1,en
fcking moron,1,en
fcking moron!,1,en
fcking moron.,1,en
fcking moron lol,1,en
fcking moron bro,1,en
fcking moron man,1,en
fcking moron dude,1,en
you fcking moron,1,en
you fcking moron!,1,en
you fcking moron.,1,en
you fcking moron lol,1,en
you fcking moron bro,1,en
you fcking moron man,1,en
you fcking moron dude,1,en
u fcking moron,1,en
u fcking moron!,1,en
u fcking moron.,1,en
u fcking moron lol,1,en
u fcking moron bro,1,en
u fcking moron man,1,en
u fcking moron dude,1,en
hey fcking moron,1,en
hey fcking moron!,1,en
hey fcking moron.,1,en
hey fcking moron lol,1,en
hey fcking moron bro,1,en
hey fcking moron man,1,en
hey fcking moron dude,1,en
such a fcking moron,1,en
such a fcking moron!,1,en
such a fcking moron.,1,en
such a fcking moron lol,1,en
such a fcking moron bro,1,en
such a fcking moron man,1,en
such a fcking moron dude,1,en
what a fcking moron,1,en
what a fcking moron!,1,en
what a fcking moron.,1,en
what a fcking moron lol,1,en
what a fcking moron bro,1,en
what a fcking moron man,1,en
what a fcking moron dude,1,en
fucking loser,1,en
fucking loser!,1,en
fucking loser.,1,en
fucking loser lol,1,en
fucking loser bro,1,en
fucking loser man,1,en
fucking loser dude,1,en
you fucking loser,1,en
you fucking loser!,1,en
you fucking loser.,1,en
you fucking loser lol,1,en
you fucking loser bro,1,en
you fucking loser man,1,en
you fucking loser dude,1,en
u fucking loser,1,en
u fucking loser!,1,en
u fucking loser.,1,en
u fucking loser lol,1,en
u fucking loser bro,1,en
u fucking loser man,1,en
u fucking loser dude,1,en
hey fucking loser,1,en
hey fucking loser!,1,en
hey fucking loser.,1,en
hey fucking loser lol,1,en
hey fucking loser bro,1,en
hey fucking loser man,1,en
hey fucking loser dude,1,en
such a fucking loser,1,en
such a fucking loser!,1,en
such a fucking loser.,1,en
such a fucking loser lol,1,en
such a fucking loser bro,1,en
such a fucking loser man,1,en
such a fucking loser dude,1,en
what a fucking loser,1,en
what a fucking loser!,1,en
what a fucking loser.,1,en
what a fucking loser lol,1,en
what a fucking loser bro,1,en
what a fucking loser man,1,en
what a fucking loser dude,1,en
fuking loser,1,en
fuking loser!,1,en
fuking loser.,1,en
fuking loser lol,1,en
fuking loser bro,1,en
fuking loser man,1,en
fuking loser dude,1,en
you fuking loser,1,en
you fuking loser!,1,en
you fuking loser.,1,en
you fuking loser lol,1,en
you fuking loser bro,1,en
you fuking loser man,1,en
you fuking loser dude,1,en
u fuking loser,1,en
u fuking loser!,1,en
u fuking loser.,1,en
u fuking loser lol,1,en
u fuking loser bro,1,en
u fuking loser man,1,en
u fuking loser dude,1,en
hey fuking loser,1,en
hey fuking loser!,1,en
hey fuking loser.,1,en
hey fuking loser lol,1,en
hey fuking loser bro,1,en
hey fuking loser man,1,en
hey fuking loser dude,1,en
such a fuking loser,1,en
such a fuking loser!,1,en
such a fuking loser.,1,en
such a fuking loser lol,1,en
such a fuking loser bro,1,en
such a fuking loser man,1,en
such a fuking loser dude,1,en
what a fuking loser,1,en
what a fuking loser!,1,en
what a fuking loser.,1,en
what a fuking loser lol,1,en
what a fuking loser bro,1,en
what a fuking loser man,1,en
what a fuking loser dude,1,en
fcking loser,1,en
fcking loser!,1,en
fcking loser.,1,en
fcking loser lol,1,en
fcking loser bro,1,en
fcking loser man,1,en
fcking loser dude,1,en
you fcking loser,1,en
you fcking loser!,1,en
you fcking loser.,1,en
you fcking loser lol,1,en
you fcking loser bro,1,en
you fcking loser man,1,en
you fcking loser dude,1,en
u fcking loser,1,en
u fcking loser!,1,en
u fcking loser.,1,en
u fcking loser lol,1,en
u fcking loser bro,1,en
u fcking loser man,1,en
u fcking loser dude,1,en
hey fcking loser,1,en
hey fcking loser!,1,en
hey fcking loser.,1,en
hey fcking loser lol,1,en
hey fcking loser bro,1,en
hey fcking loser man,1,en
hey fcking loser dude,1,en
such a fcking loser,1,en
such a fcking loser!,1,en
such a fcking loser.,1,en
such a fcking loser lol,1,en
such a fcking loser bro,1,en
such a fcking loser man,1,en
such a fcking loser dude,1,en
what a fcking loser,1,en
what a fcking loser!,1,en
what a fcking loser.,1,en
what a fcking loser lol,1,en
what a fcking loser bro,1,en
what a fcking loser man,1,en
what a fcking loser dude,1,en
fucking asshole,1,en
fucking asshole!,1,en
fucking asshole.,1,en
fucking asshole lol,1,en
fucking asshole bro,1,en
fucking asshole man,1,en
fucking asshole dude,1,en
you fucking asshole,1,en
you fucking asshole!,1,en
you fucking asshole.,1,en
you fucking asshole lol,1,en
you fucking asshole bro,1,en
you fucking asshole man,1,en
you fucking asshole dude,1,en
u fucking asshole,1,en
u fucking asshole!,1,en
u fucking asshole.,1,en
u fucking asshole lol,1,en
u fucking asshole bro,1,en
u fucking asshole man,1,en
u fucking asshole dude,1,en
hey fucking asshole,1,en
hey fucking asshole!,1,en
hey fucking asshole.,1,en
hey fucking asshole lol,1,en
hey fucking asshole bro,1,en
hey fucking asshole man,1,en
hey fucking asshole dude,1,en
such a fucking asshole,1,en
such a fucking asshole!,1,en
such a fucking asshole.,1,en
such a fucking asshole lol,1,en
such a fucking asshole bro,1,en
such a fucking asshole man,1,en
such a fucking asshole dude,1,en
what a fucking asshole,1,en
what a fucking asshole!,1,en
what a fucking asshole.,1,en
what a fucking asshole lol,1,en
what a fucking asshole bro,1,en
what a fucking asshole man,1,en
what a fucking asshole dude,1,en
fuking asshole,1,en
fuking asshole!,1,en
fuking asshole.,1,en
fuking asshole lol,1,en
fuking asshole bro,1,en
fuking asshole man,1,en
fuking asshole dude,1,en
you fuking asshole,1,en
you fuking asshole!,1,en
you fuking asshole.,1,en
you fuking asshole lol,1,en
you fuking asshole bro,1,en
you fuking asshole man,1,en
you fuking asshole dude,1,en
u fuking asshole,1,en
u fuking asshole!,1,en
u fuking asshole.,1,en
u fuking asshole lol,1,en
u fuking asshole bro,1,en
u fuking asshole man,1,en
u fuking asshole dude,1,en
hey fuking asshole,1,en
hey fuking asshole!,1,en
hey fuking asshole.,1,en
hey fuking asshole lol,1,en
hey fuking asshole bro,1,en
hey fuking asshole man,1,en
hey fuking asshole dude,1,en
such a fuking asshole,1,en
such a fuking asshole!,1,en
such a fuking asshole.,1,en
such a fuking asshole lol,1,en
such a fuking asshole bro,1,en
such a fuking asshole man,1,en
such a fuking asshole dude,1,en
what a fuking asshole,1,en
what a fuking asshole!,1,en
what a fuking asshole.,1,en
what a fuking asshole lol,1,en
what a fuking asshole bro,1,en
what a fuking asshole man,1,en
what a fuking asshole dude,1,en
fcking asshole,1,en
fcking asshole!,1,en
fcking asshole.,1,en
fcking asshole lol,1,en
fcking asshole bro,1,en
fcking asshole man,1,en
fcking asshole dude,1,en
you fcking asshole,1,en
you fcking asshole!,1,en
you fcking asshole.,1,en
you fcking asshole lol,1,en
you fcking asshole bro,1,en
you fcking asshole man,1,en
you fcking asshole dude,1,en
u fcking asshole,1,en
u fcking asshole!,1,en
u fcking asshole.,1,en
u fcking asshole lol,1,en
u fcking asshole bro,1,en
u fcking asshole man,1,en
u fcking asshole dude,1,en
hey fcking asshole,1,en
hey fcking asshole!,1,en
hey fcking asshole.,1,en
hey fcking asshole lol,1,en
hey fcking asshole bro,1,en
hey fcking asshole man,1,en
hey fcking asshole dude,1,en
such a fcking asshole,1,en
such a fcking asshole!,1,en
such a fcking asshole.,1,en
such a fcking asshole lol,1,en
such a fcking asshole bro,1,en
such a fcking asshole man,1,en
such a fcking asshole dude,1,en
what a fcking asshole,1,en
what a fcking asshole!,1,en
what a fcking asshole.,1,en
what a fcking asshole lol,1,en
what a fcking asshole bro,1,en
what a fcking asshole man,1,en
what a fcking asshole dude,1,en
fucking azzhole,1,en
fucking azzhole!,1,en
fucking azzhole.,1,en
fucking azzhole lol,1,en
fucking azzhole bro,1,en
fucking azzhole man,1,en
fucking azzhole dude,1,en
you fucking azzhole,1,en
you fucking azzhole!,1,en
you fucking azzhole.,1,en
you fucking azzhole lol,1,en
you fucking azzhole bro,1,en
you fucking azzhole man,1,en
you fucking azzhole dude,1,en
u fucking azzhole,1,en
u fucking azzhole!,1,en
u fucking azzhole.,1,en
u fucking azzhole lol,1,en
u fucking azzhole bro,1,en
u fucking azzhole man,1,en
u fucking azzhole dude,1,en
hey fucking azzhole,1,en
hey fucking azzhole!,1,en
hey fucking azzhole.,1,en
hey fucking azzhole lol,1,en
hey fucking azzhole bro,1,en
hey fucking azzhole man,1,en
hey fucking azzhole dude,1,en
such a fucking azzhole,1,en
such a fucking azzhole!,1,en
such a fucking azzhole.,1,en
such a fucking azzhole lol,1,en
such a fucking azzhole bro,1,en
such a fucking azzhole man,1,en
such a fucking azzhole dude,1,en
what a fucking azzhole,1,en
what a fucking azzhole!,1,en
what a fucking azzhole.,1,en
what a fucking azzhole lol,1,en
what a fucking azzhole bro,1,en
what a fucking azzhole man,1,en
what a fucking azzhole dude,1,en
fucking bastard,1,en
fucking bastard!,1,en
fucking bastard.,1,en
fucking bastard lol,1,en
fucking bastard bro,1,en
fucking bastard man,1,en
fucking bastard dude,1,en
you fucking bastard,1,en
you fucking bastard!,1,en
you fucking bastard.,1,en
you fucking bastard lol,1,en
you fucking bastard bro,1,en
you fucking bastard man,1,en
you fucking bastard dude,1,en
u fucking bastard,1,en
u fucking bastard!,1,en
u fucking bastard.,1,en
u fucking bastard lol,1,en
u fucking bastard bro,1,en
u fucking bastard man,1,en
u fucking bastard dude,1,en
hey fucking bastard,1,en
hey fucking bastard!,1,en
hey fucking bastard.,1,en
hey fucking bastard lol,1,en
hey fucking bastard bro,1,en
hey fucking bastard man,1,en
hey fucking bastard dude,1,en
such a fucking bastard,1,en
such a fucking bastard!,1,en
such a fucking bastard.,1,en
such a fucking bastard lol,1,en
such a fucking bastard bro,1,en
such a fucking bastard man,1,en
such a fucking bastard dude,1,en
what a fucking bastard,1,en
what a fucking bastard!,1,en
what a fucking bastard.,1,en
what a fucking bastard lol,1,en
what a fucking bastard bro,1,en
what a fucking bastard man,1,en
what a fucking bastard dude,1,en
fuking bastard,1,en
fuking bastard!,1,en
fuking bastard.,1,en
fuking bastard lol,1,en
fuking bastard bro,1,en
fuking bastard man,1,en
fuking bastard dude,1,en
you fuking bastard,1,en
you fuking bastard!,1,en
you fuking bastard.,1,en
you fuking bastard lol,1,en
you fuking bastard bro,1,en
you fuking bastard man,1,en
you fuking bastard dude,1,en
u fuking bastard,1,en
u fuking bastard!,1,en
u fuking bastard.,1,en
u fuking bastard lol,1,en
u fuking bastard bro,1,en
u fuking bastard man,1,en
u fuking bastard dude,1,en
hey fuking bastard,1,en
hey fuking bastard!,1,en
hey fuking bastard.,1,en
hey fuking bastard lol,1,en
hey fuking bastard bro,1,en
hey fuking bastard man,1,en
hey fuking bastard dude,1,en
such a fuking bastard,1,en
such a fuking bastard!,1,en
such a fuking bastard.,1,en
such a fuking bastard lol,1,en
such a fuking bastard bro,1,en
such a fuking bastard man,1,en
such a fuking bastard dude,1,en
what a fuking bastard,1,en
what a fuking bastard!,1,en
what a fuking bastard.,1,en
what a fuking bastard lol,1,en
what a fuking bastard bro,1,en
what a fuking bastard man,1,en
what a fuking bastard dude,1,en
fcking bastard,1,en
fcking bastard!,1,en
fcking bastard.,1,en
fcking bastard lol,1,en
fcking bastard bro,1,en
fcking bastard man,1,en
fcking bastard dude,1,en
you fcking bastard,1,en
you fcking bastard!,1,en
you fcking bastard.,1,en
you fcking bastard lol,1,en
you fcking bastard bro,1,en
you fcking bastard man,1,en
you fcking bastard dude,1,en
u fcking bastard,1,en
u fcking bastard!,1,en
u fcking bastard.,1,en
u fcking bastard lol,1,en
u fcking bastard bro,1,en
u fcking bastard man,1,en
u fcking bastard dude,1,en
hey fcking bastard,1,en
hey fcking bastard!,1,en
hey fcking bastard.,1,en
hey fcking bastard lol,1,en
hey fcking bastard bro,1,en
hey fcking bastard man,1,en
hey fcking bastard dude,1,en
such a fcking bastard,1,en
such a fcking bastard!,1,en
such a fcking bastard.,1,en
such a fcking bastard lol,1,en
such a fcking bastard bro,1,en
such a fcking bastard man,1,en
such a fcking bastard dude,1,en
what a fcking bastard,1,en
what a fcking bastard!,1,en
what a fcking bastard.,1,en
what a fcking bastard lol,1,en
what a fcking bastard bro,1,en
what a fcking bastard man,1,en
what a fcking bastard dude,1,en
fucking creep,1,en
fucking creep!,1,en
fucking creep.,1,en
fucking creep lol,1,en
fucking creep bro,1,en
fucking creep man,1,en
fucking creep dude,1,en
you fucking creep,1,en
you fucking creep!,1,en
you fucking creep.,1,en
you fucking creep lol,1,en
you fucking creep bro,1,en
you fucking creep man,1,en
you fucking creep dude,1,en
u fucking creep,1,en
u fucking creep!,1,en
u fucking creep.,1,en
u fucking creep lol,1,en
u fucking creep bro,1,en
u fucking creep man,1,en
u fucking creep dude,1,en
hey fucking creep,1,en
hey fucking creep!,1,en
hey fucking creep.,1,en
hey fucking creep lol,1,en
hey fucking creep bro,1,en
hey fucking creep man,1,en
hey fucking creep dude,1,en
such a fucking creep,1,en
such a fucking creep!,1,en
such a fucking creep.,1,en
such a fucking creep lol,1,en
such a fucking creep bro,1,en
such a fucking creep man,1,en
such a fucking creep dude,1,en
what a fucking creep,1,en
what a fucking creep!,1,en
what a fucking creep.,1,en
what a fucking creep lol,1,en
what a fucking creep bro,1,en
what a fucking creep man,1,en
what a fucking creep dude,1,en
fuking creep,1,en
fuking creep!,1,en
fuking creep.,1,en
fuking creep lol,1,en
fuking creep bro,1,en
fuking creep man,1,en
fuking creep dude,1,en
you fuking creep,1,en
you fuking creep!,1,en
you fuking creep.,1,en
you fuking creep lol,1,en
you fuking creep bro,1,en
you fuking creep man,1,en
you fuking creep dude,1,en
u fuking creep,1,en
u fuking creep!,1,en
u fuking creep.,1,en
u fuking creep lol,1,en
u fuking creep bro,1,en
u fuking creep man,1,en
u fuking creep dude,1,en
hey fuking creep,1,en
hey fuking creep!,1,en
hey fuking creep.,1,en
hey fuking creep lol,1,en
hey fuking creep bro,1,en
hey fuking creep man,1,en
hey fuking creep dude,1,en
such a fuking creep,1,en
such a fuking creep!,1,en
such a fuking creep.,1,en
such a fuking creep lol,1,en
such a fuking creep bro,1,en
such a fuking creep man,1,en
such a fuking creep dude,1,en
what a fuking creep,1,en
what a fuking creep!,1,en
what a fuking creep.,1,en
what a fuking creep lol,1,en
what a fuking creep bro,1,en
what a fuking creep man,1,en
what a fuking creep dude,1,en
fcking creep,1,en
fcking creep!,1,en
fcking creep.,1,en
fcking creep lol,1,en
fcking creep bro,1,en
fcking creep man,1,en
fcking creep dude,1,en
you fcking creep,1,en
you fcking creep!,1,en
you fcking creep.,1,en
you fcking creep lol,1,en
you fcking creep bro,1,en
you fcking creep man,1,en
you fcking creep dude,1,en
u fcking creep,1,en
u fcking creep!,1,en
u fcking creep.,1,en
u fcking creep lol,1,en
u fcking creep bro,1,en
u fcking creep man,1,en
u fcking creep dude,1,en
hey fcking creep,1,en
hey fcking creep!,1,en
hey fcking creep.,1,en
hey fcking creep lol,1,en
hey fcking creep bro,1,en
hey fcking creep man,1,en
hey fcking creep dude,1,en
such a fcking creep,1,en
such a fcking creep!,1,en
such a fcking creep.,1,en
such a fcking creep lol,1,en
such a fcking creep bro,1,en
such a fcking creep man,1,en
such a fcking creep dude,1,en
what a fcking creep,1,en
what a fcking creep!,1,en
what a fcking creep.,1,en
what a fcking creep lol,1,en
what a fcking creep bro,1,en
what a fcking creep man,1,en
what a fcking creep dude,1,en
dumb idiot,1,en
dumb idiot!,1,en
dumb idiot.,1,en
dumb idiot lol,1,en
dumb idiot bro,1,en
dumb idiot man,1,en
dumb idiot dude,1,en
you dumb idiot,1,en
you dumb idiot!,1,en
you dumb idiot.,1,en
you dumb idiot lol,1,en
you dumb idiot bro,1,en
you dumb idiot man,1,en
you dumb idiot dude,1,en
u dumb idiot,1,en
u dumb idiot!,1,en
u dumb idiot.,1,en
u dumb idiot lol,1,en
u dumb idiot bro,1,en
u dumb idiot man,1,en
u dumb idiot dude,1,en
hey dumb idiot,1,en
hey dumb idiot!,1,en
hey dumb idiot.,1,en
hey dumb idiot lol,1,en
hey dumb idiot bro,1,en
hey dumb idiot man,1,en
hey dumb idiot dude,1,en
such a dumb idiot,1,en
such a dumb idiot!,1,en
such a dumb idiot.,1,en
such a dumb idiot lol,1,en
such a dumb idiot bro,1,en
such a dumb idiot man,1,en
such a dumb idiot dude,1,en
what a dumb idiot,1,en
what a dumb idiot!,1,en
what a dumb idiot.,1,en
what a dumb idiot lol,1,en
what a dumb idiot bro,1,en
what a dumb idiot man,1,en
what a dumb idiot dude,1,en
dumb 1diot,1,en
dumb 1diot!,1,en
dumb 1diot.,1,en
dumb 1diot lol,1,en
dumb 1diot bro,1,en
dumb 1diot man,1,en
dumb 1diot dude,1,en
you dumb 1diot,1,en
you dumb 1diot!,1,en
you dumb 1diot.,1,en
you dumb 1diot lol,1,en
you dumb 1diot bro,1,en
you dumb 1diot man,1,en
you dumb 1diot dude,1,en
u dumb 1diot,1,en
u dumb 1diot!,1,en
u dumb 1diot.,1,en
u dumb 1diot lol,1,en
u dumb 1diot bro,1,en
u dumb 1diot man,1,en
u dumb 1diot dude,1,en
hey dumb 1diot,1,en
hey dumb 1diot!,1,en
hey dumb 1diot.,1,en
hey dumb 1diot lol,1,en
hey dumb 1diot bro,1,en
hey dumb 1diot man,1,en
hey dumb 1diot dude,1,en
such a dumb 1diot,1,en
such a dumb 1diot!,1,en
such a dumb 1diot.,1,en
such a dumb 1diot lol,1,en
such a dumb 1diot bro,1,en
such a dumb 1diot man,1,en
such a dumb 1diot dude,1,en
what a dumb 1diot,1,en
what a dumb 1diot!,1,en
what a dumb 1diot.,1,en
what a dumb 1diot lol,1,en
what a dumb 1diot bro,1,en
what a dumb 1diot man,1,en
what a dumb 1diot dude,1,en
dumb moron,1,en
dumb moron!,1,en
dumb moron.,1,en
dumb moron lol,1,en
dumb moron bro,1,en
dumb moron man,1,en
dumb moron dude,1,en
you dumb moron,1,en
you dumb moron!,1,en
you dumb moron.,1,en
you dumb moron lol,1,en
you dumb moron bro,1,en
you dumb moron man,1,en
you dumb moron dude,1,en
u dumb moron,1,en
u dumb moron!,1,en
u dumb moron.,1,en
u dumb moron lol,1,en
u dumb moron bro,1,en
u dumb moron man,1,en
u dumb moron dude,1,en
hey dumb moron,1,en
hey dumb moron!,1,en
hey dumb moron.,1,en
hey dumb moron lol,1,en
hey dumb moron bro,1,en
hey dumb moron man,1,en
hey dumb moron dude,1,en
such a dumb moron,1,en
such a dumb moron!,1,en
such a dumb moron.,1,en
such a dumb moron lol,1,en
such a dumb moron bro,1,en
such a dumb moron man,1,en
such a dumb moron dude,1,en
what a dumb moron,1,en
what a dumb moron!,1,en
what a dumb moron.,1,en
what a dumb moron lol,1,en
what a dumb moron bro,1,en
what a dumb moron man,1,en
what a dumb moron dude,1,en
dumb bastard,1,en
dumb bastard!,1,en
dumb bastard.,1,en
dumb bastard lol,1,en
dumb bastard bro,1,en
dumb bastard man,1,en
dumb bastard dude,1,en
you dumb bastard,1,en
you dumb bastard!,1,en
you dumb bastard.,1,en
you dumb bastard lol,1,en
you dumb bastard bro,1,en
you dumb bastard man,1,en
you dumb bastard dude,1,en
u dumb bastard,1,en
u dumb bastard!,1,en
u dumb bastard.,1,en
u dumb bastard lol,1,en
u dumb bastard bro,1,en
u dumb bastard man,1,en
u dumb bastard dude,1,en
hey dumb bastard,1,en
hey dumb bastard!,1,en
hey dumb bastard.,1,en
hey dumb bastard lol,1,en
hey dumb bastard bro,1,en
hey dumb bastard man,1,en
hey dumb bastard dude,1,en
such a dumb bastard,1,en
such a dumb bastard!,1,en
such a dumb bastard.,1,en
such a dumb bastard lol,1,en
such a dumb bastard bro,1,en
such a dumb bastard man,1,en
such a dumb bastard dude,1,en
what a dumb bastard,1,en
what a dumb bastard!,1,en
what a dumb bastard.,1,en
what a dumb bastard lol,1,en
what a dumb bastard bro,1,en
what a dumb bastard man,1,en
what a dumb bastard dude,1,en
stupid asshole,1,en
stupid asshole!,1,en
stupid asshole.,1,en
stupid asshole lol,1,en
stupid asshole bro,1,en
stupid asshole man,1,en
stupid asshole dude,1,en
you stupid asshole,1,en
you stupid asshole!,1,en
you stupid asshole.,1,en
you stupid asshole lol,1,en
you stupid asshole bro,1,en
you stupid asshole man,1,en
you stupid asshole dude,1,en
u stupid asshole,1,en
u stupid asshole!,1,en
u stupid asshole.,1,en
u stupid asshole lol,1,en
u stupid asshole bro,1,en
u stupid asshole man,1,en
u stupid asshole dude,1,en
hey stupid asshole,1,en
hey stupid asshole!,1,en
hey stupid asshole.,1,en
hey stupid asshole lol,1,en
hey stupid asshole bro,1,en
hey stupid asshole man,1,en
hey stupid asshole dude,1,en
such a stupid asshole,1,en
such a stupid asshole!,1,en
such a stupid asshole.,1,en
such a stupid asshole lol,1,en
such a stupid asshole bro,1,en
such a stupid asshole man,1,en
such a stupid asshole dude,1,en
what a stupid asshole,1,en
what a stupid asshole!,1,en
what a stupid asshole.,1,en
what a stupid asshole lol,1,en
what a stupid asshole bro,1,en
what a stupid asshole man,1,en
what a stupid asshole dude,1,en
stupid azzhole,1,en
stupid azzhole!,1,en
stupid azzhole.,1,en
stupid azzhole lol,1,en
stupid azzhole bro,1,en
stupid azzhole man,1,en
stupid azzhole dude,1,en
you stupid azzhole,1,en
you stupid azzhole!,1,en
you stupid azzhole.,1,en
you stupid azzhole lol,1,en
you stupid azzhole bro,1,en
you stupid azzhole man,1,en
you stupid azzhole dude,1,en
u stupid azzhole,1,en
u stupid azzhole!,1,en
u stupid azzhole.,1,en
u stupid azzhole lol,1,en
u stupid azzhole bro,1,en
u stupid azzhole man,1,en
u stupid azzhole dude,1,en
hey stupid azzhole,1,en
hey stupid azzhole!,1,en
hey stupid azzhole.,1,en
hey stupid azzhole lol,1,en
hey stupid azzhole bro,1,en
hey stupid azzhole man,1,en
hey stupid azzhole dude,1,en
such a stupid azzhole,1,en
such a stupid azzhole!,1,en
such a stupid azzhole.,1,en
such a stupid azzhole lol,1,en
such a stupid azzhole bro,1,en
such a stupid azzhole man,1,en
such a stupid azzhole dude,1,en
what a stupid azzhole,1,en
what a stupid azzhole!,1,en
what a stupid azzhole.,1,en
what a stupid azzhole lol,1,en
what a stupid azzhole bro,1,en
what a stupid azzhole man,1,en
what a stupid azzhole dude,1,en
worthless asshole,1,en
worthless asshole!,1,en
worthless asshole.,1,en
worthless asshole lol,1,en
worthless asshole bro,1,en
worthless asshole man,1,en
worthless asshole dude,1,en
you worthless asshole,1,en
you worthless asshole!,1,en
you worthless asshole.,1,en
you worthless asshole lol,1,en
you worthless asshole bro,1,en
you worthless asshole man,1,en
you worthless asshole dude,1,en
u worthless asshole,1,en
u worthless asshole!,1,en
u worthless asshole.,1,en
u worthless asshole lol,1,en
u worthless asshole bro,1,en
u worthless asshole man,1,en
u worthless asshole dude,1,en
hey worthless asshole,1,en
hey worthless asshole!,1,en
hey worthless asshole.,1,en
hey worthless asshole lol,1,en
hey worthless asshole bro,1,en
hey worthless asshole man,1,en
hey worthless asshole dude,1,en
such a worthless asshole,1,en
such a worthless asshole!,1,en
such a worthless asshole.,1,en
such a worthless asshole lol,1,en
such a worthless asshole bro,1,en
such a worthless asshole man,1,en
such a worthless asshole dude,1,en
what a worthless asshole,1,en
what a worthless asshole!,1,en
what a worthless asshole.,1,en
what a worthless asshole lol,1,en
what a worthless asshole bro,1,en
what a worthless asshole man,1,en
what a worthless asshole dude,1,en
worthless azzhole,1,en
worthless azzhole!,1,en
worthless azzhole.,1,en
worthless azzhole lol,1,en
worthless azzhole bro,1,en
worthless azzhole man,1,en
worthless azzhole dude,1,en
you worthless azzhole,1,en
you worthless azzhole!,1,en
you worthless azzhole.,1,en
you worthless azzhole lol,1,en
you worthless azzhole bro,1,en
you worthless azzhole man,1,en
you worthless azzhole dude,1,en
u worthless azzhole,1,en
u worthless azzhole!,1,en
u worthless azzhole.,1,en
u worthless azzhole lol,1,en
u worthless azzhole bro,1,en
u worthless azzhole man,1,en
u worthless azzhole dude,1,en
hey worthless azzhole,1,en
hey worthless azzhole!,1,en
hey worthless azzhole.,1,en
hey worthless azzhole lol,1,en
hey worthless azzhole bro,1,en
hey worthless azzhole man,1,en
hey worthless azzhole dude,1,en
such a worthless azzhole,1,en
such a worthless azzhole!,1,en
such a worthless azzhole.,1,en
such a worthless azzhole lol,1,en
such a worthless azzhole bro,1,en
such a worthless azzhole man,1,en
such a worthless azzhole dude,1,en
what a worthless azzhole,1,en
what a worthless azzhole!,1,en
what a worthless azzhole.,1,en
what a worthless azzhole lol,1,en
what a worthless azzhole bro,1,en
what a worthless azzhole man,1,en
what a worthless azzhole dude,1,en
pathetic asshole,1,en
pathetic asshole!,1,en
pathetic asshole.,1,en
pathetic asshole lol,1,en
pathetic asshole bro,1,en
pathetic asshole man,1,en
pathetic asshole dude,1,en
you pathetic asshole,1,en
you pathetic asshole!,1,en
you pathetic asshole.,1,en
you pathetic asshole lol,1,en
you pathetic asshole bro,1,en
you pathetic asshole man,1,en
you pathetic asshole dude,1,en
u pathetic asshole,1,en
u pathetic asshole!,1,en
u pathetic asshole.,1,en
u pathetic asshole lol,1,en
u pathetic asshole bro,1,en
u pathetic asshole man,1,en
u pathetic asshole dude,1,en
hey pathetic asshole,1,en
hey pathetic asshole!,1,en
hey pathetic asshole.,1,en
hey pathetic asshole lol,1,en
hey pathetic asshole bro,1,en
hey pathetic asshole man,1,en
hey pathetic asshole dude,1,en
such a pathetic asshole,1,en
such a pathetic asshole!,1,en
such a pathetic asshole.,1,en
such a pathetic asshole lol,1,en
such a pathetic asshole bro,1,en
such a pathetic asshole man,1,en
such a pathetic asshole dude,1,en
what a pathetic asshole,1,en
what a pathetic asshole!,1,en
what a pathetic asshole.,1,en
what a pathetic asshole lol,1,en
what a pathetic asshole bro,1,en
what a pathetic asshole man,1,en
what a pathetic asshole dude,1,en
pathetic azzhole,1,en
pathetic azzhole!,1,en
pathetic azzhole.,1,en
pathetic azzhole lol,1,en
pathetic azzhole bro,1,en
pathetic azzhole man,1,en
pathetic azzhole dude,1,en
you pathetic azzhole,1,en
you pathetic azzhole!,1,en
you pathetic azzhole.,1,en
you pathetic azzhole lol,1,en
you pathetic azzhole bro,1,en
you pathetic azzhole man,1,en
you pathetic azzhole dude,1,en
u pathetic azzhole,1,en
u pathetic azzhole!,1,en
u pathetic azzhole.,1,en
u pathetic azzhole lol,1,en
u pathetic azzhole bro,1,en
u pathetic azzhole man,1,en
u pathetic azzhole dude,1,en
hey pathetic azzhole,1,en
hey pathetic azzhole!,1,en
hey pathetic azzhole.,1,en
hey pathetic azzhole lol,1,en
hey pathetic azzhole bro,1,en
hey pathetic azzhole man,1,en
hey pathetic azzhole dude,1,en
such a pathetic azzhole,1,en
such a pathetic azzhole!,1,en
such a pathetic azzhole.,1,en
such a pathetic azzhole lol,1,en
such a pathetic azzhole bro,1,en
such a pathetic azzhole man,1,en
such a pathetic azzhole dude,1,en
what a pathetic azzhole,1,en
what a pathetic azzhole!,1,en
what a pathetic azzhole.,1,en
what a pathetic azzhole lol,1,en
what a pathetic azzhole bro,1,en
what a pathetic azzhole man,1,en
what a pathetic azzhole dude,1,en
lying asshole,1,en
lying asshole!,1,en
lying asshole.,1,en
lying asshole lol,1,en
lying asshole bro,1,en
lying asshole man,1,en
lying asshole dude,1,en
you lying asshole,1,en
you lying asshole!,1,en
you lying asshole.,1,en
you lying asshole lol,1,en
you lying asshole bro,1,en
you lying asshole man,1,en
you lying asshole dude,1,en
u lying asshole,1,en
u lying asshole!,1,en
u lying asshole.,1,en
u lying asshole lol,1,en
u lying asshole bro,1,en
u lying asshole man,1,en
u lying asshole dude,1,en
hey lying asshole,1,en
hey lying asshole!,1,en
hey lying asshole.,1,en
hey lying asshole lol,1,en
hey lying asshole bro,1,en
hey lying asshole man,1,en
hey lying asshole dude,1,en
such a lying asshole,1,en
such a lying asshole!,1,en
such a lying asshole.,1,en
such a lying asshole lol,1,en
such a lying asshole bro,1,en
such a lying asshole man,1,en
such a lying asshole dude,1,en
what a lying asshole,1,en
what a lying asshole!,1,en
what a lying asshole.,1,en
what a lying asshole lol,1,en
what a lying asshole bro,1,en
what a lying asshole man,1,en
what a lying asshole dude,1,en
lying azzhole,1,en
lying azzhole!,1,en
lying azzhole.,1,en
lying azzhole lol,1,en
lying azzhole bro,1,en
lying azzhole man,1,en
lying azzhole dude,1,en
you lying azzhole,1,en
you lying azzhole!,1,en
you lying azzhole.,1,en
you lying azzhole lol,1,en
you lying azzhole bro,1,en
you lying azzhole man,1,en
you lying azzhole dude,1,en
u lying azzhole,1,en
u lying azzhole!,1,en
u lying azzhole.,1,en
u lying azzhole lol,1,en
u lying azzhole bro,1,en
u lying azzhole man,1,en
u lying azzhole dude,1,en
hey lying azzhole,1,en
hey lying azzhole!,1,en
hey lying azzhole.,1,en
hey lying azzhole lol,1,en
hey lying azzhole bro,1,en
hey lying azzhole man,1,en
hey lying azzhole dude,1,en
such a lying azzhole,1,en
such a lying azzhole!,1,en
such a lying azzhole.,1,en
such a lying azzhole lol,1,en
such a lying azzhole bro,1,en
such a lying azzhole man,1,en
such a lying azzhole dude,1,en
what a lying azzhole,1,en
what a lying azzhole!,1,en
what a lying azzhole.,1,en
what a lying azzhole lol,1,en
what a lying azzhole bro,1,en
what a lying azzhole man,1,en
what a lying azzhole dude,1,en
dirty bastard,1,en
dirty bastard!,1,en
dirty bastard.,1,en
dirty bastard lol,1,en
dirty bastard bro,1,en
dirty bastard man,1,en
dirty bastard dude,1,en
you dirty bastard,1,en
you dirty bastard!,1,en
you dirty bastard.,1,en
you dirty bastard lol,1,en
you dirty bastard bro,1,en
you dirty bastard man,1,en
you dirty bastard dude,1,en
u dirty bastard,1,en
u dirty bastard!,1,en
u dirty bastard.,1,en
u dirty bastard lol,1,en
u dirty bastard bro,1,en
u dirty bastard man,1,en
u dirty bastard dude,1,en
hey dirty bastard,1,en
hey dirty bastard!,1,en
hey dirty bastard.,1,en
hey dirty bastard lol,1,en
hey dirty bastard bro,1,en
hey dirty bastard man,1,en
hey dirty bastard dude,1,en
such a dirty bastard,1,en
such a dirty bastard!,1,en
such a dirty bastard.,1,en
such a dirty bastard lol,1,en
such a dirty bastard bro,1,en
such a dirty bastard man,1,en
such a dirty bastard dude,1,en
what a dirty bastard,1,en
what a dirty bastard!,1,en
what a dirty bastard.,1,en
what a dirty bastard lol,1,en
what a dirty bastard bro,1,en
what a dirty bastard man,1,en
what a dirty bastard dude,1,en
dirty asshole,1,en
dirty asshole!,1,en
dirty asshole.,1,en
dirty asshole lol,1,en
dirty asshole bro,1,en
dirty asshole man,1,en
dirty asshole dude,1,en
you dirty asshole,1,en
you dirty asshole!,1,en
you dirty asshole.,1,en
you dirty asshole lol,1,en
you dirty asshole bro,1,en
you dirty asshole man,1,en
you dirty asshole dude,1,en
u dirty asshole,1,en
u dirty asshole!,1,en
u dirty asshole.,1,en
u dirty asshole lol,1,en
u dirty asshole bro,1,en
u dirty asshole man,1,en
u dirty asshole dude,1,en
hey dirty asshole,1,en
hey dirty asshole!,1,en
hey dirty asshole.,1,en
hey dirty asshole lol,1,en
hey dirty asshole bro,1,en
hey dirty asshole man,1,en
hey dirty asshole dude,1,en
such a dirty asshole,1,en
such a dirty asshole!,1,en
such a dirty asshole.,1,en
such a dirty asshole lol,1,en
such a dirty asshole bro,1,en
such a dirty asshole man,1,en
such a dirty asshole dude,1,en
what a dirty asshole,1,en
what a dirty asshole!,1,en
what a dirty asshole.,1,en
what a dirty asshole lol,1,en
what a dirty asshole bro,1,en
what a dirty asshole man,1,en
what a dirty asshole dude,1,en
dirty azzhole,1,en
dirty azzhole!,1,en
dirty azzhole.,1,en
dirty azzhole lol,1,en
dirty azzhole bro,1,en
dirty azzhole man,1,en
dirty azzhole dude,1,en
you dirty azzhole,1,en
you dirty azzhole!,1,en
you dirty azzhole.,1,en
you dirty azzhole lol,1,en
you dirty azzhole bro,1,en
you dirty azzhole man,1,en
you dirty azzhole dude,1,en
u dirty azzhole,1,en
u dirty azzhole!,1,en
u dirty azzhole.,1,en
u dirty azzhole lol,1,en
u dirty azzhole bro,1,en
u dirty azzhole man,1,en
u dirty azzhole dude,1,en
hey dirty azzhole,1,en
hey dirty azzhole!,1,en
hey dirty azzhole.,1,en
hey dirty azzhole lol,1,en
hey dirty azzhole bro,1,en
hey dirty azzhole man,1,en
hey dirty azzhole dude,1,en
such a dirty azzhole,1,en
such a dirty azzhole!,1,en
such a dirty azzhole.,1,en
such a dirty azzhole lol,1,en
such a dirty azzhole bro,1,en
such a dirty azzhole man,1,en
such a dirty azzhole dude,1,en
what a dirty azzhole,1,en
what a dirty azzhole!,1,en
what a dirty azzhole.,1,en
what a dirty azzhole lol,1,en
what a dirty azzhole bro,1,en
what a dirty azzhole man,1,en
what a dirty azzhole dude,1,en
dirty creep,1,en
dirty creep!,1,en
dirty creep.,1,en
dirty creep lol,1,en
dirty creep bro,1,en
dirty creep man,1,en
dirty creep dude,1,en
you dirty creep,1,en
you dirty creep!,1,en
you dirty creep.,1,en
you dirty creep lol,1,en
you dirty creep bro,1,en
you dirty creep man,1,en
you dirty creep dude,1,en
u dirty creep,1,en
u dirty creep!,1,en
u dirty creep.,1,en
u dirty creep lol,1,en
u dirty creep bro,1,en
u dirty creep man,1,en
u dirty creep dude,1,en
hey dirty creep,1,en
hey dirty creep!,1,en
hey dirty creep.,1,en
hey dirty creep lol,1,en
hey dirty creep bro,1,en
hey dirty creep man,1,en
hey dirty creep dude,1,en
such a dirty creep,1,en
such a dirty creep!,1,en
such a dirty creep.,1,en
such a dirty creep lol,1,en
such a dirty creep bro,1,en
such a dirty creep man,1,en
such a dirty creep dude,1,en
what a dirty creep,1,en
what a dirty creep!,1,en
what a dirty creep.,1,en
what a dirty creep lol,1,en
what a dirty creep bro,1,en
what a dirty creep man,1,en
what a dirty creep dude,1,en
nasty bastard,1,en
nasty bastard!,1,en
nasty bastard.,1,en
nasty bastard lol,1,en
nasty bastard bro,1,en
nasty bastard man,1,en
nasty bastard dude,1,en
you nasty bastard,1,en
you nasty bastard!,1,en
you nasty bastard.,1,en
you nasty bastard lol,1,en
you nasty bastard bro,1,en
you nasty bastard man,1,en
you nasty bastard dude,1,en
u nasty bastard,1,en
u nasty bastard!,1,en
u nasty bastard.,1,en
u nasty bastard lol,1,en
u nasty bastard bro,1,en
u nasty bastard man,1,en
u nasty bastard dude,1,en
hey nasty bastard,1,en
hey nasty bastard!,1,en
hey nasty bastard.,1,en
hey nasty bastard lol,1,en
hey nasty bastard bro,1,en
hey nasty bastard man,1,en
hey nasty bastard dude,1,en
such a nasty bastard,1,en
such a nasty bastard!,1,en
such a nasty bastard.,1,en
such a nasty bastard lol,1,en
such a nasty bastard bro,1,en
such a nasty bastard man,1,en
such a nasty bastard dude,1,en
what a nasty bastard,1,en
what a nasty bastard!,1,en
what a nasty bastard.,1,en
what a nasty bastard lol,1,en
what a nasty bastard bro,1,en
what a nasty bastard man,1,en
what a nasty bastard dude,1,en
nasty piece of work,1,en
nasty piece of work!,1,en
nasty piece of work.,1,en
nasty piece of work lol,1,en
nasty piece of work bro,1,en
nasty piece of work man,1,en
nasty piece of work dude,1,en
you nasty piece of work,1,en
you nasty piece of work!,1,en
you nasty piece of work.,1,en
you nasty piece of work lol,1,en
you nasty piece of work bro,1,en
you nasty piece of work man,1,en
you nasty piece of work dude,1,en
u nasty piece of work,1,en
u nasty piece of work!,1,en
u nasty piece of work.,1,en
u nasty piece of work lol,1,en
u nasty piece of work bro,1,en
u nasty piece of work man,1,en
u nasty piece of work dude,1,en
hey nasty piece of work,1,en
hey nasty piece of work!,1,en
hey nasty piece of work.,1,en
hey nasty piece of work lol,1,en
hey nasty piece of work bro,1,en
hey nasty piece of work man,1,en
hey nasty piece of work dude,1,en
such a nasty piece of work,1,en
such a nasty piece of work!,1,en
such a nasty piece of work.,1,en
such a nasty piece of work lol,1,en
such a nasty piece of work bro,1,en
such a nasty piece of work man,1,en
such a nasty piece of work dude,1,en
what a nasty piece of work,1,en
what a nasty piece of work!,1,en
what a nasty piece of work.,1,en
what a nasty piece of work lol,1,en
what a nasty piece of work bro,1,en
what a nasty piece of work man,1,en
what a nasty piece of work dude,1,en
evil bastard,1,en
evil bastard!,1,en
evil bastard.,1,en
evil bastard lol,1,en
evil bastard bro,1,en
evil bastard man,1,en
evil bastard dude,1,en
you evil bastard,1,en
you evil bastard!,1,en
you evil bastard.,1,en
you evil bastard lol,1,en
you evil bastard bro,1,en
you evil bastard man,1,en
you evil bastard dude,1,en
u evil bastard,1,en
u evil bastard!,1,en
u evil bastard.,1,en
u evil bastard lol,1,en
u evil bastard bro,1,en
u evil bastard man,1,en
u evil bastard dude,1,en
hey evil bastard,1,en
hey evil bastard!,1,en
hey evil bastard.,1,en
hey evil bastard lol,1,en
hey evil bastard bro,1,en
hey evil bastard man,1,en
hey evil bastard dude,1,en
such a evil bastard,1,en
such a evil bastard!,1,en
such a evil bastard.,1,en
such a evil bastard lol,1,en
such a evil bastard bro,1,en
such a evil bastard man,1,en
such a evil bastard dude,1,en
what a evil bastard,1,en
what a evil bastard!,1,en
what a evil bastard.,1,en
what a evil bastard lol,1,en
what a evil bastard bro,1,en
what a evil bastard man,1,en
what a evil bastard dude,1,en
rotten bastard,1,en
rotten bastard!,1,en
rotten bastard.,1,en
rotten bastard lol,1,en
rotten bastard bro,1,en
rotten bastard man,1,en
rotten bastard dude,1,en
you rotten bastard,1,en
you rotten bastard!,1,en
you rotten bastard.,1,en
you rotten bastard lol,1,en
you rotten bastard bro,1,en
you rotten bastard man,1,en
you rotten bastard dude,1,en
u rotten bastard,1,en
u rotten bastard!,1,en
u rotten bastard.,1,en
u rotten bastard lol,1,en
u rotten bastard bro,1,en
u rotten bastard man,1,en
u rotten bastard dude,1,en
hey rotten bastard,1,en
hey rotten bastard!,1,en
hey rotten bastard.,1,en
hey rotten bastard lol,1,en
hey rotten bastard bro,1,en
hey rotten bastard man,1,en
hey rotten bastard dude,1,en
such a rotten bastard,1,en
such a rotten bastard!,1,en
such a rotten bastard.,1,en
such a rotten bastard lol,1,en
such a rotten bastard bro,1,en
such a rotten bastard man,1,en
such a rotten bastard dude,1,en
what a rotten bastard,1,en
what a rotten bastard!,1,en
what a rotten bastard.,1,en
what a rotten bastard lol,1,en
what a rotten bastard bro,1,en
what a rotten bastard man,1,en
what a rotten bastard dude,1,en
rotten scumbag,1,en
rotten scumbag!,1,en
rotten scumbag.,1,en
rotten scumbag lol,1,en
rotten scumbag bro,1,en
rotten scumbag man,1,en
rotten scumbag dude,1,en
you rotten scumbag,1,en
you rotten scumbag!,1,en
you rotten scumbag.,1,en
you rotten scumbag lol,1,en
you rotten scumbag bro,1,en
you rotten scumbag man,1,en
you rotten scumbag dude,1,en
u rotten scumbag,1,en
u rotten scumbag!,1,en
u rotten scumbag.,1,en
u rotten scumbag lol,1,en
u rotten scumbag bro,1,en
u rotten scumbag man,1,en
u rotten scumbag dude,1,en
hey rotten scumbag,1,en
hey rotten scumbag!,1,en
hey rotten scumbag.,1,en
hey rotten scumbag lol,1,en
hey rotten scumbag bro,1,en
hey rotten scumbag man,1,en
hey rotten scumbag dude,1,en
such a rotten scumbag,1,en
such a rotten scumbag!,1,en
such a rotten scumbag.,1,en
such a rotten scumbag lol,1,en
such a rotten scumbag bro,1,en
such a rotten scumbag man,1,en
such a rotten scumbag dude,1,en
what a rotten scumbag,1,en
what a rotten scumbag!,1,en
what a rotten scumbag.,1,en
what a rotten scumbag lol,1,en
what a rotten scumbag bro,1,en
what a rotten scumbag man,1,en
what a rotten scumbag dude,1,en
useless idiot,1,en
useless idiot!,1,en
useless idiot.,1,en
useless idiot lol,1,en
useless idiot bro,1,en
useless idiot man,1,en
useless idiot dude,1,en
you useless idiot,1,en
you useless idiot!,1,en
you useless idiot.,1,en
you useless idiot lol,1,en
you useless idiot bro,1,en
you useless idiot man,1,en
you useless idiot dude,1,en
u useless idiot,1,en
u useless idiot!,1,en
u useless idiot.,1,en
u useless idiot lol,1,en
u useless idiot bro,1,en
u useless idiot man,1,en
u useless idiot dude,1,en
hey useless idiot,1,en
hey useless idiot!,1,en
hey useless idiot.,1,en
hey useless idiot lol,1,en
hey useless idiot bro,1,en
hey useless idiot man,1,en
hey useless idiot dude,1,en
such a useless idiot,1,en
such a useless idiot!,1,en
such a useless idiot.,1,en
such a useless idiot lol,1,en
such a useless idiot bro,1,en
such a useless idiot man,1,en
such a useless idiot dude,1,en
what a useless idiot,1,en
what a useless idiot!,1,en
what a useless idiot.,1,en
what a useless idiot lol,1,en
what a useless idiot bro,1,en
what a useless idiot man,1,en
what a useless idiot dude,1,en
useless 1diot,1,en
useless 1diot!,1,en
useless 1diot.,1,en
useless 1diot lol,1,en
useless 1diot bro,1,en
useless 1diot man,1,en
useless 1diot dude,1,en
you useless 1diot,1,en
you useless 1diot!,1,en
you useless 1diot.,1,en
you useless 1diot lol,1,en
you useless 1diot bro,1,en
you useless 1diot man,1,en
you useless 1diot dude,1,en
u useless 1diot,1,en
u useless 1diot!,1,en
u useless 1diot.,1,en
u useless 1diot lol,1,en
u useless 1diot bro,1,en
u useless 1diot man,1,en
u useless 1diot dude,1,en
hey useless 1diot,1,en
hey useless 1diot!,1,en
hey useless 1diot.,1,en
hey useless 1diot lol,1,en
hey useless 1diot bro,1,en
hey useless 1diot man,1,en
hey useless 1diot dude,1,en
such a useless 1diot,1,en
such a useless 1diot!,1,en
such a useless 1diot.,1,en
such a useless 1diot lol,1,en
such a useless 1diot bro,1,en
such a useless 1diot man,1,en
such a useless 1diot dude,1,en
what a useless 1diot,1,en
what a useless 1diot!,1,en
what a useless 1diot.,1,en
what a useless 1diot lol,1,en
what a useless 1diot bro,1,en
what a useless 1diot man,1,en
what a useless 1diot dude,1,en
useless asshole,1,en
useless asshole!,1,en
useless asshole.,1,en
useless asshole lol,1,en
useless asshole bro,1,en
useless asshole man,1,en
useless asshole dude,1,en
you useless asshole,1,en
you useless asshole!,1,en
you useless asshole.,1,en
you useless asshole lol,1,en
you useless asshole bro,1,en
you useless asshole man,1,en
you useless asshole dude,1,en
u useless asshole,1,en
u useless asshole!,1,en
u useless asshole.,1,en
u useless asshole lol,1,en
u useless asshole bro,1,en
u useless asshole man,1,en
u useless asshole dude,1,en
hey useless asshole,1,en
hey useless asshole!,1,en
hey useless asshole.,1,en
hey useless asshole lol,1,en
hey useless asshole bro,1,en
hey useless asshole man,1,en
hey useless asshole dude,1,en
such a useless asshole,1,en
such a useless asshole!,1,en
such a useless asshole.,1,en
such a useless asshole lol,1,en
such a useless asshole bro,1,en
such a useless asshole man,1,en
such a useless asshole dude,1,en
what a useless asshole,1,en
what a useless asshole!,1,en
what a useless asshole.,1,en
what a useless asshole lol,1,en
what a useless asshole bro,1,en
what a useless asshole man,1,en
what a useless asshole dude,1,en
useless azzhole,1,en
useless azzhole!,1,en
useless azzhole.,1,en
useless azzhole lol,1,en
useless azzhole bro,1,en
useless azzhole man,1,en
useless azzhole dude,1,en
you useless azzhole,1,en
you useless azzhole!,1,en
you useless azzhole.,1,en
you useless azzhole lol,1,en
you useless azzhole bro,1,en
you useless azzhole man,1,en
you useless azzhole dude,1,en
u useless azzhole,1,en
u useless azzhole!,1,en
u useless azzhole.,1,en
u useless azzhole lol,1,en
u useless azzhole bro,1,en
u useless azzhole man,1,en
u useless azzhole dude,1,en
hey useless azzhole,1,en
hey useless azzhole!,1,en
hey useless azzhole.,1,en
hey useless azzhole lol,1,en
hey useless azzhole bro,1,en
hey useless azzhole man,1,en
hey useless azzhole dude,1,en
such a useless azzhole,1,en
such a useless azzhole!,1,en
such a useless azzhole.,1,en
such a useless azzhole lol,1,en
such a useless azzhole bro,1,en
such a useless azzhole man,1,en
such a useless azzhole dude,1,en
what a useless azzhole,1,en
what a useless azzhole!,1,en
what a useless azzhole.,1,en
what a useless azzhole lol,1,en
what a useless azzhole bro,1,en
what a useless azzhole man,1,en
what a useless azzhole dude,1,en
useless loser,1,en
useless loser!,1,en
useless loser.,1,en
useless loser lol,1,en
useless loser bro,1,en
useless loser man,1,en
useless loser dude,1,en
you useless loser,1,en
you useless loser!,1,en
you useless loser.,1,en
you useless loser lol,1,en
you useless loser bro,1,en
you useless loser man,1,en
you useless loser dude,1,en
u useless loser,1,en
u useless loser!,1,en
u useless loser.,1,en
u useless loser lol,1,en
u useless loser bro,1,en
u useless loser man,1,en
u useless loser dude,1,en
hey useless loser,1,en
hey useless loser!,1,en
hey useless loser.,1,en
hey useless loser lol,1,en
hey useless loser bro,1,en
hey useless loser man,1,en
hey useless loser dude,1,en
such a useless loser,1,en
such a useless loser!,1,en
such a useless loser.,1,en
such a useless loser lol,1,en
such a useless loser bro,1,en
such a useless loser man,1,en
such a useless loser dude,1,en
what a useless loser,1,en
what a useless loser!,1,en
what a useless loser.,1,en
what a useless loser lol,1,en
what a useless loser bro,1,en
what a useless loser man,1,en
what a useless loser dude,1,en
annoying idiot,1,en
annoying idiot!,1,en
annoying idiot.,1,en
annoying idiot lol,1,en
annoying idiot bro,1,en
annoying idiot man,1,en
annoying idiot dude,1,en
you annoying idiot,1,en
you annoying idiot!,1,en
you annoying idiot.,1,en
you annoying idiot lol,1,en
you annoying idiot bro,1,en
you annoying idiot man,1,en
you annoying idiot dude,1,en
u annoying idiot,1,en
u annoying idiot!,1,en
u annoying idiot.,1,en
u annoying idiot lol,1,en
u annoying idiot bro,1,en
u annoying idiot man,1,en
u annoying idiot dude,1,en
hey annoying idiot,1,en
hey annoying idiot!,1,en
hey annoying idiot.,1,en
hey annoying idiot lol,1,en
hey annoying idiot bro,1,en
hey annoying idiot man,1,en
hey annoying idiot dude,1,en
such a annoying idiot,1,en
such a annoying idiot!,1,en
such a annoying idiot.,1,en
such a annoying idiot lol,1,en
such a annoying idiot bro,1,en
such a annoying idiot man,1,en
such a annoying idiot dude,1,en
what a annoying idiot,1,en
what a annoying idiot!,1,en
what a annoying idiot.,1,en
what a annoying idiot lol,1,en
what a annoying idiot bro,1,en
what a annoying idiot man,1,en
what a annoying idiot dude,1,en
annoying 1diot,1,en
annoying 1diot!,1,en
annoying 1diot.,1,en
annoying 1diot lol,1,en
annoying 1diot bro,1,en
annoying 1diot man,1,en
annoying 1diot dude,1,en
you annoying 1diot,1,en
you annoying 1diot!,1,en
you annoying 1diot.,1,en
you annoying 1diot lol,1,en
you annoying 1diot bro,1,en
you annoying 1diot man,1,en
you annoying 1diot dude,1,en
u annoying 1diot,1,en
u annoying 1diot!,1,en
u annoying 1diot.,1,en
u annoying 1diot lol,1,en
u annoying 1diot bro,1,en
u annoying 1diot man,1,en
u annoying 1diot dude,1,en
hey annoying 1diot,1,en
hey annoying 1diot!,1,en
hey annoying 1diot.,1,en
hey annoying 1diot lol,1,en
hey annoying 1diot bro,1,en
hey annoying 1diot man,1,en
hey annoying 1diot dude,1,en
such a annoying 1diot,1,en
such a annoying 1diot!,1,en
such a annoying 1diot.,1,en
such a annoying 1diot lol,1,en
such a annoying 1diot bro,1,en
such a annoying 1diot man,1,en
such a annoying 1diot dude,1,en
what a annoying 1diot,1,en
what a annoying 1diot!,1,en
what a annoying 1diot.,1,en
what a annoying 1diot lol,1,en
what a annoying 1diot bro,1,en
what a annoying 1diot man,1,en
what a annoying 1diot dude,1,en
annoying asshole,1,en
annoying asshole!,1,en
annoying asshole.,1,en
annoying asshole lol,1,en
annoying asshole bro,1,en
annoying asshole man,1,en
annoying asshole dude,1,en
you annoying asshole,1,en
you annoying asshole!,1,en
you annoying asshole.,1,en
you annoying asshole lol,1,en
you annoying asshole bro,1,en
you annoying asshole man,1,en
you annoying asshole dude,1,en
u annoying asshole,1,en
u annoying asshole!,1,en
u annoying asshole.,1,en
u annoying asshole lol,1,en
u annoying asshole bro,1,en
u annoying asshole man,1,en
u annoying asshole dude,1,en
hey annoying asshole,1,en
hey annoying asshole!,1,en
hey annoying asshole.,1,en
hey annoying asshole lol,1,en
hey annoying asshole bro,1,en
hey annoying asshole man,1,en
hey annoying asshole dude,1,en
such a annoying asshole,1,en
such a annoying asshole!,1,en
such a annoying asshole.,1,en
such a annoying asshole lol,1,en
such a annoying asshole bro,1,en
such a annoying asshole man,1,en
such a annoying asshole dude,1,en
what a annoying asshole,1,en
what a annoying asshole!,1,en
what a annoying asshole.,1,en
what a annoying asshole lol,1,en
what a annoying asshole bro,1,en
what a annoying asshole man,1,en
what a annoying asshole dude,1,en
annoying azzhole,1,en
annoying azzhole!,1,en
annoying azzhole.,1,en
annoying azzhole lol,1,en
annoying azzhole bro,1,en
annoying azzhole man,1,en
annoying azzhole dude,1,en
you annoying azzhole,1,en
you annoying azzhole!,1,en
you annoying azzhole.,1,en
you annoying azzhole lol,1,en
you annoying azzhole bro,1,en
you annoying azzhole man,1,en
you annoying azzhole dude,1,en
u annoying azzhole,1,en
u annoying azzhole!,1,en
u annoying azzhole.,1,en
u annoying azzhole lol,1,en
u annoying azzhole bro,1,en
u annoying azzhole man,1,en
u annoying azzhole dude,1,en
hey annoying azzhole,1,en
hey annoying azzhole!,1,en
hey annoying azzhole.,1,en
hey annoying azzhole lol,1,en
hey annoying azzhole bro,1,en
hey annoying azzhole man,1,en
hey annoying azzhole dude,1,en
such a annoying azzhole,1,en
such a annoying azzhole!,1,en
such a annoying azzhole.,1,en
such a annoying azzhole lol,1,en
such a annoying azzhole bro,1,en
such a annoying azzhole man,1,en
such a annoying azzhole dude,1,en
what a annoying azzhole,1,en
what a annoying azzhole!,1,en
what a annoying azzhole.,1,en
what a annoying azzhole lol,1,en
what a annoying azzhole bro,1,en
what a annoying azzhole man,1,en
what a annoying azzhole dude,1,en
annoying bastard,1,en
annoying bastard!,1,en
annoying bastard.,1,en
annoying bastard lol,1,en
annoying bastard bro,1,en
annoying bastard man,1,en
annoying bastard dude,1,en
you annoying bastard,1,en
you annoying bastard!,1,en
you annoying bastard.,1,en
you annoying bastard lol,1,en
you annoying bastard bro,1,en
you annoying bastard man,1,en
you annoying bastard dude,1,en
u annoying bastard,1,en
u annoying bastard!,1,en
u annoying bastard.,1,en
u annoying bastard lol,1,en
u annoying bastard bro,1,en
u annoying bastard man,1,en
u annoying bastard dude,1,en
hey annoying bastard,1,en
hey annoying bastard!,1,en
hey annoying bastard.,1,en
hey annoying bastard lol,1,en
hey annoying bastard bro,1,en
hey annoying bastard man,1,en
hey annoying bastard dude,1,en
such a annoying bastard,1,en
such a annoying bastard!,1,en
such a annoying bastard.,1,en
such a annoying bastard lol,1,en
such a annoying bastard bro,1,en
such a annoying bastard man,1,en
such a annoying bastard dude,1,en
what a annoying bastard,1,en
what a annoying bastard!,1,en
what a annoying bastard.,1,en
what a annoying bastard lol,1,en
what a annoying bastard bro,1,en
what a annoying bastard man,1,en
what a annoying bastard dude,1,en
obnoxious idiot,1,en
obnoxious idiot!,1,en
obnoxious idiot.,1,en
obnoxious idiot lol,1,en
obnoxious idiot bro,1,en
obnoxious idiot man,1,en
obnoxious idiot dude,1,en
you obnoxious idiot,1,en
you obnoxious idiot!,1,en
you obnoxious idiot.,1,en
you obnoxious idiot lol,1,en
you obnoxious idiot bro,1,en
you obnoxious idiot man,1,en
you obnoxious idiot dude,1,en
u obnoxious idiot,1,en
u obnoxious idiot!,1,en
u obnoxious idiot.,1,en
u obnoxious idiot lol,1,en
u obnoxious idiot bro,1,en
u obnoxious idiot man,1,en
u obnoxious idiot dude,1,en
hey obnoxious idiot,1,en
hey obnoxious idiot!,1,en
hey obnoxious idiot.,1,en
hey obnoxious idiot lol,1,en
hey obnoxious idiot bro,1,en
hey obnoxious idiot man,1,en
hey obnoxious idiot dude,1,en
such a obnoxious idiot,1,en
such a obnoxious idiot!,1,en
such a obnoxious idiot.,1,en
such a obnoxious idiot lol,1,en
such a obnoxious idiot bro,1,en
such a obnoxious idiot man,1,en
such a obnoxious idiot dude,1,en
what a obnoxious idiot,1,en
what a obnoxious idiot!,1,en
what a obnoxious idiot.,1,en
what a obnoxious idiot lol,1,en
what a obnoxious idiot bro,1,en
what a obnoxious idiot man,1,en
what a obnoxious idiot dude,1,en
obnoxious 1diot,1,en
obnoxious 1diot!,1,en
obnoxious 1diot.,1,en
obnoxious 1diot lol,1,en
obnoxious 1diot bro,1,en
obnoxious 1diot man,1,en
obnoxious 1diot dude,1,en
you obnoxious 1diot,1,en
you obnoxious 1diot!,1,en
you obnoxious 1diot.,1,en
you obnoxious 1diot lol,1,en
you obnoxious 1diot bro,1,en
you obnoxious 1diot man,1,en
you obnoxious 1diot dude,1,en
u obnoxious 1diot,1,en
u obnoxious 1diot!,1,en
u obnoxious 1diot.,1,en
u obnoxious 1diot lol,1,en
u obnoxious 1diot bro,1,en
u obnoxious 1diot man,1,en
u obnoxious 1diot dude,1,en
hey obnoxious 1diot,1,en
hey obnoxious 1diot!,1,en
hey obnoxious 1diot.,1,en
hey obnoxious 1diot lol,1,en
hey obnoxious 1diot bro,1,en
hey obnoxious 1diot man,1,en
hey obnoxious 1diot dude,1,en
such a obnoxious 1diot,1,en
such a obnoxious 1diot!,1,en
such a obnoxious 1diot.,1,en
such a obnoxious 1diot lol,1,en
such a obnoxious 1diot bro,1,en
such a obnoxious 1diot man,1,en
such a obnoxious 1diot dude,1,en
what a obnoxious 1diot,1,en
what a obnoxious 1diot!,1,en
what a obnoxious 1diot.,1,en
what a obnoxious 1diot lol,1,en
what a obnoxious 1diot bro,1,en
what a obnoxious 1diot man,1,en
what a obnoxious 1diot dude,1,en
obnoxious asshole,1,en
obnoxious asshole!,1,en
obnoxious asshole.,1,en
obnoxious asshole lol,1,en
obnoxious asshole bro,1,en
obnoxious asshole man,1,en
obnoxious asshole dude,1,en
you obnoxious asshole,1,en
you obnoxious asshole!,1,en
you obnoxious asshole.,1,en
you obnoxious asshole lol,1,en
you obnoxious asshole bro,1,en
you obnoxious asshole man,1,en
you obnoxious asshole dude,1,en
u obnoxious asshole,1,en
u obnoxious asshole!,1,en
u obnoxious asshole.,1,en
u obnoxious asshole lol,1,en
u obnoxious asshole bro,1,en
u obnoxious asshole man,1,en
u obnoxious asshole dude,1,en
hey obnoxious asshole,1,en
hey obnoxious asshole!,1,en
hey obnoxious asshole.,1,en
hey obnoxious asshole lol,1,en
hey obnoxious asshole bro,1,en
hey obnoxious asshole man,1,en
hey obnoxious asshole dude,1,en
such a obnoxious asshole,1,en
such a obnoxious asshole!,1,en
such a obnoxious asshole.,1,en
such a obnoxious asshole lol,1,en
such a obnoxious asshole bro,1,en
such a obnoxious asshole man,1,en
such a obnoxious asshole dude,1,en
what a obnoxious asshole,1,en
what a obnoxious asshole!,1,en
what a obnoxious asshole.,1,en
what a obnoxious asshole lol,1,en
what a obnoxious asshole bro,1,en
what a obnoxious asshole man,1,en
what a obnoxious asshole dude,1,en
obnoxious azzhole,1,en
obnoxious azzhole!,1,en
obnoxious azzhole.,1,en
obnoxious azzhole lol,1,en
obnoxious azzhole bro,1,en
obnoxious azzhole man,1,en
obnoxious azzhole dude,1,en
you obnoxious azzhole,1,en
you obnoxious azzhole!,1,en
you obnoxious azzhole.,1,en
you obnoxious azzhole lol,1,en
you obnoxious azzhole bro,1,en
you obnoxious azzhole man,1,en
you obnoxious azzhole dude,1,en
u obnoxious azzhole,1,en
u obnoxious azzhole!,1,en
u obnoxious azzhole.,1,en
u obnoxious azzhole lol,1,en
u obnoxious azzhole bro,1,en
u obnoxious azzhole man,1,en
u obnoxious azzhole dude,1,en
hey obnoxious azzhole,1,en
hey obnoxious azzhole!,1,en
hey obnoxious azzhole.,1,en
hey obnoxious azzhole lol,1,en
hey obnoxious azzhole bro,1,en
hey obnoxious azzhole man,1,en
hey obnoxious azzhole dude,1,en
such a obnoxious azzhole,1,en
such a obnoxious azzhole!,1,en
such a obnoxious azzhole.,1,en
such a obnoxious azzhole lol,1,en
such a obnoxious azzhole bro,1,en
such a obnoxious azzhole man,1,en
such a obnoxious azzhole dude,1,en
what a obnoxious azzhole,1,en
what a obnoxious azzhole!,1,en
what a obnoxious azzhole.,1,en
what a obnoxious azzhole lol,1,en
what a obnoxious azzhole bro,1,en
what a obnoxious azzhole man,1,en
what a obnoxious azzhole dude,1,en
selfish jerk,1,en
selfish jerk!,1,en
selfish jerk.,1,en
selfish jerk lol,1,en
selfish jerk bro,1,en
selfish jerk man,1,en
selfish jerk dude,1,en
you selfish jerk,1,en
you selfish jerk!,1,en
you selfish jerk.,1,en
you selfish jerk lol,1,en
you selfish jerk bro,1,en
you selfish jerk man,1,en
you selfish jerk dude,1,en
u selfish jerk,1,en
u selfish jerk!,1,en
u selfish jerk.,1,en
u selfish jerk lol,1,en
u selfish jerk bro,1,en
u selfish jerk man,1,en
u selfish jerk dude,1,en
hey selfish jerk,1,en
hey selfish jerk!,1,en
hey selfish jerk.,1,en
hey selfish jerk lol,1,en
hey selfish jerk bro,1,en
hey selfish jerk man,1,en
hey selfish jerk dude,1,en
such a selfish jerk,1,en
such a selfish jerk!,1,en
such a selfish jerk.,1,en
such a selfish jerk lol,1,en
such a selfish jerk bro,1,en
such a selfish jerk man,1,en
such a selfish jerk dude,1,en
what a selfish jerk,1,en
what a selfish jerk!,1,en
what a selfish jerk.,1,en
what a selfish jerk lol,1,en
what a selfish jerk bro,1,en
what a selfish jerk man,1,en
what a selfish jerk dude,1,en
arrogant jerk,1,en
arrogant jerk!,1,en
arrogant jerk.,1,en
arrogant jerk lol,1,en
arrogant jerk bro,1,en
arrogant jerk man,1,en
arrogant jerk dude,1,en
you arrogant jerk,1,en
you arrogant jerk!,1,en
you arrogant jerk.,1,en
you arrogant jerk lol,1,en
you arrogant jerk bro,1,en
you arrogant jerk man,1,en
you arrogant jerk dude,1,en
u arrogant jerk,1,en
u arrogant jerk!,1,en
u arrogant jerk.,1,en
u arrogant jerk lol,1,en
u arrogant jerk bro,1,en
u arrogant jerk man,1,en
u arrogant jerk dude,1,en
hey arrogant jerk,1,en
hey arrogant jerk!,1,en
hey arrogant jerk.,1,en
hey arrogant jerk lol,1,en
hey arrogant jerk bro,1,en
hey arrogant jerk man,1,en
hey arrogant jerk dude,1,en
such a arrogant jerk,1,en
such a arrogant jerk!,1,en
such a arrogant jerk.,1,en
such a arrogant jerk lol,1,en
such a arrogant jerk bro,1,en
such a arrogant jerk man,1,en
such a arrogant jerk dude,1,en
what a arrogant jerk,1,en
what a arrogant jerk!,1,en
what a arrogant jerk.,1,en
what a arrogant jerk lol,1,en
what a arrogant jerk bro,1,en
what a arrogant jerk man,1,en
what a arrogant jerk dude,1,en
arrogant asshole,1,en
arrogant asshole!,1,en
arrogant asshole.,1,en
arrogant asshole lol,1,en
arrogant asshole bro,1,en
arrogant asshole man,1,en
arrogant asshole dude,1,en
you arrogant asshole,1,en
you arrogant asshole!,1,en
you arrogant asshole.,1,en
you arrogant asshole lol,1,en
you arrogant asshole bro,1,en
you arrogant asshole man,1,en
you arrogant asshole dude,1,en
u arrogant asshole,1,en
u arrogant asshole!,1,en
u arrogant asshole.,1,en
u arrogant asshole lol,1,en
u arrogant asshole bro,1,en
u arrogant asshole man,1,en
u arrogant asshole dude,1,en
hey arrogant asshole,1,en
hey arrogant asshole!,1,en
hey arrogant asshole.,1,en
hey arrogant asshole lol,1,en
hey arrogant asshole bro,1,en
hey arrogant asshole man,1,en
hey arrogant asshole dude,1,en
such a arrogant asshole,1,en
such a arrogant asshole!,1,en
such a arrogant asshole.,1,en
such a arrogant asshole lol,1,en
such a arrogant asshole bro,1,en
such a arrogant asshole man,1,en
such a arrogant asshole dude,1,en
what a arrogant asshole,1,en
what a arrogant asshole!,1,en
what a arrogant asshole.,1,en
what a arrogant asshole lol,1,en
what a arrogant asshole bro,1,en
what a arrogant asshole man,1,en
what a arrogant asshole dude,1,en
arrogant azzhole,1,en
arrogant azzhole!,1,en
arrogant azzhole.,1,en
arrogant azzhole lol,1,en
arrogant azzhole bro,1,en
arrogant azzhole man,1,en
arrogant azzhole dude,1,en
you arrogant azzhole,1,en
you arrogant azzhole!,1,en
you arrogant azzhole.,1,en
you arrogant azzhole lol,1,en
you arrogant azzhole bro,1,en
you arrogant azzhole man,1,en
you arrogant azzhole dude,1,en
u arrogant azzhole,1,en
u arrogant azzhole!,1,en
u arrogant azzhole.,1,en
u arrogant azzhole lol,1,en
u arrogant azzhole bro,1,en
u arrogant azzhole man,1,en
u arrogant azzhole dude,1,en
hey arrogant azzhole,1,en
hey arrogant azzhole!,1,en
hey arrogant azzhole.,1,en
hey arrogant azzhole lol,1,en
hey arrogant azzhole bro,1,en
hey arrogant azzhole man,1,en
hey arrogant azzhole dude,1,en
such a arrogant azzhole,1,en
such a arrogant azzhole!,1,en
such a arrogant azzhole.,1,en
such a arrogant azzhole lol,1,en
such a arrogant azzhole bro,1,en
such a arrogant azzhole man,1,en
such a arrogant azzhole dude,1,en
what a arrogant azzhole,1,en
what a arrogant azzhole!,1,en
what a arrogant azzhole.,1,en
what a arrogant azzhole lol,1,en
what a arrogant azzhole bro,1,en
what a arrogant azzhole man,1,en
what a arrogant azzhole dude,1,en
rude asshole,1,en
rude asshole!,1,en
rude asshole.,1,en
rude asshole lol,1,en
rude asshole bro,1,en
rude asshole man,1,en
rude asshole dude,1,en
you rude asshole,1,en
you rude asshole!,1,en
you rude asshole.,1,en
you rude asshole lol,1,en
you rude asshole bro,1,en
you rude asshole man,1,en
you rude asshole dude,1,en
u rude asshole,1,en
u rude asshole!,1,en
u rude asshole.,1,en
u rude asshole lol,1,en
u rude asshole bro,1,en
u rude asshole man,1,en
u rude asshole dude,1,en
hey rude asshole,1,en
hey rude asshole!,1,en
hey rude asshole.,1,en
hey rude asshole lol,1,en
hey rude asshole bro,1,en
hey rude asshole man,1,en
hey rude asshole dude,1,en
such a rude asshole,1,en
such a rude asshole!,1,en
such a rude asshole.,1,en
such a rude asshole lol,1,en
such a rude asshole bro,1,en
such a rude asshole man,1,en
such a rude asshole dude,1,en
what a rude asshole,1,en
what a rude asshole!,1,en
what a rude asshole.,1,en
what a rude asshole lol,1,en
what a rude asshole bro,1,en
what a rude asshole man,1,en
what a rude asshole dude,1,en
rude azzhole,1,en
rude azzhole!,1,en
rude azzhole.,1,en
rude azzhole lol,1,en
rude azzhole bro,1,en
rude azzhole man,1,en
rude azzhole dude,1,en
you rude azzhole,1,en
you rude azzhole!,1,en
you rude azzhole.,1,en
you rude azzhole lol,1,en
you rude azzhole bro,1,en
you rude azzhole man,1,en
you rude azzhole dude,1,en
u rude azzhole,1,en
u rude azzhole!,1,en
u rude azzhole.,1,en
u rude azzhole lol,1,en
u rude azzhole bro,1,en
u rude azzhole man,1,en
u rude azzhole dude,1,en
hey rude azzhole,1,en
hey rude azzhole!,1,en
hey rude azzhole.,1,en
hey rude azzhole lol,1,en
hey rude azzhole bro,1,en
hey rude azzhole man,1,en
hey rude azzhole dude,1,en
such a rude azzhole,1,en
such a rude azzhole!,1,en
such a rude azzhole.,1,en
such a rude azzhole lol,1,en
such a rude azzhole bro,1,en
such a rude azzhole man,1,en
such a rude azzhole dude,1,en
what a rude azzhole,1,en
what a rude azzhole!,1,en
what a rude azzhole.,1,en
what a rude azzhole lol,1,en
what a rude azzhole bro,1,en
what a rude azzhole man,1,en
what a rude azzhole dude,1,en
rude bastard,1,en
rude bastard!,1,en
rude bastard.,1,en
rude bastard lol,1,en
rude bastard bro,1,en
rude bastard man,1,en
rude bastard dude,1,en
you rude bastard,1,en
you rude bastard!,1,en
you rude bastard.,1,en
you rude bastard lol,1,en
you rude bastard bro,1,en
you rude bastard man,1,en
you rude bastard dude,1,en
u rude bastard,1,en
u rude bastard!,1,en
u rude bastard.,1,en
u rude bastard lol,1,en
u rude bastard bro,1,en
u rude bastard man,1,en
u rude bastard dude,1,en
hey rude bastard,1,en
hey rude bastard!,1,en
hey rude bastard.,1,en
hey rude bastard lol,1,en
hey rude bastard bro,1,en
hey rude bastard man,1,en
hey rude bastard dude,1,en
such a rude bastard,1,en
such a rude bastard!,1,en
such a rude bastard.,1,en
such a rude bastard lol,1,en
such a rude bastard bro,1,en
such a rude bastard man,1,en
such a rude bastard dude,1,en
what a rude bastard,1,en
what a rude bastard!,1,en
what a rude bastard.,1,en
what a rude bastard lol,1,en
what a rude bastard bro,1,en
what a rude bastard man,1,en
what a rude bastard dude,1,en
ignorant idiot,1,en
ignorant idiot!,1,en
ignorant idiot.,1,en
ignorant idiot lol,1,en
ignorant idiot bro,1,en
ignorant idiot man,1,en
ignorant idiot dude,1,en
you ignorant idiot,1,en
you ignorant idiot!,1,en
you ignorant idiot.,1,en
you ignorant idiot lol,1,en
you ignorant idiot bro,1,en
you ignorant idiot man,1,en
you ignorant idiot dude,1,en
u ignorant idiot,1,en
u ignorant idiot!,1,en
u ignorant idiot.,1,en
u ignorant idiot lol,1,en
u ignorant idiot bro,1,en
u ignorant idiot man,1,en
u ignorant idiot dude,1,en
hey ignorant idiot,1,en
hey ignorant idiot!,1,en
hey ignorant idiot.,1,en
hey ignorant idiot lol,1,en
hey ignorant idiot bro,1,en
hey ignorant idiot man,1,en
hey ignorant idiot dude,1,en
such a ignorant idiot,1,en
such a ignorant idiot!,1,en
such a ignorant idiot.,1,en
such a ignorant idiot lol,1,en
such a ignorant idiot bro,1,en
such a ignorant idiot man,1,en
such a ignorant idiot dude,1,en
what a ignorant idiot,1,en
what a ignorant idiot!,1,en
what a ignorant idiot.,1,en
what a ignorant idiot lol,1,en
what a ignorant idiot bro,1,en
what a ignorant idiot man,1,en
what a ignorant idiot dude,1,en
ignorant 1diot,1,en
ignorant 1diot!,1,en
ignorant 1diot.,1,en
ignorant 1diot lol,1,en
ignorant 1diot bro,1,en
ignorant 1diot man,1,en
ignorant 1diot dude,1,en
you ignorant 1diot,1,en
you ignorant 1diot!,1,en
you ignorant 1diot.,1,en
you ignorant 1diot lol,1,en
you ignorant 1diot bro,1,en
you ignorant 1diot man,1,en
you ignorant 1diot dude,1,en
u ignorant 1diot,1,en
u ignorant 1diot!,1,en
u ignorant 1diot.,1,en
u ignorant 1diot lol,1,en
u ignorant 1diot bro,1,en
u ignorant 1diot man,1,en
u ignorant 1diot dude,1,en
hey ignorant 1diot,1,en
hey ignorant 1diot!,1,en
hey ignorant 1diot.,1,en
hey ignorant 1diot lol,1,en
hey ignorant 1diot bro,1,en
hey ignorant 1diot man,1,en
hey ignorant 1diot dude,1,en
such a ignorant 1diot,1,en
such a ignorant 1diot!,1,en
such a ignorant 1diot.,1,en
such a ignorant 1diot lol,1,en
such a ignorant 1diot bro,1,en
such a ignorant 1diot man,1,en
such a ignorant 1diot dude,1,en
what a ignorant 1diot,1,en
what a ignorant 1diot!,1,en
what a ignorant 1diot.,1,en
what a ignorant 1diot lol,1,en
what a ignorant 1diot bro,1,en
what a ignorant 1diot man,1,en
what a ignorant 1diot dude,1,en
ignorant asshole,1,en
ignorant asshole!,1,en
ignorant asshole.,1,en
ignorant asshole lol,1,en
ignorant asshole bro,1,en
ignorant asshole man,1,en
ignorant asshole dude,1,en
you ignorant asshole,1,en
you ignorant asshole!,1,en
you ignorant asshole.,1,en
you ignorant asshole lol,1,en
you ignorant asshole bro,1,en
you ignorant asshole man,1,en
you ignorant asshole dude,1,en
u ignorant asshole,1,en
u ignorant asshole!,1,en
u ignorant asshole.,1,en
u ignorant asshole lol,1,en
u ignorant asshole bro,1,en
u ignorant asshole man,1,en
u ignorant asshole dude,1,en
hey ignorant asshole,1,en
hey ignorant asshole!,1,en
hey ignorant asshole.,1,en
hey ignorant asshole lol,1,en
hey ignorant asshole bro,1,en
hey ignorant asshole man,1,en
hey ignorant asshole dude,1,en
such a ignorant asshole,1,en
such a ignorant asshole!,1,en
such a ignorant asshole.,1,en
such a ignorant asshole lol,1,en
such a ignorant asshole bro,1,en
such a ignorant asshole man,1,en
such a ignorant asshole dude,1,en
what a ignorant asshole,1,en
what a ignorant asshole!,1,en
what a ignorant asshole.,1,en
what a ignorant asshole lol,1,en
what a ignorant asshole bro,1,en
what a ignorant asshole man,1,en
what a ignorant asshole dude,1,en
ignorant azzhole,1,en
ignorant azzhole!,1,en
ignorant azzhole.,1,en
ignorant azzhole lol,1,en
ignorant azzhole bro,1,en
ignorant azzhole man,1,en
ignorant azzhole dude,1,en
you ignorant azzhole,1,en
you ignorant azzhole!,1,en
you ignorant azzhole.,1,en
you ignorant azzhole lol,1,en
you ignorant azzhole bro,1,en
you ignorant azzhole man,1,en
you ignorant azzhole dude,1,en
u ignorant azzhole,1,en
u ignorant azzhole!,1,en
u ignorant azzhole.,1,en
u ignorant azzhole lol,1,en
u ignorant azzhole bro,1,en
u ignorant azzhole man,1,en
u ignorant azzhole dude,1,en
hey ignorant azzhole,1,en
hey ignorant azzhole!,1,en
hey ignorant azzhole.,1,en
hey ignorant azzhole lol,1,en
hey ignorant azzhole bro,1,en
hey ignorant azzhole man,1,en
hey ignorant azzhole dude,1,en
such a ignorant azzhole,1,en
such a ignorant azzhole!,1,en
such a ignorant azzhole.,1,en
such a ignorant azzhole lol,1,en
such a ignorant azzhole bro,1,en
such a ignorant azzhole man,1,en
such a ignorant azzhole dude,1,en
what a ignorant azzhole,1,en
what a ignorant azzhole!,1,en
what a ignorant azzhole.,1,en
what a ignorant azzhole lol,1,en
what a ignorant azzhole bro,1,en
what a ignorant azzhole man,1,en
what a ignorant azzhole dude,1,en
clueless idiot,1,en
clueless idiot!,1,en
clueless idiot.,1,en
clueless idiot lol,1,en
clueless idiot bro,1,en
clueless idiot man,1,en
clueless idiot dude,1,en
you clueless idiot,1,en
you clueless idiot!,1,en
you clueless idiot.,1,en
you clueless idiot lol,1,en
you clueless idiot bro,1,en
you clueless idiot man,1,en
you clueless idiot dude,1,en
u clueless idiot,1,en
u clueless idiot!,1,en
u clueless idiot.,1,en
u clueless idiot lol,1,en
u clueless idiot bro,1,en
u clueless idiot man,1,en
u clueless idiot dude,1,en
hey clueless idiot,1,en
hey clueless idiot!,1,en
hey clueless idiot.,1,en
hey clueless idiot lol,1,en
hey clueless idiot bro,1,en
hey clueless idiot man,1,en
hey clueless idiot dude,1,en
such a clueless idiot,1,en
such a clueless idiot!,1,en
such a clueless idiot.,1,en
such a clueless idiot lol,1,en
such a clueless idiot bro,1,en
such a clueless idiot man,1,en
such a clueless idiot dude,1,en
what a clueless idiot,1,en
what a clueless idiot!,1,en
what a clueless idiot.,1,en
what a clueless idiot lol,1,en
what a clueless idiot bro,1,en
what a clueless idiot man,1,en
what a clueless idiot dude,1,en
clueless 1diot,1,en
clueless 1diot!,1,en
clueless 1diot.,1,en
clueless 1diot lol,1,en
clueless 1diot bro,1,en
clueless 1diot man,1,en
clueless 1diot dude,1,en
you clueless 1diot,1,en
you clueless 1diot!,1,en
you clueless 1diot.,1,en
you clueless 1diot lol,1,en
you clueless 1diot bro,1,en
you clueless 1diot man,1,en
you clueless 1diot dude,1,en
u clueless 1diot,1,en
u clueless 1diot!,1,en
u clueless 1diot.,1,en
u clueless 1diot lol,1,en
u clueless 1diot bro,1,en
u clueless 1diot man,1,en
u clueless 1diot dude,1,en
hey clueless 1diot,1,en
hey clueless 1diot!,1,en
hey clueless 1diot.,1,en
hey clueless 1diot lol,1,en
hey clueless 1diot bro,1,en
hey clueless 1diot man,1,en
hey clueless 1diot dude,1,en
such a clueless 1diot,1,en
such a clueless 1diot!,1,en
such a clueless 1diot.,1,en
such a clueless 1diot lol,1,en
such a clueless 1diot bro,1,en
such a clueless 1diot man,1,en
such a clueless 1diot dude,1,en
what a clueless 1diot,1,en
what a clueless 1diot!,1,en
what a clueless 1diot.,1,en
what a clueless 1diot lol,1,en
what a clueless 1diot bro,1,en
what a clueless 1diot man,1,en
what a clueless 1diot dude,1,en
clueless moron,1,en
clueless moron!,1,en
clueless moron.,1,en
clueless moron lol,1,en
clueless moron bro,1,en
clueless moron man,1,en
clueless moron dude,1,en
you clueless moron,1,en
you clueless moron!,1,en
you clueless moron.,1,en
you clueless moron lol,1,en
you clueless moron bro,1,en
you clueless moron man,1,en
you clueless moron dude,1,en
u clueless moron,1,en
u clueless moron!,1,en
u clueless moron.,1,en
u clueless moron lol,1,en
u clueless moron bro,1,en
u clueless moron man,1,en
u clueless moron dude,1,en
hey clueless moron,1,en
hey clueless moron!,1,en
hey clueless moron.,1,en
hey clueless moron lol,1,en
hey clueless moron bro,1,en
hey clueless moron man,1,en
hey clueless moron dude,1,en
such a clueless moron,1,en
such a clueless moron!,1,en
such a clueless moron.,1,en
such a clueless moron lol,1,en
such a clueless moron bro,1,en
such a clueless moron man,1,en
such a clueless moron dude,1,en
what a clueless moron,1,en
what a clueless moron!,1,en
what a clueless moron.,1,en
what a clueless moron lol,1,en
what a clueless moron bro,1,en
what a clueless moron man,1,en
what a clueless moron dude,1,en
brain-dead idiot,1,en
brain-dead idiot!,1,en
brain-dead idiot.,1,en
brain-dead idiot lol,1,en
brain-dead idiot bro,1,en
brain-dead idiot man,1,en
brain-dead idiot dude,1,en
you brain-dead idiot,1,en
you brain-dead idiot!,1,en
you brain-dead idiot.,1,en
you brain-dead idiot lol,1,en
you brain-dead idiot bro,1,en
you brain-dead idiot man,1,en
you brain-dead idiot dude,1,en
u brain-dead idiot,1,en
u brain-dead idiot!,1,en
u brain-dead idiot.,1,en
u brain-dead idiot lol,1,en
u brain-dead idiot bro,1,en
u brain-dead idiot man,1,en
u brain-dead idiot dude,1,en
hey brain-dead idiot,1,en
hey brain-dead idiot!,1,en
hey brain-dead idiot.,1,en
hey brain-dead idiot lol,1,en
hey brain-dead idiot bro,1,en
hey brain-dead idiot man,1,en
hey brain-dead idiot dude,1,en
such a brain-dead idiot,1,en
such a brain-dead idiot!,1,en
such a brain-dead idiot.,1,en
such a brain-dead idiot lol,1,en
such a brain-dead idiot bro,1,en
such a brain-dead idiot man,1,en
such a brain-dead idiot dude,1,en
what a brain-dead idiot,1,en
what a brain-dead idiot!,1,en
what a brain-dead idiot.,1,en
what a brain-dead idiot lol,1,en
what a brain-dead idiot bro,1,en
what a brain-dead idiot man,1,en
what a brain-dead idiot dude,1,en
brain-dead 1diot,1,en
brain-dead 1diot!,1,en
brain-dead 1diot.,1,en
brain-dead 1diot lol,1,en
brain-dead 1diot bro,1,en
brain-dead 1diot man,1,en
brain-dead 1diot dude,1,en
you brain-dead 1diot,1,en
you brain-dead 1diot!,1,en
you brain-dead 1diot.,1,en
you brain-dead 1diot lol,1,en
you brain-dead 1diot bro,1,en
you brain-dead 1diot man,1,en
you brain-dead 1diot dude,1,en
u brain-dead 1diot,1,en
u brain-dead 1diot!,1,en
u brain-dead 1diot.,1,en
u brain-dead 1diot lol,1,en
u brain-dead 1diot bro,1,en
u brain-dead 1diot man,1,en
u brain-dead 1diot dude,1,en
hey brain-dead 1diot,1,en
hey brain-dead 1diot!,1,en
hey brain-dead 1diot.,1,en
hey brain-dead 1diot lol,1,en
hey brain-dead 1diot bro,1,en
hey brain-dead 1diot man,1,en
hey brain-dead 1diot dude,1,en
such a brain-dead 1diot,1,en
such a brain-dead 1diot!,1,en
such a brain-dead 1diot.,1,en
such a brain-dead 1diot lol,1,en
such a brain-dead 1diot bro,1,en
such a brain-dead 1diot man,1,en
such a brain-dead 1diot dude,1,en
what a brain-dead 1diot,1,en
what a brain-dead 1diot!,1,en
what a brain-dead 1diot.,1,en
what a brain-dead 1diot lol,1,en
what a brain-dead 1diot bro,1,en
what a brain-dead 1diot man,1,en
what a brain-dead 1diot dude,1,en
brain dead idiot,1,en
brain dead idiot!,1,en
brain dead idiot.,1,en
brain dead idiot lol,1,en
brain dead idiot bro,1,en
brain dead idiot man,1,en
brain dead idiot dude,1,en
you brain dead idiot,1,en
you brain dead idiot!,1,en
you brain dead idiot.,1,en
you brain dead idiot lol,1,en
you brain dead idiot bro,1,en
you brain dead idiot man,1,en
you brain dead idiot dude,1,en
u brain dead idiot,1,en
u brain dead idiot!,1,en
u brain dead idiot.,1,en
u brain dead idiot lol,1,en
u brain dead idiot bro,1,en
u brain dead idiot man,1,en
u brain dead idiot dude,1,en
hey brain dead idiot,1,en
hey brain dead idiot!,1,en
hey brain dead idiot.,1,en
hey brain dead idiot lol,1,en
hey brain dead idiot bro,1,en
hey brain dead idiot man,1,en
hey brain dead idiot dude,1,en
such a brain dead idiot,1,en
such a brain dead idiot!,1,en
such a brain dead idiot.,1,en
such a brain dead idiot lol,1,en
such a brain dead idiot bro,1,en
such a brain dead idiot man,1,en
such a brain dead idiot dude,1,en
what a brain dead idiot,1,en
what a brain dead idiot!,1,en
what a brain dead idiot.,1,en
what a brain dead idiot lol,1,en
what a brain dead idiot bro,1,en
what a brain dead idiot man,1,en
what a brain dead idiot dude,1,en
brain dead 1diot,1,en
brain dead 1diot!,1,en
brain dead 1diot.,1,en
brain dead 1diot lol,1,en
brain dead 1diot bro,1,en
brain dead 1diot man,1,en
brain dead 1diot dude,1,en
you brain dead 1diot,1,en
you brain dead 1diot!,1,en
you brain dead 1diot.,1,en
you brain dead 1diot lol,1,en
you brain dead 1diot bro,1,en
you brain dead 1diot man,1,en
you brain dead 1diot dude,1,en
u brain dead 1diot,1,en
u brain dead 1diot!,1,en
u brain dead 1diot.,1,en
u brain dead 1diot lol,1,en
u brain dead 1diot bro,1,en
u brain dead 1diot man,1,en
u brain dead 1diot dude,1,en
hey brain dead 1diot,1,en
hey brain dead 1diot!,1,en
hey brain dead 1diot.,1,en
hey brain dead 1diot lol,1,en
hey brain dead 1diot bro,1,en
hey brain dead 1diot man,1,en
hey brain dead 1diot dude,1,en
such a brain dead 1diot,1,en
such a brain dead 1diot!,1,en
such a brain dead 1diot.,1,en
such a brain dead 1diot lol,1,en
such a brain dead 1diot bro,1,en
such a brain dead 1diot man,1,en
such a brain dead 1diot dude,1,en
what a brain dead 1diot,1,en
what a brain dead 1diot!,1,en
what a brain dead 1diot.,1,en
what a brain dead 1diot lol,1,en
what a brain dead 1diot bro,1,en
what a brain dead 1diot man,1,en
what a brain dead 1diot dude,1,en
halfwit,1,en
halfwit!,1,en
halfwit.,1,en
halfwit lol,1,en
halfwit bro,1,en
halfwit man,1,en
halfwit dude,1,en
you halfwit,1,en
you halfwit!,1,en
you halfwit.,1,en
you halfwit lol,1,en
you halfwit bro,1,en
you halfwit man,1,en
you halfwit dude,1,en
u halfwit,1,en
u halfwit!,1,en
u halfwit.,1,en
u halfwit lol,1,en
u halfwit bro,1,en
u halfwit man,1,en
u halfwit dude,1,en
hey halfwit,1,en
hey halfwit!,1,en
hey halfwit.,1,en
hey halfwit lol,1,en
hey halfwit bro,1,en
hey halfwit man,1,en
hey halfwit dude,1,en
such a halfwit,1,en
such a halfwit!,1,en
such a halfwit.,1,en
such a halfwit lol,1,en
such a halfwit bro,1,en
such a halfwit man,1,en
such a halfwit dude,1,en
what a halfwit,1,en
what a halfwit!,1,en
what a halfwit.,1,en
what a halfwit lol,1,en
what a halfwit bro,1,en
what a halfwit man,1,en
what a halfwit dude,1,en
half-wit,1,en
half-wit!,1,en
half-wit.,1,en
half-wit lol,1,en
half-wit bro,1,en
half-wit man,1,en
half-wit dude,1,en
you half-wit,1,en
you half-wit!,1,en
you half-wit.,1,en
you half-wit lol,1,en
you half-wit bro,1,en
you half-wit man,1,en
you half-wit dude,1,en
u half-wit,1,en
u half-wit!,1,en
u half-wit.,1,en
u half-wit lol,1,en
u half-wit bro,1,en
u half-wit man,1,en
u half-wit dude,1,en
hey half-wit,1,en
hey half-wit!,1,en
hey half-wit.,1,en
hey half-wit lol,1,en
hey half-wit bro,1,en
hey half-wit man,1,en
hey half-wit dude,1,en
such a half-wit,1,en
such a half-wit!,1,en
such a half-wit.,1,en
such a half-wit lol,1,en
such a half-wit bro,1,en
such a half-wit man,1,en
such a half-wit dude,1,en
what a half-wit,1,en
what a half-wit!,1,en
what a half-wit.,1,en
what a half-wit lol,1,en
what a half-wit bro,1,en
what a half-wit man,1,en
what a half-wit dude,1,en
simpleton,1,en
simpleton!,1,en
simpleton.,1,en
simpleton lol,1,en
simpleton bro,1,en
simpleton man,1,en
simpleton dude,1,en
you simpleton,1,en
you simpleton!,1,en
you simpleton.,1,en
you simpleton lol,1,en
you simpleton bro,1,en
you simpleton man,1,en
you simpleton dude,1,en
u simpleton,1,en
u simpleton!,1,en
u simpleton.,1,en
u simpleton lol,1,en
u simpleton bro,1,en
u simpleton man,1,en
u simpleton dude,1,en
hey simpleton,1,en
hey simpleton!,1,en
hey simpleton.,1,en
hey simpleton lol,1,en
hey simpleton bro,1,en
hey simpleton man,1,en
hey simpleton dude,1,en
such a simpleton,1,en
such a simpleton!,1,en
such a simpleton.,1,en
such a simpleton lol,1,en
such a simpleton bro,1,en
such a simpleton man,1,en
such a simpleton dude,1,en
what a simpleton,1,en
what a simpleton!,1,en
what a simpleton.,1,en
what a simpleton lol,1,en
what a simpleton bro,1,en
what a simpleton man,1,en
what a simpleton dude,1,en
fool,1,en
fool!,1,en
fool.,1,en
fool lol,1,en
fool bro,1,en
fool man,1,en
fool dude,1,en
you fool,1,en
you fool!,1,en
you fool.,1,en
you fool lol,1,en
you fool bro,1,en
you fool man,1,en
you fool dude,1,en
u fool,1,en
u fool!,1,en
u fool.,1,en
u fool lol,1,en
u fool bro,1,en
u fool man,1,en
u fool dude,1,en
hey fool,1,en
hey fool!,1,en
hey fool.,1,en
hey fool lol,1,en
hey fool bro,1,en
hey fool man,1,en
hey fool dude,1,en
such a fool,1,en
such a fool!,1,en
such a fool.,1,en
such a fool lol,1,en
such a fool bro,1,en
such a fool man,1,en
such a fool dude,1,en
what a fool,1,en
what a fool!,1,en
what a fool.,1,en
what a fool lol,1,en
what a fool bro,1,en
what a fool man,1,en
what a fool dude,1,en
fools,1,en
fools!,1,en
fools.,1,en
fools lol,1,en
fools bro,1,en
fools man,1,en
fools dude,1,en
you fools,1,en
you fools!,1,en
you fools.,1,en
you fools lol,1,en
you fools bro,1,en
you fools man,1,en
you fools dude,1,en
u fools,1,en
u fools!,1,en
u fools.,1,en
u fools lol,1,en
u fools bro,1,en
u fools man,1,en
u fools dude,1,en
hey fools,1,en
hey fools!,1,en
hey fools.,1,en
hey fools lol,1,en
hey fools bro,1,en
hey fools man,1,en
hey fools dude,1,en
such a fools,1,en
such a fools!,1,en
such a fools.,1,en
such a fools lol,1,en
such a fools bro,1,en
such a fools man,1,en
such a fools dude,1,en
what a fools,1,en
what a fools!,1,en
what a fools.,1,en
what a fools lol,1,en
what a fools bro,1,en
what a fools man,1,en
what a fools dude,1,en
foolish,1,en
foolish!,1,en
foolish.,1,en
foolish lol,1,en
foolish bro,1,en
foolish man,1,en
foolish dude,1,en
you foolish,1,en
you foolish!,1,en
you foolish.,1,en
you foolish lol,1,en
you foolish bro,1,en
you foolish man,1,en
you foolish dude,1,en
u foolish,1,en
u foolish!,1,en
u foolish.,1,en
u foolish lol,1,en
u foolish bro,1,en
u foolish man,1,en
u foolish dude,1,en
hey foolish,1,en
hey foolish!,1,en
hey foolish.,1,en
hey foolish lol,1,en
hey foolish bro,1,en
hey foolish man,1,en
hey foolish dude,1,en
such a foolish,1,en
such a foolish!,1,en
such a foolish.,1,en
such a foolish lol,1,en
such a foolish bro,1,en
such a foolish man,1,en
such a foolish dude,1,en
what a foolish,1,en
what a foolish!,1,en
what a foolish.,1,en
what a foolish lol,1,en
what a foolish bro,1,en
what a foolish man,1,en
what a foolish dude,1,en
foolish idiot,1,en
foolish idiot!,1,en
foolish idiot.,1,en
foolish idiot lol,1,en
foolish idiot bro,1,en
foolish idiot man,1,en
foolish idiot dude,1,en
you foolish idiot,1,en
you foolish idiot!,1,en
you foolish idiot.,1,en
you foolish idiot lol,1,en
you foolish idiot bro,1,en
you foolish idiot man,1,en
you foolish idiot dude,1,en
u foolish idiot,1,en
u foolish idiot!,1,en
u foolish idiot.,1,en
u foolish idiot lol,1,en
u foolish idiot bro,1,en
u foolish idiot man,1,en
u foolish idiot dude,1,en
hey foolish idiot,1,en
hey foolish idiot!,1,en
hey foolish idiot.,1,en
hey foolish idiot lol,1,en
hey foolish idiot bro,1,en
hey foolish idiot man,1,en
hey foolish idiot dude,1,en
such a foolish idiot,1,en
such a foolish idiot!,1,en
such a foolish idiot.,1,en
such a foolish idiot lol,1,en
such a foolish idiot bro,1,en
such a foolish idiot man,1,en
such a foolish idiot dude,1,en
what a foolish idiot,1,en
what a foolish idiot!,1,en
what a foolish idiot.,1,en
what a foolish idiot lol,1,en
what a foolish idiot bro,1,en
what a foolish idiot man,1,en
what a foolish idiot dude,1,en
foolish 1diot,1,en
foolish 1diot!,1,en
foolish 1diot.,1,en
foolish 1diot lol,1,en
foolish 1diot bro,1,en
foolish 1diot man,1,en
foolish 1diot dude,1,en
you foolish 1diot,1,en
you foolish 1diot!,1,en
you foolish 1diot.,1,en
you foolish 1diot lol,1,en
you foolish 1diot bro,1,en
you foolish 1diot man,1,en
you foolish 1diot dude,1,en
u foolish 1diot,1,en
u foolish 1diot!,1,en
u foolish 1diot.,1,en
u foolish 1diot lol,1,en
u foolish 1diot bro,1,en
u foolish 1diot man,1,en
u foolish 1diot dude,1,en
hey foolish 1diot,1,en
hey foolish 1diot!,1,en
hey foolish 1diot.,1,en
hey foolish 1diot lol,1,en
hey foolish 1diot bro,1,en
hey foolish 1diot man,1,en
hey foolish 1diot dude,1,en
such a foolish 1diot,1,en
such a foolish 1diot!,1,en
such a foolish 1diot.,1,en
such a foolish 1diot lol,1,en
such a foolish 1diot bro,1,en
such a foolish 1diot man,1,en
such a foolish 1diot dude,1,en
what a foolish 1diot,1,en
what a foolish 1diot!,1,en
what a foolish 1diot.,1,en
what a foolish 1diot lol,1,en
what a foolish 1diot bro,1,en
what a foolish 1diot man,1,en
what a foolish 1diot dude,1,en
imbecilic,1,en
imbecilic!,1,en
imbecilic.,1,en
imbecilic lol,1,en
imbecilic bro,1,en
imbecilic man,1,en
imbecilic dude,1,en
you imbecilic,1,en
you imbecilic!,1,en
you imbecilic.,1,en
you imbecilic lol,1,en
you imbecilic bro,1,en
you imbecilic man,1,en
you imbecilic dude,1,en
u imbecilic,1,en
u imbecilic!,1,en
u imbecilic.,1,en
u imbecilic lol,1,en
u imbecilic bro,1,en
u imbecilic man,1,en
u imbecilic dude,1,en
hey imbecilic,1,en
hey imbecilic!,1,en
hey imbecilic.,1,en
hey imbecilic lol,1,en
hey imbecilic bro,1,en
hey imbecilic man,1,en
hey imbecilic dude,1,en
such a imbecilic,1,en
such a imbecilic!,1,en
such a imbecilic.,1,en
such a imbecilic lol,1,en
such a imbecilic bro,1,en
such a imbecilic man,1,en
such a imbecilic dude,1,en
what a imbecilic,1,en
what a imbecilic!,1,en
what a imbecilic.,1,en
what a imbecilic lol,1,en
what a imbecilic bro,1,en
what a imbecilic man,1,en
what a imbecilic dude,1,en
cretin,1,en
cretin!,1,en
cretin.,1,en
cretin lol,1,en
cretin bro,1,en
cretin man,1,en
cretin dude,1,en
you cretin,1,en
you cretin!,1,en
you cretin.,1,en
you cretin lol,1,en
you cretin bro,1,en
you cretin man,1,en
you cretin dude,1,en
u cretin,1,en
u cretin!,1,en
u cretin.,1,en
u cretin lol,1,en
u cretin bro,1,en
u cretin man,1,en
u cretin dude,1,en
hey cretin,1,en
hey cretin!,1,en
hey cretin.,1,en
hey cretin lol,1,en
hey cretin bro,1,en
hey cretin man,1,en
hey cretin dude,1,en
such a cretin,1,en
such a cretin!,1,en
such a cretin.,1,en
such a cretin lol,1,en
such a cretin bro,1,en
such a cretin man,1,en
such a cretin dude,1,en
what a cretin,1,en
what a cretin!,1,en
what a cretin.,1,en
what a cretin lol,1,en
what a cretin bro,1,en
what a cretin man,1,en
what a cretin dude,1,en
cretins,1,en
cretins!,1,en
cretins.,1,en
cretins lol,1,en
cretins bro,1,en
cretins man,1,en
cretins dude,1,en
you cretins,1,en
you cretins!,1,en
you cretins.,1,en
you cretins lol,1,en
you cretins bro,1,en
you cretins man,1,en
you cretins dude,1,en
u cretins,1,en
u cretins!,1,en
u cretins.,1,en
u cretins lol,1,en
u cretins bro,1,en
u cretins man,1,en
u cretins dude,1,en
hey cretins,1,en
hey cretins!,1,en
hey cretins.,1,en
hey cretins lol,1,en
hey cretins bro,1,en
hey cretins man,1,en
hey cretins dude,1,en
such a cretins,1,en
such a cretins!,1,en
such a cretins.,1,en
such a cretins lol,1,en
such a cretins bro,1,en
such a cretins man,1,en
such a cretins dude,1,en
what a cretins,1,en
what a cretins!,1,en
what a cretins.,1,en
what a cretins lol,1,en
what a cretins bro,1,en
what a cretins man,1,en
what a cretins dude,1,en
dunce,1,en
dunce!,1,en
dunce.,1,en
dunce lol,1,en
dunce bro,1,en
dunce man,1,en
dunce dude,1,en
you dunce,1,en
you dunce!,1,en
you dunce.,1,en
you dunce lol,1,en
you dunce bro,1,en
you dunce man,1,en
you dunce dude,1,en
u dunce,1,en
u dunce!,1,en
u dunce.,1,en
u dunce lol,1,en
u dunce bro,1,en
u dunce man,1,en
u dunce dude,1,en
hey dunce,1,en
hey dunce!,1,en
hey dunce.,1,en
hey dunce lol,1,en
hey dunce bro,1,en
hey dunce man,1,en
hey dunce dude,1,en
such a dunce,1,en
such a dunce!,1,en
such a dunce.,1,en
such a dunce lol,1,en
such a dunce bro,1,en
such a dunce man,1,en
such a dunce dude,1,en
what a dunce,1,en
what a dunce!,1,en
what a dunce.,1,en
what a dunce lol,1,en
what a dunce bro,1,en
what a dunce man,1,en
what a dunce dude,1,en
dunces,1,en
dunces!,1,en
dunces.,1,en
dunces lol,1,en
dunces bro,1,en
dunces man,1,en
dunces dude,1,en
you dunces,1,en
you dunces!,1,en
you dunces.,1,en
you dunces lol,1,en
you dunces bro,1,en
you dunces man,1,en
you dunces dude,1,en
u dunces,1,en
u dunces!,1,en
u dunces.,1,en
u dunces lol,1,en
u dunces bro,1,en
u dunces man,1,en
u dunces dude,1,en
hey dunces,1,en
hey dunces!,1,en
hey dunces.,1,en
hey dunces lol,1,en
hey dunces bro,1,en
hey dunces man,1,en
hey dunces dude,1,en
such a dunces,1,en
such a dunces!,1,en
such a dunces.,1,en
such a dunces lol,1,en
such a dunces bro,1,en
such a dunces man,1,en
such a dunces dude,1,en
what a dunces,1,en
what a dunces!,1,en
what a dunces.,1,en
what a dunces lol,1,en
what a dunces bro,1,en
what a dunces man,1,en
what a dunces dude,1,en
buffoon,1,en
buffoon!,1,en
buffoon.,1,en
buffoon lol,1,en
buffoon bro,1,en
buffoon man,1,en
buffoon dude,1,en
you buffoon,1,en
you buffoon!,1,en
you buffoon.,1,en
you buffoon lol,1,en
you buffoon bro,1,en
you buffoon man,1,en
you buffoon dude,1,en
u buffoon,1,en
u buffoon!,1,en
u buffoon.,1,en
u buffoon lol,1,en
u buffoon bro,1,en
u buffoon man,1,en
u buffoon dude,1,en
hey buffoon,1,en
hey buffoon!,1,en
hey buffoon.,1,en
hey buffoon lol,1,en
hey buffoon bro,1,en
hey buffoon man,1,en
hey buffoon dude,1,en
such a buffoon,1,en
such a buffoon!,1,en
such a buffoon.,1,en
such a buffoon lol,1,en
such a buffoon bro,1,en
such a buffoon man,1,en
such a buffoon dude,1,en
what a buffoon,1,en
what a buffoon!,1,en
what a buffoon.,1,en
what a buffoon lol,1,en
what a buffoon bro,1,en
what a buffoon man,1,en
what a buffoon dude,1,en
buffoons,1,en
buffoons!,1,en
buffoons.,1,en
buffoons lol,1,en
buffoons bro,1,en
buffoons man,1,en
buffoons dude,1,en
you buffoons,1,en
you buffoons!,1,en
you buffoons.,1,en
you buffoons lol,1,en
you buffoons bro,1,en
you buffoons man,1,en
you buffoons dude,1,en
u buffoons,1,en
u buffoons!,1,en
u buffoons.,1,en
u buffoons lol,1,en
u buffoons bro,1,en
u buffoons man,1,en
u buffoons dude,1,en
hey buffoons,1,en
hey buffoons!,1,en
hey buffoons.,1,en
hey buffoons lol,1,en
hey buffoons bro,1,en
hey buffoons man,1,en
hey buffoons dude,1,en
such a buffoons,1,en
such a buffoons!,1,en
such a buffoons.,1,en
such a buffoons lol,1,en
such a buffoons bro,1,en
such a buffoons man,1,en
such a buffoons dude,1,en
what a buffoons,1,en
what a buffoons!,1,en
what a buffoons.,1,en
what a buffoons lol,1,en
what a buffoons bro,1,en
what a buffoons man,1,en
what a buffoons dude,1,en
clown,1,en
clown!,1,en
clown.,1,en
clown lol,1,en
clown bro,1,en
clown man,1,en
clown dude,1,en
you clown,1,en
you clown!,1,en
you clown.,1,en
you clown lol,1,en
you clown bro,1,en
you clown man,1,en
you clown dude,1,en
u clown,1,en
u clown!,1,en
u clown.,1,en
u clown lol,1,en
u clown bro,1,en
u clown man,1,en
u clown dude,1,en
hey clown,1,en
hey clown!,1,en
hey clown.,1,en
hey clown lol,1,en
hey clown bro,1,en
hey clown man,1,en
hey clown dude,1,en
such a clown,1,en
such a clown!,1,en
such a clown.,1,en
such a clown lol,1,en
such a clown bro,1,en
such a clown man,1,en
such a clown dude,1,en
what a clown,1,en
what a clown!,1,en
what a clown.,1,en
what a clown lol,1,en
what a clown bro,1,en
what a clown man,1,en
what a clown dude,1,en
clowns,1,en
clowns!,1,en
clowns.,1,en
clowns lol,1,en
clowns bro,1,en
clowns man,1,en
clowns dude,1,en
you clowns,1,en
you clowns!,1,en
you clowns.,1,en
you clowns lol,1,en
you clowns bro,1,en
you clowns man,1,en
you clowns dude,1,en
u clowns,1,en
u clowns!,1,en
u clowns.,1,en
u clowns lol,1,en
u clowns bro,1,en
u clowns man,1,en
u clowns dude,1,en
hey clowns,1,en
hey clowns!,1,en
hey clowns.,1,en
hey clowns lol,1,en
hey clowns bro,1,en
hey clowns man,1,en
hey clowns dude,1,en
such a clowns,1,en
such a clowns!,1,en
such a clowns.,1,en
such a clowns lol,1,en
such a clowns bro,1,en
such a clowns man,1,en
such a clowns dude,1,en
what a clowns,1,en
what a clowns!,1,en
what a clowns.,1,en
what a clowns lol,1,en
what a clowns bro,1,en
what a clowns man,1,en
what a clowns dude,1,en
clown idiot,1,en
clown idiot!,1,en
clown idiot.,1,en
clown idiot lol,1,en
clown idiot bro,1,en
clown idiot man,1,en
clown idiot dude,1,en
you clown idiot,1,en
you clown idiot!,1,en
you clown idiot.,1,en
you clown idiot lol,1,en
you clown idiot bro,1,en
you clown idiot man,1,en
you clown idiot dude,1,en
u clown idiot,1,en
u clown idiot!,1,en
u clown idiot.,1,en
u clown idiot lol,1,en
u clown idiot bro,1,en
u clown idiot man,1,en
u clown idiot dude,1,en
hey clown idiot,1,en
hey clown idiot!,1,en
hey clown idiot.,1,en
hey clown idiot lol,1,en
hey clown idiot bro,1,en
hey clown idiot man,1,en
hey clown idiot dude,1,en
such a clown idiot,1,en
such a clown idiot!,1,en
such a clown idiot.,1,en
such a clown idiot lol,1,en
such a clown idiot bro,1,en
such a clown idiot man,1,en
such a clown idiot dude,1,en
what a clown idiot,1,en
what a clown idiot!,1,en
what a clown idiot.,1,en
what a clown idiot lol,1,en
what a clown idiot bro,1,en
what a clown idiot man,1,en
what a clown idiot dude,1,en
clown 1diot,1,en
clown 1diot!,1,en
clown 1diot.,1,en
clown 1diot lol,1,en
clown 1diot bro,1,en
clown 1diot man,1,en
clown 1diot dude,1,en
you clown 1diot,1,en
you clown 1diot!,1,en
you clown 1diot.,1,en
you clown 1diot lol,1,en
you clown 1diot bro,1,en
you clown 1diot man,1,en
you clown 1diot dude,1,en
u clown 1diot,1,en
u clown 1diot!,1,en
u clown 1diot.,1,en
u clown 1diot lol,1,en
u clown 1diot bro,1,en
u clown 1diot man,1,en
u clown 1diot dude,1,en
hey clown 1diot,1,en
hey clown 1diot!,1,en
hey clown 1diot.,1,en
hey clown 1diot lol,1,en
hey clown 1diot bro,1,en
hey clown 1diot man,1,en
hey clown 1diot dude,1,en
such a clown 1diot,1,en
such a clown 1diot!,1,en
such a clown 1diot.,1,en
such a clown 1diot lol,1,en
such a clown 1diot bro,1,en
such a clown 1diot man,1,en
such a clown 1diot dude,1,en
what a clown 1diot,1,en
what a clown 1diot!,1,en
what a clown 1diot.,1,en
what a clown 1diot lol,1,en
what a clown 1diot bro,1,en
what a clown 1diot man,1,en
what a clown 1diot dude,1,en
idiot clown,1,en
idiot clown!,1,en
idiot clown.,1,en
idiot clown lol,1,en
idiot clown bro,1,en
idiot clown man,1,en
idiot clown dude,1,en
you idiot clown,1,en
you idiot clown!,1,en
you idiot clown.,1,en
you idiot clown lol,1,en
you idiot clown bro,1,en
you idiot clown man,1,en
you idiot clown dude,1,en
u idiot clown,1,en
u idiot clown!,1,en
u idiot clown.,1,en
u idiot clown lol,1,en
u idiot clown bro,1,en
u idiot clown man,1,en
u idiot clown dude,1,en
hey idiot clown,1,en
hey idiot clown!,1,en
hey idiot clown.,1,en
hey idiot clown lol,1,en
hey idiot clown bro,1,en
hey idiot clown man,1,en
hey idiot clown dude,1,en
such a idiot clown,1,en
such a idiot clown!,1,en
such a idiot clown.,1,en
such a idiot clown lol,1,en
such a idiot clown bro,1,en
such a idiot clown man,1,en
such a idiot clown dude,1,en
what a idiot clown,1,en
what a idiot clown!,1,en
what a idiot clown.,1,en
what a idiot clown lol,1,en
what a idiot clown bro,1,en
what a idiot clown man,1,en
what a idiot clown dude,1,en
1diot clown,1,en
1diot clown!,1,en
1diot clown.,1,en
1diot clown lol,1,en
1diot clown bro,1,en
1diot clown man,1,en
1diot clown dude,1,en
you 1diot clown,1,en
you 1diot clown!,1,en
you 1diot clown.,1,en
you 1diot clown lol,1,en
you 1diot clown bro,1,en
you 1diot clown man,1,en
you 1diot clown dude,1,en
u 1diot clown,1,en
u 1diot clown!,1,en
u 1diot clown.,1,en
u 1diot clown lol,1,en
u 1diot clown bro,1,en
u 1diot clown man,1,en
u 1diot clown dude,1,en
hey 1diot clown,1,en
hey 1diot clown!,1,en
hey 1diot clown.,1,en
hey 1diot clown lol,1,en
hey 1diot clown bro,1,en
hey 1diot clown man,1,en
hey 1diot clown dude,1,en
such a 1diot clown,1,en
such a 1diot clown!,1,en
such a 1diot clown.,1,en
such a 1diot clown lol,1,en
such a 1diot clown bro,1,en
such a 1diot clown man,1,en
such a 1diot clown dude,1,en
what a 1diot clown,1,en
what a 1diot clown!,1,en
what a 1diot clown.,1,en
what a 1diot clown lol,1,en
what a 1diot clown bro,1,en
what a 1diot clown man,1,en
what a 1diot clown dude,1,en
stupid clown,1,en
stupid clown!,1,en
stupid clown.,1,en
stupid clown lol,1,en
stupid clown bro,1,en
stupid clown man,1,en
stupid clown dude,1,en
you stupid clown,1,en
you stupid clown!,1,en
you stupid clown.,1,en
you stupid clown lol,1,en
you stupid clown bro,1,en
you stupid clown man,1,en
you stupid clown dude,1,en
u stupid clown,1,en
u stupid clown!,1,en
u stupid clown.,1,en
u stupid clown lol,1,en
u stupid clown bro,1,en
u stupid clown man,1,en
u stupid clown dude,1,en
hey stupid clown,1,en
hey stupid clown!,1,en
hey stupid clown.,1,en
hey stupid clown lol,1,en
hey stupid clown bro,1,en
hey stupid clown man,1,en
hey stupid clown dude,1,en
such a stupid clown,1,en
such a stupid clown!,1,en
such a stupid clown.,1,en
such a stupid clown lol,1,en
such a stupid clown bro,1,en
such a stupid clown man,1,en
such a stupid clown dude,1,en
what a stupid clown,1,en
what a stupid clown!,1,en
what a stupid clown.,1,en
what a stupid clown lol,1,en
what a stupid clown bro,1,en
what a stupid clown man,1,en
what a stupid clown dude,1,en
fake,1,en
fake!,1,en
fake.,1,en
fake lol,1,en
fake bro,1,en
fake man,1,en
fake dude,1,en
you fake,1,en
you fake!,1,en
you fake.,1,en
you fake lol,1,en
you fake bro,1,en
you fake man,1,en
you fake dude,1,en
u fake,1,en
u fake!,1,en
u fake.,1,en
u fake lol,1,en
u fake bro,1,en
u fake man,1,en
u fake dude,1,en
hey fake,1,en
hey fake!,1,en
hey fake.,1,en
hey fake lol,1,en
hey fake bro,1,en
hey fake man,1,en
hey fake dude,1,en
such a fake,1,en
such a fake!,1,en
such a fake.,1,en
such a fake lol,1,en
such a fake bro,1,en
such a fake man,1,en
such a fake dude,1,en
what a fake,1,en
what a fake!,1,en
what a fake.,1,en
what a fake lol,1,en
what a fake bro,1,en
what a fake man,1,en
what a fake dude,1,en
fake loser,1,en
fake loser!,1,en
fake loser.,1,en
fake loser lol,1,en
fake loser bro,1,en
fake loser man,1,en
fake loser dude,1,en
you fake loser,1,en
you fake loser!,1,en
you fake loser.,1,en
you fake loser lol,1,en
you fake loser bro,1,en
you fake loser man,1,en
you fake loser dude,1,en
u fake loser,1,en
u fake loser!,1,en
u fake loser.,1,en
u fake loser lol,1,en
u fake loser bro,1,en
u fake loser man,1,en
u fake loser dude,1,en
hey fake loser,1,en
hey fake loser!,1,en
hey fake loser.,1,en
hey fake loser lol,1,en
hey fake loser bro,1,en
hey fake loser man,1,en
hey fake loser dude,1,en
such a fake loser,1,en
such a fake loser!,1,en
such a fake loser.,1,en
such a fake loser lol,1,en
such a fake loser bro,1,en
such a fake loser man,1,en
such a fake loser dude,1,en
what a fake loser,1,en
what a fake loser!,1,en
what a fake loser.,1,en
what a fake loser lol,1,en
what a fake loser bro,1,en
what a fake loser man,1,en
what a fake loser dude,1,en
fake idiot,1,en
fake idiot!,1,en
fake idiot.,1,en
fake idiot lol,1,en
fake idiot bro,1,en
fake idiot man,1,en
fake idiot dude,1,en
you fake idiot,1,en
you fake idiot!,1,en
you fake idiot.,1,en
you fake idiot lol,1,en
you fake idiot bro,1,en
you fake idiot man,1,en
you fake idiot dude,1,en
u fake idiot,1,en
u fake idiot!,1,en
u fake idiot.,1,en
u fake idiot lol,1,en
u fake idiot bro,1,en
u fake idiot man,1,en
u fake idiot dude,1,en
hey fake idiot,1,en
hey fake idiot!,1,en
hey fake idiot.,1,en
hey fake idiot lol,1,en
hey fake idiot bro,1,en
hey fake idiot man,1,en
hey fake idiot dude,1,en
such a fake idiot,1,en
such a fake idiot!,1,en
such a fake idiot.,1,en
such a fake idiot lol,1,en
such a fake idiot bro,1,en
such a fake idiot man,1,en
such a fake idiot dude,1,en
what a fake idiot,1,en
what a fake idiot!,1,en
what a fake idiot.,1,en
what a fake idiot lol,1,en
what a fake idiot bro,1,en
what a fake idiot man,1,en
what a fake idiot dude,1,en
fake 1diot,1,en
fake 1diot!,1,en
fake 1diot.,1,en
fake 1diot lol,1,en
fake 1diot bro,1,en
fake 1diot man,1,en
fake 1diot dude,1,en
you fake 1diot,1,en
you fake 1diot!,1,en
you fake 1diot.,1,en
you fake 1diot lol,1,en
you fake 1diot bro,1,en
you fake 1diot man,1,en
you fake 1diot dude,1,en
u fake 1diot,1,en
u fake 1diot!,1,en
u fake 1diot.,1,en
u fake 1diot lol,1,en
u fake 1diot bro,1,en
u fake 1diot man,1,en
u fake 1diot dude,1,en
hey fake 1diot,1,en
hey fake 1diot!,1,en
hey fake 1diot.,1,en
hey fake 1diot lol,1,en
hey fake 1diot bro,1,en
hey fake 1diot man,1,en
hey fake 1diot dude,1,en
such a fake 1diot,1,en
such a fake 1diot!,1,en
such a fake 1diot.,1,en
such a fake 1diot lol,1,en
such a fake 1diot bro,1,en
such a fake 1diot man,1,en
such a fake 1diot dude,1,en
what a fake 1diot,1,en
what a fake 1diot!,1,en
what a fake 1diot.,1,en
what a fake 1diot lol,1,en
what a fake 1diot bro,1,en
what a fake 1diot man,1,en
what a fake 1diot dude,1,en
phony,1,en
phony!,1,en
phony.,1,en
phony lol,1,en
phony bro,1,en
phony man,1,en
phony dude,1,en
you phony,1,en
you phony!,1,en
you phony.,1,en
you phony lol,1,en
you phony bro,1,en
you phony man,1,en
you phony dude,1,en
u phony,1,en
u phony!,1,en
u phony.,1,en
u phony lol,1,en
u phony bro,1,en
u phony man,1,en
u phony dude,1,en
hey phony,1,en
hey phony!,1,en
hey phony.,1,en
hey phony lol,1,en
hey phony bro,1,en
hey phony man,1,en
hey phony dude,1,en
such a phony,1,en
such a phony!,1,en
such a phony.,1,en
such a phony lol,1,en
such a phony bro,1,en
such a phony man,1,en
such a phony dude,1,en
what a phony,1,en
what a phony!,1,en
what a phony.,1,en
what a phony lol,1,en
what a phony bro,1,en
what a phony man,1,en
what a phony dude,1,en
phony bastard,1,en
phony bastard!,1,en
phony bastard.,1,en
phony bastard lol,1,en
phony bastard bro,1,en
phony bastard man,1,en
phony bastard dude,1,en
you phony bastard,1,en
you phony bastard!,1,en
you phony bastard.,1,en
you phony bastard lol,1,en
you phony bastard bro,1,en
you phony bastard man,1,en
you phony bastard dude,1,en
u phony bastard,1,en
u phony bastard!,1,en
u phony bastard.,1,en
u phony bastard lol,1,en
u phony bastard bro,1,en
u phony bastard man,1,en
u phony bastard dude,1,en
hey phony bastard,1,en
hey phony bastard!,1,en
hey phony bastard.,1,en
hey phony bastard lol,1,en
hey phony bastard bro,1,en
hey phony bastard man,1,en
hey phony bastard dude,1,en
such a phony bastard,1,en
such a phony bastard!,1,en
such a phony bastard.,1,en
such a phony bastard lol,1,en
such a phony bastard bro,1,en
such a phony bastard man,1,en
such a phony bastard dude,1,en
what a phony bastard,1,en
what a phony bastard!,1,en
what a phony bastard.,1,en
what a phony bastard lol,1,en
what a phony bastard bro,1,en
what a phony bastard man,1,en
what a phony bastard dude,1,en
hypocrite,1,en
hypocrite!,1,en
hypocrite.,1,en
hypocrite lol,1,en
hypocrite bro,1,en
hypocrite man,1,en
hypocrite dude,1,en
you hypocrite,1,en
you hypocrite!,1,en
you hypocrite.,1,en
you hypocrite lol,1,en
you hypocrite bro,1,en
you hypocrite man,1,en
you hypocrite dude,1,en
u hypocrite,1,en
u hypocrite!,1,en
u hypocrite.,1,en
u hypocrite lol,1,en
u hypocrite bro,1,en
u hypocrite man,1,en
u hypocrite dude,1,en
hey hypocrite,1,en
hey hypocrite!,1,en
hey hypocrite.,1,en
hey hypocrite lol,1,en
hey hypocrite bro,1,en
hey hypocrite man,1,en
hey hypocrite dude,1,en
such a hypocrite,1,en
such a hypocrite!,1,en
such a hypocrite.,1,en
such a hypocrite lol,1,en
such a hypocrite bro,1,en
such a hypocrite man,1,en
such a hypocrite dude,1,en
what a hypocrite,1,en
what a hypocrite!,1,en
what a hypocrite.,1,en
what a hypocrite lol,1,en
what a hypocrite bro,1,en
what a hypocrite man,1,en
what a hypocrite dude,1,en
hypocrites,1,en
hypocrites!,1,en
hypocrites.,1,en
hypocrites lol,1,en
hypocrites bro,1,en
hypocrites man,1,en
hypocrites dude,1,en
you hypocrites,1,en
you hypocrites!,1,en
you hypocrites.,1,en
you hypocrites lol,1,en
you hypocrites bro,1,en
you hypocrites man,1,en
you hypocrites dude,1,en
u hypocrites,1,en
u hypocrites!,1,en
u hypocrites.,1,en
u hypocrites lol,1,en
u hypocrites bro,1,en
u hypocrites man,1,en
u hypocrites dude,1,en
hey hypocrites,1,en
hey hypocrites!,1,en
hey hypocrites.,1,en
hey hypocrites lol,1,en
hey hypocrites bro,1,en
hey hypocrites man,1,en
hey hypocrites dude,1,en
such a hypocrites,1,en
such a hypocrites!,1,en
such a hypocrites.,1,en
such a hypocrites lol,1,en
such a hypocrites bro,1,en
such a hypocrites man,1,en
such a hypocrites dude,1,en
what a hypocrites,1,en
what a hypocrites!,1,en
what a hypocrites.,1,en
what a hypocrites lol,1,en
what a hypocrites bro,1,en
what a hypocrites man,1,en
what a hypocrites dude,1,en
hypocritical,1,en
hypocritical!,1,en
hypocritical.,1,en
hypocritical lol,1,en
hypocritical bro,1,en
hypocritical man,1,en
hypocritical dude,1,en
you hypocritical,1,en
you hypocritical!,1,en
you hypocritical.,1,en
you hypocritical lol,1,en
you hypocritical bro,1,en
you hypocritical man,1,en
you hypocritical dude,1,en
u hypocritical,1,en
u hypocritical!,1,en
u hypocritical.,1,en
u hypocritical lol,1,en
u hypocritical bro,1,en
u hypocritical man,1,en
u hypocritical dude,1,en
hey hypocritical,1,en
hey hypocritical!,1,en
hey hypocritical.,1,en
hey hypocritical lol,1,en
hey hypocritical bro,1,en
hey hypocritical man,1,en
hey hypocritical dude,1,en
such a hypocritical,1,en
such a hypocritical!,1,en
such a hypocritical.,1,en
such a hypocritical lol,1,en
such a hypocritical bro,1,en
such a hypocritical man,1,en
such a hypocritical dude,1,en
what a hypocritical,1,en
what a hypocritical!,1,en
what a hypocritical.,1,en
what a hypocritical lol,1,en
what a hypocritical bro,1,en
what a hypocritical man,1,en
what a hypocritical dude,1,en
two-faced,1,en
two-faced!,1,en
two-faced.,1,en
two-faced lol,1,en
two-faced bro,1,en
two-faced man,1,en
two-faced dude,1,en
you two-faced,1,en
you two-faced!,1,en
you two-faced.,1,en
you two-faced lol,1,en
you two-faced bro,1,en
you two-faced man,1,en
you two-faced dude,1,en
u two-faced,1,en
u two-faced!,1,en
u two-faced.,1,en
u two-faced lol,1,en
u two-faced bro,1,en
u two-faced man,1,en
u two-faced dude,1,en
hey two-faced,1,en
hey two-faced!,1,en
hey two-faced.,1,en
hey two-faced lol,1,en
hey two-faced bro,1,en
hey two-faced man,1,en
hey two-faced dude,1,en
such a two-faced,1,en
such a two-faced!,1,en
such a two-faced.,1,en
such a two-faced lol,1,en
such a two-faced bro,1,en
such a two-faced man,1,en
such a two-faced dude,1,en
what a two-faced,1,en
what a two-faced!,1,en
what a two-faced.,1,en
what a two-faced lol,1,en
what a two-faced bro,1,en
what a two-faced man,1,en
what a two-faced dude,1,en
two faced,1,en
two faced!,1,en
two faced.,1,en
two faced lol,1,en
two faced bro,1,en
two faced man,1,en
two faced dude,1,en
you two faced,1,en
you two faced!,1,en
you two faced.,1,en
you two faced lol,1,en
you two faced bro,1,en
you two faced man,1,en
you two faced dude,1,en
u two faced,1,en
u two faced!,1,en
u two faced.,1,en
u two faced lol,1,en
u two faced bro,1,en
u two faced man,1,en
u two faced dude,1,en
hey two faced,1,en
hey two faced!,1,en
hey two faced.,1,en
hey two faced lol,1,en
hey two faced bro,1,en
hey two faced man,1,en
hey two faced dude,1,en
such a two faced,1,en
such a two faced!,1,en
such a two faced.,1,en
such a two faced lol,1,en
such a two faced bro,1,en
such a two faced man,1,en
such a two faced dude,1,en
what a two faced,1,en
what a two faced!,1,en
what a two faced.,1,en
what a two faced lol,1,en
what a two faced bro,1,en
what a two faced man,1,en
what a two faced dude,1,en
backstabber,1,en
backstabber!,1,en
backstabber.,1,en
backstabber lol,1,en
backstabber bro,1,en
backstabber man,1,en
backstabber dude,1,en
you backstabber,1,en
you backstabber!,1,en
you backstabber.,1,en
you backstabber lol,1,en
you backstabber bro,1,en
you backstabber man,1,en
you backstabber dude,1,en
u backstabber,1,en
u backstabber!,1,en
u backstabber.,1,en
u backstabber lol,1,en
u backstabber bro,1,en
u backstabber man,1,en
u backstabber dude,1,en
hey backstabber,1,en
hey backstabber!,1,en
hey backstabber.,1,en
hey backstabber lol,1,en
hey backstabber bro,1,en
hey backstabber man,1,en
hey backstabber dude,1,en
such a backstabber,1,en
such a backstabber!,1,en
such a backstabber.,1,en
such a backstabber lol,1,en
such a backstabber bro,1,en
such a backstabber man,1,en
such a backstabber dude,1,en
what a backstabber,1,en
what a backstabber!,1,en
what a backstabber.,1,en
what a backstabber lol,1,en
what a backstabber bro,1,en
what a backstabber man,1,en
what a backstabber dude,1,en
backstabbers,1,en
backstabbers!,1,en
backstabbers.,1,en
backstabbers lol,1,en
backstabbers bro,1,en
backstabbers man,1,en
backstabbers dude,1,en
you backstabbers,1,en
you backstabbers!,1,en
you backstabbers.,1,en
you backstabbers lol,1,en
you backstabbers bro,1,en
you backstabbers man,1,en
you backstabbers dude,1,en
u backstabbers,1,en
u backstabbers!,1,en
u backstabbers.,1,en
u backstabbers lol,1,en
u backstabbers bro,1,en
u backstabbers man,1,en
u backstabbers dude,1,en
hey backstabbers,1,en
hey backstabbers!,1,en
hey backstabbers.,1,en
hey backstabbers lol,1,en
hey backstabbers bro,1,en
hey backstabbers man,1,en
hey backstabbers dude,1,en
such a backstabbers,1,en
such a backstabbers!,1,en
such a backstabbers.,1,en
such a backstabbers lol,1,en
such a backstabbers bro,1,en
such a backstabbers man,1,en
such a backstabbers dude,1,en
what a backstabbers,1,en
what a backstabbers!,1,en
what a backstabbers.,1,en
what a backstabbers lol,1,en
what a backstabbers bro,1,en
what a backstabbers man,1,en
what a backstabbers dude,1,en
traitor,1,en
traitor!,1,en
traitor.,1,en
traitor lol,1,en
traitor bro,1,en
traitor man,1,en
traitor dude,1,en
you traitor,1,en
you traitor!,1,en
you traitor.,1,en
you traitor lol,1,en
you traitor bro,1,en
you traitor man,1,en
you traitor dude,1,en
u traitor,1,en
u traitor!,1,en
u traitor.,1,en
u traitor lol,1,en
u traitor bro,1,en
u traitor man,1,en
u traitor dude,1,en
hey traitor,1,en
hey traitor!,1,en
hey traitor.,1,en
hey traitor lol,1,en
hey traitor bro,1,en
hey traitor man,1,en
hey traitor dude,1,en
such a traitor,1,en
such a traitor!,1,en
such a traitor.,1,en
such a traitor lol,1,en
such a traitor bro,1,en
such a traitor man,1,en
such a traitor dude,1,en
what a traitor,1,en
what a traitor!,1,en
what a traitor.,1,en
what a traitor lol,1,en
what a traitor bro,1,en
what a traitor man,1,en
what a traitor dude,1,en
traitors,1,en
traitors!,1,en
traitors.,1,en
traitors lol,1,en
traitors bro,1,en
traitors man,1,en
traitors dude,1,en
you traitors,1,en
you traitors!,1,en
you traitors.,1,en
you traitors lol,1,en
you traitors bro,1,en
you traitors man,1,en
you traitors dude,1,en
u traitors,1,en
u traitors!,1,en
u traitors.,1,en
u traitors lol,1,en
u traitors bro,1,en
u traitors man,1,en
u traitors dude,1,en
hey traitors,1,en
hey traitors!,1,en
hey traitors.,1,en
hey traitors lol,1,en
hey traitors bro,1,en
hey traitors man,1,en
hey traitors dude,1,en
such a traitors,1,en
such a traitors!,1,en
such a traitors.,1,en
such a traitors lol,1,en
such a traitors bro,1,en
such a traitors man,1,en
such a traitors dude,1,en
what a traitors,1,en
what a traitors!,1,en
what a traitors.,1,en
what a traitors lol,1,en
what a traitors bro,1,en
what a traitors man,1,en
what a traitors dude,1,en
snitch,1,en
snitch!,1,en
snitch.,1,en
snitch lol,1,en
snitch bro,1,en
snitch man,1,en
snitch dude,1,en
you snitch,1,en
you snitch!,1,en
you snitch.,1,en
you snitch lol,1,en
you snitch bro,1,en
you snitch man,1,en
you snitch dude,1,en
u snitch,1,en
u snitch!,1,en
u snitch.,1,en
u snitch lol,1,en
u snitch bro,1,en
u snitch man,1,en
u snitch dude,1,en
hey snitch,1,en
hey snitch!,1,en
hey snitch.,1,en
hey snitch lol,1,en
hey snitch bro,1,en
hey snitch man,1,en
hey snitch dude,1,en
such a snitch,1,en
such a snitch!,1,en
such a snitch.,1,en
such a snitch lol,1,en
such a snitch bro,1,en
such a snitch man,1,en
such a snitch dude,1,en
what a snitch,1,en
what a snitch!,1,en
what a snitch.,1,en
what a snitch lol,1,en
what a snitch bro,1,en
what a snitch man,1,en
what a snitch dude,1,en
snitches,1,en
snitches!,1,en
snitches.,1,en
snitches lol,1,en
snitches bro,1,en
snitches man,1,en
snitches dude,1,en
you snitches,1,en
you snitches!,1,en
you snitches.,1,en
you snitches lol,1,en
you snitches bro,1,en
you snitches man,1,en
you snitches dude,1,en
u snitches,1,en
u snitches!,1,en
u snitches.,1,en
u snitches lol,1,en
u snitches bro,1,en
u snitches man,1,en
u snitches dude,1,en
hey snitches,1,en
hey snitches!,1,en
hey snitches.,1,en
hey snitches lol,1,en
hey snitches bro,1,en
hey snitches man,1,en
hey snitches dude,1,en
such a snitches,1,en
such a snitches!,1,en
such a snitches.,1,en
such a snitches lol,1,en
such a snitches bro,1,en
such a snitches man,1,en
such a snitches dude,1,en
what a snitches,1,en
what a snitches!,1,en
what a snitches.,1,en
what a snitches lol,1,en
what a snitches bro,1,en
what a snitches man,1,en
what a snitches dude,1,en
rat,1,en
rat!,1,en
rat.,1,en
rat lol,1,en
rat bro,1,en
rat man,1,en
rat dude,1,en
you rat,1,en
you rat!,1,en
you rat.,1,en
you rat lol,1,en
you rat bro,1,en
you rat man,1,en
you rat dude,1,en
u rat,1,en
u rat!,1,en
u rat.,1,en
u rat lol,1,en
u rat bro,1,en
u rat man,1,en
u rat dude,1,en
hey rat,1,en
hey rat!,1,en
hey rat.,1,en
hey rat lol,1,en
hey rat bro,1,en
hey rat man,1,en
hey rat dude,1,en
such a rat,1,en
such a rat!,1,en
such a rat.,1,en
such a rat lol,1,en
such a rat bro,1,en
such a rat man,1,en
such a rat dude,1,en
what a rat,1,en
what a rat!,1,en
what a rat.,1,en
what a rat lol,1,en
what a rat bro,1,en
what a rat man,1,en
what a rat dude,1,en
rats,1,en
rats!,1,en
rats.,1,en
rats lol,1,en
rats bro,1,en
rats man,1,en
rats dude,1,en
you rats,1,en
you rats!,1,en
you rats.,1,en
you rats lol,1,en
you rats bro,1,en
you rats man,1,en
you rats dude,1,en
u rats,1,en
u rats!,1,en
u rats.,1,en
u rats lol,1,en
u rats bro,1,en
u rats man,1,en
u rats dude,1,en
hey rats,1,en
hey rats!,1,en
hey rats.,1,en
hey rats lol,1,en
hey rats bro,1,en
hey rats man,1,en
hey rats dude,1,en
such a rats,1,en
such a rats!,1,en
such a rats.,1,en
such a rats lol,1,en
such a rats bro,1,en
such a rats man,1,en
such a rats dude,1,en
what a rats,1,en
what a rats!,1,en
what a rats.,1,en
what a rats lol,1,en
what a rats bro,1,en
what a rats man,1,en
what a rats dude,1,en
rat bastard,1,en
rat bastard!,1,en
rat bastard.,1,en
rat bastard lol,1,en
rat bastard bro,1,en
rat bastard man,1,en
rat bastard dude,1,en
you rat bastard,1,en
you rat bastard!,1,en
you rat bastard.,1,en
you rat bastard lol,1,en
you rat bastard bro,1,en
you rat bastard man,1,en
you rat bastard dude,1,en
u rat bastard,1,en
u rat bastard!,1,en
u rat bastard.,1,en
u rat bastard lol,1,en
u rat bastard bro,1,en
u rat bastard man,1,en
u rat bastard dude,1,en
hey rat bastard,1,en
hey rat bastard!,1,en
hey rat bastard.,1,en
hey rat bastard lol,1,en
hey rat bastard bro,1,en
hey rat bastard man,1,en
hey rat bastard dude,1,en
such a rat bastard,1,en
such a rat bastard!,1,en
such a rat bastard.,1,en
such a rat bastard lol,1,en
such a rat bastard bro,1,en
such a rat bastard man,1,en
such a rat bastard dude,1,en
what a rat bastard,1,en
what a rat bastard!,1,en
what a rat bastard.,1,en
what a rat bastard lol,1,en
what a rat bastard bro,1,en
what a rat bastard man,1,en
what a rat bastard dude,1,en
snake,1,en
snake!,1,en
snake.,1,en
snake lol,1,en
snake bro,1,en
snake man,1,en
snake dude,1,en
you snake,1,en
you snake!,1,en
you snake.,1,en
you snake lol,1,en
you snake bro,1,en
you snake man,1,en
you snake dude,1,en
u snake,1,en
u snake!,1,en
u snake.,1,en
u snake lol,1,en
u snake bro,1,en
u snake man,1,en
u snake dude,1,en
hey snake,1,en
hey snake!,1,en
hey snake.,1,en
hey snake lol,1,en
hey snake bro,1,en
hey snake man,1,en
hey snake dude,1,en
such a snake,1,en
such a snake!,1,en
such a snake.,1,en
such a snake lol,1,en
such a snake bro,1,en
such a snake man,1,en
such a snake dude,1,en
what a snake,1,en
what a snake!,1,en
what a snake.,1,en
what a snake lol,1,en
what a snake bro,1,en
what a snake man,1,en
what a snake dude,1,en
sneaky bastard,1,en
sneaky bastard!,1,en
sneaky bastard.,1,en
sneaky bastard lol,1,en
sneaky bastard bro,1,en
sneaky bastard man,1,en
sneaky bastard dude,1,en
you sneaky bastard,1,en
you sneaky bastard!,1,en
you sneaky bastard.,1,en
you sneaky bastard lol,1,en
you sneaky bastard bro,1,en
you sneaky bastard man,1,en
you sneaky bastard dude,1,en
u sneaky bastard,1,en
u sneaky bastard!,1,en
u sneaky bastard.,1,en
u sneaky bastard lol,1,en
u sneaky bastard bro,1,en
u sneaky bastard man,1,en
u sneaky bastard dude,1,en
hey sneaky bastard,1,en
hey sneaky bastard!,1,en
hey sneaky bastard.,1,en
hey sneaky bastard lol,1,en
hey sneaky bastard bro,1,en
hey sneaky bastard man,1,en
hey sneaky bastard dude,1,en
such a sneaky bastard,1,en
such a sneaky bastard!,1,en
such a sneaky bastard.,1,en
such a sneaky bastard lol,1,en
such a sneaky bastard bro,1,en
such a sneaky bastard man,1,en
such a sneaky bastard dude,1,en
what a sneaky bastard,1,en
what a sneaky bastard!,1,en
what a sneaky bastard.,1,en
what a sneaky bastard lol,1,en
what a sneaky bastard bro,1,en
what a sneaky bastard man,1,en
what a sneaky bastard dude,1,en
weasel,1,en
weasel!,1,en
weasel.,1,en
weasel lol,1,en
weasel bro,1,en
weasel man,1,en
weasel dude,1,en
you weasel,1,en
you weasel!,1,en
you weasel.,1,en
you weasel lol,1,en
you weasel bro,1,en
you weasel man,1,en
you weasel dude,1,en
u weasel,1,en
u weasel!,1,en
u weasel.,1,en
u weasel lol,1,en
u weasel bro,1,en
u weasel man,1,en
u weasel dude,1,en
hey weasel,1,en
hey weasel!,1,en
hey weasel.,1,en
hey weasel lol,1,en
hey weasel bro,1,en
hey weasel man,1,en
hey weasel dude,1,en
such a weasel,1,en
such a weasel!,1,en
such a weasel.,1,en
such a weasel lol,1,en
such a weasel bro,1,en
such a weasel man,1,en
such a weasel dude,1,en
what a weasel,1,en
what a weasel!,1,en
what a weasel.,1,en
what a weasel lol,1,en
what a weasel bro,1,en
what a weasel man,1,en
what a weasel dude,1,en
weasel face,1,en
weasel face!,1,en
weasel face.,1,en
weasel face lol,1,en
weasel face bro,1,en
weasel face man,1,en
weasel face dude,1,en
you weasel face,1,en
you weasel face!,1,en
you weasel face.,1,en
you weasel face lol,1,en
you weasel face bro,1,en
you weasel face man,1,en
you weasel face dude,1,en
u weasel face,1,en
u weasel face!,1,en
u weasel face.,1,en
u weasel face lol,1,en
u weasel face bro,1,en
u weasel face man,1,en
u weasel face dude,1,en
hey weasel face,1,en
hey weasel face!,1,en
hey weasel face.,1,en
hey weasel face lol,1,en
hey weasel face bro,1,en
hey weasel face man,1,en
hey weasel face dude,1,en
such a weasel face,1,en
such a weasel face!,1,en
such a weasel face.,1,en
such a weasel face lol,1,en
such a weasel face bro,1,en
such a weasel face man,1,en
such a weasel face dude,1,en
what a weasel face,1,en
what a weasel face!,1,en
what a weasel face.,1,en
what a weasel face lol,1,en
what a weasel face bro,1,en
what a weasel face man,1,en
what a weasel face dude,1,en
leech,1,en
leech!,1,en
leech.,1,en
leech lol,1,en
leech bro,1,en
leech man,1,en
leech dude,1,en
you leech,1,en
you leech!,1,en
you leech.,1,en
you leech lol,1,en
you leech bro,1,en
you leech man,1,en
you leech dude,1,en
u leech,1,en
u leech!,1,en
u leech.,1,en
u leech lol,1,en
u leech bro,1,en
u leech man,1,en
u leech dude,1,en
hey leech,1,en
hey leech!,1,en
hey leech.,1,en
hey leech lol,1,en
hey leech bro,1,en
hey leech man,1,en
hey leech dude,1,en
such a leech,1,en
such a leech!,1,en
such a leech.,1,en
such a leech lol,1,en
such a leech bro,1,en
such a leech man,1,en
such a leech dude,1,en
what a leech,1,en
what a leech!,1,en
what a leech.,1,en
what a leech lol,1,en
what a leech bro,1,en
what a leech man,1,en
what a leech dude,1,en
parasite,1,en
parasite!,1,en
parasite.,1,en
parasite lol,1,en
parasite bro,1,en
parasite man,1,en
parasite dude,1,en
you parasite,1,en
you parasite!,1,en
you parasite.,1,en
you parasite lol,1,en
you parasite bro,1,en
you parasite man,1,en
you parasite dude,1,en
u parasite,1,en
u parasite!,1,en
u parasite.,1,en
u parasite lol,1,en
u parasite bro,1,en
u parasite man,1,en
u parasite dude,1,en
hey parasite,1,en
hey parasite!,1,en
hey parasite.,1,en
hey parasite lol,1,en
hey parasite bro,1,en
hey parasite man,1,en
hey parasite dude,1,en
such a parasite,1,en
such a parasite!,1,en
such a parasite.,1,en
such a parasite lol,1,en
such a parasite bro,1,en
such a parasite man,1,en
such a parasite dude,1,en
what a parasite,1,en
what a parasite!,1,en
what a parasite.,1,en
what a parasite lol,1,en
what a parasite bro,1,en
what a parasite man,1,en
what a parasite dude,1,en
parasites,1,en
parasites!,1,en
parasites.,1,en
parasites lol,1,en
parasites bro,1,en
parasites man,1,en
parasites dude,1,en
you parasites,1,en
you parasites!,1,en
you parasites.,1,en
you parasites lol,1,en
you parasites bro,1,en
you parasites man,1,en
you parasites dude,1,en
u parasites,1,en
u parasites!,1,en
u parasites.,1,en
u parasites lol,1,en
u parasites bro,1,en
u parasites man,1,en
u parasites dude,1,en
hey parasites,1,en
hey parasites!,1,en
hey parasites.,1,en
hey parasites lol,1,en
hey parasites bro,1,en
hey parasites man,1,en
hey parasites dude,1,en
such a parasites,1,en
such a parasites!,1,en
such a parasites.,1,en
such a parasites lol,1,en
such a parasites bro,1,en
such a parasites man,1,en
such a parasites dude,1,en
what a parasites,1,en
what a parasites!,1,en
what a parasites.,1,en
what a parasites lol,1,en
what a parasites bro,1,en
what a parasites man,1,en
what a parasites dude,1,en
freeloader,1,en
freeloader!,1,en
freeloader.,1,en
freeloader lol,1,en
freeloader bro,1,en
freeloader man,1,en
freeloader dude,1,en
you freeloader,1,en
you freeloader!,1,en
you freeloader.,1,en
you freeloader lol,1,en
you freeloader bro,1,en
you freeloader man,1,en
you freeloader dude,1,en
u freeloader,1,en
u freeloader!,1,en
u freeloader.,1,en
u freeloader lol,1,en
u freeloader bro,1,en
u freeloader man,1,en
u freeloader dude,1,en
hey freeloader,1,en
hey freeloader!,1,en
hey freeloader.,1,en
hey freeloader lol,1,en
hey freeloader bro,1,en
hey freeloader man,1,en
hey freeloader dude,1,en
such a freeloader,1,en
such a freeloader!,1,en
such a freeloader.,1,en
such a freeloader lol,1,en
such a freeloader bro,1,en
such a freeloader man,1,en
such a freeloader dude,1,en
what a freeloader,1,en
what a freeloader!,1,en
what a freeloader.,1,en
what a freeloader lol,1,en
what a freeloader bro,1,en
what a freeloader man,1,en
what a freeloader dude,1,en
freeloaders,1,en
freeloaders!,1,en
freeloaders.,1,en
freeloaders lol,1,en
freeloaders bro,1,en
freeloaders man,1,en
freeloaders dude,1,en
you freeloaders,1,en
you freeloaders!,1,en
you freeloaders.,1,en
you freeloaders lol,1,en
you freeloaders bro,1,en
you freeloaders man,1,en
you freeloaders dude,1,en
u freeloaders,1,en
u freeloaders!,1,en
u freeloaders.,1,en
u freeloaders lol,1,en
u freeloaders bro,1,en
u freeloaders man,1,en
u freeloaders dude,1,en
hey freeloaders,1,en
hey freeloaders!,1,en
hey freeloaders.,1,en
hey freeloaders lol,1,en
hey freeloaders bro,1,en
hey freeloaders man,1,en
hey freeloaders dude,1,en
such a freeloaders,1,en
such a freeloaders!,1,en
such a freeloaders.,1,en
such a freeloaders lol,1,en
such a freeloaders bro,1,en
such a freeloaders man,1,en
such a freeloaders dude,1,en
what a freeloaders,1,en
what a freeloaders!,1,en
what a freeloaders.,1,en
what a freeloaders lol,1,en
what a freeloaders bro,1,en
what a freeloaders man,1,en
what a freeloaders dude,1,en
cheapskate,1,en
cheapskate!,1,en
cheapskate.,1,en
cheapskate lol,1,en
cheapskate bro,1,en
cheapskate man,1,en
cheapskate dude,1,en
you cheapskate,1,en
you cheapskate!,1,en
you cheapskate.,1,en
you cheapskate lol,1,en
you cheapskate bro,1,en
you cheapskate man,1,en
you cheapskate dude,1,en
u cheapskate,1,en
u cheapskate!,1,en
u cheapskate.,1,en
u cheapskate lol,1,en
u cheapskate bro,1,en
u cheapskate man,1,en
u cheapskate dude,1,en
hey cheapskate,1,en
hey cheapskate!,1,en
hey cheapskate.,1,en
hey cheapskate lol,1,en
hey cheapskate bro,1,en
hey cheapskate man,1,en
hey cheapskate dude,1,en
such a cheapskate,1,en
such a cheapskate!,1,en
such a cheapskate.,1,en
such a cheapskate lol,1,en
such a cheapskate bro,1,en
such a cheapskate man,1,en
such a cheapskate dude,1,en
what a cheapskate,1,en
what a cheapskate!,1,en
what a cheapskate.,1,en
what a cheapskate lol,1,en
what a cheapskate bro,1,en
what a cheapskate man,1,en
what a cheapskate dude,1,en
cheapskates,1,en
cheapskates!,1,en
cheapskates.,1,en
cheapskates lol,1,en
cheapskates bro,1,en
cheapskates man,1,en
cheapskates dude,1,en
you cheapskates,1,en
you cheapskates!,1,en
you cheapskates.,1,en
you cheapskates lol,1,en
you cheapskates bro,1,en
you cheapskates man,1,en
you cheapskates dude,1,en
u cheapskates,1,en
u cheapskates!,1,en
u cheapskates.,1,en
u cheapskates lol,1,en
u cheapskates bro,1,en
u cheapskates man,1,en
u cheapskates dude,1,en
hey cheapskates,1,en
hey cheapskates!,1,en
hey cheapskates.,1,en
hey cheapskates lol,1,en
hey cheapskates bro,1,en
hey cheapskates man,1,en
hey cheapskates dude,1,en
such a cheapskates,1,en
such a cheapskates!,1,en
such a cheapskates.,1,en
such a cheapskates lol,1,en
such a cheapskates bro,1,en
such a cheapskates man,1,en
such a cheapskates dude,1,en
what a cheapskates,1,en
what a cheapskates!,1,en
what a cheapskates.,1,en
what a cheapskates lol,1,en
what a cheapskates bro,1,en
what a cheapskates man,1,en
what a cheapskates dude,1,en
greedy pig,1,en
greedy pig!,1,en
greedy pig.,1,en
greedy pig lol,1,en
greedy pig bro,1,en
greedy pig man,1,en
greedy pig dude,1,en
you greedy pig,1,en
you greedy pig!,1,en
you greedy pig.,1,en
you greedy pig lol,1,en
you greedy pig bro,1,en
you greedy pig man,1,en
you greedy pig dude,1,en
u greedy pig,1,en
u greedy pig!,1,en
u greedy pig.,1,en
u greedy pig lol,1,en
u greedy pig bro,1,en
u greedy pig man,1,en
u greedy pig dude,1,en
hey greedy pig,1,en
hey greedy pig!,1,en
hey greedy pig.,1,en
hey greedy pig lol,1,en
hey greedy pig bro,1,en
hey greedy pig man,1,en
hey greedy pig dude,1,en
such a greedy pig,1,en
such a greedy pig!,1,en
such a greedy pig.,1,en
such a greedy pig lol,1,en
such a greedy pig bro,1,en
such a greedy pig man,1,en
such a greedy pig dude,1,en
what a greedy pig,1,en
what a greedy pig!,1,en
what a greedy pig.,1,en
what a greedy pig lol,1,en
what a greedy pig bro,1,en
what a greedy pig man,1,en
what a greedy pig dude,1,en
selfish pig,1,en
selfish pig!,1,en
selfish pig.,1,en
selfish pig lol,1,en
selfish pig bro,1,en
selfish pig man,1,en
selfish pig dude,1,en
you selfish pig,1,en
you selfish pig!,1,en
you selfish pig.,1,en
you selfish pig lol,1,en
you selfish pig bro,1,en
you selfish pig man,1,en
you selfish pig dude,1,en
u selfish pig,1,en
u selfish pig!,1,en
u selfish pig.,1,en
u selfish pig lol,1,en
u selfish pig bro,1,en
u selfish pig man,1,en
u selfish pig dude,1,en
hey selfish pig,1,en
hey selfish pig!,1,en
hey selfish pig.,1,en
hey selfish pig lol,1,en
hey selfish pig bro,1,en
hey selfish pig man,1,en
hey selfish pig dude,1,en
such a selfish pig,1,en
such a selfish pig!,1,en
such a selfish pig.,1,en
such a selfish pig lol,1,en
such a selfish pig bro,1,en
such a selfish pig man,1,en
such a selfish pig dude,1,en
what a selfish pig,1,en
what a selfish pig!,1,en
what a selfish pig.,1,en
what a selfish pig lol,1,en
what a selfish pig bro,1,en
what a selfish pig man,1,en
what a selfish pig dude,1,en
pig,1,en
pig!,1,en
pig.,1,en
pig lol,1,en
pig bro,1,en
pig man,1,en
pig dude,1,en
you pig,1,en
you pig!,1,en
you pig.,1,en
you pig lol,1,en
you pig bro,1,en
you pig man,1,en
you pig dude,1,en
u pig,1,en
u pig!,1,en
u pig.,1,en
u pig lol,1,en
u pig bro,1,en
u pig man,1,en
u pig dude,1,en
hey pig,1,en
hey pig!,1,en
hey pig.,1,en
hey pig lol,1,en
hey pig bro,1,en
hey pig man,1,en
hey pig dude,1,en
such a pig,1,en
such a pig!,1,en
such a pig.,1,en
such a pig lol,1,en
such a pig bro,1,en
such a pig man,1,en
such a pig dude,1,en
what a pig,1,en
what a pig!,1,en
what a pig.,1,en
what a pig lol,1,en
what a pig bro,1,en
what a pig man,1,en
what a pig dude,1,en
pigs,1,en
pigs!,1,en
pigs.,1,en
pigs lol,1,en
pigs bro,1,en
pigs man,1,en
pigs dude,1,en
you pigs,1,en
you pigs!,1,en
you pigs.,1,en
you pigs lol,1,en
you pigs bro,1,en
you pigs man,1,en
you pigs dude,1,en
u pigs,1,en
u pigs!,1,en
u pigs.,1,en
u pigs lol,1,en
u pigs bro,1,en
u pigs man,1,en
u pigs dude,1,en
hey pigs,1,en
hey pigs!,1,en
hey pigs.,1,en
hey pigs lol,1,en
hey pigs bro,1,en
hey pigs man,1,en
hey pigs dude,1,en
such a pigs,1,en
such a pigs!,1,en
such a pigs.,1,en
such a pigs lol,1,en
such a pigs bro,1,en
such a pigs man,1,en
such a pigs dude,1,en
what a pigs,1,en
what a pigs!,1,en
what a pigs.,1,en
what a pigs lol,1,en
what a pigs bro,1,en
what a pigs man,1,en
what a pigs dude,1,en
filthy pig,1,en
filthy pig!,1,en
filthy pig.,1,en
filthy pig lol,1,en
filthy pig bro,1,en
filthy pig man,1,en
filthy pig dude,1,en
you filthy pig,1,en
you filthy pig!,1,en
you filthy pig.,1,en
you filthy pig lol,1,en
you filthy pig bro,1,en
you filthy pig man,1,en
you filthy pig dude,1,en
u filthy pig,1,en
u filthy pig!,1,en
u filthy pig.,1,en
u filthy pig lol,1,en
u filthy pig bro,1,en
u filthy pig man,1,en
u filthy pig dude,1,en
hey filthy pig,1,en
hey filthy pig!,1,en
hey filthy pig.,1,en
hey filthy pig lol,1,en
hey filthy pig bro,1,en
hey filthy pig man,1,en
hey filthy pig dude,1,en
such a filthy pig,1,en
such a filthy pig!,1,en
such a filthy pig.,1,en
such a filthy pig lol,1,en
such a filthy pig bro,1,en
such a filthy pig man,1,en
such a filthy pig dude,1,en
what a filthy pig,1,en
what a filthy pig!,1,en
what a filthy pig.,1,en
what a filthy pig lol,1,en
what a filthy pig bro,1,en
what a filthy pig man,1,en
what a filthy pig dude,1,en
dirty pig,1,en
dirty pig!,1,en
dirty pig.,1,en
dirty pig lol,1,en
dirty pig bro,1,en
dirty pig man,1,en
dirty pig dude,1,en
you dirty pig,1,en
you dirty pig!,1,en
you dirty pig.,1,en
you dirty pig lol,1,en
you dirty pig bro,1,en
you dirty pig man,1,en
you dirty pig dude,1,en
u dirty pig,1,en
u dirty pig!,1,en
u dirty pig.,1,en
u dirty pig lol,1,en
u dirty pig bro,1,en
u dirty pig man,1,en
u dirty pig dude,1,en
hey dirty pig,1,en
hey dirty pig!,1,en
hey dirty pig.,1,en
hey dirty pig lol,1,en
hey dirty pig bro,1,en
hey dirty pig man,1,en
hey dirty pig dude,1,en
such a dirty pig,1,en
such a dirty pig!,1,en
such a dirty pig.,1,en
such a dirty pig lol,1,en
such a dirty pig bro,1,en
such a dirty pig man,1,en
such a dirty pig dude,1,en
what a dirty pig,1,en
what a dirty pig!,1,en
what a dirty pig.,1,en
what a dirty pig lol,1,en
what a dirty pig bro,1,en
what a dirty pig man,1,en
what a dirty pig dude,1,en
animal,1,en
animal!,1,en
animal.,1,en
animal lol,1,en
animal bro,1,en
animal man,1,en
animal dude,1,en
you animal,1,en
you animal!,1,en
you animal.,1,en
you animal lol,1,en
you animal bro,1,en
you animal man,1,en
you animal dude,1,en
u animal,1,en
u animal!,1,en
u animal.,1,en
u animal lol,1,en
u animal bro,1,en
u animal man,1,en
u animal dude,1,en
hey animal,1,en
hey animal!,1,en
hey animal.,1,en
hey animal lol,1,en
hey animal bro,1,en
hey animal man,1,en
hey animal dude,1,en
such a animal,1,en
such a animal!,1,en
such a animal.,1,en
such a animal lol,1,en
such a animal bro,1,en
such a animal man,1,en
such a animal dude,1,en
what a animal,1,en
what a animal!,1,en
what a animal.,1,en
what a animal lol,1,en
what a animal bro,1,en
what a animal man,1,en
what a animal dude,1,en
stupid animal,1,en
stupid animal!,1,en
stupid animal.,1,en
stupid animal lol,1,en
stupid animal bro,1,en
stupid animal man,1,en
stupid animal dude,1,en
you stupid animal,1,en
you stupid animal!,1,en
you stupid animal.,1,en
you stupid animal lol,1,en
you stupid animal bro,1,en
you stupid animal man,1,en
you stupid animal dude,1,en
u stupid animal,1,en
u stupid animal!,1,en
u stupid animal.,1,en
u stupid animal lol,1,en
u stupid animal bro,1,en
u stupid animal man,1,en
u stupid animal dude,1,en
hey stupid animal,1,en
hey stupid animal!,1,en
hey stupid animal.,1,en
hey stupid animal lol,1,en
hey stupid animal bro,1,en
hey stupid animal man,1,en
hey stupid animal dude,1,en
such a stupid animal,1,en
such a stupid animal!,1,en
such a stupid animal.,1,en
such a stupid animal lol,1,en
such a stupid animal bro,1,en
such a stupid animal man,1,en
such a stupid animal dude,1,en
what a stupid animal,1,en
what a stupid animal!,1,en
what a stupid animal.,1,en
what a stupid animal lol,1,en
what a stupid animal bro,1,en
what a stupid animal man,1,en
what a stupid animal dude,1,en
ugly,1,en
ugly!,1,en
ugly.,1,en
ugly lol,1,en
ugly bro,1,en
ugly man,1,en
ugly dude,1,en
you ugly,1,en
you ugly!,1,en
you ugly.,1,en
you ugly lol,1,en
you ugly bro,1,en
you ugly man,1,en
you ugly dude,1,en
u ugly,1,en
u ugly!,1,en
u ugly.,1,en
u ugly lol,1,en
u ugly bro,1,en
u ugly man,1,en
u ugly dude,1,en
hey ugly,1,en
hey ugly!,1,en
hey ugly.,1,en
hey ugly lol,1,en
hey ugly bro,1,en
hey ugly man,1,en
hey ugly dude,1,en
such a ugly,1,en
such a ugly!,1,en
such a ugly.,1,en
such a ugly lol,1,en
such a ugly bro,1,en
such a ugly man,1,en
such a ugly dude,1,en
what a ugly,1,en
what a ugly!,1,en
what a ugly.,1,en
what a ugly lol,1,en
what a ugly bro,1,en
what a ugly man,1,en
what a ugly dude,1,en
ugly idiot,1,en
ugly idiot!,1,en
ugly idiot.,1,en
ugly idiot lol,1,en
ugly idiot bro,1,en
ugly idiot man,1,en
ugly idiot dude,1,en
you ugly idiot,1,en
you ugly idiot!,1,en
you ugly idiot.,1,en
you ugly idiot lol,1,en
you ugly idiot bro,1,en
you ugly idiot man,1,en
you ugly idiot dude,1,en
u ugly idiot,1,en
u ugly idiot!,1,en
u ugly idiot.,1,en
u ugly idiot lol,1,en
u ugly idiot bro,1,en
u ugly idiot man,1,en
u ugly idiot dude,1,en
hey ugly idiot,1,en
hey ugly idiot!,1,en
hey ugly idiot.,1,en
hey ugly idiot lol,1,en
hey ugly idiot bro,1,en
hey ugly idiot man,1,en
hey ugly idiot dude,1,en
such a ugly idiot,1,en
such a ugly idiot!,1,en
such a ugly idiot.,1,en
such a ugly idiot lol,1,en
such a ugly idiot bro,1,en
such a ugly idiot man,1,en
such a ugly idiot dude,1,en
what a ugly idiot,1,en
what a ugly idiot!,1,en
what a ugly idiot.,1,en
what a ugly idiot lol,1,en
what a ugly idiot bro,1,en
what a ugly idiot man,1,en
what a ugly idiot dude,1,en
ugly 1diot,1,en
ugly 1diot!,1,en
ugly 1diot.,1,en
ugly 1diot lol,1,en
ugly 1diot bro,1,en
ugly 1diot man,1,en
ugly 1diot dude,1,en
you ugly 1diot,1,en
you ugly 1diot!,1,en
you ugly 1diot.,1,en
you ugly 1diot lol,1,en
you ugly 1diot bro,1,en
you ugly 1diot man,1,en
you ugly 1diot dude,1,en
u ugly 1diot,1,en
u ugly 1diot!,1,en
u ugly 1diot.,1,en
u ugly 1diot lol,1,en
u ugly 1diot bro,1,en
u ugly 1diot man,1,en
u ugly 1diot dude,1,en
hey ugly 1diot,1,en
hey ugly 1diot!,1,en
hey ugly 1diot.,1,en
hey ugly 1diot lol,1,en
hey ugly 1diot bro,1,en
hey ugly 1diot man,1,en
hey ugly 1diot dude,1,en
such a ugly 1diot,1,en
such a ugly 1diot!,1,en
such a ugly 1diot.,1,en
such a ugly 1diot lol,1,en
such a ugly 1diot bro,1,en
such a ugly 1diot man,1,en
such a ugly 1diot dude,1,en
what a ugly 1diot,1,en
what a ugly 1diot!,1,en
what a ugly 1diot.,1,en
what a ugly 1diot lol,1,en
what a ugly 1diot bro,1,en
what a ugly 1diot man,1,en
what a ugly 1diot dude,1,en
ugly bastard,1,en
ugly bastard!,1,en
ugly bastard.,1,en
ugly bastard lol,1,en
ugly bastard bro,1,en
ugly bastard man,1,en
ugly bastard dude,1,en
you ugly bastard,1,en
you ugly bastard!,1,en
you ugly bastard.,1,en
you ugly bastard lol,1,en
you ugly bastard bro,1,en
you ugly bastard man,1,en
you ugly bastard dude,1,en
u ugly bastard,1,en
u ugly bastard!,1,en
u ugly bastard.,1,en
u ugly bastard lol,1,en
u ugly bastard bro,1,en
u ugly bastard man,1,en
u ugly bastard dude,1,en
hey ugly bastard,1,en
hey ugly bastard!,1,en
hey ugly bastard.,1,en
hey ugly bastard lol,1,en
hey ugly bastard bro,1,en
hey ugly bastard man,1,en
hey ugly bastard dude,1,en
such a ugly bastard,1,en
such a ugly bastard!,1,en
such a ugly bastard.,1,en
such a ugly bastard lol,1,en
such a ugly bastard bro,1,en
such a ugly bastard man,1,en
such a ugly bastard dude,1,en
what a ugly bastard,1,en
what a ugly bastard!,1,en
what a ugly bastard.,1,en
what a ugly bastard lol,1,en
what a ugly bastard bro,1,en
what a ugly bastard man,1,en
what a ugly bastard dude,1,en
hideous,1,en
hideous!,1,en
hideous.,1,en
hideous lol,1,en
hideous bro,1,en
hideous man,1,en
hideous dude,1,en
you hideous,1,en
you hideous!,1,en
you hideous.,1,en
you hideous lol,1,en
you hideous bro,1,en
you hideous man,1,en
you hideous dude,1,en
u hideous,1,en
u hideous!,1,en
u hideous.,1,en
u hideous lol,1,en
u hideous bro,1,en
u hideous man,1,en
u hideous dude,1,en
hey hideous,1,en
hey hideous!,1,en
hey hideous.,1,en
hey hideous lol,1,en
hey hideous bro,1,en
hey hideous man,1,en
hey hideous dude,1,en
such a hideous,1,en
such a hideous!,1,en
such a hideous.,1,en
such a hideous lol,1,en
such a hideous bro,1,en
such a hideous man,1,en
such a hideous dude,1,en
what a hideous,1,en
what a hideous!,1,en
what a hideous.,1,en
what a hideous lol,1,en
what a hideous bro,1,en
what a hideous man,1,en
what a hideous dude,1,en
gross,1,en
gross!,1,en
gross.,1,en
gross lol,1,en
gross bro,1,en
gross man,1,en
gross dude,1,en
you gross,1,en
you gross!,1,en
you gross.,1,en
you gross lol,1,en
you gross bro,1,en
you gross man,1,en
you gross dude,1,en
u gross,1,en
u gross!,1,en
u gross.,1,en
u gross lol,1,en
u gross bro,1,en
u gross man,1,en
u gross dude,1,en
hey gross,1,en
hey gross!,1,en
hey gross.,1,en
hey gross lol,1,en
hey gross bro,1,en
hey gross man,1,en
hey gross dude,1,en
such a gross,1,en
such a gross!,1,en
such a gross.,1,en
such a gross lol,1,en
such a gross bro,1,en
such a gross man,1,en
such a gross dude,1,en
what a gross,1,en
what a gross!,1,en
what a gross.,1,en
what a gross lol,1,en
what a gross bro,1,en
what a gross man,1,en
what a gross dude,1,en
creepazoid,1,en
creepazoid!,1,en
creepazoid.,1,en
creepazoid lol,1,en
creepazoid bro,1,en
creepazoid man,1,en
creepazoid dude,1,en
you creepazoid,1,en
you creepazoid!,1,en
you creepazoid.,1,en
you creepazoid lol,1,en
you creepazoid bro,1,en
you creepazoid man,1,en
you creepazoid dude,1,en
u creepazoid,1,en
u creepazoid!,1,en
u creepazoid.,1,en
u creepazoid lol,1,en
u creepazoid bro,1,en
u creepazoid man,1,en
u creepazoid dude,1,en
hey creepazoid,1,en
hey creepazoid!,1,en
hey creepazoid.,1,en
hey creepazoid lol,1,en
hey creepazoid bro,1,en
hey creepazoid man,1,en
hey creepazoid dude,1,en
such a creepazoid,1,en
such a creepazoid!,1,en
such a creepazoid.,1,en
such a creepazoid lol,1,en
such a creepazoid bro,1,en
such a creepazoid man,1,en
such a creepazoid dude,1,en
what a creepazoid,1,en
what a creepazoid!,1,en
what a creepazoid.,1,en
what a creepazoid lol,1,en
what a creepazoid bro,1,en
what a creepazoid man,1,en
what a creepazoid dude,1,en
weirdo,1,en
weirdo!,1,en
weirdo.,1,en
weirdo lol,1,en
weirdo bro,1,en
weirdo man,1,en
weirdo dude,1,en
you weirdo,1,en
you weirdo!,1,en
you weirdo.,1,en
you weirdo lol,1,en
you weirdo bro,1,en
you weirdo man,1,en
you weirdo dude,1,en
u weirdo,1,en
u weirdo!,1,en
u weirdo.,1,en
u weirdo lol,1,en
u weirdo bro,1,en
u weirdo man,1,en
u weirdo dude,1,en
hey weirdo,1,en
hey weirdo!,1,en
hey weirdo.,1,en
hey weirdo lol,1,en
hey weirdo bro,1,en
hey weirdo man,1,en
hey weirdo dude,1,en
such a weirdo,1,en
such a weirdo!,1,en
such a weirdo.,1,en
such a weirdo lol,1,en
such a weirdo bro,1,en
such a weirdo man,1,en
such a weirdo dude,1,en
what a weirdo,1,en
what a weirdo!,1,en
what a weirdo.,1,en
what a weirdo lol,1,en
what a weirdo bro,1,en
what a weirdo man,1,en
what a weirdo dude,1,en
weirdos,1,en
weirdos!,1,en
weirdos.,1,en
weirdos lol,1,en
weirdos bro,1,en
weirdos man,1,en
weirdos dude,1,en
you weirdos,1,en
you weirdos!,1,en
you weirdos.,1,en
you weirdos lol,1,en
you weirdos bro,1,en
you weirdos man,1,en
you weirdos dude,1,en
u weirdos,1,en
u weirdos!,1,en
u weirdos.,1,en
u weirdos lol,1,en
u weirdos bro,1,en
u weirdos man,1,en
u weirdos dude,1,en
hey weirdos,1,en
hey weirdos!,1,en
hey weirdos.,1,en
hey weirdos lol,1,en
hey weirdos bro,1,en
hey weirdos man,1,en
hey weirdos dude,1,en
such a weirdos,1,en
such a weirdos!,1,en
such a weirdos.,1,en
such a weirdos lol,1,en
such a weirdos bro,1,en
such a weirdos man,1,en
such a weirdos dude,1,en
what a weirdos,1,en
what a weirdos!,1,en
what a weirdos.,1,en
what a weirdos lol,1,en
what a weirdos bro,1,en
what a weirdos man,1,en
what a weirdos dude,1,en
freak,1,en
freak!,1,en
freak.,1,en
freak lol,1,en
freak bro,1,en
freak man,1,en
freak dude,1,en
you freak,1,en
you freak!,1,en
you freak.,1,en
you freak lol,1,en
you freak bro,1,en
you freak man,1,en
you freak dude,1,en
u freak,1,en
u freak!,1,en
u freak.,1,en
u freak lol,1,en
u freak bro,1,en
u freak man,1,en
u freak dude,1,en
hey freak,1,en
hey freak!,1,en
hey freak.,1,en
hey freak lol,1,en
hey freak bro,1,en
hey freak man,1,en
hey freak dude,1,en
such a freak,1,en
such a freak!,1,en
such a freak.,1,en
such a freak lol,1,en
such a freak bro,1,en
such a freak man,1,en
such a freak dude,1,en
what a freak,1,en
what a freak!,1,en
what a freak.,1,en
what a freak lol,1,en
what a freak bro,1,en
what a freak man,1,en
what a freak dude,1,en
freaks,1,en
freaks!,1,en
freaks.,1,en
freaks lol,1,en
freaks bro,1,en
freaks man,1,en
freaks dude,1,en
you freaks,1,en
you freaks!,1,en
you freaks.,1,en
you freaks lol,1,en
you freaks bro,1,en
you freaks man,1,en
you freaks dude,1,en
u freaks,1,en
u freaks!,1,en
u freaks.,1,en
u freaks lol,1,en
u freaks bro,1,en
u freaks man,1,en
u freaks dude,1,en
hey freaks,1,en
hey freaks!,1,en
hey freaks.,1,en
hey freaks lol,1,en
hey freaks bro,1,en
hey freaks man,1,en
hey freaks dude,1,en
such a freaks,1,en
such a freaks!,1,en
such a freaks.,1,en
such a freaks lol,1,en
such a freaks bro,1,en
such a freaks man,1,en
such a freaks dude,1,en
what a freaks,1,en
what a freaks!,1,en
what a freaks.,1,en
what a freaks lol,1,en
what a freaks bro,1,en
what a freaks man,1,en
what a freaks dude,1,en
loser freak,1,en
loser freak!,1,en
loser freak.,1,en
loser freak lol,1,en
loser freak bro,1,en
loser freak man,1,en
loser freak dude,1,en
you loser freak,1,en
you loser freak!,1,en
you loser freak.,1,en
you loser freak lol,1,en
you loser freak bro,1,en
you loser freak man,1,en
you loser freak dude,1,en
u loser freak,1,en
u loser freak!,1,en
u loser freak.,1,en
u loser freak lol,1,en
u loser freak bro,1,en
u loser freak man,1,en
u loser freak dude,1,en
hey loser freak,1,en
hey loser freak!,1,en
hey loser freak.,1,en
hey loser freak lol,1,en
hey loser freak bro,1,en
hey loser freak man,1,en
hey loser freak dude,1,en
such a loser freak,1,en
such a loser freak!,1,en
such a loser freak.,1,en
such a loser freak lol,1,en
such a loser freak bro,1,en
such a loser freak man,1,en
such a loser freak dude,1,en
what a loser freak,1,en
what a loser freak!,1,en
what a loser freak.,1,en
what a loser freak lol,1,en
what a loser freak bro,1,en
what a loser freak man,1,en
what a loser freak dude,1,en
psycho,1,en
psycho!,1,en
psycho.,1,en
psycho lol,1,en
psycho bro,1,en
psycho man,1,en
psycho dude,1,en
you psycho,1,en
you psycho!,1,en
you psycho.,1,en
you psycho lol,1,en
you psycho bro,1,en
you psycho man,1,en
you psycho dude,1,en
u psycho,1,en
u psycho!,1,en
u psycho.,1,en
u psycho lol,1,en
u psycho bro,1,en
u psycho man,1,en
u psycho dude,1,en
hey psycho,1,en
hey psycho!,1,en
hey psycho.,1,en
hey psycho lol,1,en
hey psycho bro,1,en
hey psycho man,1,en
hey psycho dude,1,en
such a psycho,1,en
such a psycho!,1,en
such a psycho.,1,en
such a psycho lol,1,en
such a psycho bro,1,en
such a psycho man,1,en
such a psycho dude,1,en
what a psycho,1,en
what a psycho!,1,en
what a psycho.,1,en
what a psycho lol,1,en
what a psycho bro,1,en
what a psycho man,1,en
what a psycho dude,1,en
psychopath,1,en
psychopath!,1,en
psychopath.,1,en
psychopath lol,1,en
psychopath bro,1,en
psychopath man,1,en
psychopath dude,1,en
you psychopath,1,en
you psychopath!,1,en
you psychopath.,1,en
you psychopath lol,1,en
you psychopath bro,1,en
you psychopath man,1,en
you psychopath dude,1,en
u psychopath,1,en
u psychopath!,1,en
u psychopath.,1,en
u psychopath lol,1,en
u psychopath bro,1,en
u psychopath man,1,en
u psychopath dude,1,en
hey psychopath,1,en
hey psychopath!,1,en
hey psychopath.,1,en
hey psychopath lol,1,en
hey psychopath bro,1,en
hey psychopath man,1,en
hey psychopath dude,1,en
such a psychopath,1,en
such a psychopath!,1,en
such a psychopath.,1,en
such a psychopath lol,1,en
such a psychopath bro,1,en
such a psychopath man,1,en
such a psychopath dude,1,en
what a psychopath,1,en
what a psychopath!,1,en
what a psychopath.,1,en
what a psychopath lol,1,en
what a psychopath bro,1,en
what a psychopath man,1,en
what a psychopath dude,1,en
nutcase,1,en
nutcase!,1,en
nutcase.,1,en
nutcase lol,1,en
nutcase bro,1,en
nutcase man,1,en
nutcase dude,1,en
you nutcase,1,en
you nutcase!,1,en
you nutcase.,1,en
you nutcase lol,1,en
you nutcase bro,1,en
you nutcase man,1,en
you nutcase dude,1,en
u nutcase,1,en
u nutcase!,1,en
u nutcase.,1,en
u nutcase lol,1,en
u nutcase bro,1,en
u nutcase man,1,en
u nutcase dude,1,en
hey nutcase,1,en
hey nutcase!,1,en
hey nutcase.,1,en
hey nutcase lol,1,en
hey nutcase bro,1,en
hey nutcase man,1,en
hey nutcase dude,1,en
such a nutcase,1,en
such a nutcase!,1,en
such a nutcase.,1,en
such a nutcase lol,1,en
such a nutcase bro,1,en
such a nutcase man,1,en
such a nutcase dude,1,en
what a nutcase,1,en
what a nutcase!,1,en
what a nutcase.,1,en
what a nutcase lol,1,en
what a nutcase bro,1,en
what a nutcase man,1,en
what a nutcase dude,1,en
lunatic,1,en
lunatic!,1,en
lunatic.,1,en
lunatic lol,1,en
lunatic bro,1,en
lunatic man,1,en
lunatic dude,1,en
you lunatic,1,en
you lunatic!,1,en
you lunatic.,1,en
you lunatic lol,1,en
you lunatic bro,1,en
you lunatic man,1,en
you lunatic dude,1,en
u lunatic,1,en
u lunatic!,1,en
u lunatic.,1,en
u lunatic lol,1,en
u lunatic bro,1,en
u lunatic man,1,en
u lunatic dude,1,en
hey lunatic,1,en
hey lunatic!,1,en
hey lunatic.,1,en
hey lunatic lol,1,en
hey lunatic bro,1,en
hey lunatic man,1,en
hey lunatic dude,1,en
such a lunatic,1,en
such a lunatic!,1,en
such a lunatic.,1,en
such a lunatic lol,1,en
such a lunatic bro,1,en
such a lunatic man,1,en
such a lunatic dude,1,en
what a lunatic,1,en
what a lunatic!,1,en
what a lunatic.,1,en
what a lunatic lol,1,en
what a lunatic bro,1,en
what a lunatic man,1,en
what a lunatic dude,1,en
maniac,1,en
maniac!,1,en
maniac.,1,en
maniac lol,1,en
maniac bro,1,en
maniac man,1,en
maniac dude,1,en
you maniac,1,en
you maniac!,1,en
you maniac.,1,en
you maniac lol,1,en
you maniac bro,1,en
you maniac man,1,en
you maniac dude,1,en
u maniac,1,en
u maniac!,1,en
u maniac.,1,en
u maniac lol,1,en
u maniac bro,1,en
u maniac man,1,en
u maniac dude,1,en
hey maniac,1,en
hey maniac!,1,en
hey maniac.,1,en
hey maniac lol,1,en
hey maniac bro,1,en
hey maniac man,1,en
hey maniac dude,1,en
such a maniac,1,en
such a maniac!,1,en
such a maniac.,1,en
such a maniac lol,1,en
such a maniac bro,1,en
such a maniac man,1,en
such a maniac dude,1,en
what a maniac,1,en
what a maniac!,1,en
what a maniac.,1,en
what a maniac lol,1,en
what a maniac bro,1,en
what a maniac man,1,en
what a maniac dude,1,en
control freak,1,en
control freak!,1,en
control freak.,1,en
control freak lol,1,en
control freak bro,1,en
control freak man,1,en
control freak dude,1,en
you control freak,1,en
you control freak!,1,en
you control freak.,1,en
you control freak lol,1,en
you control freak bro,1,en
you control freak man,1,en
you control freak dude,1,en
u control freak,1,en
u control freak!,1,en
u control freak.,1,en
u control freak lol,1,en
u control freak bro,1,en
u control freak man,1,en
u control freak dude,1,en
hey control freak,1,en
hey control freak!,1,en
hey control freak.,1,en
hey control freak lol,1,en
hey control freak bro,1,en
hey control freak man,1,en
hey control freak dude,1,en
such a control freak,1,en
such a control freak!,1,en
such a control freak.,1,en
such a control freak lol,1,en
such a control freak bro,1,en
such a control freak man,1,en
such a control freak dude,1,en
what a control freak,1,en
what a control freak!,1,en
what a control freak.,1,en
what a control freak lol,1,en
what a control freak bro,1,en
what a control freak man,1,en
what a control freak dude,1,en
attention seeker,1,en
attention seeker!,1,en
attention seeker.,1,en
attention seeker lol,1,en
attention seeker bro,1,en
attention seeker man,1,en
attention seeker dude,1,en
you attention seeker,1,en
you attention seeker!,1,en
you attention seeker.,1,en
you attention seeker lol,1,en
you attention seeker bro,1,en
you attention seeker man,1,en
you attention seeker dude,1,en
u attention seeker,1,en
u attention seeker!,1,en
u attention seeker.,1,en
u attention seeker lol,1,en
u attention seeker bro,1,en
u attention seeker man,1,en
u attention seeker dude,1,en
hey attention seeker,1,en
hey attention seeker!,1,en
hey attention seeker.,1,en
hey attention seeker lol,1,en
hey attention seeker bro,1,en
hey attention seeker man,1,en
hey attention seeker dude,1,en
such a attention seeker,1,en
such a attention seeker!,1,en
such a attention seeker.,1,en
such a attention seeker lol,1,en
such a attention seeker bro,1,en
such a attention seeker man,1,en
such a attention seeker dude,1,en
what a attention seeker,1,en
what a attention seeker!,1,en
what a attention seeker.,1,en
what a attention seeker lol,1,en
what a attention seeker bro,1,en
what a attention seeker man,1,en
what a attention seeker dude,1,en
spoiled brat,1,en
spoiled brat!,1,en
spoiled brat.,1,en
spoiled brat lol,1,en
spoiled brat bro,1,en
spoiled brat man,1,en
spoiled brat dude,1,en
you spoiled brat,1,en
you spoiled brat!,1,en
you spoiled brat.,1,en
you spoiled brat lol,1,en
you spoiled brat bro,1,en
you spoiled brat man,1,en
you spoiled brat dude,1,en
u spoiled brat,1,en
u spoiled brat!,1,en
u spoiled brat.,1,en
u spoiled brat lol,1,en
u spoiled brat bro,1,en
u spoiled brat man,1,en
u spoiled brat dude,1,en
hey spoiled brat,1,en
hey spoiled brat!,1,en
hey spoiled brat.,1,en
hey spoiled brat lol,1,en
hey spoiled brat bro,1,en
hey spoiled brat man,1,en
hey spoiled brat dude,1,en
such a spoiled brat,1,en
such a spoiled brat!,1,en
such a spoiled brat.,1,en
such a spoiled brat lol,1,en
such a spoiled brat bro,1,en
such a spoiled brat man,1,en
such a spoiled brat dude,1,en
what a spoiled brat,1,en
what a spoiled brat!,1,en
what a spoiled brat.,1,en
what a spoiled brat lol,1,en
what a spoiled brat bro,1,en
what a spoiled brat man,1,en
what a spoiled brat dude,1,en
brat,1,en
brat!,1,en
brat.,1,en
brat lol,1,en
brat bro,1,en
brat man,1,en
brat dude,1,en
you brat,1,en
you brat!,1,en
you brat.,1,en
you brat lol,1,en
you brat bro,1,en
you brat man,1,en
you brat dude,1,en
u brat,1,en
u brat!,1,en
u brat.,1,en
u brat lol,1,en
u brat bro,1,en
u brat man,1,en
u brat dude,1,en
hey brat,1,en
hey brat!,1,en
hey brat.,1,en
hey brat lol,1,en
hey brat bro,1,en
hey brat man,1,en
hey brat dude,1,en
such a brat,1,en
such a brat!,1,en
such a brat.,1,en
such a brat lol,1,en
such a brat bro,1,en
such a brat man,1,en
such a brat dude,1,en
what a brat,1,en
what a brat!,1,en
what a brat.,1,en
what a brat lol,1,en
what a brat bro,1,en
what a brat man,1,en
what a brat dude,1,en
brats,1,en
brats!,1,en
brats.,1,en
brats lol,1,en
brats bro,1,en
brats man,1,en
brats dude,1,en
you brats,1,en
you brats!,1,en
you brats.,1,en
you brats lol,1,en
you brats bro,1,en
you brats man,1,en
you brats dude,1,en
u brats,1,en
u brats!,1,en
u brats.,1,en
u brats lol,1,en
u brats bro,1,en
u brats man,1,en
u brats dude,1,en
hey brats,1,en
hey brats!,1,en
hey brats.,1,en
hey brats lol,1,en
hey brats bro,1,en
hey brats man,1,en
hey brats dude,1,en
such a brats,1,en
such a brats!,1,en
such a brats.,1,en
such a brats lol,1,en
such a brats bro,1,en
such a brats man,1,en
such a brats dude,1,en
what a brats,1,en
what a brats!,1,en
what a brats.,1,en
what a brats lol,1,en
what a brats bro,1,en
what a brats man,1,en
what a brats dude,1,en
crybaby,1,en
crybaby!,1,en
crybaby.,1,en
crybaby lol,1,en
crybaby bro,1,en
crybaby man,1,en
crybaby dude,1,en
you crybaby,1,en
you crybaby!,1,en
you crybaby.,1,en
you crybaby lol,1,en
you crybaby bro,1,en
you crybaby man,1,en
you crybaby dude,1,en
u crybaby,1,en
u crybaby!,1,en
u crybaby.,1,en
u crybaby lol,1,en
u crybaby bro,1,en
u crybaby man,1,en
u crybaby dude,1,en
hey crybaby,1,en
hey crybaby!,1,en
hey crybaby.,1,en
hey crybaby lol,1,en
hey crybaby bro,1,en
hey crybaby man,1,en
hey crybaby dude,1,en
such a crybaby,1,en
such a crybaby!,1,en
such a crybaby.,1,en
such a crybaby lol,1,en
such a crybaby bro,1,en
such a crybaby man,1,en
such a crybaby dude,1,en
what a crybaby,1,en
what a crybaby!,1,en
what a crybaby.,1,en
what a crybaby lol,1,en
what a crybaby bro,1,en
what a crybaby man,1,en
what a crybaby dude,1,en
crybabies,1,en
crybabies!,1,en
crybabies.,1,en
crybabies lol,1,en
crybabies bro,1,en
crybabies man,1,en
crybabies dude,1,en
you crybabies,1,en
you crybabies!,1,en
you crybabies.,1,en
you crybabies lol,1,en
you crybabies bro,1,en
you crybabies man,1,en
you crybabies dude,1,en
u crybabies,1,en
u crybabies!,1,en
u crybabies.,1,en
u crybabies lol,1,en
u crybabies bro,1,en
u crybabies man,1,en
u crybabies dude,1,en
hey crybabies,1,en
hey crybabies!,1,en
hey crybabies.,1,en
hey crybabies lol,1,en
hey crybabies bro,1,en
hey crybabies man,1,en
hey crybabies dude,1,en
such a crybabies,1,en
such a crybabies!,1,en
such a crybabies.,1,en
such a crybabies lol,1,en
such a crybabies bro,1,en
such a crybabies man,1,en
such a crybabies dude,1,en
what a crybabies,1,en
what a crybabies!,1,en
what a crybabies.,1,en
what a crybabies lol,1,en
what a crybabies bro,1,en
what a crybabies man,1,en
what a crybabies dude,1,en
whiner,1,en
whiner!,1,en
whiner.,1,en
whiner lol,1,en
whiner bro,1,en
whiner man,1,en
whiner dude,1,en
you whiner,1,en
you whiner!,1,en
you whiner.,1,en
you whiner lol,1,en
you whiner bro,1,en
you whiner man,1,en
you whiner dude,1,en
u whiner,1,en
u whiner!,1,en
u whiner.,1,en
u whiner lol,1,en
u whiner bro,1,en
u whiner man,1,en
u whiner dude,1,en
hey whiner,1,en
hey whiner!,1,en
hey whiner.,1,en
hey whiner lol,1,en
hey whiner bro,1,en
hey whiner man,1,en
hey whiner dude,1,en
such a whiner,1,en
such a whiner!,1,en
such a whiner.,1,en
such a whiner lol,1,en
such a whiner bro,1,en
such a whiner man,1,en
such a whiner dude,1,en
what a whiner,1,en
what a whiner!,1,en
what a whiner.,1,en
what a whiner lol,1,en
what a whiner bro,1,en
what a whiner man,1,en
what a whiner dude,1,en
whiners,1,en
whiners!,1,en
whiners.,1,en
whiners lol,1,en
whiners bro,1,en
whiners man,1,en
whiners dude,1,en
you whiners,1,en
you whiners!,1,en
you whiners.,1,en
you whiners lol,1,en
you whiners bro,1,en
you whiners man,1,en
you whiners dude,1,en
u whiners,1,en
u whiners!,1,en
u whiners.,1,en
u whiners lol,1,en
u whiners bro,1,en
u whiners man,1,en
u whiners dude,1,en
hey whiners,1,en
hey whiners!,1,en
hey whiners.,1,en
hey whiners lol,1,en
hey whiners bro,1,en
hey whiners man,1,en
hey whiners dude,1,en
such a whiners,1,en
such a whiners!,1,en
such a whiners.,1,en
such a whiners lol,1,en
such a whiners bro,1,en
such a whiners man,1,en
such a whiners dude,1,en
what a whiners,1,en
what a whiners!,1,en
what a whiners.,1,en
what a whiners lol,1,en
what a whiners bro,1,en
what a whiners man,1,en
what a whiners dude,1,en
whiny loser,1,en
whiny loser!,1,en
whiny loser.,1,en
whiny loser lol,1,en
whiny loser bro,1,en
whiny loser man,1,en
whiny loser dude,1,en
you whiny loser,1,en
you whiny loser!,1,en
you whiny loser.,1,en
you whiny loser lol,1,en
you whiny loser bro,1,en
you whiny loser man,1,en
you whiny loser dude,1,en
u whiny loser,1,en
u whiny loser!,1,en
u whiny loser.,1,en
u whiny loser lol,1,en
u whiny loser bro,1,en
u whiny loser man,1,en
u whiny loser dude,1,en
hey whiny loser,1,en
hey whiny loser!,1,en
hey whiny loser.,1,en
hey whiny loser lol,1,en
hey whiny loser bro,1,en
hey whiny loser man,1,en
hey whiny loser dude,1,en
such a whiny loser,1,en
such a whiny loser!,1,en
such a whiny loser.,1,en
such a whiny loser lol,1,en
such a whiny loser bro,1,en
such a whiny loser man,1,en
such a whiny loser dude,1,en
what a whiny loser,1,en
what a whiny loser!,1,en
what a whiny loser.,1,en
what a whiny loser lol,1,en
what a whiny loser bro,1,en
what a whiny loser man,1,en
what a whiny loser dude,1,en
keyboard warrior,1,en
keyboard warrior!,1,en
keyboard warrior.,1,en
keyboard warrior lol,1,en
keyboard warrior bro,1,en
keyboard warrior man,1,en
keyboard warrior dude,1,en
you keyboard warrior,1,en
you keyboard warrior!,1,en
you keyboard warrior.,1,en
you keyboard warrior lol,1,en
you keyboard warrior bro,1,en
you keyboard warrior man,1,en
you keyboard warrior dude,1,en
u keyboard warrior,1,en
u keyboard warrior!,1,en
u keyboard warrior.,1,en
u keyboard warrior lol,1,en
u keyboard warrior bro,1,en
u keyboard warrior man,1,en
u keyboard warrior dude,1,en
hey keyboard warrior,1,en
hey keyboard warrior!,1,en
hey keyboard warrior.,1,en
hey keyboard warrior lol,1,en
hey keyboard warrior bro,1,en
hey keyboard warrior man,1,en
hey keyboard warrior dude,1,en
such a keyboard warrior,1,en
such a keyboard warrior!,1,en
such a keyboard warrior.,1,en
such a keyboard warrior lol,1,en
such a keyboard warrior bro,1,en
such a keyboard warrior man,1,en
such a keyboard warrior dude,1,en
what a keyboard warrior,1,en
what a keyboard warrior!,1,en
what a keyboard warrior.,1,en
what a keyboard warrior lol,1,en
what a keyboard warrior bro,1,en
what a keyboard warrior man,1,en
what a keyboard warrior dude,1,en
internet troll,1,en
internet troll!,1,en
internet troll.,1,en
internet troll lol,1,en
internet troll bro,1,en
internet troll man,1,en
internet troll dude,1,en
you internet troll,1,en
you internet troll!,1,en
you internet troll.,1,en
you internet troll lol,1,en
you internet troll bro,1,en
you internet troll man,1,en
you internet troll dude,1,en
u internet troll,1,en
u internet troll!,1,en
u internet troll.,1,en
u internet troll lol,1,en
u internet troll bro,1,en
u internet troll man,1,en
u internet troll dude,1,en
hey internet troll,1,en
hey internet troll!,1,en
hey internet troll.,1,en
hey internet troll lol,1,en
hey internet troll bro,1,en
hey internet troll man,1,en
hey internet troll dude,1,en
such a internet troll,1,en
such a internet troll!,1,en
such a internet troll.,1,en
such a internet troll lol,1,en
such a internet troll bro,1,en
such a internet troll man,1,en
such a internet troll dude,1,en
what a internet troll,1,en
what a internet troll!,1,en
what a internet troll.,1,en
what a internet troll lol,1,en
what a internet troll bro,1,en
what a internet troll man,1,en
what a internet troll dude,1,en
troll,1,en
troll!,1,en
troll.,1,en
troll lol,1,en
troll bro,1,en
troll man,1,en
troll dude,1,en
you troll,1,en
you troll!,1,en
you troll.,1,en
you troll lol,1,en
you troll bro,1,en
you troll man,1,en
you troll dude,1,en
u troll,1,en
u troll!,1,en
u troll.,1,en
u troll lol,1,en
u troll bro,1,en
u troll man,1,en
u troll dude,1,en
hey troll,1,en
hey troll!,1,en
hey troll.,1,en
hey troll lol,1,en
hey troll bro,1,en
hey troll man,1,en
hey troll dude,1,en
such a troll,1,en
such a troll!,1,en
such a troll.,1,en
such a troll lol,1,en
such a troll bro,1,en
such a troll man,1,en
such a troll dude,1,en
what a troll,1,en
what a troll!,1,en
what a troll.,1,en
what a troll lol,1,en
what a troll bro,1,en
what a troll man,1,en
what a troll dude,1,en
trolls,1,en
trolls!,1,en
trolls.,1,en
trolls lol,1,en
trolls bro,1,en
trolls man,1,en
trolls dude,1,en
you trolls,1,en
you trolls!,1,en
you trolls.,1,en
you trolls lol,1,en
you trolls bro,1,en
you trolls man,1,en
you trolls dude,1,en
u trolls,1,en
u trolls!,1,en
u trolls.,1,en
u trolls lol,1,en
u trolls bro,1,en
u trolls man,1,en
u trolls dude,1,en
hey trolls,1,en
hey trolls!,1,en
hey trolls.,1,en
hey trolls lol,1,en
hey trolls bro,1,en
hey trolls man,1,en
hey trolls dude,1,en
such a trolls,1,en
such a trolls!,1,en
such a trolls.,1,en
such a trolls lol,1,en
such a trolls bro,1,en
such a trolls man,1,en
such a trolls dude,1,en
what a trolls,1,en
what a trolls!,1,en
what a trolls.,1,en
what a trolls lol,1,en
what a trolls bro,1,en
what a trolls man,1,en
what a trolls dude,1,en
toxic loser,1,en
toxic loser!,1,en
toxic loser.,1,en
toxic loser lol,1,en
toxic loser bro,1,en
toxic loser man,1,en
toxic loser dude,1,en
you toxic loser,1,en
you toxic loser!,1,en
you toxic loser.,1,en
you toxic loser lol,1,en
you toxic loser bro,1,en
you toxic loser man,1,en
you toxic loser dude,1,en
u toxic loser,1,en
u toxic loser!,1,en
u toxic loser.,1,en
u toxic loser lol,1,en
u toxic loser bro,1,en
u toxic loser man,1,en
u toxic loser dude,1,en
hey toxic loser,1,en
hey toxic loser!,1,en
hey toxic loser.,1,en
hey toxic loser lol,1,en
hey toxic loser bro,1,en
hey toxic loser man,1,en
hey toxic loser dude,1,en
such a toxic loser,1,en
such a toxic loser!,1,en
such a toxic loser.,1,en
such a toxic loser lol,1,en
such a toxic loser bro,1,en
such a toxic loser man,1,en
such a toxic loser dude,1,en
what a toxic loser,1,en
what a toxic loser!,1,en
what a toxic loser.,1,en
what a toxic loser lol,1,en
what a toxic loser bro,1,en
what a toxic loser man,1,en
what a toxic loser dude,1,en
toxic idiot,1,en
toxic idiot!,1,en
toxic idiot.,1,en
toxic idiot lol,1,en
toxic idiot bro,1,en
toxic idiot man,1,en
toxic idiot dude,1,en
you toxic idiot,1,en
you toxic idiot!,1,en
you toxic idiot.,1,en
you toxic idiot lol,1,en
you toxic idiot bro,1,en
you toxic idiot man,1,en
you toxic idiot dude,1,en
u toxic idiot,1,en
u toxic idiot!,1,en
u toxic idiot.,1,en
u toxic idiot lol,1,en
u toxic idiot bro,1,en
u toxic idiot man,1,en
u toxic idiot dude,1,en
hey toxic idiot,1,en
hey toxic idiot!,1,en
hey toxic idiot.,1,en
hey toxic idiot lol,1,en
hey toxic idiot bro,1,en
hey toxic idiot man,1,en
hey toxic idiot dude,1,en
such a toxic idiot,1,en
such a toxic idiot!,1,en
such a toxic idiot.,1,en
such a toxic idiot lol,1,en
such a toxic idiot bro,1,en
such a toxic idiot man,1,en
such a toxic idiot dude,1,en
what a toxic idiot,1,en
what a toxic idiot!,1,en
what a toxic idiot.,1,en
what a toxic idiot lol,1,en
what a toxic idiot bro,1,en
what a toxic idiot man,1,en
what a toxic idiot dude,1,en
toxic 1diot,1,en
toxic 1diot!,1,en
toxic 1diot.,1,en
toxic 1diot lol,1,en
toxic 1diot bro,1,en
toxic 1diot man,1,en
toxic 1diot dude,1,en
you toxic 1diot,1,en
you toxic 1diot!,1,en
you toxic 1diot.,1,en
you toxic 1diot lol,1,en
you toxic 1diot bro,1,en
you toxic 1diot man,1,en
you toxic 1diot dude,1,en
u toxic 1diot,1,en
u toxic 1diot!,1,en
u toxic 1diot.,1,en
u toxic 1diot lol,1,en
u toxic 1diot bro,1,en
u toxic 1diot man,1,en
u toxic 1diot dude,1,en
hey toxic 1diot,1,en
hey toxic 1diot!,1,en
hey toxic 1diot.,1,en
hey toxic 1diot lol,1,en
hey toxic 1diot bro,1,en
hey toxic 1diot man,1,en
hey toxic 1diot dude,1,en
such a toxic 1diot,1,en
such a toxic 1diot!,1,en
such a toxic 1diot.,1,en
such a toxic 1diot lol,1,en
such a toxic 1diot bro,1,en
such a toxic 1diot man,1,en
such a toxic 1diot dude,1,en
what a toxic 1diot,1,en
what a toxic 1diot!,1,en
what a toxic 1diot.,1,en
what a toxic 1diot lol,1,en
what a toxic 1diot bro,1,en
what a toxic 1diot man,1,en
what a toxic 1diot dude,1,en
toxic asshole,1,en
toxic asshole!,1,en
toxic asshole.,1,en
toxic asshole lol,1,en
toxic asshole bro,1,en
toxic asshole man,1,en
toxic asshole dude,1,en
you toxic asshole,1,en
you toxic asshole!,1,en
you toxic asshole.,1,en
you toxic asshole lol,1,en
you toxic asshole bro,1,en
you toxic asshole man,1,en
you toxic asshole dude,1,en
u toxic asshole,1,en
u toxic asshole!,1,en
u toxic asshole.,1,en
u toxic asshole lol,1,en
u toxic asshole bro,1,en
u toxic asshole man,1,en
u toxic asshole dude,1,en
hey toxic asshole,1,en
hey toxic asshole!,1,en
hey toxic asshole.,1,en
hey toxic asshole lol,1,en
hey toxic asshole bro,1,en
hey toxic asshole man,1,en
hey toxic asshole dude,1,en
such a toxic asshole,1,en
such a toxic asshole!,1,en
such a toxic asshole.,1,en
such a toxic asshole lol,1,en
such a toxic asshole bro,1,en
such a toxic asshole man,1,en
such a toxic asshole dude,1,en
what a toxic asshole,1,en
what a toxic asshole!,1,en
what a toxic asshole.,1,en
what a toxic asshole lol,1,en
what a toxic asshole bro,1,en
what a toxic asshole man,1,en
what a toxic asshole dude,1,en
toxic azzhole,1,en
toxic azzhole!,1,en
toxic azzhole.,1,en
toxic azzhole lol,1,en
toxic azzhole bro,1,en
toxic azzhole man,1,en
toxic azzhole dude,1,en
you toxic azzhole,1,en
you toxic azzhole!,1,en
you toxic azzhole.,1,en
you toxic azzhole lol,1,en
you toxic azzhole bro,1,en
you toxic azzhole man,1,en
you toxic azzhole dude,1,en
u toxic azzhole,1,en
u toxic azzhole!,1,en
u toxic azzhole.,1,en
u toxic azzhole lol,1,en
u toxic azzhole bro,1,en
u toxic azzhole man,1,en
u toxic azzhole dude,1,en
hey toxic azzhole,1,en
hey toxic azzhole!,1,en
hey toxic azzhole.,1,en
hey toxic azzhole lol,1,en
hey toxic azzhole bro,1,en
hey toxic azzhole man,1,en
hey toxic azzhole dude,1,en
such a toxic azzhole,1,en
such a toxic azzhole!,1,en
such a toxic azzhole.,1,en
such a toxic azzhole lol,1,en
such a toxic azzhole bro,1,en
such a toxic azzhole man,1,en
such a toxic azzhole dude,1,en
what a toxic azzhole,1,en
what a toxic azzhole!,1,en
what a toxic azzhole.,1,en
what a toxic azzhole lol,1,en
what a toxic azzhole bro,1,en
what a toxic azzhole man,1,en
what a toxic azzhole dude,1,en
toxic jerk,1,en
toxic jerk!,1,en
toxic jerk.,1,en
toxic jerk lol,1,en
toxic jerk bro,1,en
toxic jerk man,1,en
toxic jerk dude,1,en
you toxic jerk,1,en
you toxic jerk!,1,en
you toxic jerk.,1,en
you toxic jerk lol,1,en
you toxic jerk bro,1,en
you toxic jerk man,1,en
you toxic jerk dude,1,en
u toxic jerk,1,en
u toxic jerk!,1,en
u toxic jerk.,1,en
u toxic jerk lol,1,en
u toxic jerk bro,1,en
u toxic jerk man,1,en
u toxic jerk dude,1,en
hey toxic jerk,1,en
hey toxic jerk!,1,en
hey toxic jerk.,1,en
hey toxic jerk lol,1,en
hey toxic jerk bro,1,en
hey toxic jerk man,1,en
hey toxic jerk dude,1,en
such a toxic jerk,1,en
such a toxic jerk!,1,en
such a toxic jerk.,1,en
such a toxic jerk lol,1,en
such a toxic jerk bro,1,en
such a toxic jerk man,1,en
such a toxic jerk dude,1,en
what a toxic jerk,1,en
what a toxic jerk!,1,en
what a toxic jerk.,1,en
what a toxic jerk lol,1,en
what a toxic jerk bro,1,en
what a toxic jerk man,1,en
what a toxic jerk dude,1,en
