text,label,language
madarchod,1,hi-roman
madarchod hai,1,hi-roman
madarchod ho,1,hi-roman
madarchod tha,1,hi-roman
madarchod hain,1,hi-roman
madarchod aadmi,1,hi-roman
madarchod insaan,1,hi-roman
madarchod saale,1,hi-roman
madarchod kutte,1,hi-roman
madarchod yaar,1,hi-roman
tu madarchod,1,hi-roman
tu madarchod hai,1,hi-roman
tu madarchod ho,1,hi-roman
tu madarchod tha,1,hi-roman
tu madarchod hain,1,hi-roman
tu madarchod aadmi,1,hi-roman
tu madarchod insaan,1,hi-roman
tu madarchod saale,1,hi-roman
tu madarchod kutte,1,hi-roman
tu madarchod yaar,1,hi-roman
tum madarchod,1,hi-roman
tum madarchod hai,1,hi-roman
tum madarchod ho,1,hi-roman
tum madarchod tha,1,hi-roman
tum madarchod hain,1,hi-roman
tum madarchod aadmi,1,hi-roman
tum madarchod insaan,1,hi-roman
tum madarchod saale,1,hi-roman
tum madarchod kutte,1,hi-roman
tum madarchod yaar,1,hi-roman
abe madarchod,1,hi-roman
abe madarchod hai,1,hi-roman
abe madarchod ho,1,hi-roman
abe madarchod tha,1,hi-roman
abe madarchod hain,1,hi-roman
abe madarchod aadmi,1,hi-roman
abe madarchod insaan,1,hi-roman
abe madarchod saale,1,hi-roman
abe madarchod kutte,1,hi-roman
abe madarchod yaar,1,hi-roman
oye madarchod,1,hi-roman
oye madarchod hai,1,hi-roman
oye madarchod ho,1,hi-roman
oye madarchod tha,1,hi-roman
oye madarchod hain,1,hi-roman
oye madarchod aadmi,1,hi-roman
oye madarchod insaan,1,hi-roman
oye madarchod saale,1,hi-roman
oye madarchod kutte,1,hi-roman
oye madarchod yaar,1,hi-roman
are madarchod,1,hi-roman
are madarchod hai,1,hi-roman
are madarchod ho,1,hi-roman
are madarchod tha,1,hi-roman
are madarchod hain,1,hi-roman
are madarchod aadmi,1,hi-roman
are madarchod insaan,1,hi-roman
are madarchod saale,1,hi-roman
are madarchod kutte,1,hi-roman
are madarchod yaar,1,hi-roman
sun madarchod,1,hi-roman
sun madarchod hai,1,hi-roman
sun madarchod ho,1,hi-roman
sun madarchod tha,1,hi-roman
sun madarchod hain,1,hi-roman
sun madarchod aadmi,1,hi-roman
sun madarchod insaan,1,hi-roman
sun madarchod saale,1,hi-roman
sun madarchod kutte,1,hi-roman
sun madarchod yaar,1,hi-roman
dekh madarchod,1,hi-roman
dekh madarchod hai,1,hi-roman
dekh madarchod ho,1,hi-roman
dekh madarchod tha,1,hi-roman
dekh madarchod hain,1,hi-roman
dekh madarchod aadmi,1,hi-roman
dekh madarchod insaan,1,hi-roman
dekh madarchod saale,1,hi-roman
dekh madarchod kutte,1,hi-roman
dekh madarchod yaar,1,hi-roman
madarchut,1,hi-roman
madarchut hai,1,hi-roman
madarchut ho,1,hi-roman
madarchut tha,1,hi-roman
madarchut hain,1,hi-roman
madarchut aadmi,1,hi-roman
madarchut insaan,1,hi-roman
madarchut saale,1,hi-roman
madarchut kutte,1,hi-roman
madarchut yaar,1,hi-roman
tu madarchut,1,hi-roman
tu madarchut hai,1,hi-roman
tu madarchut ho,1,hi-roman
tu madarchut tha,1,hi-roman
tu madarchut hain,1,hi-roman
tu madarchut aadmi,1,hi-roman
tu madarchut insaan,1,hi-roman
tu madarchut saale,1,hi-roman
tu madarchut kutte,1,hi-roman
tu madarchut yaar,1,hi-roman
tum madarchut,1,hi-roman
tum madarchut hai,1,hi-roman
tum madarchut ho,1,hi-roman
tum madarchut tha,1,hi-roman
tum madarchut hain,1,hi-roman
tum madarchut aadmi,1,hi-roman
tum madarchut insaan,1,hi-roman
tum madarchut saale,1,hi-roman
tum madarchut kutte,1,hi-roman
tum madarchut yaar,1,hi-roman
abe madarchut,1,hi-roman
abe madarchut hai,1,hi-roman
abe madarchut ho,1,hi-roman
abe madarchut tha,1,hi-roman
abe madarchut hain,1,hi-roman
abe madarchut aadmi,1,hi-roman
abe madarchut insaan,1,hi-roman
abe madarchut saale,1,hi-roman
abe madarchut kutte,1,hi-roman
abe madarchut yaar,1,hi-roman
oye madarchut,1,hi-roman
oye madarchut hai,1,hi-roman
oye madarchut ho,1,hi-roman
oye madarchut tha,1,hi-roman
oye madarchut hain,1,hi-roman
oye madarchut aadmi,1,hi-roman
oye madarchut insaan,1,hi-roman
oye madarchut saale,1,hi-roman
oye madarchut kutte,1,hi-roman
oye madarchut yaar,1,hi-roman
are madarchut,1,hi-roman
are madarchut hai,1,hi-roman
are madarchut ho,1,hi-roman
are madarchut tha,1,hi-roman
are madarchut hain,1,hi-roman
are madarchut aadmi,1,hi-roman
are madarchut insaan,1,hi-roman
are madarchut saale,1,hi-roman
are madarchut kutte,1,hi-roman
are madarchut yaar,1,hi-roman
sun madarchut,1,hi-roman
sun madarchut hai,1,hi-roman
sun madarchut ho,1,hi-roman
sun madarchut tha,1,hi-roman
sun madarchut hain,1,hi-roman
sun madarchut aadmi,1,hi-roman
sun madarchut insaan,1,hi-roman
sun madarchut saale,1,hi-roman
sun madarchut kutte,1,hi-roman
sun madarchut yaar,1,hi-roman
dekh madarchut,1,hi-roman
dekh madarchut hai,1,hi-roman
dekh madarchut ho,1,hi-roman
dekh madarchut tha,1,hi-roman
dekh madarchut hain,1,hi-roman
dekh madarchut aadmi,1,hi-roman
dekh madarchut insaan,1,hi-roman
dekh madarchut saale,1,hi-roman
dekh madarchut kutte,1,hi-roman
dekh madarchut yaar,1,hi-roman
madarchoot,1,hi-roman
madarchoot hai,1,hi-roman
madarchoot ho,1,hi-roman
madarchoot tha,1,hi-roman
madarchoot hain,1,hi-roman
madarchoot aadmi,1,hi-roman
madarchoot insaan,1,hi-roman
madarchoot saale,1,hi-roman
madarchoot kutte,1,hi-roman
madarchoot yaar,1,hi-roman
tu madarchoot,1,hi-roman
tu madarchoot hai,1,hi-roman
tu madarchoot ho,1,hi-roman
tu madarchoot tha,1,hi-roman
tu madarchoot hain,1,hi-roman
tu madarchoot aadmi,1,hi-roman
tu madarchoot insaan,1,hi-roman
tu madarchoot saale,1,hi-roman
tu madarchoot kutte,1,hi-roman
tu madarchoot yaar,1,hi-roman
tum madarchoot,1,hi-roman
tum madarchoot hai,1,hi-roman
tum madarchoot ho,1,hi-roman
tum madarchoot tha,1,hi-roman
tum madarchoot hain,1,hi-roman
tum madarchoot aadmi,1,hi-roman
tum madarchoot insaan,1,hi-roman
tum madarchoot saale,1,hi-roman
tum madarchoot kutte,1,hi-roman
tum madarchoot yaar,1,hi-roman
abe madarchoot,1,hi-roman
abe madarchoot hai,1,hi-roman
abe madarchoot ho,1,hi-roman
abe madarchoot tha,1,hi-roman
abe madarchoot hain,1,hi-roman
abe madarchoot aadmi,1,hi-roman
abe madarchoot insaan,1,hi-roman
abe madarchoot saale,1,hi-roman
abe madarchoot kutte,1,hi-roman
abe madarchoot yaar,1,hi-roman
oye madarchoot,1,hi-roman
oye madarchoot hai,1,hi-roman
oye madarchoot ho,1,hi-roman
oye madarchoot tha,1,hi-roman
oye madarchoot hain,1,hi-roman
oye madarchoot aadmi,1,hi-roman
oye madarchoot insaan,1,hi-roman
oye madarchoot saale,1,hi-roman
oye madarchoot kutte,1,hi-roman
oye madarchoot yaar,1,hi-roman
are madarchoot,1,hi-roman
are madarchoot hai,1,hi-roman
are madarchoot ho,1,hi-roman
are madarchoot tha,1,hi-roman
are madarchoot hain,1,hi-roman
are madarchoot aadmi,1,hi-roman
are madarchoot insaan,1,hi-roman
are madarchoot saale,1,hi-roman
are madarchoot kutte,1,hi-roman
are madarchoot yaar,1,hi-roman
sun madarchoot,1,hi-roman
sun madarchoot hai,1,hi-roman
sun madarchoot ho,1,hi-roman
sun madarchoot tha,1,hi-roman
sun madarchoot hain,1,hi-roman
sun madarchoot aadmi,1,hi-roman
sun madarchoot insaan,1,hi-roman
sun madarchoot saale,1,hi-roman
sun madarchoot kutte,1,hi-roman
sun madarchoot yaar,1,hi-roman
dekh madarchoot,1,hi-roman
dekh madarchoot hai,1,hi-roman
dekh madarchoot ho,1,hi-roman
dekh madarchoot tha,1,hi-roman
dekh madarchoot hain,1,hi-roman
dekh madarchoot aadmi,1,hi-roman
dekh madarchoot insaan,1,hi-roman
dekh madarchoot saale,1,hi-roman
dekh madarchoot kutte,1,hi-roman
dekh madarchoot yaar,1,hi-roman
maderchod,1,hi-roman
maderchod hai,1,hi-roman
maderchod ho,1,hi-roman
maderchod tha,1,hi-roman
maderchod hain,1,hi-roman
maderchod aadmi,1,hi-roman
maderchod insaan,1,hi-roman
maderchod saale,1,hi-roman
maderchod kutte,1,hi-roman
maderchod yaar,1,hi-roman
tu maderchod,1,hi-roman
tu maderchod hai,1,hi-roman
tu maderchod ho,1,hi-roman
tu maderchod tha,1,hi-roman
tu maderchod hain,1,hi-roman
tu maderchod aadmi,1,hi-roman
tu maderchod insaan,1,hi-roman
tu maderchod saale,1,hi-roman
tu maderchod kutte,1,hi-roman
tu maderchod yaar,1,hi-roman
tum maderchod,1,hi-roman
tum maderchod hai,1,hi-roman
tum maderchod ho,1,hi-roman
tum maderchod tha,1,hi-roman
tum maderchod hain,1,hi-roman
tum maderchod aadmi,1,hi-roman
tum maderchod insaan,1,hi-roman
tum maderchod saale,1,hi-roman
tum maderchod kutte,1,hi-roman
tum maderchod yaar,1,hi-roman
abe maderchod,1,hi-roman
abe maderchod hai,1,hi-roman
abe maderchod ho,1,hi-roman
abe maderchod tha,1,hi-roman
abe maderchod hain,1,hi-roman
abe maderchod aadmi,1,hi-roman
abe maderchod insaan,1,hi-roman
abe maderchod saale,1,hi-roman
abe maderchod kutte,1,hi-roman
abe maderchod yaar,1,hi-roman
oye maderchod,1,hi-roman
oye maderchod hai,1,hi-roman
oye maderchod ho,1,hi-roman
oye maderchod tha,1,hi-roman
oye maderchod hain,1,hi-roman
oye maderchod aadmi,1,hi-roman
oye maderchod insaan,1,hi-roman
oye maderchod saale,1,hi-roman
oye maderchod kutte,1,hi-roman
oye maderchod yaar,1,hi-roman
are maderchod,1,hi-roman
are maderchod hai,1,hi-roman
are maderchod ho,1,hi-roman
are maderchod tha,1,hi-roman
are maderchod hain,1,hi-roman
are maderchod aadmi,1,hi-roman
are maderchod insaan,1,hi-roman
are maderchod saale,1,hi-roman
are maderchod kutte,1,hi-roman
are maderchod yaar,1,hi-roman
sun maderchod,1,hi-roman
sun maderchod hai,1,hi-roman
sun maderchod ho,1,hi-roman
sun maderchod tha,1,hi-roman
sun maderchod hain,1,hi-roman
sun maderchod aadmi,1,hi-roman
sun maderchod insaan,1,hi-roman
sun maderchod saale,1,hi-roman
sun maderchod kutte,1,hi-roman
sun maderchod yaar,1,hi-roman
dekh maderchod,1,hi-roman
dekh maderchod hai,1,hi-roman
dekh maderchod ho,1,hi-roman
dekh maderchod tha,1,hi-roman
dekh maderchod hain,1,hi-roman
dekh maderchod aadmi,1,hi-roman
dekh maderchod insaan,1,hi-roman
dekh maderchod saale,1,hi-roman
dekh maderchod kutte,1,hi-roman
dekh maderchod yaar,1,hi-roman
madarchuda,1,hi-roman
madarchuda hai,1,hi-roman
madarchuda ho,1,hi-roman
madarchuda tha,1,hi-roman
madarchuda hain,1,hi-roman
madarchuda aadmi,1,hi-roman
madarchuda insaan,1,hi-roman
madarchuda saale,1,hi-roman
madarchuda kutte,1,hi-roman
madarchuda yaar,1,hi-roman
tu madarchuda,1,hi-roman
tu madarchuda hai,1,hi-roman
tu madarchuda ho,1,hi-roman
tu madarchuda tha,1,hi-roman
tu madarchuda hain,1,hi-roman
tu madarchuda aadmi,1,hi-roman
tu madarchuda insaan,1,hi-roman
tu madarchuda saale,1,hi-roman
tu madarchuda kutte,1,hi-roman
tu madarchuda yaar,1,hi-roman
tum madarchuda,1,hi-roman
tum madarchuda hai,1,hi-roman
tum madarchuda ho,1,hi-roman
tum madarchuda tha,1,hi-roman
tum madarchuda hain,1,hi-roman
tum madarchuda aadmi,1,hi-roman
tum madarchuda insaan,1,hi-roman
tum madarchuda saale,1,hi-roman
tum madarchuda kutte,1,hi-roman
tum madarchuda yaar,1,hi-roman
abe madarchuda,1,hi-roman
abe madarchuda hai,1,hi-roman
abe madarchuda ho,1,hi-roman
abe madarchuda tha,1,hi-roman
abe madarchuda hain,1,hi-roman
abe madarchuda aadmi,1,hi-roman
abe madarchuda insaan,1,hi-roman
abe madarchuda saale,1,hi-roman
abe madarchuda kutte,1,hi-roman
abe madarchuda yaar,1,hi-roman
oye madarchuda,1,hi-roman
oye madarchuda hai,1,hi-roman
oye madarchuda ho,1,hi-roman
oye madarchuda tha,1,hi-roman
oye madarchuda hain,1,hi-roman
oye madarchuda aadmi,1,hi-roman
oye madarchuda insaan,1,hi-roman
oye madarchuda saale,1,hi-roman
oye madarchuda kutte,1,hi-roman
oye madarchuda yaar,1,hi-roman
are madarchuda,1,hi-roman
are madarchuda hai,1,hi-roman
are madarchuda ho,1,hi-roman
are madarchuda tha,1,hi-roman
are madarchuda hain,1,hi-roman
are madarchuda aadmi,1,hi-roman
are madarchuda insaan,1,hi-roman
are madarchuda saale,1,hi-roman
are madarchuda kutte,1,hi-roman
are madarchuda yaar,1,hi-roman
sun madarchuda,1,hi-roman
sun madarchuda hai,1,hi-roman
sun madarchuda ho,1,hi-roman
sun madarchuda tha,1,hi-roman
sun madarchuda hain,1,hi-roman
sun madarchuda aadmi,1,hi-roman
sun madarchuda insaan,1,hi-roman
sun madarchuda saale,1,hi-roman
sun madarchuda kutte,1,hi-roman
sun madarchuda yaar,1,hi-roman
dekh madarchuda,1,hi-roman
dekh madarchuda hai,1,hi-roman
dekh madarchuda ho,1,hi-roman
dekh madarchuda tha,1,hi-roman
dekh madarchuda hain,1,hi-roman
dekh madarchuda aadmi,1,hi-roman
dekh madarchuda insaan,1,hi-roman
dekh madarchuda saale,1,hi-roman
dekh madarchuda kutte,1,hi-roman
dekh madarchuda yaar,1,hi-roman
madarchud,1,hi-roman
madarchud hai,1,hi-roman
madarchud ho,1,hi-roman
madarchud tha,1,hi-roman
madarchud hain,1,hi-roman
madarchud aadmi,1,hi-roman
madarchud insaan,1,hi-roman
madarchud saale,1,hi-roman
madarchud kutte,1,hi-roman
madarchud yaar,1,hi-roman
tu madarchud,1,hi-roman
tu madarchud hai,1,hi-roman
tu madarchud ho,1,hi-roman
tu madarchud tha,1,hi-roman
tu madarchud hain,1,hi-roman
tu madarchud aadmi,1,hi-roman
tu madarchud insaan,1,hi-roman
tu madarchud saale,1,hi-roman
tu madarchud kutte,1,hi-roman
tu madarchud yaar,1,hi-roman
tum madarchud,1,hi-roman
tum madarchud hai,1,hi-roman
tum madarchud ho,1,hi-roman
tum madarchud tha,1,hi-roman
tum madarchud hain,1,hi-roman
tum madarchud aadmi,1,hi-roman
tum madarchud insaan,1,hi-roman
tum madarchud saale,1,hi-roman
tum madarchud kutte,1,hi-roman
tum madarchud yaar,1,hi-roman
abe madarchud,1,hi-roman
abe madarchud hai,1,hi-roman
abe madarchud ho,1,hi-roman
abe madarchud tha,1,hi-roman
abe madarchud hain,1,hi-roman
abe madarchud aadmi,1,hi-roman
abe madarchud insaan,1,hi-roman
abe madarchud saale,1,hi-roman
abe madarchud kutte,1,hi-roman
abe madarchud yaar,1,hi-roman
oye madarchud,1,hi-roman
oye madarchud hai,1,hi-roman
oye madarchud ho,1,hi-roman
oye madarchud tha,1,hi-roman
oye madarchud hain,1,hi-roman
oye madarchud aadmi,1,hi-roman
oye madarchud insaan,1,hi-roman
oye madarchud saale,1,hi-roman
oye madarchud kutte,1,hi-roman
oye madarchud yaar,1,hi-roman
are madarchud,1,hi-roman
are madarchud hai,1,hi-roman
are madarchud ho,1,hi-roman
are madarchud tha,1,hi-roman
are madarchud hain,1,hi-roman
are madarchud aadmi,1,hi-roman
are madarchud insaan,1,hi-roman
are madarchud saale,1,hi-roman
are madarchud kutte,1,hi-roman
are madarchud yaar,1,hi-roman
sun madarchud,1,hi-roman
sun madarchud hai,1,hi-roman
sun madarchud ho,1,hi-roman
sun madarchud tha,1,hi-roman
sun madarchud hain,1,hi-roman
sun madarchud aadmi,1,hi-roman
sun madarchud insaan,1,hi-roman
sun madarchud saale,1,hi-roman
sun madarchud kutte,1,hi-roman
sun madarchud yaar,1,hi-roman
dekh madarchud,1,hi-roman
dekh madarchud hai,1,hi-roman
dekh madarchud ho,1,hi-roman
dekh madarchud tha,1,hi-roman
dekh madarchud hain,1,hi-roman
dekh madarchud aadmi,1,hi-roman
dekh madarchud insaan,1,hi-roman
dekh madarchud saale,1,hi-roman
dekh madarchud kutte,1,hi-roman
dekh madarchud yaar,1,hi-roman
bhosdike,1,hi-roman
bhosdike hai,1,hi-roman
bhosdike ho,1,hi-roman
bhosdike tha,1,hi-roman
bhosdike hain,1,hi-roman
bhosdike aadmi,1,hi-roman
bhosdike insaan,1,hi-roman
bhosdike saale,1,hi-roman
bhosdike kutte,1,hi-roman
bhosdike yaar,1,hi-roman
tu bhosdike,1,hi-roman
tu bhosdike hai,1,hi-roman
tu bhosdike ho,1,hi-roman
tu bhosdike tha,1,hi-roman
tu bhosdike hain,1,hi-roman
tu bhosdike aadmi,1,hi-roman
tu bhosdike insaan,1,hi-roman
tu bhosdike saale,1,hi-roman
tu bhosdike kutte,1,hi-roman
tu bhosdike yaar,1,hi-roman
tum bhosdike,1,hi-roman
tum bhosdike hai,1,hi-roman
tum bhosdike ho,1,hi-roman
tum bhosdike tha,1,hi-roman
tum bhosdike hain,1,hi-roman
tum bhosdike aadmi,1,hi-roman
tum bhosdike insaan,1,hi-roman
tum bhosdike saale,1,hi-roman
tum bhosdike kutte,1,hi-roman
tum bhosdike yaar,1,hi-roman
abe bhosdike,1,hi-roman
abe bhosdike hai,1,hi-roman
abe bhosdike ho,1,hi-roman
abe bhosdike tha,1,hi-roman
abe bhosdike hain,1,hi-roman
abe bhosdike aadmi,1,hi-roman
abe bhosdike insaan,1,hi-roman
abe bhosdike saale,1,hi-roman
abe bhosdike kutte,1,hi-roman
abe bhosdike yaar,1,hi-roman
oye bhosdike,1,hi-roman
oye bhosdike hai,1,hi-roman
oye bhosdike ho,1,hi-roman
oye bhosdike tha,1,hi-roman
oye bhosdike hain,1,hi-roman
oye bhosdike aadmi,1,hi-roman
oye bhosdike insaan,1,hi-roman
oye bhosdike saale,1,hi-roman
oye bhosdike kutte,1,hi-roman
oye bhosdike yaar,1,hi-roman
are bhosdike,1,hi-roman
are bhosdike hai,1,hi-roman
are bhosdike ho,1,hi-roman
are bhosdike tha,1,hi-roman
are bhosdike hain,1,hi-roman
are bhosdike aadmi,1,hi-roman
are bhosdike insaan,1,hi-roman
are bhosdike saale,1,hi-roman
are bhosdike kutte,1,hi-roman
are bhosdike yaar,1,hi-roman
sun bhosdike,1,hi-roman
sun bhosdike hai,1,hi-roman
sun bhosdike ho,1,hi-roman
sun bhosdike tha,1,hi-roman
sun bhosdike hain,1,hi-roman
sun bhosdike aadmi,1,hi-roman
sun bhosdike insaan,1,hi-roman
sun bhosdike saale,1,hi-roman
sun bhosdike kutte,1,hi-roman
sun bhosdike yaar,1,hi-roman
dekh bhosdike,1,hi-roman
dekh bhosdike hai,1,hi-roman
dekh bhosdike ho,1,hi-roman
dekh bhosdike tha,1,hi-roman
dekh bhosdike hain,1,hi-roman
dekh bhosdike aadmi,1,hi-roman
dekh bhosdike insaan,1,hi-roman
dekh bhosdike saale,1,hi-roman
dekh bhosdike kutte,1,hi-roman
dekh bhosdike yaar,1,hi-roman
bhosdika,1,hi-roman
bhosdika hai,1,hi-roman
bhosdika ho,1,hi-roman
bhosdika tha,1,hi-roman
bhosdika hain,1,hi-roman
bhosdika aadmi,1,hi-roman
bhosdika insaan,1,hi-roman
bhosdika saale,1,hi-roman
bhosdika kutte,1,hi-roman
bhosdika yaar,1,hi-roman
tu bhosdika,1,hi-roman
tu bhosdika hai,1,hi-roman
tu bhosdika ho,1,hi-roman
tu bhosdika tha,1,hi-roman
tu bhosdika hain,1,hi-roman
tu bhosdika aadmi,1,hi-roman
tu bhosdika insaan,1,hi-roman
tu bhosdika saale,1,hi-roman
tu bhosdika kutte,1,hi-roman
tu bhosdika yaar,1,hi-roman
tum bhosdika,1,hi-roman
tum bhosdika hai,1,hi-roman
tum bhosdika ho,1,hi-roman
tum bhosdika tha,1,hi-roman
tum bhosdika hain,1,hi-roman
tum bhosdika aadmi,1,hi-roman
tum bhosdika insaan,1,hi-roman
tum bhosdika saale,1,hi-roman
tum bhosdika kutte,1,hi-roman
tum bhosdika yaar,1,hi-roman
abe bhosdika,1,hi-roman
abe bhosdika hai,1,hi-roman
abe bhosdika ho,1,hi-roman
abe bhosdika tha,1,hi-roman
abe bhosdika hain,1,hi-roman
abe bhosdika aadmi,1,hi-roman
abe bhosdika insaan,1,hi-roman
abe bhosdika saale,1,hi-roman
abe bhosdika kutte,1,hi-roman
abe bhosdika yaar,1,hi-roman
oye bhosdika,1,hi-roman
oye bhosdika hai,1,hi-roman
oye bhosdika ho,1,hi-roman
oye bhosdika tha,1,hi-roman
oye bhosdika hain,1,hi-roman
oye bhosdika aadmi,1,hi-roman
oye bhosdika insaan,1,hi-roman
oye bhosdika saale,1,hi-roman
oye bhosdika kutte,1,hi-roman
oye bhosdika yaar,1,hi-roman
are bhosdika,1,hi-roman
are bhosdika hai,1,hi-roman
are bhosdika ho,1,hi-roman
are bhosdika tha,1,hi-roman
are bhosdika hain,1,hi-roman
are bhosdika aadmi,1,hi-roman
are bhosdika insaan,1,hi-roman
are bhosdika saale,1,hi-roman
are bhosdika kutte,1,hi-roman
are bhosdika yaar,1,hi-roman
sun bhosdika,1,hi-roman
sun bhosdika hai,1,hi-roman
sun bhosdika ho,1,hi-roman
sun bhosdika tha,1,hi-roman
sun bhosdika hain,1,hi-roman
sun bhosdika aadmi,1,hi-roman
sun bhosdika insaan,1,hi-roman
sun bhosdika saale,1,hi-roman
sun bhosdika kutte,1,hi-roman
sun bhosdika yaar,1,hi-roman
dekh bhosdika,1,hi-roman
dekh bhosdika hai,1,hi-roman
dekh bhosdika ho,1,hi-roman
dekh bhosdika tha,1,hi-roman
dekh bhosdika hain,1,hi-roman
dekh bhosdika aadmi,1,hi-roman
dekh bhosdika insaan,1,hi-roman
dekh bhosdika saale,1,hi-roman
dekh bhosdika kutte,1,hi-roman
dekh bhosdika yaar,1,hi-roman
bhosdi ke,1,hi-roman
bhosdi ke hai,1,hi-roman
bhosdi ke ho,1,hi-roman
bhosdi ke tha,1,hi-roman
bhosdi ke hain,1,hi-roman
bhosdi ke aadmi,1,hi-roman
bhosdi ke insaan,1,hi-roman
bhosdi ke saale,1,hi-roman
bhosdi ke kutte,1,hi-roman
bhosdi ke yaar,1,hi-roman
tu bhosdi ke,1,hi-roman
tu bhosdi ke hai,1,hi-roman
tu bhosdi ke ho,1,hi-roman
tu bhosdi ke tha,1,hi-roman
tu bhosdi ke hain,1,hi-roman
tu bhosdi ke aadmi,1,hi-roman
tu bhosdi ke insaan,1,hi-roman
tu bhosdi ke saale,1,hi-roman
tu bhosdi ke kutte,1,hi-roman
tu bhosdi ke yaar,1,hi-roman
tum bhosdi ke,1,hi-roman
tum bhosdi ke hai,1,hi-roman
tum bhosdi ke ho,1,hi-roman
tum bhosdi ke tha,1,hi-roman
tum bhosdi ke hain,1,hi-roman
tum bhosdi ke aadmi,1,hi-roman
tum bhosdi ke insaan,1,hi-roman
tum bhosdi ke saale,1,hi-roman
tum bhosdi ke kutte,1,hi-roman
tum bhosdi ke yaar,1,hi-roman
abe bhosdi ke,1,hi-roman
abe bhosdi ke hai,1,hi-roman
abe bhosdi ke ho,1,hi-roman
abe bhosdi ke tha,1,hi-roman
abe bhosdi ke hain,1,hi-roman
abe bhosdi ke aadmi,1,hi-roman
abe bhosdi ke insaan,1,hi-roman
abe bhosdi ke saale,1,hi-roman
abe bhosdi ke kutte,1,hi-roman
abe bhosdi ke yaar,1,hi-roman
oye bhosdi ke,1,hi-roman
oye bhosdi ke hai,1,hi-roman
oye bhosdi ke ho,1,hi-roman
oye bhosdi ke tha,1,hi-roman
oye bhosdi ke hain,1,hi-roman
oye bhosdi ke aadmi,1,hi-roman
oye bhosdi ke insaan,1,hi-roman
oye bhosdi ke saale,1,hi-roman
oye bhosdi ke kutte,1,hi-roman
oye bhosdi ke yaar,1,hi-roman
are bhosdi ke,1,hi-roman
are bhosdi ke hai,1,hi-roman
are bhosdi ke ho,1,hi-roman
are bhosdi ke tha,1,hi-roman
are bhosdi ke hain,1,hi-roman
are bhosdi ke aadmi,1,hi-roman
are bhosdi ke insaan,1,hi-roman
are bhosdi ke saale,1,hi-roman
are bhosdi ke kutte,1,hi-roman
are bhosdi ke yaar,1,hi-roman
sun bhosdi ke,1,hi-roman
sun bhosdi ke hai,1,hi-roman
sun bhosdi ke ho,1,hi-roman
sun bhosdi ke tha,1,hi-roman
sun bhosdi ke hain,1,hi-roman
sun bhosdi ke aadmi,1,hi-roman
sun bhosdi ke insaan,1,hi-roman
sun bhosdi ke saale,1,hi-roman
sun bhosdi ke kutte,1,hi-roman
sun bhosdi ke yaar,1,hi-roman
dekh bhosdi ke,1,hi-roman
dekh bhosdi ke hai,1,hi-roman
dekh bhosdi ke ho,1,hi-roman
dekh bhosdi ke tha,1,hi-roman
dekh bhosdi ke hain,1,hi-roman
dekh bhosdi ke aadmi,1,hi-roman
dekh bhosdi ke insaan,1,hi-roman
dekh bhosdi ke saale,1,hi-roman
dekh bhosdi ke kutte,1,hi-roman
dekh bhosdi ke yaar,1,hi-roman
bhosdi ka,1,hi-roman
bhosdi ka hai,1,hi-roman
bhosdi ka ho,1,hi-roman
bhosdi ka tha,1,hi-roman
bhosdi ka hain,1,hi-roman
bhosdi ka aadmi,1,hi-roman
bhosdi ka insaan,1,hi-roman
bhosdi ka saale,1,hi-roman
bhosdi ka kutte,1,hi-roman
bhosdi ka yaar,1,hi-roman
tu bhosdi ka,1,hi-roman
tu bhosdi ka hai,1,hi-roman
tu bhosdi ka ho,1,hi-roman
tu bhosdi ka tha,1,hi-roman
tu bhosdi ka hain,1,hi-roman
tu bhosdi ka aadmi,1,hi-roman
tu bhosdi ka insaan,1,hi-roman
tu bhosdi ka saale,1,hi-roman
tu bhosdi ka kutte,1,hi-roman
tu bhosdi ka yaar,1,hi-roman
tum bhosdi ka,1,hi-roman
tum bhosdi ka hai,1,hi-roman
tum bhosdi ka ho,1,hi-roman
tum bhosdi ka tha,1,hi-roman
tum bhosdi ka hain,1,hi-roman
tum bhosdi ka aadmi,1,hi-roman
tum bhosdi ka insaan,1,hi-roman
tum bhosdi ka saale,1,hi-roman
tum bhosdi ka kutte,1,hi-roman
tum bhosdi ka yaar,1,hi-roman
abe bhosdi ka,1,hi-roman
abe bhosdi ka hai,1,hi-roman
abe bhosdi ka ho,1,hi-roman
abe bhosdi ka tha,1,hi-roman
abe bhosdi ka hain,1,hi-roman
abe bhosdi ka aadmi,1,hi-roman
abe bhosdi ka insaan,1,hi-roman
abe bhosdi ka saale,1,hi-roman
abe bhosdi ka kutte,1,hi-roman
abe bhosdi ka yaar,1,hi-roman
oye bhosdi ka,1,hi-roman
oye bhosdi ka hai,1,hi-roman
oye bhosdi ka ho,1,hi-roman
oye bhosdi ka tha,1,hi-roman
oye bhosdi ka hain,1,hi-roman
oye bhosdi ka aadmi,1,hi-roman
oye bhosdi ka insaan,1,hi-roman
oye bhosdi ka saale,1,hi-roman
oye bhosdi ka kutte,1,hi-roman
oye bhosdi ka yaar,1,hi-roman
are bhosdi ka,1,hi-roman
are bhosdi ka hai,1,hi-roman
are bhosdi ka ho,1,hi-roman
are bhosdi ka tha,1,hi-roman
are bhosdi ka hain,1,hi-roman
are bhosdi ka aadmi,1,hi-roman
are bhosdi ka insaan,1,hi-roman
are bhosdi ka saale,1,hi-roman
are bhosdi ka kutte,1,hi-roman
are bhosdi ka yaar,1,hi-roman
sun bhosdi ka,1,hi-roman
sun bhosdi ka hai,1,hi-roman
sun bhosdi ka ho,1,hi-roman
sun bhosdi ka tha,1,hi-roman
sun bhosdi ka hain,1,hi-roman
sun bhosdi ka aadmi,1,hi-roman
sun bhosdi ka insaan,1,hi-roman
sun bhosdi ka saale,1,hi-roman
sun bhosdi ka kutte,1,hi-roman
sun bhosdi ka yaar,1,hi-roman
dekh bhosdi ka,1,hi-roman
dekh bhosdi ka hai,1,hi-roman
dekh bhosdi ka ho,1,hi-roman
dekh bhosdi ka tha,1,hi-roman
dekh bhosdi ka hain,1,hi-roman
dekh bhosdi ka aadmi,1,hi-roman
dekh bhosdi ka insaan,1,hi-roman
dekh bhosdi ka saale,1,hi-roman
dekh bhosdi ka kutte,1,hi-roman
dekh bhosdi ka yaar,1,hi-roman
bhosdi wala,1,hi-roman
bhosdi wala hai,1,hi-roman
bhosdi wala ho,1,hi-roman
bhosdi wala tha,1,hi-roman
bhosdi wala hain,1,hi-roman
bhosdi wala aadmi,1,hi-roman
bhosdi wala insaan,1,hi-roman
bhosdi wala saale,1,hi-roman
bhosdi wala kutte,1,hi-roman
bhosdi wala yaar,1,hi-roman
tu bhosdi wala,1,hi-roman
tu bhosdi wala hai,1,hi-roman
tu bhosdi wala ho,1,hi-roman
tu bhosdi wala tha,1,hi-roman
tu bhosdi wala hain,1,hi-roman
tu bhosdi wala aadmi,1,hi-roman
tu bhosdi wala insaan,1,hi-roman
tu bhosdi wala saale,1,hi-roman
tu bhosdi wala kutte,1,hi-roman
tu bhosdi wala yaar,1,hi-roman
tum bhosdi wala,1,hi-roman
tum bhosdi wala hai,1,hi-roman
tum bhosdi wala ho,1,hi-roman
tum bhosdi wala tha,1,hi-roman
tum bhosdi wala hain,1,hi-roman
tum bhosdi wala aadmi,1,hi-roman
tum bhosdi wala insaan,1,hi-roman
tum bhosdi wala saale,1,hi-roman
tum bhosdi wala kutte,1,hi-roman
tum bhosdi wala yaar,1,hi-roman
abe bhosdi wala,1,hi-roman
abe bhosdi wala hai,1,hi-roman
abe bhosdi wala ho,1,hi-roman
abe bhosdi wala tha,1,hi-roman
abe bhosdi wala hain,1,hi-roman
abe bhosdi wala aadmi,1,hi-roman
abe bhosdi wala insaan,1,hi-roman
abe bhosdi wala saale,1,hi-roman
abe bhosdi wala kutte,1,hi-roman
abe bhosdi wala yaar,1,hi-roman
oye bhosdi wala,1,hi-roman
oye bhosdi wala hai,1,hi-roman
oye bhosdi wala ho,1,hi-roman
oye bhosdi wala tha,1,hi-roman
oye bhosdi wala hain,1,hi-roman
oye bhosdi wala aadmi,1,hi-roman
oye bhosdi wala insaan,1,hi-roman
oye bhosdi wala saale,1,hi-roman
oye bhosdi wala kutte,1,hi-roman
oye bhosdi wala yaar,1,hi-roman
are bhosdi wala,1,hi-roman
are bhosdi wala hai,1,hi-roman
are bhosdi wala ho,1,hi-roman
are bhosdi wala tha,1,hi-roman
are bhosdi wala hain,1,hi-roman
are bhosdi wala aadmi,1,hi-roman
are bhosdi wala insaan,1,hi-roman
are bhosdi wala saale,1,hi-roman
are bhosdi wala kutte,1,hi-roman
are bhosdi wala yaar,1,hi-roman
sun bhosdi wala,1,hi-roman
sun bhosdi wala hai,1,hi-roman
sun bhosdi wala ho,1,hi-roman
sun bhosdi wala tha,1,hi-roman
sun bhosdi wala hain,1,hi-roman
sun bhosdi wala aadmi,1,hi-roman
sun bhosdi wala insaan,1,hi-roman
sun bhosdi wala saale,1,hi-roman
sun bhosdi wala kutte,1,hi-roman
sun bhosdi wala yaar,1,hi-roman
dekh bhosdi wala,1,hi-roman
dekh bhosdi wala hai,1,hi-roman
dekh bhosdi wala ho,1,hi-roman
dekh bhosdi wala tha,1,hi-roman
dekh bhosdi wala hain,1,hi-roman
dekh bhosdi wala aadmi,1,hi-roman
dekh bhosdi wala insaan,1,hi-roman
dekh bhosdi wala saale,1,hi-roman
dekh bhosdi wala kutte,1,hi-roman
dekh bhosdi wala yaar,1,hi-roman
bhosdiwali,1,hi-roman
bhosdiwali hai,1,hi-roman
bhosdiwali ho,1,hi-roman
bhosdiwali tha,1,hi-roman
bhosdiwali hain,1,hi-roman
bhosdiwali aadmi,1,hi-roman
bhosdiwali insaan,1,hi-roman
bhosdiwali saale,1,hi-roman
bhosdiwali kutte,1,hi-roman
bhosdiwali yaar,1,hi-roman
tu bhosdiwali,1,hi-roman
tu bhosdiwali hai,1,hi-roman
tu bhosdiwali ho,1,hi-roman
tu bhosdiwali tha,1,hi-roman
tu bhosdiwali hain,1,hi-roman
tu bhosdiwali aadmi,1,hi-roman
tu bhosdiwali insaan,1,hi-roman
tu bhosdiwali saale,1,hi-roman
tu bhosdiwali kutte,1,hi-roman
tu bhosdiwali yaar,1,hi-roman
tum bhosdiwali,1,hi-roman
tum bhosdiwali hai,1,hi-roman
tum bhosdiwali ho,1,hi-roman
tum bhosdiwali tha,1,hi-roman
tum bhosdiwali hain,1,hi-roman
tum bhosdiwali aadmi,1,hi-roman
tum bhosdiwali insaan,1,hi-roman
tum bhosdiwali saale,1,hi-roman
tum bhosdiwali kutte,1,hi-roman
tum bhosdiwali yaar,1,hi-roman
abe bhosdiwali,1,hi-roman
abe bhosdiwali hai,1,hi-roman
abe bhosdiwali ho,1,hi-roman
abe bhosdiwali tha,1,hi-roman
abe bhosdiwali hain,1,hi-roman
abe bhosdiwali aadmi,1,hi-roman
abe bhosdiwali insaan,1,hi-roman
abe bhosdiwali saale,1,hi-roman
abe bhosdiwali kutte,1,hi-roman
abe bhosdiwali yaar,1,hi-roman
oye bhosdiwali,1,hi-roman
oye bhosdiwali hai,1,hi-roman
oye bhosdiwali ho,1,hi-roman
oye bhosdiwali tha,1,hi-roman
oye bhosdiwali hain,1,hi-roman
oye bhosdiwali aadmi,1,hi-roman
oye bhosdiwali insaan,1,hi-roman
oye bhosdiwali saale,1,hi-roman
oye bhosdiwali kutte,1,hi-roman
oye bhosdiwali yaar,1,hi-roman
are bhosdiwali,1,hi-roman
are bhosdiwali hai,1,hi-roman
are bhosdiwali ho,1,hi-roman
are bhosdiwali tha,1,hi-roman
are bhosdiwali hain,1,hi-roman
are bhosdiwali aadmi,1,hi-roman
are bhosdiwali insaan,1,hi-roman
are bhosdiwali saale,1,hi-roman
are bhosdiwali kutte,1,hi-roman
are bhosdiwali yaar,1,hi-roman
sun bhosdiwali,1,hi-roman
sun bhosdiwali hai,1,hi-roman
sun bhosdiwali ho,1,hi-roman
sun bhosdiwali tha,1,hi-roman
sun bhosdiwali hain,1,hi-roman
sun bhosdiwali aadmi,1,hi-roman
sun bhosdiwali insaan,1,hi-roman
sun bhosdiwali saale,1,hi-roman
sun bhosdiwali kutte,1,hi-roman
sun bhosdiwali yaar,1,hi-roman
dekh bhosdiwali,1,hi-roman
dekh bhosdiwali hai,1,hi-roman
dekh bhosdiwali ho,1,hi-roman
dekh bhosdiwali tha,1,hi-roman
dekh bhosdiwali hain,1,hi-roman
dekh bhosdiwali aadmi,1,hi-roman
dekh bhosdiwali insaan,1,hi-roman
dekh bhosdiwali saale,1,hi-roman
dekh bhosdiwali kutte,1,hi-roman
dekh bhosdiwali yaar,1,hi-roman
bhosdichod,1,hi-roman
bhosdichod hai,1,hi-roman
bhosdichod ho,1,hi-roman
bhosdichod tha,1,hi-roman
bhosdichod hain,1,hi-roman
bhosdichod aadmi,1,hi-roman
bhosdichod insaan,1,hi-roman
bhosdichod saale,1,hi-roman
bhosdichod kutte,1,hi-roman
bhosdichod yaar,1,hi-roman
tu bhosdichod,1,hi-roman
tu bhosdichod hai,1,hi-roman
tu bhosdichod ho,1,hi-roman
tu bhosdichod tha,1,hi-roman
tu bhosdichod hain,1,hi-roman
tu bhosdichod aadmi,1,hi-roman
tu bhosdichod insaan,1,hi-roman
tu bhosdichod saale,1,hi-roman
tu bhosdichod kutte,1,hi-roman
tu bhosdichod yaar,1,hi-roman
tum bhosdichod,1,hi-roman
tum bhosdichod hai,1,hi-roman
tum bhosdichod ho,1,hi-roman
tum bhosdichod tha,1,hi-roman
tum bhosdichod hain,1,hi-roman
tum bhosdichod aadmi,1,hi-roman
tum bhosdichod insaan,1,hi-roman
tum bhosdichod saale,1,hi-roman
tum bhosdichod kutte,1,hi-roman
tum bhosdichod yaar,1,hi-roman
abe bhosdichod,1,hi-roman
abe bhosdichod hai,1,hi-roman
abe bhosdichod ho,1,hi-roman
abe bhosdichod tha,1,hi-roman
abe bhosdichod hain,1,hi-roman
abe bhosdichod aadmi,1,hi-roman
abe bhosdichod insaan,1,hi-roman
abe bhosdichod saale,1,hi-roman
abe bhosdichod kutte,1,hi-roman
abe bhosdichod yaar,1,hi-roman
oye bhosdichod,1,hi-roman
oye bhosdichod hai,1,hi-roman
oye bhosdichod ho,1,hi-roman
oye bhosdichod tha,1,hi-roman
oye bhosdichod hain,1,hi-roman
oye bhosdichod aadmi,1,hi-roman
oye bhosdichod insaan,1,hi-roman
oye bhosdichod saale,1,hi-roman
oye bhosdichod kutte,1,hi-roman
oye bhosdichod yaar,1,hi-roman
are bhosdichod,1,hi-roman
are bhosdichod hai,1,hi-roman
are bhosdichod ho,1,hi-roman
are bhosdichod tha,1,hi-roman
are bhosdichod hain,1,hi-roman
are bhosdichod aadmi,1,hi-roman
are bhosdichod insaan,1,hi-roman
are bhosdichod saale,1,hi-roman
are bhosdichod kutte,1,hi-roman
are bhosdichod yaar,1,hi-roman
sun bhosdichod,1,hi-roman
sun bhosdichod hai,1,hi-roman
sun bhosdichod ho,1,hi-roman
sun bhosdichod tha,1,hi-roman
sun bhosdichod hain,1,hi-roman
sun bhosdichod aadmi,1,hi-roman
sun bhosdichod insaan,1,hi-roman
sun bhosdichod saale,1,hi-roman
sun bhosdichod kutte,1,hi-roman
sun bhosdichod yaar,1,hi-roman
dekh bhosdichod,1,hi-roman
dekh bhosdichod hai,1,hi-roman
dekh bhosdichod ho,1,hi-roman
dekh bhosdichod tha,1,hi-roman
dekh bhosdichod hain,1,hi-roman
dekh bhosdichod aadmi,1,hi-roman
dekh bhosdichod insaan,1,hi-roman
dekh bhosdichod saale,1,hi-roman
dekh bhosdichod kutte,1,hi-roman
dekh bhosdichod yaar,1,hi-roman
chutiya,1,hi-roman
chutiya hai,1,hi-roman
chutiya ho,1,hi-roman
chutiya tha,1,hi-roman
chutiya hain,1,hi-roman
chutiya aadmi,1,hi-roman
chutiya insaan,1,hi-roman
chutiya saale,1,hi-roman
chutiya kutte,1,hi-roman
chutiya yaar,1,hi-roman
tu chutiya,1,hi-roman
tu chutiya hai,1,hi-roman
tu chutiya ho,1,hi-roman
tu chutiya tha,1,hi-roman
tu chutiya hain,1,hi-roman
tu chutiya aadmi,1,hi-roman
tu chutiya insaan,1,hi-roman
tu chutiya saale,1,hi-roman
tu chutiya kutte,1,hi-roman
tu chutiya yaar,1,hi-roman
tum chutiya,1,hi-roman
tum chutiya hai,1,hi-roman
tum chutiya ho,1,hi-roman
tum chutiya tha,1,hi-roman
tum chutiya hain,1,hi-roman
tum chutiya aadmi,1,hi-roman
tum chutiya insaan,1,hi-roman
tum chutiya saale,1,hi-roman
tum chutiya kutte,1,hi-roman
tum chutiya yaar,1,hi-roman
abe chutiya,1,hi-roman
abe chutiya hai,1,hi-roman
abe chutiya ho,1,hi-roman
abe chutiya tha,1,hi-roman
abe chutiya hain,1,hi-roman
abe chutiya aadmi,1,hi-roman
abe chutiya insaan,1,hi-roman
abe chutiya saale,1,hi-roman
abe chutiya kutte,1,hi-roman
abe chutiya yaar,1,hi-roman
oye chutiya,1,hi-roman
oye chutiya hai,1,hi-roman
oye chutiya ho,1,hi-roman
oye chutiya tha,1,hi-roman
oye chutiya hain,1,hi-roman
oye chutiya aadmi,1,hi-roman
oye chutiya insaan,1,hi-roman
oye chutiya saale,1,hi-roman
oye chutiya kutte,1,hi-roman
oye chutiya yaar,1,hi-roman
are chutiya,1,hi-roman
are chutiya hai,1,hi-roman
are chutiya ho,1,hi-roman
are chutiya tha,1,hi-roman
are chutiya hain,1,hi-roman
are chutiya aadmi,1,hi-roman
are chutiya insaan,1,hi-roman
are chutiya saale,1,hi-roman
are chutiya kutte,1,hi-roman
are chutiya yaar,1,hi-roman
sun chutiya,1,hi-roman
sun chutiya hai,1,hi-roman
sun chutiya ho,1,hi-roman
sun chutiya tha,1,hi-roman
sun chutiya hain,1,hi-roman
sun chutiya aadmi,1,hi-roman
sun chutiya insaan,1,hi-roman
sun chutiya saale,1,hi-roman
sun chutiya kutte,1,hi-roman
sun chutiya yaar,1,hi-roman
dekh chutiya,1,hi-roman
dekh chutiya hai,1,hi-roman
dekh chutiya ho,1,hi-roman
dekh chutiya tha,1,hi-roman
dekh chutiya hain,1,hi-roman
dekh chutiya aadmi,1,hi-roman
dekh chutiya insaan,1,hi-roman
dekh chutiya saale,1,hi-roman
dekh chutiya kutte,1,hi-roman
dekh chutiya yaar,1,hi-roman
chutiye,1,hi-roman
chutiye hai,1,hi-roman
chutiye ho,1,hi-roman
chutiye tha,1,hi-roman
chutiye hain,1,hi-roman
chutiye aadmi,1,hi-roman
chutiye insaan,1,hi-roman
chutiye saale,1,hi-roman
chutiye kutte,1,hi-roman
chutiye yaar,1,hi-roman
tu chutiye,1,hi-roman
tu chutiye hai,1,hi-roman
tu chutiye ho,1,hi-roman
tu chutiye tha,1,hi-roman
tu chutiye hain,1,hi-roman
tu chutiye aadmi,1,hi-roman
tu chutiye insaan,1,hi-roman
tu chutiye saale,1,hi-roman
tu chutiye kutte,1,hi-roman
tu chutiye yaar,1,hi-roman
tum chutiye,1,hi-roman
tum chutiye hai,1,hi-roman
tum chutiye ho,1,hi-roman
tum chutiye tha,1,hi-roman
tum chutiye hain,1,hi-roman
tum chutiye aadmi,1,hi-roman
tum chutiye insaan,1,hi-roman
tum chutiye saale,1,hi-roman
tum chutiye kutte,1,hi-roman
tum chutiye yaar,1,hi-roman
abe chutiye,1,hi-roman
abe chutiye hai,1,hi-roman
abe chutiye ho,1,hi-roman
abe chutiye tha,1,hi-roman
abe chutiye hain,1,hi-roman
abe chutiye aadmi,1,hi-roman
abe chutiye insaan,1,hi-roman
abe chutiye saale,1,hi-roman
abe chutiye kutte,1,hi-roman
abe chutiye yaar,1,hi-roman
oye chutiye,1,hi-roman
oye chutiye hai,1,hi-roman
oye chutiye ho,1,hi-roman
oye chutiye tha,1,hi-roman
oye chutiye hain,1,hi-roman
oye chutiye aadmi,1,hi-roman
oye chutiye insaan,1,hi-roman
oye chutiye saale,1,hi-roman
oye chutiye kutte,1,hi-roman
oye chutiye yaar,1,hi-roman
are chutiye,1,hi-roman
are chutiye hai,1,hi-roman
are chutiye ho,1,hi-roman
are chutiye tha,1,hi-roman
are chutiye hain,1,hi-roman
are chutiye aadmi,1,hi-roman
are chutiye insaan,1,hi-roman
are chutiye saale,1,hi-roman
are chutiye kutte,1,hi-roman
are chutiye yaar,1,hi-roman
sun chutiye,1,hi-roman
sun chutiye hai,1,hi-roman
sun chutiye ho,1,hi-roman
sun chutiye tha,1,hi-roman
sun chutiye hain,1,hi-roman
sun chutiye aadmi,1,hi-roman
sun chutiye insaan,1,hi-roman
sun chutiye saale,1,hi-roman
sun chutiye kutte,1,hi-roman
sun chutiye yaar,1,hi-roman
dekh chutiye,1,hi-roman
dekh chutiye hai,1,hi-roman
dekh chutiye ho,1,hi-roman
dekh chutiye tha,1,hi-roman
dekh chutiye hain,1,hi-roman
dekh chutiye aadmi,1,hi-roman
dekh chutiye insaan,1,hi-roman
dekh chutiye saale,1,hi-roman
dekh chutiye kutte,1,hi-roman
dekh chutiye yaar,1,hi-roman
chutiyapa,1,hi-roman
chutiyapa hai,1,hi-roman
chutiyapa ho,1,hi-roman
chutiyapa tha,1,hi-roman
chutiyapa hain,1,hi-roman
chutiyapa aadmi,1,hi-roman
chutiyapa insaan,1,hi-roman
chutiyapa saale,1,hi-roman
chutiyapa kutte,1,hi-roman
chutiyapa yaar,1,hi-roman
tu chutiyapa,1,hi-roman
tu chutiyapa hai,1,hi-roman
tu chutiyapa ho,1,hi-roman
tu chutiyapa tha,1,hi-roman
tu chutiyapa hain,1,hi-roman
tu chutiyapa aadmi,1,hi-roman
tu chutiyapa insaan,1,hi-roman
tu chutiyapa saale,1,hi-roman
tu chutiyapa kutte,1,hi-roman
tu chutiyapa yaar,1,hi-roman
tum chutiyapa,1,hi-roman
tum chutiyapa hai,1,hi-roman
tum chutiyapa ho,1,hi-roman
tum chutiyapa tha,1,hi-roman
tum chutiyapa hain,1,hi-roman
tum chutiyapa aadmi,1,hi-roman
tum chutiyapa insaan,1,hi-roman
tum chutiyapa saale,1,hi-roman
tum chutiyapa kutte,1,hi-roman
tum chutiyapa yaar,1,hi-roman
abe chutiyapa,1,hi-roman
abe chutiyapa hai,1,hi-roman
abe chutiyapa ho,1,hi-roman
abe chutiyapa tha,1,hi-roman
abe chutiyapa hain,1,hi-roman
abe chutiyapa aadmi,1,hi-roman
abe chutiyapa insaan,1,hi-roman
abe chutiyapa saale,1,hi-roman
abe chutiyapa kutte,1,hi-roman
abe chutiyapa yaar,1,hi-roman
oye chutiyapa,1,hi-roman
oye chutiyapa hai,1,hi-roman
oye chutiyapa ho,1,hi-roman
oye chutiyapa tha,1,hi-roman
oye chutiyapa hain,1,hi-roman
oye chutiyapa aadmi,1,hi-roman
oye chutiyapa insaan,1,hi-roman
oye chutiyapa saale,1,hi-roman
oye chutiyapa kutte,1,hi-roman
oye chutiyapa yaar,1,hi-roman
are chutiyapa,1,hi-roman
are chutiyapa hai,1,hi-roman
are chutiyapa ho,1,hi-roman
are chutiyapa tha,1,hi-roman
are chutiyapa hain,1,hi-roman
are chutiyapa aadmi,1,hi-roman
are chutiyapa insaan,1,hi-roman
are chutiyapa saale,1,hi-roman
are chutiyapa kutte,1,hi-roman
are chutiyapa yaar,1,hi-roman
sun chutiyapa,1,hi-roman
sun chutiyapa hai,1,hi-roman
sun chutiyapa ho,1,hi-roman
sun chutiyapa tha,1,hi-roman
sun chutiyapa hain,1,hi-roman
sun chutiyapa aadmi,1,hi-roman
sun chutiyapa insaan,1,hi-roman
sun chutiyapa saale,1,hi-roman
sun chutiyapa kutte,1,hi-roman
sun chutiyapa yaar,1,hi-roman
dekh chutiyapa,1,hi-roman
dekh chutiyapa hai,1,hi-roman
dekh chutiyapa ho,1,hi-roman
dekh chutiyapa tha,1,hi-roman
dekh chutiyapa hain,1,hi-roman
dekh chutiyapa aadmi,1,hi-roman
dekh chutiyapa insaan,1,hi-roman
dekh chutiyapa saale,1,hi-roman
dekh chutiyapa kutte,1,hi-roman
dekh chutiyapa yaar,1,hi-roman
chutiyapanti,1,hi-roman
chutiyapanti hai,1,hi-roman
chutiyapanti ho,1,hi-roman
chutiyapanti tha,1,hi-roman
chutiyapanti hain,1,hi-roman
chutiyapanti aadmi,1,hi-roman
chutiyapanti insaan,1,hi-roman
chutiyapanti saale,1,hi-roman
chutiyapanti kutte,1,hi-roman
chutiyapanti yaar,1,hi-roman
tu chutiyapanti,1,hi-roman
tu chutiyapanti hai,1,hi-roman
tu chutiyapanti ho,1,hi-roman
tu chutiyapanti tha,1,hi-roman
tu chutiyapanti hain,1,hi-roman
tu chutiyapanti aadmi,1,hi-roman
tu chutiyapanti insaan,1,hi-roman
tu chutiyapanti saale,1,hi-roman
tu chutiyapanti kutte,1,hi-roman
tu chutiyapanti yaar,1,hi-roman
tum chutiyapanti,1,hi-roman
tum chutiyapanti hai,1,hi-roman
tum chutiyapanti ho,1,hi-roman
tum chutiyapanti tha,1,hi-roman
tum chutiyapanti hain,1,hi-roman
tum chutiyapanti aadmi,1,hi-roman
tum chutiyapanti insaan,1,hi-roman
tum chutiyapanti saale,1,hi-roman
tum chutiyapanti kutte,1,hi-roman
tum chutiyapanti yaar,1,hi-roman
abe chutiyapanti,1,hi-roman
abe chutiyapanti hai,1,hi-roman
abe chutiyapanti ho,1,hi-roman
abe chutiyapanti tha,1,hi-roman
abe chutiyapanti hain,1,hi-roman
abe chutiyapanti aadmi,1,hi-roman
abe chutiyapanti insaan,1,hi-roman
abe chutiyapanti saale,1,hi-roman
abe chutiyapanti kutte,1,hi-roman
abe chutiyapanti yaar,1,hi-roman
oye chutiyapanti,1,hi-roman
oye chutiyapanti hai,1,hi-roman
oye chutiyapanti ho,1,hi-roman
oye chutiyapanti tha,1,hi-roman
oye chutiyapanti hain,1,hi-roman
oye chutiyapanti aadmi,1,hi-roman
oye chutiyapanti insaan,1,hi-roman
oye chutiyapanti saale,1,hi-roman
oye chutiyapanti kutte,1,hi-roman
oye chutiyapanti yaar,1,hi-roman
are chutiyapanti,1,hi-roman
are chutiyapanti hai,1,hi-roman
are chutiyapanti ho,1,hi-roman
are chutiyapanti tha,1,hi-roman
are chutiyapanti hain,1,hi-roman
are chutiyapanti aadmi,1,hi-roman
are chutiyapanti insaan,1,hi-roman
are chutiyapanti saale,1,hi-roman
are chutiyapanti kutte,1,hi-roman
are chutiyapanti yaar,1,hi-roman
sun chutiyapanti,1,hi-roman
sun chutiyapanti hai,1,hi-roman
sun chutiyapanti ho,1,hi-roman
sun chutiyapanti tha,1,hi-roman
sun chutiyapanti hain,1,hi-roman
sun chutiyapanti aadmi,1,hi-roman
sun chutiyapanti insaan,1,hi-roman
sun chutiyapanti saale,1,hi-roman
sun chutiyapanti kutte,1,hi-roman
sun chutiyapanti yaar,1,hi-roman
dekh chutiyapanti,1,hi-roman
dekh chutiyapanti hai,1,hi-roman
dekh chutiyapanti ho,1,hi-roman
dekh chutiyapanti tha,1,hi-roman
dekh chutiyapanti hain,1,hi-roman
dekh chutiyapanti aadmi,1,hi-roman
dekh chutiyapanti insaan,1,hi-roman
dekh chutiyapanti saale,1,hi-roman
dekh chutiyapanti kutte,1,hi-roman
dekh chutiyapanti yaar,1,hi-roman
gaand,1,hi-roman
gaand hai,1,hi-roman
gaand ho,1,hi-roman
gaand tha,1,hi-roman
gaand hain,1,hi-roman
gaand aadmi,1,hi-roman
gaand insaan,1,hi-roman
gaand saale,1,hi-roman
gaand kutte,1,hi-roman
gaand yaar,1,hi-roman
tu gaand,1,hi-roman
tu gaand hai,1,hi-roman
tu gaand ho,1,hi-roman
tu gaand tha,1,hi-roman
tu gaand hain,1,hi-roman
tu gaand aadmi,1,hi-roman
tu gaand insaan,1,hi-roman
tu gaand saale,1,hi-roman
tu gaand kutte,1,hi-roman
tu gaand yaar,1,hi-roman
tum gaand,1,hi-roman
tum gaand hai,1,hi-roman
tum gaand ho,1,hi-roman
tum gaand tha,1,hi-roman
tum gaand hain,1,hi-roman
tum gaand aadmi,1,hi-roman
tum gaand insaan,1,hi-roman
tum gaand saale,1,hi-roman
tum gaand kutte,1,hi-roman
tum gaand yaar,1,hi-roman
abe gaand,1,hi-roman
abe gaand hai,1,hi-roman
abe gaand ho,1,hi-roman
abe gaand tha,1,hi-roman
abe gaand hain,1,hi-roman
abe gaand aadmi,1,hi-roman
abe gaand insaan,1,hi-roman
abe gaand saale,1,hi-roman
abe gaand kutte,1,hi-roman
abe gaand yaar,1,hi-roman
oye gaand,1,hi-roman
oye gaand hai,1,hi-roman
oye gaand ho,1,hi-roman
oye gaand tha,1,hi-roman
oye gaand hain,1,hi-roman
oye gaand aadmi,1,hi-roman
oye gaand insaan,1,hi-roman
oye gaand saale,1,hi-roman
oye gaand kutte,1,hi-roman
oye gaand yaar,1,hi-roman
are gaand,1,hi-roman
are gaand hai,1,hi-roman
are gaand ho,1,hi-roman
are gaand tha,1,hi-roman
are gaand hain,1,hi-roman
are gaand aadmi,1,hi-roman
are gaand insaan,1,hi-roman
are gaand saale,1,hi-roman
are gaand kutte,1,hi-roman
are gaand yaar,1,hi-roman
sun gaand,1,hi-roman
sun gaand hai,1,hi-roman
sun gaand ho,1,hi-roman
sun gaand tha,1,hi-roman
sun gaand hain,1,hi-roman
sun gaand aadmi,1,hi-roman
sun gaand insaan,1,hi-roman
sun gaand saale,1,hi-roman
sun gaand kutte,1,hi-roman
sun gaand yaar,1,hi-roman
dekh gaand,1,hi-roman
dekh gaand hai,1,hi-roman
dekh gaand ho,1,hi-roman
dekh gaand tha,1,hi-roman
dekh gaand hain,1,hi-roman
dekh gaand aadmi,1,hi-roman
dekh gaand insaan,1,hi-roman
dekh gaand saale,1,hi-roman
dekh gaand kutte,1,hi-roman
dekh gaand yaar,1,hi-roman
gand,1,hi-roman
gand hai,1,hi-roman
gand ho,1,hi-roman
gand tha,1,hi-roman
gand hain,1,hi-roman
gand aadmi,1,hi-roman
gand insaan,1,hi-roman
gand saale,1,hi-roman
gand kutte,1,hi-roman
gand yaar,1,hi-roman
tu gand,1,hi-roman
tu gand hai,1,hi-roman
tu gand ho,1,hi-roman
tu gand tha,1,hi-roman
tu gand hain,1,hi-roman
tu gand aadmi,1,hi-roman
tu gand insaan,1,hi-roman
tu gand saale,1,hi-roman
tu gand kutte,1,hi-roman
tu gand yaar,1,hi-roman
tum gand,1,hi-roman
tum gand hai,1,hi-roman
tum gand ho,1,hi-roman
tum gand tha,1,hi-roman
tum gand hain,1,hi-roman
tum gand aadmi,1,hi-roman
tum gand insaan,1,hi-roman
tum gand saale,1,hi-roman
tum gand kutte,1,hi-roman
tum gand yaar,1,hi-roman
abe gand,1,hi-roman
abe gand hai,1,hi-roman
abe gand ho,1,hi-roman
abe gand tha,1,hi-roman
abe gand hain,1,hi-roman
abe gand aadmi,1,hi-roman
abe gand insaan,1,hi-roman
abe gand saale,1,hi-roman
abe gand kutte,1,hi-roman
abe gand yaar,1,hi-roman
oye gand,1,hi-roman
oye gand hai,1,hi-roman
oye gand ho,1,hi-roman
oye gand tha,1,hi-roman
oye gand hain,1,hi-roman
oye gand aadmi,1,hi-roman
oye gand insaan,1,hi-roman
oye gand saale,1,hi-roman
oye gand kutte,1,hi-roman
oye gand yaar,1,hi-roman
are gand,1,hi-roman
are gand hai,1,hi-roman
are gand ho,1,hi-roman
are gand tha,1,hi-roman
are gand hain,1,hi-roman
are gand aadmi,1,hi-roman
are gand insaan,1,hi-roman
are gand saale,1,hi-roman
are gand kutte,1,hi-roman
are gand yaar,1,hi-roman
sun gand,1,hi-roman
sun gand hai,1,hi-roman
sun gand ho,1,hi-roman
sun gand tha,1,hi-roman
sun gand hain,1,hi-roman
sun gand aadmi,1,hi-roman
sun gand insaan,1,hi-roman
sun gand saale,1,hi-roman
sun gand kutte,1,hi-roman
sun gand yaar,1,hi-roman
dekh gand,1,hi-roman
dekh gand hai,1,hi-roman
dekh gand ho,1,hi-roman
dekh gand tha,1,hi-roman
dekh gand hain,1,hi-roman
dekh gand aadmi,1,hi-roman
dekh gand insaan,1,hi-roman
dekh gand saale,1,hi-roman
dekh gand kutte,1,hi-roman
dekh gand yaar,1,hi-roman
gaandmar,1,hi-roman
gaandmar hai,1,hi-roman
gaandmar ho,1,hi-roman
gaandmar tha,1,hi-roman
gaandmar hain,1,hi-roman
gaandmar aadmi,1,hi-roman
gaandmar insaan,1,hi-roman
gaandmar saale,1,hi-roman
gaandmar kutte,1,hi-roman
gaandmar yaar,1,hi-roman
tu gaandmar,1,hi-roman
tu gaandmar hai,1,hi-roman
tu gaandmar ho,1,hi-roman
tu gaandmar tha,1,hi-roman
tu gaandmar hain,1,hi-roman
tu gaandmar aadmi,1,hi-roman
tu gaandmar insaan,1,hi-roman
tu gaandmar saale,1,hi-roman
tu gaandmar kutte,1,hi-roman
tu gaandmar yaar,1,hi-roman
tum gaandmar,1,hi-roman
tum gaandmar hai,1,hi-roman
tum gaandmar ho,1,hi-roman
tum gaandmar tha,1,hi-roman
tum gaandmar hain,1,hi-roman
tum gaandmar aadmi,1,hi-roman
tum gaandmar insaan,1,hi-roman
tum gaandmar saale,1,hi-roman
tum gaandmar kutte,1,hi-roman
tum gaandmar yaar,1,hi-roman
abe gaandmar,1,hi-roman
abe gaandmar hai,1,hi-roman
abe gaandmar ho,1,hi-roman
abe gaandmar tha,1,hi-roman
abe gaandmar hain,1,hi-roman
abe gaandmar aadmi,1,hi-roman
abe gaandmar insaan,1,hi-roman
abe gaandmar saale,1,hi-roman
abe gaandmar kutte,1,hi-roman
abe gaandmar yaar,1,hi-roman
oye gaandmar,1,hi-roman
oye gaandmar hai,1,hi-roman
oye gaandmar ho,1,hi-roman
oye gaandmar tha,1,hi-roman
oye gaandmar hain,1,hi-roman
oye gaandmar aadmi,1,hi-roman
oye gaandmar insaan,1,hi-roman
oye gaandmar saale,1,hi-roman
oye gaandmar kutte,1,hi-roman
oye gaandmar yaar,1,hi-roman
are gaandmar,1,hi-roman
are gaandmar hai,1,hi-roman
are gaandmar ho,1,hi-roman
are gaandmar tha,1,hi-roman
are gaandmar hain,1,hi-roman
are gaandmar aadmi,1,hi-roman
are gaandmar insaan,1,hi-roman
are gaandmar saale,1,hi-roman
are gaandmar kutte,1,hi-roman
are gaandmar yaar,1,hi-roman
sun gaandmar,1,hi-roman
sun gaandmar hai,1,hi-roman
sun gaandmar ho,1,hi-roman
sun gaandmar tha,1,hi-roman
sun gaandmar hain,1,hi-roman
sun gaandmar aadmi,1,hi-roman
sun gaandmar insaan,1,hi-roman
sun gaandmar saale,1,hi-roman
sun gaandmar kutte,1,hi-roman
sun gaandmar yaar,1,hi-roman
dekh gaandmar,1,hi-roman
dekh gaandmar hai,1,hi-roman
dekh gaandmar ho,1,hi-roman
dekh gaandmar tha,1,hi-roman
dekh gaandmar hain,1,hi-roman
dekh gaandmar aadmi,1,hi-roman
dekh gaandmar insaan,1,hi-roman
dekh gaandmar saale,1,hi-roman
dekh gaandmar kutte,1,hi-roman
dekh gaandmar yaar,1,hi-roman
gandmar,1,hi-roman
gandmar hai,1,hi-roman
gandmar ho,1,hi-roman
gandmar tha,1,hi-roman
gandmar hain,1,hi-roman
gandmar aadmi,1,hi-roman
gandmar insaan,1,hi-roman
gandmar saale,1,hi-roman
gandmar kutte,1,hi-roman
gandmar yaar,1,hi-roman
tu gandmar,1,hi-roman
tu gandmar hai,1,hi-roman
tu gandmar ho,1,hi-roman
tu gandmar tha,1,hi-roman
tu gandmar hain,1,hi-roman
tu gandmar aadmi,1,hi-roman
tu gandmar insaan,1,hi-roman
tu gandmar saale,1,hi-roman
tu gandmar kutte,1,hi-roman
tu gandmar yaar,1,hi-roman
tum gandmar,1,hi-roman
tum gandmar hai,1,hi-roman
tum gandmar ho,1,hi-roman
tum gandmar tha,1,hi-roman
tum gandmar hain,1,hi-roman
tum gandmar aadmi,1,hi-roman
tum gandmar insaan,1,hi-roman
tum gandmar saale,1,hi-roman
tum gandmar kutte,1,hi-roman
tum gandmar yaar,1,hi-roman
abe gandmar,1,hi-roman
abe gandmar hai,1,hi-roman
abe gandmar ho,1,hi-roman
abe gandmar tha,1,hi-roman
abe gandmar hain,1,hi-roman
abe gandmar aadmi,1,hi-roman
abe gandmar insaan,1,hi-roman
abe gandmar saale,1,hi-roman
abe gandmar kutte,1,hi-roman
abe gandmar yaar,1,hi-roman
oye gandmar,1,hi-roman
oye gandmar hai,1,hi-roman
oye gandmar ho,1,hi-roman
oye gandmar tha,1,hi-roman
oye gandmar hain,1,hi-roman
oye gandmar aadmi,1,hi-roman
oye gandmar insaan,1,hi-roman
oye gandmar saale,1,hi-roman
oye gandmar kutte,1,hi-roman
oye gandmar yaar,1,hi-roman
are gandmar,1,hi-roman
are gandmar hai,1,hi-roman
are gandmar ho,1,hi-roman
are gandmar tha,1,hi-roman
are gandmar hain,1,hi-roman
are gandmar aadmi,1,hi-roman
are gandmar insaan,1,hi-roman
are gandmar saale,1,hi-roman
are gandmar kutte,1,hi-roman
are gandmar yaar,1,hi-roman
sun gandmar,1,hi-roman
sun gandmar hai,1,hi-roman
sun gandmar ho,1,hi-roman
sun gandmar tha,1,hi-roman
sun gandmar hain,1,hi-roman
sun gandmar aadmi,1,hi-roman
sun gandmar insaan,1,hi-roman
sun gandmar saale,1,hi-roman
sun gandmar kutte,1,hi-roman
sun gandmar yaar,1,hi-roman
dekh gandmar,1,hi-roman
dekh gandmar hai,1,hi-roman
dekh gandmar ho,1,hi-roman
dekh gandmar tha,1,hi-roman
dekh gandmar hain,1,hi-roman
dekh gandmar aadmi,1,hi-roman
dekh gandmar insaan,1,hi-roman
dekh gandmar saale,1,hi-roman
dekh gandmar kutte,1,hi-roman
dekh gandmar yaar,1,hi-roman
gaand mara,1,hi-roman
gaand mara hai,1,hi-roman
gaand mara ho,1,hi-roman
gaand mara tha,1,hi-roman
gaand mara hain,1,hi-roman
gaand mara aadmi,1,hi-roman
gaand mara insaan,1,hi-roman
gaand mara saale,1,hi-roman
gaand mara kutte,1,hi-roman
gaand mara yaar,1,hi-roman
tu gaand mara,1,hi-roman
tu gaand mara hai,1,hi-roman
tu gaand mara ho,1,hi-roman
tu gaand mara tha,1,hi-roman
tu gaand mara hain,1,hi-roman
tu gaand mara aadmi,1,hi-roman
tu gaand mara insaan,1,hi-roman
tu gaand mara saale,1,hi-roman
tu gaand mara kutte,1,hi-roman
tu gaand mara yaar,1,hi-roman
tum gaand mara,1,hi-roman
tum gaand mara hai,1,hi-roman
tum gaand mara ho,1,hi-roman
tum gaand mara tha,1,hi-roman
tum gaand mara hain,1,hi-roman
tum gaand mara aadmi,1,hi-roman
tum gaand mara insaan,1,hi-roman
tum gaand mara saale,1,hi-roman
tum gaand mara kutte,1,hi-roman
tum gaand mara yaar,1,hi-roman
abe gaand mara,1,hi-roman
abe gaand mara hai,1,hi-roman
abe gaand mara ho,1,hi-roman
abe gaand mara tha,1,hi-roman
abe gaand mara hain,1,hi-roman
abe gaand mara aadmi,1,hi-roman
abe gaand mara insaan,1,hi-roman
abe gaand mara saale,1,hi-roman
abe gaand mara kutte,1,hi-roman
abe gaand mara yaar,1,hi-roman
oye gaand mara,1,hi-roman
oye gaand mara hai,1,hi-roman
oye gaand mara ho,1,hi-roman
oye gaand mara tha,1,hi-roman
oye gaand mara hain,1,hi-roman
oye gaand mara aadmi,1,hi-roman
oye gaand mara insaan,1,hi-roman
oye gaand mara saale,1,hi-roman
oye gaand mara kutte,1,hi-roman
oye gaand mara yaar,1,hi-roman
are gaand mara,1,hi-roman
are gaand mara hai,1,hi-roman
are gaand mara ho,1,hi-roman
are gaand mara tha,1,hi-roman
are gaand mara hain,1,hi-roman
are gaand mara aadmi,1,hi-roman
are gaand mara insaan,1,hi-roman
are gaand mara saale,1,hi-roman
are gaand mara kutte,1,hi-roman
are gaand mara yaar,1,hi-roman
sun gaand mara,1,hi-roman
sun gaand mara hai,1,hi-roman
sun gaand mara ho,1,hi-roman
sun gaand mara tha,1,hi-roman
sun gaand mara hain,1,hi-roman
sun gaand mara aadmi,1,hi-roman
sun gaand mara insaan,1,hi-roman
sun gaand mara saale,1,hi-roman
sun gaand mara kutte,1,hi-roman
sun gaand mara yaar,1,hi-roman
dekh gaand mara,1,hi-roman
dekh gaand mara hai,1,hi-roman
dekh gaand mara ho,1,hi-roman
dekh gaand mara tha,1,hi-roman
dekh gaand mara hain,1,hi-roman
dekh gaand mara aadmi,1,hi-roman
dekh gaand mara insaan,1,hi-roman
dekh gaand mara saale,1,hi-roman
dekh gaand mara kutte,1,hi-roman
dekh gaand mara yaar,1,hi-roman
gand mara,1,hi-roman
gand mara hai,1,hi-roman
gand mara ho,1,hi-roman
gand mara tha,1,hi-roman
gand mara hain,1,hi-roman
gand mara aadmi,1,hi-roman
gand mara insaan,1,hi-roman
gand mara saale,1,hi-roman
gand mara kutte,1,hi-roman
gand mara yaar,1,hi-roman
tu gand mara,1,hi-roman
tu gand mara hai,1,hi-roman
tu gand mara ho,1,hi-roman
tu gand mara tha,1,hi-roman
tu gand mara hain,1,hi-roman
tu gand mara aadmi,1,hi-roman
tu gand mara insaan,1,hi-roman
tu gand mara saale,1,hi-roman
tu gand mara kutte,1,hi-roman
tu gand mara yaar,1,hi-roman
tum gand mara,1,hi-roman
tum gand mara hai,1,hi-roman
tum gand mara ho,1,hi-roman
tum gand mara tha,1,hi-roman
tum gand mara hain,1,hi-roman
tum gand mara aadmi,1,hi-roman
tum gand mara insaan,1,hi-roman
tum gand mara saale,1,hi-roman
tum gand mara kutte,1,hi-roman
tum gand mara yaar,1,hi-roman
abe gand mara,1,hi-roman
abe gand mara hai,1,hi-roman
abe gand mara ho,1,hi-roman
abe gand mara tha,1,hi-roman
abe gand mara hain,1,hi-roman
abe gand mara aadmi,1,hi-roman
abe gand mara insaan,1,hi-roman
abe gand mara saale,1,hi-roman
abe gand mara kutte,1,hi-roman
abe gand mara yaar,1,hi-roman
oye gand mara,1,hi-roman
oye gand mara hai,1,hi-roman
oye gand mara ho,1,hi-roman
oye gand mara tha,1,hi-roman
oye gand mara hain,1,hi-roman
oye gand mara aadmi,1,hi-roman
oye gand mara insaan,1,hi-roman
oye gand mara saale,1,hi-roman
oye gand mara kutte,1,hi-roman
oye gand mara yaar,1,hi-roman
are gand mara,1,hi-roman
are gand mara hai,1,hi-roman
are gand mara ho,1,hi-roman
are gand mara tha,1,hi-roman
are gand mara hain,1,hi-roman
are gand mara aadmi,1,hi-roman
are gand mara insaan,1,hi-roman
are gand mara saale,1,hi-roman
are gand mara kutte,1,hi-roman
are gand mara yaar,1,hi-roman
sun gand mara,1,hi-roman
sun gand mara hai,1,hi-roman
sun gand mara ho,1,hi-roman
sun gand mara tha,1,hi-roman
sun gand mara hain,1,hi-roman
sun gand mara aadmi,1,hi-roman
sun gand mara insaan,1,hi-roman
sun gand mara saale,1,hi-roman
sun gand mara kutte,1,hi-roman
sun gand mara yaar,1,hi-roman
dekh gand mara,1,hi-roman
dekh gand mara hai,1,hi-roman
dekh gand mara ho,1,hi-roman
dekh gand mara tha,1,hi-roman
dekh gand mara hain,1,hi-roman
dekh gand mara aadmi,1,hi-roman
dekh gand mara insaan,1,hi-roman
dekh gand mara saale,1,hi-roman
dekh gand mara kutte,1,hi-roman
dekh gand mara yaar,1,hi-roman
gaand phat,1,hi-roman
gaand phat hai,1,hi-roman
gaand phat ho,1,hi-roman
gaand phat tha,1,hi-roman
gaand phat hain,1,hi-roman
gaand phat aadmi,1,hi-roman
gaand phat insaan,1,hi-roman
gaand phat saale,1,hi-roman
gaand phat kutte,1,hi-roman
gaand phat yaar,1,hi-roman
tu gaand phat,1,hi-roman
tu gaand phat hai,1,hi-roman
tu gaand phat ho,1,hi-roman
tu gaand phat tha,1,hi-roman
tu gaand phat hain,1,hi-roman
tu gaand phat aadmi,1,hi-roman
tu gaand phat insaan,1,hi-roman
tu gaand phat saale,1,hi-roman
tu gaand phat kutte,1,hi-roman
tu gaand phat yaar,1,hi-roman
tum gaand phat,1,hi-roman
tum gaand phat hai,1,hi-roman
tum gaand phat ho,1,hi-roman
tum gaand phat tha,1,hi-roman
tum gaand phat hain,1,hi-roman
tum gaand phat aadmi,1,hi-roman
tum gaand phat insaan,1,hi-roman
tum gaand phat saale,1,hi-roman
tum gaand phat kutte,1,hi-roman
tum gaand phat yaar,1,hi-roman
abe gaand phat,1,hi-roman
abe gaand phat hai,1,hi-roman
abe gaand phat ho,1,hi-roman
abe gaand phat tha,1,hi-roman
abe gaand phat hain,1,hi-roman
abe gaand phat aadmi,1,hi-roman
abe gaand phat insaan,1,hi-roman
abe gaand phat saale,1,hi-roman
abe gaand phat kutte,1,hi-roman
abe gaand phat yaar,1,hi-roman
oye gaand phat,1,hi-roman
oye gaand phat hai,1,hi-roman
oye gaand phat ho,1,hi-roman
oye gaand phat tha,1,hi-roman
oye gaand phat hain,1,hi-roman
oye gaand phat aadmi,1,hi-roman
oye gaand phat insaan,1,hi-roman
oye gaand phat saale,1,hi-roman
oye gaand phat kutte,1,hi-roman
oye gaand phat yaar,1,hi-roman
are gaand phat,1,hi-roman
are gaand phat hai,1,hi-roman
are gaand phat ho,1,hi-roman
are gaand phat tha,1,hi-roman
are gaand phat hain,1,hi-roman
are gaand phat aadmi,1,hi-roman
are gaand phat insaan,1,hi-roman
are gaand phat saale,1,hi-roman
are gaand phat kutte,1,hi-roman
are gaand phat yaar,1,hi-roman
sun gaand phat,1,hi-roman
sun gaand phat hai,1,hi-roman
sun gaand phat ho,1,hi-roman
sun gaand phat tha,1,hi-roman
sun gaand phat hain,1,hi-roman
sun gaand phat aadmi,1,hi-roman
sun gaand phat insaan,1,hi-roman
sun gaand phat saale,1,hi-roman
sun gaand phat kutte,1,hi-roman
sun gaand phat yaar,1,hi-roman
dekh gaand phat,1,hi-roman
dekh gaand phat hai,1,hi-roman
dekh gaand phat ho,1,hi-roman
dekh gaand phat tha,1,hi-roman
dekh gaand phat hain,1,hi-roman
dekh gaand phat aadmi,1,hi-roman
dekh gaand phat insaan,1,hi-roman
dekh gaand phat saale,1,hi-roman
dekh gaand phat kutte,1,hi-roman
dekh gaand phat yaar,1,hi-roman
gaandfat,1,hi-roman
gaandfat hai,1,hi-roman
gaandfat ho,1,hi-roman
gaandfat tha,1,hi-roman
gaandfat hain,1,hi-roman
gaandfat aadmi,1,hi-roman
gaandfat insaan,1,hi-roman
gaandfat saale,1,hi-roman
gaandfat kutte,1,hi-roman
gaandfat yaar,1,hi-roman
tu gaandfat,1,hi-roman
tu gaandfat hai,1,hi-roman
tu gaandfat ho,1,hi-roman
tu gaandfat tha,1,hi-roman
tu gaandfat hain,1,hi-roman
tu gaandfat aadmi,1,hi-roman
tu gaandfat insaan,1,hi-roman
tu gaandfat saale,1,hi-roman
tu gaandfat kutte,1,hi-roman
tu gaandfat yaar,1,hi-roman
tum gaandfat,1,hi-roman
tum gaandfat hai,1,hi-roman
tum gaandfat ho,1,hi-roman
tum gaandfat tha,1,hi-roman
tum gaandfat hain,1,hi-roman
tum gaandfat aadmi,1,hi-roman
tum gaandfat insaan,1,hi-roman
tum gaandfat saale,1,hi-roman
tum gaandfat kutte,1,hi-roman
tum gaandfat yaar,1,hi-roman
abe gaandfat,1,hi-roman
abe gaandfat hai,1,hi-roman
abe gaandfat ho,1,hi-roman
abe gaandfat tha,1,hi-roman
abe gaandfat hain,1,hi-roman
abe gaandfat aadmi,1,hi-roman
abe gaandfat insaan,1,hi-roman
abe gaandfat saale,1,hi-roman
abe gaandfat kutte,1,hi-roman
abe gaandfat yaar,1,hi-roman
oye gaandfat,1,hi-roman
oye gaandfat hai,1,hi-roman
oye gaandfat ho,1,hi-roman
oye gaandfat tha,1,hi-roman
oye gaandfat hain,1,hi-roman
oye gaandfat aadmi,1,hi-roman
oye gaandfat insaan,1,hi-roman
oye gaandfat saale,1,hi-roman
oye gaandfat kutte,1,hi-roman
oye gaandfat yaar,1,hi-roman
are gaandfat,1,hi-roman
are gaandfat hai,1,hi-roman
are gaandfat ho,1,hi-roman
are gaandfat tha,1,hi-roman
are gaandfat hain,1,hi-roman
are gaandfat aadmi,1,hi-roman
are gaandfat insaan,1,hi-roman
are gaandfat saale,1,hi-roman
are gaandfat kutte,1,hi-roman
are gaandfat yaar,1,hi-roman
sun gaandfat,1,hi-roman
sun gaandfat hai,1,hi-roman
sun gaandfat ho,1,hi-roman
sun gaandfat tha,1,hi-roman
sun gaandfat hain,1,hi-roman
sun gaandfat aadmi,1,hi-roman
sun gaandfat insaan,1,hi-roman
sun gaandfat saale,1,hi-roman
sun gaandfat kutte,1,hi-roman
sun gaandfat yaar,1,hi-roman
dekh gaandfat,1,hi-roman
dekh gaandfat hai,1,hi-roman
dekh gaandfat ho,1,hi-roman
dekh gaandfat tha,1,hi-roman
dekh gaandfat hain,1,hi-roman
dekh gaandfat aadmi,1,hi-roman
dekh gaandfat insaan,1,hi-roman
dekh gaandfat saale,1,hi-roman
dekh gaandfat kutte,1,hi-roman
dekh gaandfat yaar,1,hi-roman
lodu,1,hi-roman
lodu hai,1,hi-roman
lodu ho,1,hi-roman
lodu tha,1,hi-roman
lodu hain,1,hi-roman
lodu aadmi,1,hi-roman
lodu insaan,1,hi-roman
lodu saale,1,hi-roman
lodu kutte,1,hi-roman
lodu yaar,1,hi-roman
tu lodu,1,hi-roman
tu lodu hai,1,hi-roman
tu lodu ho,1,hi-roman
tu lodu tha,1,hi-roman
tu lodu hain,1,hi-roman
tu lodu aadmi,1,hi-roman
tu lodu insaan,1,hi-roman
tu lodu saale,1,hi-roman
tu lodu kutte,1,hi-roman
tu lodu yaar,1,hi-roman
tum lodu,1,hi-roman
tum lodu hai,1,hi-roman
tum lodu ho,1,hi-roman
tum lodu tha,1,hi-roman
tum lodu hain,1,hi-roman
tum lodu aadmi,1,hi-roman
tum lodu insaan,1,hi-roman
tum lodu saale,1,hi-roman
tum lodu kutte,1,hi-roman
tum lodu yaar,1,hi-roman
abe lodu,1,hi-roman
abe lodu hai,1,hi-roman
abe lodu ho,1,hi-roman
abe lodu tha,1,hi-roman
abe lodu hain,1,hi-roman
abe lodu aadmi,1,hi-roman
abe lodu insaan,1,hi-roman
abe lodu saale,1,hi-roman
abe lodu kutte,1,hi-roman
abe lodu yaar,1,hi-roman
oye lodu,1,hi-roman
oye lodu hai,1,hi-roman
oye lodu ho,1,hi-roman
oye lodu tha,1,hi-roman
oye lodu hain,1,hi-roman
oye lodu aadmi,1,hi-roman
oye lodu insaan,1,hi-roman
oye lodu saale,1,hi-roman
oye lodu kutte,1,hi-roman
oye lodu yaar,1,hi-roman
are lodu,1,hi-roman
are lodu hai,1,hi-roman
are lodu ho,1,hi-roman
are lodu tha,1,hi-roman
are lodu hain,1,hi-roman
are lodu aadmi,1,hi-roman
are lodu insaan,1,hi-roman
are lodu saale,1,hi-roman
are lodu kutte,1,hi-roman
are lodu yaar,1,hi-roman
sun lodu,1,hi-roman
sun lodu hai,1,hi-roman
sun lodu ho,1,hi-roman
sun lodu tha,1,hi-roman
sun lodu hain,1,hi-roman
sun lodu aadmi,1,hi-roman
sun lodu insaan,1,hi-roman
sun lodu saale,1,hi-roman
sun lodu kutte,1,hi-roman
sun lodu yaar,1,hi-roman
dekh lodu,1,hi-roman
dekh lodu hai,1,hi-roman
dekh lodu ho,1,hi-roman
dekh lodu tha,1,hi-roman
dekh lodu hain,1,hi-roman
dekh lodu aadmi,1,hi-roman
dekh lodu insaan,1,hi-roman
dekh lodu saale,1,hi-roman
dekh lodu kutte,1,hi-roman
dekh lodu yaar,1,hi-roman
lodoo,1,hi-roman
lodoo hai,1,hi-roman
lodoo ho,1,hi-roman
lodoo tha,1,hi-roman
lodoo hain,1,hi-roman
lodoo aadmi,1,hi-roman
lodoo insaan,1,hi-roman
lodoo saale,1,hi-roman
lodoo kutte,1,hi-roman
lodoo yaar,1,hi-roman
tu lodoo,1,hi-roman
tu lodoo hai,1,hi-roman
tu lodoo ho,1,hi-roman
tu lodoo tha,1,hi-roman
tu lodoo hain,1,hi-roman
tu lodoo aadmi,1,hi-roman
tu lodoo insaan,1,hi-roman
tu lodoo saale,1,hi-roman
tu lodoo kutte,1,hi-roman
tu lodoo yaar,1,hi-roman
tum lodoo,1,hi-roman
tum lodoo hai,1,hi-roman
tum lodoo ho,1,hi-roman
tum lodoo tha,1,hi-roman
tum lodoo hain,1,hi-roman
tum lodoo aadmi,1,hi-roman
tum lodoo insaan,1,hi-roman
tum lodoo saale,1,hi-roman
tum lodoo kutte,1,hi-roman
tum lodoo yaar,1,hi-roman
abe lodoo,1,hi-roman
abe lodoo hai,1,hi-roman
abe lodoo ho,1,hi-roman
abe lodoo tha,1,hi-roman
abe lodoo hain,1,hi-roman
abe lodoo aadmi,1,hi-roman
abe lodoo insaan,1,hi-roman
abe lodoo saale,1,hi-roman
abe lodoo kutte,1,hi-roman
abe lodoo yaar,1,hi-roman
oye lodoo,1,hi-roman
oye lodoo hai,1,hi-roman
oye lodoo ho,1,hi-roman
oye lodoo tha,1,hi-roman
oye lodoo hain,1,hi-roman
oye lodoo aadmi,1,hi-roman
oye lodoo insaan,1,hi-roman
oye lodoo saale,1,hi-roman
oye lodoo kutte,1,hi-roman
oye lodoo yaar,1,hi-roman
are lodoo,1,hi-roman
are lodoo hai,1,hi-roman
are lodoo ho,1,hi-roman
are lodoo tha,1,hi-roman
are lodoo hain,1,hi-roman
are lodoo aadmi,1,hi-roman
are lodoo insaan,1,hi-roman
are lodoo saale,1,hi-roman
are lodoo kutte,1,hi-roman
are lodoo yaar,1,hi-roman
sun lodoo,1,hi-roman
sun lodoo hai,1,hi-roman
sun lodoo ho,1,hi-roman
sun lodoo tha,1,hi-roman
sun lodoo hain,1,hi-roman
sun lodoo aadmi,1,hi-roman
sun lodoo insaan,1,hi-roman
sun lodoo saale,1,hi-roman
sun lodoo kutte,1,hi-roman
sun lodoo yaar,1,hi-roman
dekh lodoo,1,hi-roman
dekh lodoo hai,1,hi-roman
dekh lodoo ho,1,hi-roman
dekh lodoo tha,1,hi-roman
dekh lodoo hain,1,hi-roman
dekh lodoo aadmi,1,hi-roman
dekh lodoo insaan,1,hi-roman
dekh lodoo saale,1,hi-roman
dekh lodoo kutte,1,hi-roman
dekh lodoo yaar,1,hi-roman
loduchod,1,hi-roman
loduchod hai,1,hi-roman
loduchod ho,1,hi-roman
loduchod tha,1,hi-roman
loduchod hain,1,hi-roman
loduchod aadmi,1,hi-roman
loduchod insaan,1,hi-roman
loduchod saale,1,hi-roman
loduchod kutte,1,hi-roman
loduchod yaar,1,hi-roman
tu loduchod,1,hi-roman
tu loduchod hai,1,hi-roman
tu loduchod ho,1,hi-roman
tu loduchod tha,1,hi-roman
tu loduchod hain,1,hi-roman
tu loduchod aadmi,1,hi-roman
tu loduchod insaan,1,hi-roman
tu loduchod saale,1,hi-roman
tu loduchod kutte,1,hi-roman
tu loduchod yaar,1,hi-roman
tum loduchod,1,hi-roman
tum loduchod hai,1,hi-roman
tum loduchod ho,1,hi-roman
tum loduchod tha,1,hi-roman
tum loduchod hain,1,hi-roman
tum loduchod aadmi,1,hi-roman
tum loduchod insaan,1,hi-roman
tum loduchod saale,1,hi-roman
tum loduchod kutte,1,hi-roman
tum loduchod yaar,1,hi-roman
abe loduchod,1,hi-roman
abe loduchod hai,1,hi-roman
abe loduchod ho,1,hi-roman
abe loduchod tha,1,hi-roman
abe loduchod hain,1,hi-roman
abe loduchod aadmi,1,hi-roman
abe loduchod insaan,1,hi-roman
abe loduchod saale,1,hi-roman
abe loduchod kutte,1,hi-roman
abe loduchod yaar,1,hi-roman
oye loduchod,1,hi-roman
oye loduchod hai,1,hi-roman
oye loduchod ho,1,hi-roman
oye loduchod tha,1,hi-roman
oye loduchod hain,1,hi-roman
oye loduchod aadmi,1,hi-roman
oye loduchod insaan,1,hi-roman
oye loduchod saale,1,hi-roman
oye loduchod kutte,1,hi-roman
oye loduchod yaar,1,hi-roman
are loduchod,1,hi-roman
are loduchod hai,1,hi-roman
are loduchod ho,1,hi-roman
are loduchod tha,1,hi-roman
are loduchod hain,1,hi-roman
are loduchod aadmi,1,hi-roman
are loduchod insaan,1,hi-roman
are loduchod saale,1,hi-roman
are loduchod kutte,1,hi-roman
are loduchod yaar,1,hi-roman
sun loduchod,1,hi-roman
sun loduchod hai,1,hi-roman
sun loduchod ho,1,hi-roman
sun loduchod tha,1,hi-roman
sun loduchod hain,1,hi-roman
sun loduchod aadmi,1,hi-roman
sun loduchod insaan,1,hi-roman
sun loduchod saale,1,hi-roman
sun loduchod kutte,1,hi-roman
sun loduchod yaar,1,hi-roman
dekh loduchod,1,hi-roman
dekh loduchod hai,1,hi-roman
dekh loduchod ho,1,hi-roman
dekh loduchod tha,1,hi-roman
dekh loduchod hain,1,hi-roman
dekh loduchod aadmi,1,hi-roman
dekh loduchod insaan,1,hi-roman
dekh loduchod saale,1,hi-roman
dekh loduchod kutte,1,hi-roman
dekh loduchod yaar,1,hi-roman
lund,1,hi-roman
lund hai,1,hi-roman
lund ho,1,hi-roman
lund tha,1,hi-roman
lund hain,1,hi-roman
lund aadmi,1,hi-roman
lund insaan,1,hi-roman
lund saale,1,hi-roman
lund kutte,1,hi-roman
lund yaar,1,hi-roman
tu lund,1,hi-roman
tu lund hai,1,hi-roman
tu lund ho,1,hi-roman
tu lund tha,1,hi-roman
tu lund hain,1,hi-roman
tu lund aadmi,1,hi-roman
tu lund insaan,1,hi-roman
tu lund saale,1,hi-roman
tu lund kutte,1,hi-roman
tu lund yaar,1,hi-roman
tum lund,1,hi-roman
tum lund hai,1,hi-roman
tum lund ho,1,hi-roman
tum lund tha,1,hi-roman
tum lund hain,1,hi-roman
tum lund aadmi,1,hi-roman
tum lund insaan,1,hi-roman
tum lund saale,1,hi-roman
tum lund kutte,1,hi-roman
tum lund yaar,1,hi-roman
abe lund,1,hi-roman
abe lund hai,1,hi-roman
abe lund ho,1,hi-roman
abe lund tha,1,hi-roman
abe lund hain,1,hi-roman
abe lund aadmi,1,hi-roman
abe lund insaan,1,hi-roman
abe lund saale,1,hi-roman
abe lund kutte,1,hi-roman
abe lund yaar,1,hi-roman
oye lund,1,hi-roman
oye lund hai,1,hi-roman
oye lund ho,1,hi-roman
oye lund tha,1,hi-roman
oye lund hain,1,hi-roman
oye lund aadmi,1,hi-roman
oye lund insaan,1,hi-roman
oye lund saale,1,hi-roman
oye lund kutte,1,hi-roman
oye lund yaar,1,hi-roman
are lund,1,hi-roman
are lund hai,1,hi-roman
are lund ho,1,hi-roman
are lund tha,1,hi-roman
are lund hain,1,hi-roman
are lund aadmi,1,hi-roman
are lund insaan,1,hi-roman
are lund saale,1,hi-roman
are lund kutte,1,hi-roman
are lund yaar,1,hi-roman
sun lund,1,hi-roman
sun lund hai,1,hi-roman
sun lund ho,1,hi-roman
sun lund tha,1,hi-roman
sun lund hain,1,hi-roman
sun lund aadmi,1,hi-roman
sun lund insaan,1,hi-roman
sun lund saale,1,hi-roman
sun lund kutte,1,hi-roman
sun lund yaar,1,hi-roman
dekh lund,1,hi-roman
dekh lund hai,1,hi-roman
dekh lund ho,1,hi-roman
dekh lund tha,1,hi-roman
dekh lund hain,1,hi-roman
dekh lund aadmi,1,hi-roman
dekh lund insaan,1,hi-roman
dekh lund saale,1,hi-roman
dekh lund kutte,1,hi-roman
dekh lund yaar,1,hi-roman
lauda,1,hi-roman
lauda hai,1,hi-roman
lauda ho,1,hi-roman
lauda tha,1,hi-roman
lauda hain,1,hi-roman
lauda aadmi,1,hi-roman
lauda insaan,1,hi-roman
lauda saale,1,hi-roman
lauda kutte,1,hi-roman
lauda yaar,1,hi-roman
tu lauda,1,hi-roman
tu lauda hai,1,hi-roman
tu lauda ho,1,hi-roman
tu lauda tha,1,hi-roman
tu lauda hain,1,hi-roman
tu lauda aadmi,1,hi-roman
tu lauda insaan,1,hi-roman
tu lauda saale,1,hi-roman
tu lauda kutte,1,hi-roman
tu lauda yaar,1,hi-roman
tum lauda,1,hi-roman
tum lauda hai,1,hi-roman
tum lauda ho,1,hi-roman
tum lauda tha,1,hi-roman
tum lauda hain,1,hi-roman
tum lauda aadmi,1,hi-roman
tum lauda insaan,1,hi-roman
tum lauda saale,1,hi-roman
tum lauda kutte,1,hi-roman
tum lauda yaar,1,hi-roman
abe lauda,1,hi-roman
abe lauda hai,1,hi-roman
abe lauda ho,1,hi-roman
abe lauda tha,1,hi-roman
abe lauda hain,1,hi-roman
abe lauda aadmi,1,hi-roman
abe lauda insaan,1,hi-roman
abe lauda saale,1,hi-roman
abe lauda kutte,1,hi-roman
abe lauda yaar,1,hi-roman
oye lauda,1,hi-roman
oye lauda hai,1,hi-roman
oye lauda ho,1,hi-roman
oye lauda tha,1,hi-roman
oye lauda hain,1,hi-roman
oye lauda aadmi,1,hi-roman
oye lauda insaan,1,hi-roman
oye lauda saale,1,hi-roman
oye lauda kutte,1,hi-roman
oye lauda yaar,1,hi-roman
are lauda,1,hi-roman
are lauda hai,1,hi-roman
are lauda ho,1,hi-roman
are lauda tha,1,hi-roman
are lauda hain,1,hi-roman
are lauda aadmi,1,hi-roman
are lauda insaan,1,hi-roman
are lauda saale,1,hi-roman
are lauda kutte,1,hi-roman
are lauda yaar,1,hi-roman
sun lauda,1,hi-roman
sun lauda hai,1,hi-roman
sun lauda ho,1,hi-roman
sun lauda tha,1,hi-roman
sun lauda hain,1,hi-roman
sun lauda aadmi,1,hi-roman
sun lauda insaan,1,hi-roman
sun lauda saale,1,hi-roman
sun lauda kutte,1,hi-roman
sun lauda yaar,1,hi-roman
dekh lauda,1,hi-roman
dekh lauda hai,1,hi-roman
dekh lauda ho,1,hi-roman
dekh lauda tha,1,hi-roman
dekh lauda hain,1,hi-roman
dekh lauda aadmi,1,hi-roman
dekh lauda insaan,1,hi-roman
dekh lauda saale,1,hi-roman
dekh lauda kutte,1,hi-roman
dekh lauda yaar,1,hi-roman
laude,1,hi-roman
laude hai,1,hi-roman
laude ho,1,hi-roman
laude tha,1,hi-roman
laude hain,1,hi-roman
laude aadmi,1,hi-roman
laude insaan,1,hi-roman
laude saale,1,hi-roman
laude kutte,1,hi-roman
laude yaar,1,hi-roman
tu laude,1,hi-roman
tu laude hai,1,hi-roman
tu laude ho,1,hi-roman
tu laude tha,1,hi-roman
tu laude hain,1,hi-roman
tu laude aadmi,1,hi-roman
tu laude insaan,1,hi-roman
tu laude saale,1,hi-roman
tu laude kutte,1,hi-roman
tu laude yaar,1,hi-roman
tum laude,1,hi-roman
tum laude hai,1,hi-roman
tum laude ho,1,hi-roman
tum laude tha,1,hi-roman
tum laude hain,1,hi-roman
tum laude aadmi,1,hi-roman
tum laude insaan,1,hi-roman
tum laude saale,1,hi-roman
tum laude kutte,1,hi-roman
tum laude yaar,1,hi-roman
abe laude,1,hi-roman
abe laude hai,1,hi-roman
abe laude ho,1,hi-roman
abe laude tha,1,hi-roman
abe laude hain,1,hi-roman
abe laude aadmi,1,hi-roman
abe laude insaan,1,hi-roman
abe laude saale,1,hi-roman
abe laude kutte,1,hi-roman
abe laude yaar,1,hi-roman
oye laude,1,hi-roman
oye laude hai,1,hi-roman
oye laude ho,1,hi-roman
oye laude tha,1,hi-roman
oye laude hain,1,hi-roman
oye laude aadmi,1,hi-roman
oye laude insaan,1,hi-roman
oye laude saale,1,hi-roman
oye laude kutte,1,hi-roman
oye laude yaar,1,hi-roman
are laude,1,hi-roman
are laude hai,1,hi-roman
are laude ho,1,hi-roman
are laude tha,1,hi-roman
are laude hain,1,hi-roman
are laude aadmi,1,hi-roman
are laude insaan,1,hi-roman
are laude saale,1,hi-roman
are laude kutte,1,hi-roman
are laude yaar,1,hi-roman
sun laude,1,hi-roman
sun laude hai,1,hi-roman
sun laude ho,1,hi-roman
sun laude tha,1,hi-roman
sun laude hain,1,hi-roman
sun laude aadmi,1,hi-roman
sun laude insaan,1,hi-roman
sun laude saale,1,hi-roman
sun laude kutte,1,hi-roman
sun laude yaar,1,hi-roman
dekh laude,1,hi-roman
dekh laude hai,1,hi-roman
dekh laude ho,1,hi-roman
dekh laude tha,1,hi-roman
dekh laude hain,1,hi-roman
dekh laude aadmi,1,hi-roman
dekh laude insaan,1,hi-roman
dekh laude saale,1,hi-roman
dekh laude kutte,1,hi-roman
dekh laude yaar,1,hi-roman
laude ke,1,hi-roman
laude ke hai,1,hi-roman
laude ke ho,1,hi-roman
laude ke tha,1,hi-roman
laude ke hain,1,hi-roman
laude ke aadmi,1,hi-roman
laude ke insaan,1,hi-roman
laude ke saale,1,hi-roman
laude ke kutte,1,hi-roman
laude ke yaar,1,hi-roman
tu laude ke,1,hi-roman
tu laude ke hai,1,hi-roman
tu laude ke ho,1,hi-roman
tu laude ke tha,1,hi-roman
tu laude ke hain,1,hi-roman
tu laude ke aadmi,1,hi-roman
tu laude ke insaan,1,hi-roman
tu laude ke saale,1,hi-roman
tu laude ke kutte,1,hi-roman
tu laude ke yaar,1,hi-roman
tum laude ke,1,hi-roman
tum laude ke hai,1,hi-roman
tum laude ke ho,1,hi-roman
tum laude ke tha,1,hi-roman
tum laude ke hain,1,hi-roman
tum laude ke aadmi,1,hi-roman
tum laude ke insaan,1,hi-roman
tum laude ke saale,1,hi-roman
tum laude ke kutte,1,hi-roman
tum laude ke yaar,1,hi-roman
abe laude ke,1,hi-roman
abe laude ke hai,1,hi-roman
abe laude ke ho,1,hi-roman
abe laude ke tha,1,hi-roman
abe laude ke hain,1,hi-roman
abe laude ke aadmi,1,hi-roman
abe laude ke insaan,1,hi-roman
abe laude ke saale,1,hi-roman
abe laude ke kutte,1,hi-roman
abe laude ke yaar,1,hi-roman
oye laude ke,1,hi-roman
oye laude ke hai,1,hi-roman
oye laude ke ho,1,hi-roman
oye laude ke tha,1,hi-roman
oye laude ke hain,1,hi-roman
oye laude ke aadmi,1,hi-roman
oye laude ke insaan,1,hi-roman
oye laude ke saale,1,hi-roman
oye laude ke kutte,1,hi-roman
oye laude ke yaar,1,hi-roman
are laude ke,1,hi-roman
are laude ke hai,1,hi-roman
are laude ke ho,1,hi-roman
are laude ke tha,1,hi-roman
are laude ke hain,1,hi-roman
are laude ke aadmi,1,hi-roman
are laude ke insaan,1,hi-roman
are laude ke saale,1,hi-roman
are laude ke kutte,1,hi-roman
are laude ke yaar,1,hi-roman
sun laude ke,1,hi-roman
sun laude ke hai,1,hi-roman
sun laude ke ho,1,hi-roman
sun laude ke tha,1,hi-roman
sun laude ke hain,1,hi-roman
sun laude ke aadmi,1,hi-roman
sun laude ke insaan,1,hi-roman
sun laude ke saale,1,hi-roman
sun laude ke kutte,1,hi-roman
sun laude ke yaar,1,hi-roman
dekh laude ke,1,hi-roman
dekh laude ke hai,1,hi-roman
dekh laude ke ho,1,hi-roman
dekh laude ke tha,1,hi-roman
dekh laude ke hain,1,hi-roman
dekh laude ke aadmi,1,hi-roman
dekh laude ke insaan,1,hi-roman
dekh laude ke saale,1,hi-roman
dekh laude ke kutte,1,hi-roman
dekh laude ke yaar,1,hi-roman
laude ka,1,hi-roman
laude ka hai,1,hi-roman
laude ka ho,1,hi-roman
laude ka tha,1,hi-roman
laude ka hain,1,hi-roman
laude ka aadmi,1,hi-roman
laude ka insaan,1,hi-roman
laude ka saale,1,hi-roman
laude ka kutte,1,hi-roman
laude ka yaar,1,hi-roman
tu laude ka,1,hi-roman
tu laude ka hai,1,hi-roman
tu laude ka ho,1,hi-roman
tu laude ka tha,1,hi-roman
tu laude ka hain,1,hi-roman
tu laude ka aadmi,1,hi-roman
tu laude ka insaan,1,hi-roman
tu laude ka saale,1,hi-roman
tu laude ka kutte,1,hi-roman
tu laude ka yaar,1,hi-roman
tum laude ka,1,hi-roman
tum laude ka hai,1,hi-roman
tum laude ka ho,1,hi-roman
tum laude ka tha,1,hi-roman
tum laude ka hain,1,hi-roman
tum laude ka aadmi,1,hi-roman
tum laude ka insaan,1,hi-roman
tum laude ka saale,1,hi-roman
tum laude ka kutte,1,hi-roman
tum laude ka yaar,1,hi-roman
abe laude ka,1,hi-roman
abe laude ka hai,1,hi-roman
abe laude ka ho,1,hi-roman
abe laude ka tha,1,hi-roman
abe laude ka hain,1,hi-roman
abe laude ka aadmi,1,hi-roman
abe laude ka insaan,1,hi-roman
abe laude ka saale,1,hi-roman
abe laude ka kutte,1,hi-roman
abe laude ka yaar,1,hi-roman
oye laude ka,1,hi-roman
oye laude ka hai,1,hi-roman
oye laude ka ho,1,hi-roman
oye laude ka tha,1,hi-roman
oye laude ka hain,1,hi-roman
oye laude ka aadmi,1,hi-roman
oye laude ka insaan,1,hi-roman
oye laude ka saale,1,hi-roman
oye laude ka kutte,1,hi-roman
oye laude ka yaar,1,hi-roman
are laude ka,1,hi-roman
are laude ka hai,1,hi-roman
are laude ka ho,1,hi-roman
are laude ka tha,1,hi-roman
are laude ka hain,1,hi-roman
are laude ka aadmi,1,hi-roman
are laude ka insaan,1,hi-roman
are laude ka saale,1,hi-roman
are laude ka kutte,1,hi-roman
are laude ka yaar,1,hi-roman
sun laude ka,1,hi-roman
sun laude ka hai,1,hi-roman
sun laude ka ho,1,hi-roman
sun laude ka tha,1,hi-roman
sun laude ka hain,1,hi-roman
sun laude ka aadmi,1,hi-roman
sun laude ka insaan,1,hi-roman
sun laude ka saale,1,hi-roman
sun laude ka kutte,1,hi-roman
sun laude ka yaar,1,hi-roman
dekh laude ka,1,hi-roman
dekh laude ka hai,1,hi-roman
dekh laude ka ho,1,hi-roman
dekh laude ka tha,1,hi-roman
dekh laude ka hain,1,hi-roman
dekh laude ka aadmi,1,hi-roman
dekh laude ka insaan,1,hi-roman
dekh laude ka saale,1,hi-roman
dekh laude ka kutte,1,hi-roman
dekh laude ka yaar,1,hi-roman
randi,1,hi-roman
randi hai,1,hi-roman
randi ho,1,hi-roman
randi tha,1,hi-roman
randi hain,1,hi-roman
randi aadmi,1,hi-roman
randi insaan,1,hi-roman
randi saale,1,hi-roman
randi kutte,1,hi-roman
randi yaar,1,hi-roman
tu randi,1,hi-roman
tu randi hai,1,hi-roman
tu randi ho,1,hi-roman
tu randi tha,1,hi-roman
tu randi hain,1,hi-roman
tu randi aadmi,1,hi-roman
tu randi insaan,1,hi-roman
tu randi saale,1,hi-roman
tu randi kutte,1,hi-roman
tu randi yaar,1,hi-roman
tum randi,1,hi-roman
tum randi hai,1,hi-roman
tum randi ho,1,hi-roman
tum randi tha,1,hi-roman
tum randi hain,1,hi-roman
tum randi aadmi,1,hi-roman
tum randi insaan,1,hi-roman
tum randi saale,1,hi-roman
tum randi kutte,1,hi-roman
tum randi yaar,1,hi-roman
abe randi,1,hi-roman
abe randi hai,1,hi-roman
abe randi ho,1,hi-roman
abe randi tha,1,hi-roman
abe randi hain,1,hi-roman
abe randi aadmi,1,hi-roman
abe randi insaan,1,hi-roman
abe randi saale,1,hi-roman
abe randi kutte,1,hi-roman
abe randi yaar,1,hi-roman
oye randi,1,hi-roman
oye randi hai,1,hi-roman
oye randi ho,1,hi-roman
oye randi tha,1,hi-roman
oye randi hain,1,hi-roman
oye randi aadmi,1,hi-roman
oye randi insaan,1,hi-roman
oye randi saale,1,hi-roman
oye randi kutte,1,hi-roman
oye randi yaar,1,hi-roman
are randi,1,hi-roman
are randi hai,1,hi-roman
are randi ho,1,hi-roman
are randi tha,1,hi-roman
are randi hain,1,hi-roman
are randi aadmi,1,hi-roman
are randi insaan,1,hi-roman
are randi saale,1,hi-roman
are randi kutte,1,hi-roman
are randi yaar,1,hi-roman
sun randi,1,hi-roman
sun randi hai,1,hi-roman
sun randi ho,1,hi-roman
sun randi tha,1,hi-roman
sun randi hain,1,hi-roman
sun randi aadmi,1,hi-roman
sun randi insaan,1,hi-roman
sun randi saale,1,hi-roman
sun randi kutte,1,hi-roman
sun randi yaar,1,hi-roman
dekh randi,1,hi-roman
dekh randi hai,1,hi-roman
dekh randi ho,1,hi-roman
dekh randi tha,1,hi-roman
dekh randi hain,1,hi-roman
dekh randi aadmi,1,hi-roman
dekh randi insaan,1,hi-roman
dekh randi saale,1,hi-roman
dekh randi kutte,1,hi-roman
dekh randi yaar,1,hi-roman
randirona,1,hi-roman
randirona hai,1,hi-roman
randirona ho,1,hi-roman
randirona tha,1,hi-roman
randirona hain,1,hi-roman
randirona aadmi,1,hi-roman
randirona insaan,1,hi-roman
randirona saale,1,hi-roman
randirona kutte,1,hi-roman
randirona yaar,1,hi-roman
tu randirona,1,hi-roman
tu randirona hai,1,hi-roman
tu randirona ho,1,hi-roman
tu randirona tha,1,hi-roman
tu randirona hain,1,hi-roman
tu randirona aadmi,1,hi-roman
tu randirona insaan,1,hi-roman
tu randirona saale,1,hi-roman
tu randirona kutte,1,hi-roman
tu randirona yaar,1,hi-roman
tum randirona,1,hi-roman
tum randirona hai,1,hi-roman
tum randirona ho,1,hi-roman
tum randirona tha,1,hi-roman
tum randirona hain,1,hi-roman
tum randirona aadmi,1,hi-roman
tum randirona insaan,1,hi-roman
tum randirona saale,1,hi-roman
tum randirona kutte,1,hi-roman
tum randirona yaar,1,hi-roman
abe randirona,1,hi-roman
abe randirona hai,1,hi-roman
abe randirona ho,1,hi-roman
abe randirona tha,1,hi-roman
abe randirona hain,1,hi-roman
abe randirona aadmi,1,hi-roman
abe randirona insaan,1,hi-roman
abe randirona saale,1,hi-roman
abe randirona kutte,1,hi-roman
abe randirona yaar,1,hi-roman
oye randirona,1,hi-roman
oye randirona hai,1,hi-roman
oye randirona ho,1,hi-roman
oye randirona tha,1,hi-roman
oye randirona hain,1,hi-roman
oye randirona aadmi,1,hi-roman
oye randirona insaan,1,hi-roman
oye randirona saale,1,hi-roman
oye randirona kutte,1,hi-roman
oye randirona yaar,1,hi-roman
are randirona,1,hi-roman
are randirona hai,1,hi-roman
are randirona ho,1,hi-roman
are randirona tha,1,hi-roman
are randirona hain,1,hi-roman
are randirona aadmi,1,hi-roman
are randirona insaan,1,hi-roman
are randirona saale,1,hi-roman
are randirona kutte,1,hi-roman
are randirona yaar,1,hi-roman
sun randirona,1,hi-roman
sun randirona hai,1,hi-roman
sun randirona ho,1,hi-roman
sun randirona tha,1,hi-roman
sun randirona hain,1,hi-roman
sun randirona aadmi,1,hi-roman
sun randirona insaan,1,hi-roman
sun randirona saale,1,hi-roman
sun randirona kutte,1,hi-roman
sun randirona yaar,1,hi-roman
dekh randirona,1,hi-roman
dekh randirona hai,1,hi-roman
dekh randirona ho,1,hi-roman
dekh randirona tha,1,hi-roman
dekh randirona hain,1,hi-roman
dekh randirona aadmi,1,hi-roman
dekh randirona insaan,1,hi-roman
dekh randirona saale,1,hi-roman
dekh randirona kutte,1,hi-roman
dekh randirona yaar,1,hi-roman
randi rona,1,hi-roman
randi rona hai,1,hi-roman
randi rona ho,1,hi-roman
randi rona tha,1,hi-roman
randi rona hain,1,hi-roman
randi rona aadmi,1,hi-roman
randi rona insaan,1,hi-roman
randi rona saale,1,hi-roman
randi rona kutte,1,hi-roman
randi rona yaar,1,hi-roman
tu randi rona,1,hi-roman
tu randi rona hai,1,hi-roman
tu randi rona ho,1,hi-roman
tu randi rona tha,1,hi-roman
tu randi rona hain,1,hi-roman
tu randi rona aadmi,1,hi-roman
tu randi rona insaan,1,hi-roman
tu randi rona saale,1,hi-roman
tu randi rona kutte,1,hi-roman
tu randi rona yaar,1,hi-roman
tum randi rona,1,hi-roman
tum randi rona hai,1,hi-roman
tum randi rona ho,1,hi-roman
tum randi rona tha,1,hi-roman
tum randi rona hain,1,hi-roman
tum randi rona aadmi,1,hi-roman
tum randi rona insaan,1,hi-roman
tum randi rona saale,1,hi-roman
tum randi rona kutte,1,hi-roman
tum randi rona yaar,1,hi-roman
abe randi rona,1,hi-roman
abe randi rona hai,1,hi-roman
abe randi rona ho,1,hi-roman
abe randi rona tha,1,hi-roman
abe randi rona hain,1,hi-roman
abe randi rona aadmi,1,hi-roman
abe randi rona insaan,1,hi-roman
abe randi rona saale,1,hi-roman
abe randi rona kutte,1,hi-roman
abe randi rona yaar,1,hi-roman
oye randi rona,1,hi-roman
oye randi rona hai,1,hi-roman
oye randi rona ho,1,hi-roman
oye randi rona tha,1,hi-roman
oye randi rona hain,1,hi-roman
oye randi rona aadmi,1,hi-roman
oye randi rona insaan,1,hi-roman
oye randi rona saale,1,hi-roman
oye randi rona kutte,1,hi-roman
oye randi rona yaar,1,hi-roman
are randi rona,1,hi-roman
are randi rona hai,1,hi-roman
are randi rona ho,1,hi-roman
are randi rona tha,1,hi-roman
are randi rona hain,1,hi-roman
are randi rona aadmi,1,hi-roman
are randi rona insaan,1,hi-roman
are randi rona saale,1,hi-roman
are randi rona kutte,1,hi-roman
are randi rona yaar,1,hi-roman
sun randi rona,1,hi-roman
sun randi rona hai,1,hi-roman
sun randi rona ho,1,hi-roman
sun randi rona tha,1,hi-roman
sun randi rona hain,1,hi-roman
sun randi rona aadmi,1,hi-roman
sun randi rona insaan,1,hi-roman
sun randi rona saale,1,hi-roman
sun randi rona kutte,1,hi-roman
sun randi rona yaar,1,hi-roman
dekh randi rona,1,hi-roman
dekh randi rona hai,1,hi-roman
dekh randi rona ho,1,hi-roman
dekh randi rona tha,1,hi-roman
dekh randi rona hain,1,hi-roman
dekh randi rona aadmi,1,hi-roman
dekh randi rona insaan,1,hi-roman
dekh randi rona saale,1,hi-roman
dekh randi rona kutte,1,hi-roman
dekh randi rona yaar,1,hi-roman
randibaaz,1,hi-roman
randibaaz hai,1,hi-roman
randibaaz ho,1,hi-roman
randibaaz tha,1,hi-roman
randibaaz hain,1,hi-roman
randibaaz aadmi,1,hi-roman
randibaaz insaan,1,hi-roman
randibaaz saale,1,hi-roman
randibaaz kutte,1,hi-roman
randibaaz yaar,1,hi-roman
tu randibaaz,1,hi-roman
tu randibaaz hai,1,hi-roman
tu randibaaz ho,1,hi-roman
tu randibaaz tha,1,hi-roman
tu randibaaz hain,1,hi-roman
tu randibaaz aadmi,1,hi-roman
tu randibaaz insaan,1,hi-roman
tu randibaaz saale,1,hi-roman
tu randibaaz kutte,1,hi-roman
tu randibaaz yaar,1,hi-roman
tum randibaaz,1,hi-roman
tum randibaaz hai,1,hi-roman
tum randibaaz ho,1,hi-roman
tum randibaaz tha,1,hi-roman
tum randibaaz hain,1,hi-roman
tum randibaaz aadmi,1,hi-roman
tum randibaaz insaan,1,hi-roman
tum randibaaz saale,1,hi-roman
tum randibaaz kutte,1,hi-roman
tum randibaaz yaar,1,hi-roman
abe randibaaz,1,hi-roman
abe randibaaz hai,1,hi-roman
abe randibaaz ho,1,hi-roman
abe randibaaz tha,1,hi-roman
abe randibaaz hain,1,hi-roman
abe randibaaz aadmi,1,hi-roman
abe randibaaz insaan,1,hi-roman
abe randibaaz saale,1,hi-roman
abe randibaaz kutte,1,hi-roman
abe randibaaz yaar,1,hi-roman
oye randibaaz,1,hi-roman
oye randibaaz hai,1,hi-roman
oye randibaaz ho,1,hi-roman
oye randibaaz tha,1,hi-roman
oye randibaaz hain,1,hi-roman
oye randibaaz aadmi,1,hi-roman
oye randibaaz insaan,1,hi-roman
oye randibaaz saale,1,hi-roman
oye randibaaz kutte,1,hi-roman
oye randibaaz yaar,1,hi-roman
are randibaaz,1,hi-roman
are randibaaz hai,1,hi-roman
are randibaaz ho,1,hi-roman
are randibaaz tha,1,hi-roman
are randibaaz hain,1,hi-roman
are randibaaz aadmi,1,hi-roman
are randibaaz insaan,1,hi-roman
are randibaaz saale,1,hi-roman
are randibaaz kutte,1,hi-roman
are randibaaz yaar,1,hi-roman
sun randibaaz,1,hi-roman
sun randibaaz hai,1,hi-roman
sun randibaaz ho,1,hi-roman
sun randibaaz tha,1,hi-roman
sun randibaaz hain,1,hi-roman
sun randibaaz aadmi,1,hi-roman
sun randibaaz insaan,1,hi-roman
sun randibaaz saale,1,hi-roman
sun randibaaz kutte,1,hi-roman
sun randibaaz yaar,1,hi-roman
dekh randibaaz,1,hi-roman
dekh randibaaz hai,1,hi-roman
dekh randibaaz ho,1,hi-roman
dekh randibaaz tha,1,hi-roman
dekh randibaaz hain,1,hi-roman
dekh randibaaz aadmi,1,hi-roman
dekh randibaaz insaan,1,hi-roman
dekh randibaaz saale,1,hi-roman
dekh randibaaz kutte,1,hi-roman
dekh randibaaz yaar,1,hi-roman
haramkhor,1,hi-roman
haramkhor hai,1,hi-roman
haramkhor ho,1,hi-roman
haramkhor tha,1,hi-roman
haramkhor hain,1,hi-roman
haramkhor aadmi,1,hi-roman
haramkhor insaan,1,hi-roman
haramkhor saale,1,hi-roman
haramkhor kutte,1,hi-roman
haramkhor yaar,1,hi-roman
tu haramkhor,1,hi-roman
tu haramkhor hai,1,hi-roman
tu haramkhor ho,1,hi-roman
tu haramkhor tha,1,hi-roman
tu haramkhor hain,1,hi-roman
tu haramkhor aadmi,1,hi-roman
tu haramkhor insaan,1,hi-roman
tu haramkhor saale,1,hi-roman
tu haramkhor kutte,1,hi-roman
tu haramkhor yaar,1,hi-roman
tum haramkhor,1,hi-roman
tum haramkhor hai,1,hi-roman
tum haramkhor ho,1,hi-roman
tum haramkhor tha,1,hi-roman
tum haramkhor hain,1,hi-roman
tum haramkhor aadmi,1,hi-roman
tum haramkhor insaan,1,hi-roman
tum haramkhor saale,1,hi-roman
tum haramkhor kutte,1,hi-roman
tum haramkhor yaar,1,hi-roman
abe haramkhor,1,hi-roman
abe haramkhor hai,1,hi-roman
abe haramkhor ho,1,hi-roman
abe haramkhor tha,1,hi-roman
abe haramkhor hain,1,hi-roman
abe haramkhor aadmi,1,hi-roman
abe haramkhor insaan,1,hi-roman
abe haramkhor saale,1,hi-roman
abe haramkhor kutte,1,hi-roman
abe haramkhor yaar,1,hi-roman
oye haramkhor,1,hi-roman
oye haramkhor hai,1,hi-roman
oye haramkhor ho,1,hi-roman
oye haramkhor tha,1,hi-roman
oye haramkhor hain,1,hi-roman
oye haramkhor aadmi,1,hi-roman
oye haramkhor insaan,1,hi-roman
oye haramkhor saale,1,hi-roman
oye haramkhor kutte,1,hi-roman
oye haramkhor yaar,1,hi-roman
are haramkhor,1,hi-roman
are haramkhor hai,1,hi-roman
are haramkhor ho,1,hi-roman
are haramkhor tha,1,hi-roman
are haramkhor hain,1,hi-roman
are haramkhor aadmi,1,hi-roman
are haramkhor insaan,1,hi-roman
are haramkhor saale,1,hi-roman
are haramkhor kutte,1,hi-roman
are haramkhor yaar,1,hi-roman
sun haramkhor,1,hi-roman
sun haramkhor hai,1,hi-roman
sun haramkhor ho,1,hi-roman
sun haramkhor tha,1,hi-roman
sun haramkhor hain,1,hi-roman
sun haramkhor aadmi,1,hi-roman
sun haramkhor insaan,1,hi-roman
sun haramkhor saale,1,hi-roman
sun haramkhor kutte,1,hi-roman
sun haramkhor yaar,1,hi-roman
dekh haramkhor,1,hi-roman
dekh haramkhor hai,1,hi-roman
dekh haramkhor ho,1,hi-roman
dekh haramkhor tha,1,hi-roman
dekh haramkhor hain,1,hi-roman
dekh haramkhor aadmi,1,hi-roman
dekh haramkhor insaan,1,hi-roman
dekh haramkhor saale,1,hi-roman
dekh haramkhor kutte,1,hi-roman
dekh haramkhor yaar,1,hi-roman
haramzada,1,hi-roman
haramzada hai,1,hi-roman
haramzada ho,1,hi-roman
haramzada tha,1,hi-roman
haramzada hain,1,hi-roman
haramzada aadmi,1,hi-roman
haramzada insaan,1,hi-roman
haramzada saale,1,hi-roman
haramzada kutte,1,hi-roman
haramzada yaar,1,hi-roman
tu haramzada,1,hi-roman
tu haramzada hai,1,hi-roman
tu haramzada ho,1,hi-roman
tu haramzada tha,1,hi-roman
tu haramzada hain,1,hi-roman
tu haramzada aadmi,1,hi-roman
tu haramzada insaan,1,hi-roman
tu haramzada saale,1,hi-roman
tu haramzada kutte,1,hi-roman
tu haramzada yaar,1,hi-roman
tum haramzada,1,hi-roman
tum haramzada hai,1,hi-roman
tum haramzada ho,1,hi-roman
tum haramzada tha,1,hi-roman
tum haramzada hain,1,hi-roman
tum haramzada aadmi,1,hi-roman
tum haramzada insaan,1,hi-roman
tum haramzada saale,1,hi-roman
tum haramzada kutte,1,hi-roman
tum haramzada yaar,1,hi-roman
abe haramzada,1,hi-roman
abe haramzada hai,1,hi-roman
abe haramzada ho,1,hi-roman
abe haramzada tha,1,hi-roman
abe haramzada hain,1,hi-roman
abe haramzada aadmi,1,hi-roman
abe haramzada insaan,1,hi-roman
abe haramzada saale,1,hi-roman
abe haramzada kutte,1,hi-roman
abe haramzada yaar,1,hi-roman
oye haramzada,1,hi-roman
oye haramzada hai,1,hi-roman
oye haramzada ho,1,hi-roman
oye haramzada tha,1,hi-roman
oye haramzada hain,1,hi-roman
oye haramzada aadmi,1,hi-roman
oye haramzada insaan,1,hi-roman
oye haramzada saale,1,hi-roman
oye haramzada kutte,1,hi-roman
oye haramzada yaar,1,hi-roman
are haramzada,1,hi-roman
are haramzada hai,1,hi-roman
are haramzada ho,1,hi-roman
are haramzada tha,1,hi-roman
are haramzada hain,1,hi-roman
are haramzada aadmi,1,hi-roman
are haramzada insaan,1,hi-roman
are haramzada saale,1,hi-roman
are haramzada kutte,1,hi-roman
are haramzada yaar,1,hi-roman
sun haramzada,1,hi-roman
sun haramzada hai,1,hi-roman
sun haramzada ho,1,hi-roman
sun haramzada tha,1,hi-roman
sun haramzada hain,1,hi-roman
sun haramzada aadmi,1,hi-roman
sun haramzada insaan,1,hi-roman
sun haramzada saale,1,hi-roman
sun haramzada kutte,1,hi-roman
sun haramzada yaar,1,hi-roman
dekh haramzada,1,hi-roman
dekh haramzada hai,1,hi-roman
dekh haramzada ho,1,hi-roman
dekh haramzada tha,1,hi-roman
dekh haramzada hain,1,hi-roman
dekh haramzada aadmi,1,hi-roman
dekh haramzada insaan,1,hi-roman
dekh haramzada saale,1,hi-roman
dekh haramzada kutte,1,hi-roman
dekh haramzada yaar,1,hi-roman
haramzaada,1,hi-roman
haramzaada hai,1,hi-roman
haramzaada ho,1,hi-roman
haramzaada tha,1,hi-roman
haramzaada hain,1,hi-roman
haramzaada aadmi,1,hi-roman
haramzaada insaan,1,hi-roman
haramzaada saale,1,hi-roman
haramzaada kutte,1,hi-roman
haramzaada yaar,1,hi-roman
tu haramzaada,1,hi-roman
tu haramzaada hai,1,hi-roman
tu haramzaada ho,1,hi-roman
tu haramzaada tha,1,hi-roman
tu haramzaada hain,1,hi-roman
tu haramzaada aadmi,1,hi-roman
tu haramzaada insaan,1,hi-roman
tu haramzaada saale,1,hi-roman
tu haramzaada kutte,1,hi-roman
tu haramzaada yaar,1,hi-roman
tum haramzaada,1,hi-roman
tum haramzaada hai,1,hi-roman
tum haramzaada ho,1,hi-roman
tum haramzaada tha,1,hi-roman
tum haramzaada hain,1,hi-roman
tum haramzaada aadmi,1,hi-roman
tum haramzaada insaan,1,hi-roman
tum haramzaada saale,1,hi-roman
tum haramzaada kutte,1,hi-roman
tum haramzaada yaar,1,hi-roman
abe haramzaada,1,hi-roman
abe haramzaada hai,1,hi-roman
abe haramzaada ho,1,hi-roman
abe haramzaada tha,1,hi-roman
abe haramzaada hain,1,hi-roman
abe haramzaada aadmi,1,hi-roman
abe haramzaada insaan,1,hi-roman
abe haramzaada saale,1,hi-roman
abe haramzaada kutte,1,hi-roman
abe haramzaada yaar,1,hi-roman
oye haramzaada,1,hi-roman
oye haramzaada hai,1,hi-roman
oye haramzaada ho,1,hi-roman
oye haramzaada tha,1,hi-roman
oye haramzaada hain,1,hi-roman
oye haramzaada aadmi,1,hi-roman
oye haramzaada insaan,1,hi-roman
oye haramzaada saale,1,hi-roman
oye haramzaada kutte,1,hi-roman
oye haramzaada yaar,1,hi-roman
are haramzaada,1,hi-roman
are haramzaada hai,1,hi-roman
are haramzaada ho,1,hi-roman
are haramzaada tha,1,hi-roman
are haramzaada hain,1,hi-roman
are haramzaada aadmi,1,hi-roman
are haramzaada insaan,1,hi-roman
are haramzaada saale,1,hi-roman
are haramzaada kutte,1,hi-roman
are haramzaada yaar,1,hi-roman
sun haramzaada,1,hi-roman
sun haramzaada hai,1,hi-roman
sun haramzaada ho,1,hi-roman
sun haramzaada tha,1,hi-roman
sun haramzaada hain,1,hi-roman
sun haramzaada aadmi,1,hi-roman
sun haramzaada insaan,1,hi-roman
sun haramzaada saale,1,hi-roman
sun haramzaada kutte,1,hi-roman
sun haramzaada yaar,1,hi-roman
dekh haramzaada,1,hi-roman
dekh haramzaada hai,1,hi-roman
dekh haramzaada ho,1,hi-roman
dekh haramzaada tha,1,hi-roman
dekh haramzaada hain,1,hi-roman
dekh haramzaada aadmi,1,hi-roman
dekh haramzaada insaan,1,hi-roman
dekh haramzaada saale,1,hi-roman
dekh haramzaada kutte,1,hi-roman
dekh haramzaada yaar,1,hi-roman
haramzadi,1,hi-roman
haramzadi hai,1,hi-roman
haramzadi ho,1,hi-roman
haramzadi tha,1,hi-roman
haramzadi hain,1,hi-roman
haramzadi aadmi,1,hi-roman
haramzadi insaan,1,hi-roman
haramzadi saale,1,hi-roman
haramzadi kutte,1,hi-roman
haramzadi yaar,1,hi-roman
tu haramzadi,1,hi-roman
tu haramzadi hai,1,hi-roman
tu haramzadi ho,1,hi-roman
tu haramzadi tha,1,hi-roman
tu haramzadi hain,1,hi-roman
tu haramzadi aadmi,1,hi-roman
tu haramzadi insaan,1,hi-roman
tu haramzadi saale,1,hi-roman
tu haramzadi kutte,1,hi-roman
tu haramzadi yaar,1,hi-roman
tum haramzadi,1,hi-roman
tum haramzadi hai,1,hi-roman
tum haramzadi ho,1,hi-roman
tum haramzadi tha,1,hi-roman
tum haramzadi hain,1,hi-roman
tum haramzadi aadmi,1,hi-roman
tum haramzadi insaan,1,hi-roman
tum haramzadi saale,1,hi-roman
tum haramzadi kutte,1,hi-roman
tum haramzadi yaar,1,hi-roman
abe haramzadi,1,hi-roman
abe haramzadi hai,1,hi-roman
abe haramzadi ho,1,hi-roman
abe haramzadi tha,1,hi-roman
abe haramzadi hain,1,hi-roman
abe haramzadi aadmi,1,hi-roman
abe haramzadi insaan,1,hi-roman
abe haramzadi saale,1,hi-roman
abe haramzadi kutte,1,hi-roman
abe haramzadi yaar,1,hi-roman
oye haramzadi,1,hi-roman
oye haramzadi hai,1,hi-roman
oye haramzadi ho,1,hi-roman
oye haramzadi tha,1,hi-roman
oye haramzadi hain,1,hi-roman
oye haramzadi aadmi,1,hi-roman
oye haramzadi insaan,1,hi-roman
oye haramzadi saale,1,hi-roman
oye haramzadi kutte,1,hi-roman
oye haramzadi yaar,1,hi-roman
are haramzadi,1,hi-roman
are haramzadi hai,1,hi-roman
are haramzadi ho,1,hi-roman
are haramzadi tha,1,hi-roman
are haramzadi hain,1,hi-roman
are haramzadi aadmi,1,hi-roman
are haramzadi insaan,1,hi-roman
are haramzadi saale,1,hi-roman
are haramzadi kutte,1,hi-roman
are haramzadi yaar,1,hi-roman
sun haramzadi,1,hi-roman
sun haramzadi hai,1,hi-roman
sun haramzadi ho,1,hi-roman
sun haramzadi tha,1,hi-roman
sun haramzadi hain,1,hi-roman
sun haramzadi aadmi,1,hi-roman
sun haramzadi insaan,1,hi-roman
sun haramzadi saale,1,hi-roman
sun haramzadi kutte,1,hi-roman
sun haramzadi yaar,1,hi-roman
dekh haramzadi,1,hi-roman
dekh haramzadi hai,1,hi-roman
dekh haramzadi ho,1,hi-roman
dekh haramzadi tha,1,hi-roman
dekh haramzadi hain,1,hi-roman
dekh haramzadi aadmi,1,hi-roman
dekh haramzadi insaan,1,hi-roman
dekh haramzadi saale,1,hi-roman
dekh haramzadi kutte,1,hi-roman
dekh haramzadi yaar,1,hi-roman
haramjaada,1,hi-roman
haramjaada hai,1,hi-roman
haramjaada ho,1,hi-roman
haramjaada tha,1,hi-roman
haramjaada hain,1,hi-roman
haramjaada aadmi,1,hi-roman
haramjaada insaan,1,hi-roman
haramjaada saale,1,hi-roman
haramjaada kutte,1,hi-roman
haramjaada yaar,1,hi-roman
tu haramjaada,1,hi-roman
tu haramjaada hai,1,hi-roman
tu haramjaada ho,1,hi-roman
tu haramjaada tha,1,hi-roman
tu haramjaada hain,1,hi-roman
tu haramjaada aadmi,1,hi-roman
tu haramjaada insaan,1,hi-roman
tu haramjaada saale,1,hi-roman
tu haramjaada kutte,1,hi-roman
tu haramjaada yaar,1,hi-roman
tum haramjaada,1,hi-roman
tum haramjaada hai,1,hi-roman
tum haramjaada ho,1,hi-roman
tum haramjaada tha,1,hi-roman
tum haramjaada hain,1,hi-roman
tum haramjaada aadmi,1,hi-roman
tum haramjaada insaan,1,hi-roman
tum haramjaada saale,1,hi-roman
tum haramjaada kutte,1,hi-roman
tum haramjaada yaar,1,hi-roman
abe haramjaada,1,hi-roman
abe haramjaada hai,1,hi-roman
abe haramjaada ho,1,hi-roman
abe haramjaada tha,1,hi-roman
abe haramjaada hain,1,hi-roman
abe haramjaada aadmi,1,hi-roman
abe haramjaada insaan,1,hi-roman
abe haramjaada saale,1,hi-roman
abe haramjaada kutte,1,hi-roman
abe haramjaada yaar,1,hi-roman
oye haramjaada,1,hi-roman
oye haramjaada hai,1,hi-roman
oye haramjaada ho,1,hi-roman
oye haramjaada tha,1,hi-roman
oye haramjaada hain,1,hi-roman
oye haramjaada aadmi,1,hi-roman
oye haramjaada insaan,1,hi-roman
oye haramjaada saale,1,hi-roman
oye haramjaada kutte,1,hi-roman
oye haramjaada yaar,1,hi-roman
are haramjaada,1,hi-roman
are haramjaada hai,1,hi-roman
are haramjaada ho,1,hi-roman
are haramjaada tha,1,hi-roman
are haramjaada hain,1,hi-roman
are haramjaada aadmi,1,hi-roman
are haramjaada insaan,1,hi-roman
are haramjaada saale,1,hi-roman
are haramjaada kutte,1,hi-roman
are haramjaada yaar,1,hi-roman
sun haramjaada,1,hi-roman
sun haramjaada hai,1,hi-roman
sun haramjaada ho,1,hi-roman
sun haramjaada tha,1,hi-roman
sun haramjaada hain,1,hi-roman
sun haramjaada aadmi,1,hi-roman
sun haramjaada insaan,1,hi-roman
sun haramjaada saale,1,hi-roman
sun haramjaada kutte,1,hi-roman
sun haramjaada yaar,1,hi-roman
dekh haramjaada,1,hi-roman
dekh haramjaada hai,1,hi-roman
dekh haramjaada ho,1,hi-roman
dekh haramjaada tha,1,hi-roman
dekh haramjaada hain,1,hi-roman
dekh haramjaada aadmi,1,hi-roman
dekh haramjaada insaan,1,hi-roman
dekh haramjaada saale,1,hi-roman
dekh haramjaada kutte,1,hi-roman
dekh haramjaada yaar,1,hi-roman
harami,1,hi-roman
harami hai,1,hi-roman
harami ho,1,hi-roman
harami tha,1,hi-roman
harami hain,1,hi-roman
harami aadmi,1,hi-roman
harami insaan,1,hi-roman
harami saale,1,hi-roman
harami kutte,1,hi-roman
harami yaar,1,hi-roman
tu harami,1,hi-roman
tu harami hai,1,hi-roman
tu harami ho,1,hi-roman
tu harami tha,1,hi-roman
tu harami hain,1,hi-roman
tu harami aadmi,1,hi-roman
tu harami insaan,1,hi-roman
tu harami saale,1,hi-roman
tu harami kutte,1,hi-roman
tu harami yaar,1,hi-roman
tum harami,1,hi-roman
tum harami hai,1,hi-roman
tum harami ho,1,hi-roman
tum harami tha,1,hi-roman
tum harami hain,1,hi-roman
tum harami aadmi,1,hi-roman
tum harami insaan,1,hi-roman
tum harami saale,1,hi-roman
tum harami kutte,1,hi-roman
tum harami yaar,1,hi-roman
abe harami,1,hi-roman
abe harami hai,1,hi-roman
abe harami ho,1,hi-roman
abe harami tha,1,hi-roman
abe harami hain,1,hi-roman
abe harami aadmi,1,hi-roman
abe harami insaan,1,hi-roman
abe harami saale,1,hi-roman
abe harami kutte,1,hi-roman
abe harami yaar,1,hi-roman
oye harami,1,hi-roman
oye harami hai,1,hi-roman
oye harami ho,1,hi-roman
oye harami tha,1,hi-roman
oye harami hain,1,hi-roman
oye harami aadmi,1,hi-roman
oye harami insaan,1,hi-roman
oye harami saale,1,hi-roman
oye harami kutte,1,hi-roman
oye harami yaar,1,hi-roman
are harami,1,hi-roman
are harami hai,1,hi-roman
are harami ho,1,hi-roman
are harami tha,1,hi-roman
are harami hain,1,hi-roman
are harami aadmi,1,hi-roman
are harami insaan,1,hi-roman
are harami saale,1,hi-roman
are harami kutte,1,hi-roman
are harami yaar,1,hi-roman
sun harami,1,hi-roman
sun harami hai,1,hi-roman
sun harami ho,1,hi-roman
sun harami tha,1,hi-roman
sun harami hain,1,hi-roman
sun harami aadmi,1,hi-roman
sun harami insaan,1,hi-roman
sun harami saale,1,hi-roman
sun harami kutte,1,hi-roman
sun harami yaar,1,hi-roman
dekh harami,1,hi-roman
dekh harami hai,1,hi-roman
dekh harami ho,1,hi-roman
dekh harami tha,1,hi-roman
dekh harami hain,1,hi-roman
dekh harami aadmi,1,hi-roman
dekh harami insaan,1,hi-roman
dekh harami saale,1,hi-roman
dekh harami kutte,1,hi-roman
dekh harami yaar,1,hi-roman
kamina,1,hi-roman
kamina hai,1,hi-roman
kamina ho,1,hi-roman
kamina tha,1,hi-roman
kamina hain,1,hi-roman
kamina aadmi,1,hi-roman
kamina insaan,1,hi-roman
kamina saale,1,hi-roman
kamina kutte,1,hi-roman
kamina yaar,1,hi-roman
tu kamina,1,hi-roman
tu kamina hai,1,hi-roman
tu kamina ho,1,hi-roman
tu kamina tha,1,hi-roman
tu kamina hain,1,hi-roman
tu kamina aadmi,1,hi-roman
tu kamina insaan,1,hi-roman
tu kamina saale,1,hi-roman
tu kamina kutte,1,hi-roman
tu kamina yaar,1,hi-roman
tum kamina,1,hi-roman
tum kamina hai,1,hi-roman
tum kamina ho,1,hi-roman
tum kamina tha,1,hi-roman
tum kamina hain,1,hi-roman
tum kamina aadmi,1,hi-roman
tum kamina insaan,1,hi-roman
tum kamina saale,1,hi-roman
tum kamina kutte,1,hi-roman
tum kamina yaar,1,hi-roman
abe kamina,1,hi-roman
abe kamina hai,1,hi-roman
abe kamina ho,1,hi-roman
abe kamina tha,1,hi-roman
abe kamina hain,1,hi-roman
abe kamina aadmi,1,hi-roman
abe kamina insaan,1,hi-roman
abe kamina saale,1,hi-roman
abe kamina kutte,1,hi-roman
abe kamina yaar,1,hi-roman
oye kamina,1,hi-roman
oye kamina hai,1,hi-roman
oye kamina ho,1,hi-roman
oye kamina tha,1,hi-roman
oye kamina hain,1,hi-roman
oye kamina aadmi,1,hi-roman
oye kamina insaan,1,hi-roman
oye kamina saale,1,hi-roman
oye kamina kutte,1,hi-roman
oye kamina yaar,1,hi-roman
are kamina,1,hi-roman
are kamina hai,1,hi-roman
are kamina ho,1,hi-roman
are kamina tha,1,hi-roman
are kamina hain,1,hi-roman
are kamina aadmi,1,hi-roman
are kamina insaan,1,hi-roman
are kamina saale,1,hi-roman
are kamina kutte,1,hi-roman
are kamina yaar,1,hi-roman
sun kamina,1,hi-roman
sun kamina hai,1,hi-roman
sun kamina ho,1,hi-roman
sun kamina tha,1,hi-roman
sun kamina hain,1,hi-roman
sun kamina aadmi,1,hi-roman
sun kamina insaan,1,hi-roman
sun kamina saale,1,hi-roman
sun kamina kutte,1,hi-roman
sun kamina yaar,1,hi-roman
dekh kamina,1,hi-roman
dekh kamina hai,1,hi-roman
dekh kamina ho,1,hi-roman
dekh kamina tha,1,hi-roman
dekh kamina hain,1,hi-roman
dekh kamina aadmi,1,hi-roman
dekh kamina insaan,1,hi-roman
dekh kamina saale,1,hi-roman
dekh kamina kutte,1,hi-roman
dekh kamina yaar,1,hi-roman
kameena,1,hi-roman
kameena hai,1,hi-roman
kameena ho,1,hi-roman
kameena tha,1,hi-roman
kameena hain,1,hi-roman
kameena aadmi,1,hi-roman
kameena insaan,1,hi-roman
kameena saale,1,hi-roman
kameena kutte,1,hi-roman
kameena yaar,1,hi-roman
tu kameena,1,hi-roman
tu kameena hai,1,hi-roman
tu kameena ho,1,hi-roman
tu kameena tha,1,hi-roman
tu kameena hain,1,hi-roman
tu kameena aadmi,1,hi-roman
tu kameena insaan,1,hi-roman
tu kameena saale,1,hi-roman
tu kameena kutte,1,hi-roman
tu kameena yaar,1,hi-roman
tum kameena,1,hi-roman
tum kameena hai,1,hi-roman
tum kameena ho,1,hi-roman
tum kameena tha,1,hi-roman
tum kameena hain,1,hi-roman
tum kameena aadmi,1,hi-roman
tum kameena insaan,1,hi-roman
tum kameena saale,1,hi-roman
tum kameena kutte,1,hi-roman
tum kameena yaar,1,hi-roman
abe kameena,1,hi-roman
abe kameena hai,1,hi-roman
abe kameena ho,1,hi-roman
abe kameena tha,1,hi-roman
abe kameena hain,1,hi-roman
abe kameena aadmi,1,hi-roman
abe kameena insaan,1,hi-roman
abe kameena saale,1,hi-roman
abe kameena kutte,1,hi-roman
abe kameena yaar,1,hi-roman
oye kameena,1,hi-roman
oye kameena hai,1,hi-roman
oye kameena ho,1,hi-roman
oye kameena tha,1,hi-roman
oye kameena hain,1,hi-roman
oye kameena aadmi,1,hi-roman
oye kameena insaan,1,hi-roman
oye kameena saale,1,hi-roman
oye kameena kutte,1,hi-roman
oye kameena yaar,1,hi-roman
are kameena,1,hi-roman
are kameena hai,1,hi-roman
are kameena ho,1,hi-roman
are kameena tha,1,hi-roman
are kameena hain,1,hi-roman
are kameena aadmi,1,hi-roman
are kameena insaan,1,hi-roman
are kameena saale,1,hi-roman
are kameena kutte,1,hi-roman
are kameena yaar,1,hi-roman
sun kameena,1,hi-roman
sun kameena hai,1,hi-roman
sun kameena ho,1,hi-roman
sun kameena tha,1,hi-roman
sun kameena hain,1,hi-roman
sun kameena aadmi,1,hi-roman
sun kameena insaan,1,hi-roman
sun kameena saale,1,hi-roman
sun kameena kutte,1,hi-roman
sun kameena yaar,1,hi-roman
dekh kameena,1,hi-roman
dekh kameena hai,1,hi-roman
dekh kameena ho,1,hi-roman
dekh kameena tha,1,hi-roman
dekh kameena hain,1,hi-roman
dekh kameena aadmi,1,hi-roman
dekh kameena insaan,1,hi-roman
dekh kameena saale,1,hi-roman
dekh kameena kutte,1,hi-roman
dekh kameena yaar,1,hi-roman
kamine,1,hi-roman
kamine hai,1,hi-roman
kamine ho,1,hi-roman
kamine tha,1,hi-roman
kamine hain,1,hi-roman
kamine aadmi,1,hi-roman
kamine insaan,1,hi-roman
kamine saale,1,hi-roman
kamine kutte,1,hi-roman
kamine yaar,1,hi-roman
tu kamine,1,hi-roman
tu kamine hai,1,hi-roman
tu kamine ho,1,hi-roman
tu kamine tha,1,hi-roman
tu kamine hain,1,hi-roman
tu kamine aadmi,1,hi-roman
tu kamine insaan,1,hi-roman
tu kamine saale,1,hi-roman
tu kamine kutte,1,hi-roman
tu kamine yaar,1,hi-roman
tum kamine,1,hi-roman
tum kamine hai,1,hi-roman
tum kamine ho,1,hi-roman
tum kamine tha,1,hi-roman
tum kamine hain,1,hi-roman
tum kamine aadmi,1,hi-roman
tum kamine insaan,1,hi-roman
tum kamine saale,1,hi-roman
tum kamine kutte,1,hi-roman
tum kamine yaar,1,hi-roman
abe kamine,1,hi-roman
abe kamine hai,1,hi-roman
abe kamine ho,1,hi-roman
abe kamine tha,1,hi-roman
abe kamine hain,1,hi-roman
abe kamine aadmi,1,hi-roman
abe kamine insaan,1,hi-roman
abe kamine saale,1,hi-roman
abe kamine kutte,1,hi-roman
abe kamine yaar,1,hi-roman
oye kamine,1,hi-roman
oye kamine hai,1,hi-roman
oye kamine ho,1,hi-roman
oye kamine tha,1,hi-roman
oye kamine hain,1,hi-roman
oye kamine aadmi,1,hi-roman
oye kamine insaan,1,hi-roman
oye kamine saale,1,hi-roman
oye kamine kutte,1,hi-roman
oye kamine yaar,1,hi-roman
are kamine,1,hi-roman
are kamine hai,1,hi-roman
are kamine ho,1,hi-roman
are kamine tha,1,hi-roman
are kamine hain,1,hi-roman
are kamine aadmi,1,hi-roman
are kamine insaan,1,hi-roman
are kamine saale,1,hi-roman
are kamine kutte,1,hi-roman
are kamine yaar,1,hi-roman
sun kamine,1,hi-roman
sun kamine hai,1,hi-roman
sun kamine ho,1,hi-roman
sun kamine tha,1,hi-roman
sun kamine hain,1,hi-roman
sun kamine aadmi,1,hi-roman
sun kamine insaan,1,hi-roman
sun kamine saale,1,hi-roman
sun kamine kutte,1,hi-roman
sun kamine yaar,1,hi-roman
dekh kamine,1,hi-roman
dekh kamine hai,1,hi-roman
dekh kamine ho,1,hi-roman
dekh kamine tha,1,hi-roman
dekh kamine hain,1,hi-roman
dekh kamine aadmi,1,hi-roman
dekh kamine insaan,1,hi-roman
dekh kamine saale,1,hi-roman
dekh kamine kutte,1,hi-roman
dekh kamine yaar,1,hi-roman
kaminey,1,hi-roman
kaminey hai,1,hi-roman
kaminey ho,1,hi-roman
kaminey tha,1,hi-roman
kaminey hain,1,hi-roman
kaminey aadmi,1,hi-roman
kaminey insaan,1,hi-roman
kaminey saale,1,hi-roman
kaminey kutte,1,hi-roman
kaminey yaar,1,hi-roman
tu kaminey,1,hi-roman
tu kaminey hai,1,hi-roman
tu kaminey ho,1,hi-roman
tu kaminey tha,1,hi-roman
tu kaminey hain,1,hi-roman
tu kaminey aadmi,1,hi-roman
tu kaminey insaan,1,hi-roman
tu kaminey saale,1,hi-roman
tu kaminey kutte,1,hi-roman
tu kaminey yaar,1,hi-roman
tum kaminey,1,hi-roman
tum kaminey hai,1,hi-roman
tum kaminey ho,1,hi-roman
tum kaminey tha,1,hi-roman
tum kaminey hain,1,hi-roman
tum kaminey aadmi,1,hi-roman
tum kaminey insaan,1,hi-roman
tum kaminey saale,1,hi-roman
tum kaminey kutte,1,hi-roman
tum kaminey yaar,1,hi-roman
abe kaminey,1,hi-roman
abe kaminey hai,1,hi-roman
abe kaminey ho,1,hi-roman
abe kaminey tha,1,hi-roman
abe kaminey hain,1,hi-roman
abe kaminey aadmi,1,hi-roman
abe kaminey insaan,1,hi-roman
abe kaminey saale,1,hi-roman
abe kaminey kutte,1,hi-roman
abe kaminey yaar,1,hi-roman
oye kaminey,1,hi-roman
oye kaminey hai,1,hi-roman
oye kaminey ho,1,hi-roman
oye kaminey tha,1,hi-roman
oye kaminey hain,1,hi-roman
oye kaminey aadmi,1,hi-roman
oye kaminey insaan,1,hi-roman
oye kaminey saale,1,hi-roman
oye kaminey kutte,1,hi-roman
oye kaminey yaar,1,hi-roman
are kaminey,1,hi-roman
are kaminey hai,1,hi-roman
are kaminey ho,1,hi-roman
are kaminey tha,1,hi-roman
are kaminey hain,1,hi-roman
are kaminey aadmi,1,hi-roman
are kaminey insaan,1,hi-roman
are kaminey saale,1,hi-roman
are kaminey kutte,1,hi-roman
are kaminey yaar,1,hi-roman
sun kaminey,1,hi-roman
sun kaminey hai,1,hi-roman
sun kaminey ho,1,hi-roman
sun kaminey tha,1,hi-roman
sun kaminey hain,1,hi-roman
sun kaminey aadmi,1,hi-roman
sun kaminey insaan,1,hi-roman
sun kaminey saale,1,hi-roman
sun kaminey kutte,1,hi-roman
sun kaminey yaar,1,hi-roman
dekh kaminey,1,hi-roman
dekh kaminey hai,1,hi-roman
dekh kaminey ho,1,hi-roman
dekh kaminey tha,1,hi-roman
dekh kaminey hain,1,hi-roman
dekh kaminey aadmi,1,hi-roman
dekh kaminey insaan,1,hi-roman
dekh kaminey saale,1,hi-roman
dekh kaminey kutte,1,hi-roman
dekh kaminey yaar,1,hi-roman
kameenapan,1,hi-roman
kameenapan hai,1,hi-roman
kameenapan ho,1,hi-roman
kameenapan tha,1,hi-roman
kameenapan hain,1,hi-roman
kameenapan aadmi,1,hi-roman
kameenapan insaan,1,hi-roman
kameenapan saale,1,hi-roman
kameenapan kutte,1,hi-roman
kameenapan yaar,1,hi-roman
tu kameenapan,1,hi-roman
tu kameenapan hai,1,hi-roman
tu kameenapan ho,1,hi-roman
tu kameenapan tha,1,hi-roman
tu kameenapan hain,1,hi-roman
tu kameenapan aadmi,1,hi-roman
tu kameenapan insaan,1,hi-roman
tu kameenapan saale,1,hi-roman
tu kameenapan kutte,1,hi-roman
tu kameenapan yaar,1,hi-roman
tum kameenapan,1,hi-roman
tum kameenapan hai,1,hi-roman
tum kameenapan ho,1,hi-roman
tum kameenapan tha,1,hi-roman
tum kameenapan hain,1,hi-roman
tum kameenapan aadmi,1,hi-roman
tum kameenapan insaan,1,hi-roman
tum kameenapan saale,1,hi-roman
tum kameenapan kutte,1,hi-roman
tum kameenapan yaar,1,hi-roman
abe kameenapan,1,hi-roman
abe kameenapan hai,1,hi-roman
abe kameenapan ho,1,hi-roman
abe kameenapan tha,1,hi-roman
abe kameenapan hain,1,hi-roman
abe kameenapan aadmi,1,hi-roman
abe kameenapan insaan,1,hi-roman
abe kameenapan saale,1,hi-roman
abe kameenapan kutte,1,hi-roman
abe kameenapan yaar,1,hi-roman
oye kameenapan,1,hi-roman
oye kameenapan hai,1,hi-roman
oye kameenapan ho,1,hi-roman
oye kameenapan tha,1,hi-roman
oye kameenapan hain,1,hi-roman
oye kameenapan aadmi,1,hi-roman
oye kameenapan insaan,1,hi-roman
oye kameenapan saale,1,hi-roman
oye kameenapan kutte,1,hi-roman
oye kameenapan yaar,1,hi-roman
are kameenapan,1,hi-roman
are kameenapan hai,1,hi-roman
are kameenapan ho,1,hi-roman
are kameenapan tha,1,hi-roman
are kameenapan hain,1,hi-roman
are kameenapan aadmi,1,hi-roman
are kameenapan insaan,1,hi-roman
are kameenapan saale,1,hi-roman
are kameenapan kutte,1,hi-roman
are kameenapan yaar,1,hi-roman
sun kameenapan,1,hi-roman
sun kameenapan hai,1,hi-roman
sun kameenapan ho,1,hi-roman
sun kameenapan tha,1,hi-roman
sun kameenapan hain,1,hi-roman
sun kameenapan aadmi,1,hi-roman
sun kameenapan insaan,1,hi-roman
sun kameenapan saale,1,hi-roman
sun kameenapan kutte,1,hi-roman
sun kameenapan yaar,1,hi-roman
dekh kameenapan,1,hi-roman
dekh kameenapan hai,1,hi-roman
dekh kameenapan ho,1,hi-roman
dekh kameenapan tha,1,hi-roman
dekh kameenapan hain,1,hi-roman
dekh kameenapan aadmi,1,hi-roman
dekh kameenapan insaan,1,hi-roman
dekh kameenapan saale,1,hi-roman
dekh kameenapan kutte,1,hi-roman
dekh kameenapan yaar,1,hi-roman
kutte,1,hi-roman
kutte hai,1,hi-roman
kutte ho,1,hi-roman
kutte tha,1,hi-roman
kutte hain,1,hi-roman
kutte aadmi,1,hi-roman
kutte insaan,1,hi-roman
kutte saale,1,hi-roman
kutte kutte,1,hi-roman
kutte yaar,1,hi-roman
tu kutte,1,hi-roman
tu kutte hai,1,hi-roman
tu kutte ho,1,hi-roman
tu kutte tha,1,hi-roman
tu kutte hain,1,hi-roman
tu kutte aadmi,1,hi-roman
tu kutte insaan,1,hi-roman
tu kutte saale,1,hi-roman
tu kutte kutte,1,hi-roman
tu kutte yaar,1,hi-roman
tum kutte,1,hi-roman
tum kutte hai,1,hi-roman
tum kutte ho,1,hi-roman
tum kutte tha,1,hi-roman
tum kutte hain,1,hi-roman
tum kutte aadmi,1,hi-roman
tum kutte insaan,1,hi-roman
tum kutte saale,1,hi-roman
tum kutte kutte,1,hi-roman
tum kutte yaar,1,hi-roman
abe kutte,1,hi-roman
abe kutte hai,1,hi-roman
abe kutte ho,1,hi-roman
abe kutte tha,1,hi-roman
abe kutte hain,1,hi-roman
abe kutte aadmi,1,hi-roman
abe kutte insaan,1,hi-roman
abe kutte saale,1,hi-roman
abe kutte kutte,1,hi-roman
abe kutte yaar,1,hi-roman
oye kutte,1,hi-roman
oye kutte hai,1,hi-roman
oye kutte ho,1,hi-roman
oye kutte tha,1,hi-roman
oye kutte hain,1,hi-roman
oye kutte aadmi,1,hi-roman
oye kutte insaan,1,hi-roman
oye kutte saale,1,hi-roman
oye kutte kutte,1,hi-roman
oye kutte yaar,1,hi-roman
are kutte,1,hi-roman
are kutte hai,1,hi-roman
are kutte ho,1,hi-roman
are kutte tha,1,hi-roman
are kutte hain,1,hi-roman
are kutte aadmi,1,hi-roman
are kutte insaan,1,hi-roman
are kutte saale,1,hi-roman
are kutte kutte,1,hi-roman
are kutte yaar,1,hi-roman
sun kutte,1,hi-roman
sun kutte hai,1,hi-roman
sun kutte ho,1,hi-roman
sun kutte tha,1,hi-roman
sun kutte hain,1,hi-roman
sun kutte aadmi,1,hi-roman
sun kutte insaan,1,hi-roman
sun kutte saale,1,hi-roman
sun kutte kutte,1,hi-roman
sun kutte yaar,1,hi-roman
dekh kutte,1,hi-roman
dekh kutte hai,1,hi-roman
dekh kutte ho,1,hi-roman
dekh kutte tha,1,hi-roman
dekh kutte hain,1,hi-roman
dekh kutte aadmi,1,hi-roman
dekh kutte insaan,1,hi-roman
dekh kutte saale,1,hi-roman
dekh kutte kutte,1,hi-roman
dekh kutte yaar,1,hi-roman
kutta,1,hi-roman
kutta hai,1,hi-roman
kutta ho,1,hi-roman
kutta tha,1,hi-roman
kutta hain,1,hi-roman
kutta aadmi,1,hi-roman
kutta insaan,1,hi-roman
kutta saale,1,hi-roman
kutta kutte,1,hi-roman
kutta yaar,1,hi-roman
tu kutta,1,hi-roman
tu kutta hai,1,hi-roman
tu kutta ho,1,hi-roman
tu kutta tha,1,hi-roman
tu kutta hain,1,hi-roman
tu kutta aadmi,1,hi-roman
tu kutta insaan,1,hi-roman
tu kutta saale,1,hi-roman
tu kutta kutte,1,hi-roman
tu kutta yaar,1,hi-roman
tum kutta,1,hi-roman
tum kutta hai,1,hi-roman
tum kutta ho,1,hi-roman
tum kutta tha,1,hi-roman
tum kutta hain,1,hi-roman
tum kutta aadmi,1,hi-roman
tum kutta insaan,1,hi-roman
tum kutta saale,1,hi-roman
tum kutta kutte,1,hi-roman
tum kutta yaar,1,hi-roman
abe kutta,1,hi-roman
abe kutta hai,1,hi-roman
abe kutta ho,1,hi-roman
abe kutta tha,1,hi-roman
abe kutta hain,1,hi-roman
abe kutta aadmi,1,hi-roman
abe kutta insaan,1,hi-roman
abe kutta saale,1,hi-roman
abe kutta kutte,1,hi-roman
abe kutta yaar,1,hi-roman
oye kutta,1,hi-roman
oye kutta hai,1,hi-roman
oye kutta ho,1,hi-roman
oye kutta tha,1,hi-roman
oye kutta hain,1,hi-roman
oye kutta aadmi,1,hi-roman
oye kutta insaan,1,hi-roman
oye kutta saale,1,hi-roman
oye kutta kutte,1,hi-roman
oye kutta yaar,1,hi-roman
are kutta,1,hi-roman
are kutta hai,1,hi-roman
are kutta ho,1,hi-roman
are kutta tha,1,hi-roman
are kutta hain,1,hi-roman
are kutta aadmi,1,hi-roman
are kutta insaan,1,hi-roman
are kutta saale,1,hi-roman
are kutta kutte,1,hi-roman
are kutta yaar,1,hi-roman
sun kutta,1,hi-roman
sun kutta hai,1,hi-roman
sun kutta ho,1,hi-roman
sun kutta tha,1,hi-roman
sun kutta hain,1,hi-roman
sun kutta aadmi,1,hi-roman
sun kutta insaan,1,hi-roman
sun kutta saale,1,hi-roman
sun kutta kutte,1,hi-roman
sun kutta yaar,1,hi-roman
dekh kutta,1,hi-roman
dekh kutta hai,1,hi-roman
dekh kutta ho,1,hi-roman
dekh kutta tha,1,hi-roman
dekh kutta hain,1,hi-roman
dekh kutta aadmi,1,hi-roman
dekh kutta insaan,1,hi-roman
dekh kutta saale,1,hi-roman
dekh kutta kutte,1,hi-roman
dekh kutta yaar,1,hi-roman
kutti,1,hi-roman
kutti hai,1,hi-roman
kutti ho,1,hi-roman
kutti tha,1,hi-roman
kutti hain,1,hi-roman
kutti aadmi,1,hi-roman
kutti insaan,1,hi-roman
kutti saale,1,hi-roman
kutti kutte,1,hi-roman
kutti yaar,1,hi-roman
tu kutti,1,hi-roman
tu kutti hai,1,hi-roman
tu kutti ho,1,hi-roman
tu kutti tha,1,hi-roman
tu kutti hain,1,hi-roman
tu kutti aadmi,1,hi-roman
tu kutti insaan,1,hi-roman
tu kutti saale,1,hi-roman
tu kutti kutte,1,hi-roman
tu kutti yaar,1,hi-roman
tum kutti,1,hi-roman
tum kutti hai,1,hi-roman
tum kutti ho,1,hi-roman
tum kutti tha,1,hi-roman
tum kutti hain,1,hi-roman
tum kutti aadmi,1,hi-roman
tum kutti insaan,1,hi-roman
tum kutti saale,1,hi-roman
tum kutti kutte,1,hi-roman
tum kutti yaar,1,hi-roman
abe kutti,1,hi-roman
abe kutti hai,1,hi-roman
abe kutti ho,1,hi-roman
abe kutti tha,1,hi-roman
abe kutti hain,1,hi-roman
abe kutti aadmi,1,hi-roman
abe kutti insaan,1,hi-roman
abe kutti saale,1,hi-roman
abe kutti kutte,1,hi-roman
abe kutti yaar,1,hi-roman
oye kutti,1,hi-roman
oye kutti hai,1,hi-roman
oye kutti ho,1,hi-roman
oye kutti tha,1,hi-roman
oye kutti hain,1,hi-roman
oye kutti aadmi,1,hi-roman
oye kutti insaan,1,hi-roman
oye kutti saale,1,hi-roman
oye kutti kutte,1,hi-roman
oye kutti yaar,1,hi-roman
are kutti,1,hi-roman
are kutti hai,1,hi-roman
are kutti ho,1,hi-roman
are kutti tha,1,hi-roman
are kutti hain,1,hi-roman
are kutti aadmi,1,hi-roman
are kutti insaan,1,hi-roman
are kutti saale,1,hi-roman
are kutti kutte,1,hi-roman
are kutti yaar,1,hi-roman
sun kutti,1,hi-roman
sun kutti hai,1,hi-roman
sun kutti ho,1,hi-roman
sun kutti tha,1,hi-roman
sun kutti hain,1,hi-roman
sun kutti aadmi,1,hi-roman
sun kutti insaan,1,hi-roman
sun kutti saale,1,hi-roman
sun kutti kutte,1,hi-roman
sun kutti yaar,1,hi-roman
dekh kutti,1,hi-roman
dekh kutti hai,1,hi-roman
dekh kutti ho,1,hi-roman
dekh kutti tha,1,hi-roman
dekh kutti hain,1,hi-roman
dekh kutti aadmi,1,hi-roman
dekh kutti insaan,1,hi-roman
dekh kutti saale,1,hi-roman
dekh kutti kutte,1,hi-roman
dekh kutti yaar,1,hi-roman
kutiya,1,hi-roman
kutiya hai,1,hi-roman
kutiya ho,1,hi-roman
kutiya tha,1,hi-roman
kutiya hain,1,hi-roman
kutiya aadmi,1,hi-roman
kutiya insaan,1,hi-roman
kutiya saale,1,hi-roman
kutiya kutte,1,hi-roman
kutiya yaar,1,hi-roman
tu kutiya,1,hi-roman
tu kutiya hai,1,hi-roman
tu kutiya ho,1,hi-roman
tu kutiya tha,1,hi-roman
tu kutiya hain,1,hi-roman
tu kutiya aadmi,1,hi-roman
tu kutiya insaan,1,hi-roman
tu kutiya saale,1,hi-roman
tu kutiya kutte,1,hi-roman
tu kutiya yaar,1,hi-roman
tum kutiya,1,hi-roman
tum kutiya hai,1,hi-roman
tum kutiya ho,1,hi-roman
tum kutiya tha,1,hi-roman
tum kutiya hain,1,hi-roman
tum kutiya aadmi,1,hi-roman
tum kutiya insaan,1,hi-roman
tum kutiya saale,1,hi-roman
tum kutiya kutte,1,hi-roman
tum kutiya yaar,1,hi-roman
abe kutiya,1,hi-roman
abe kutiya hai,1,hi-roman
abe kutiya ho,1,hi-roman
abe kutiya tha,1,hi-roman
abe kutiya hain,1,hi-roman
abe kutiya aadmi,1,hi-roman
abe kutiya insaan,1,hi-roman
abe kutiya saale,1,hi-roman
abe kutiya kutte,1,hi-roman
abe kutiya yaar,1,hi-roman
oye kutiya,1,hi-roman
oye kutiya hai,1,hi-roman
oye kutiya ho,1,hi-roman
oye kutiya tha,1,hi-roman
oye kutiya hain,1,hi-roman
oye kutiya aadmi,1,hi-roman
oye kutiya insaan,1,hi-roman
oye kutiya saale,1,hi-roman
oye kutiya kutte,1,hi-roman
oye kutiya yaar,1,hi-roman
are kutiya,1,hi-roman
are kutiya hai,1,hi-roman
are kutiya ho,1,hi-roman
are kutiya tha,1,hi-roman
are kutiya hain,1,hi-roman
are kutiya aadmi,1,hi-roman
are kutiya insaan,1,hi-roman
are kutiya saale,1,hi-roman
are kutiya kutte,1,hi-roman
are kutiya yaar,1,hi-roman
sun kutiya,1,hi-roman
sun kutiya hai,1,hi-roman
sun kutiya ho,1,hi-roman
sun kutiya tha,1,hi-roman
sun kutiya hain,1,hi-roman
sun kutiya aadmi,1,hi-roman
sun kutiya insaan,1,hi-roman
sun kutiya saale,1,hi-roman
sun kutiya kutte,1,hi-roman
sun kutiya yaar,1,hi-roman
dekh kutiya,1,hi-roman
dekh kutiya hai,1,hi-roman
dekh kutiya ho,1,hi-roman
dekh kutiya tha,1,hi-roman
dekh kutiya hain,1,hi-roman
dekh kutiya aadmi,1,hi-roman
dekh kutiya insaan,1,hi-roman
dekh kutiya saale,1,hi-roman
dekh kutiya kutte,1,hi-roman
dekh kutiya yaar,1,hi-roman
kutte ka bachcha,1,hi-roman
kutte ka bachcha hai,1,hi-roman
kutte ka bachcha ho,1,hi-roman
kutte ka bachcha tha,1,hi-roman
kutte ka bachcha hain,1,hi-roman
kutte ka bachcha aadmi,1,hi-roman
kutte ka bachcha insaan,1,hi-roman
kutte ka bachcha saale,1,hi-roman
kutte ka bachcha kutte,1,hi-roman
kutte ka bachcha yaar,1,hi-roman
tu kutte ka bachcha,1,hi-roman
tu kutte ka bachcha hai,1,hi-roman
tu kutte ka bachcha ho,1,hi-roman
tu kutte ka bachcha tha,1,hi-roman
tu kutte ka bachcha hain,1,hi-roman
tu kutte ka bachcha aadmi,1,hi-roman
tu kutte ka bachcha insaan,1,hi-roman
tu kutte ka bachcha saale,1,hi-roman
tu kutte ka bachcha kutte,1,hi-roman
tu kutte ka bachcha yaar,1,hi-roman
tum kutte ka bachcha,1,hi-roman
tum kutte ka bachcha hai,1,hi-roman
tum kutte ka bachcha ho,1,hi-roman
tum kutte ka bachcha tha,1,hi-roman
tum kutte ka bachcha hain,1,hi-roman
tum kutte ka bachcha aadmi,1,hi-roman
tum kutte ka bachcha insaan,1,hi-roman
tum kutte ka bachcha saale,1,hi-roman
tum kutte ka bachcha kutte,1,hi-roman
tum kutte ka bachcha yaar,1,hi-roman
abe kutte ka bachcha,1,hi-roman
abe kutte ka bachcha hai,1,hi-roman
abe kutte ka bachcha ho,1,hi-roman
abe kutte ka bachcha tha,1,hi-roman
abe kutte ka bachcha hain,1,hi-roman
abe kutte ka bachcha aadmi,1,hi-roman
abe kutte ka bachcha insaan,1,hi-roman
abe kutte ka bachcha saale,1,hi-roman
abe kutte ka bachcha kutte,1,hi-roman
abe kutte ka bachcha yaar,1,hi-roman
oye kutte ka bachcha,1,hi-roman
oye kutte ka bachcha hai,1,hi-roman
oye kutte ka bachcha ho,1,hi-roman
oye kutte ka bachcha tha,1,hi-roman
oye kutte ka bachcha hain,1,hi-roman
oye kutte ka bachcha aadmi,1,hi-roman
oye kutte ka bachcha insaan,1,hi-roman
oye kutte ka bachcha saale,1,hi-roman
oye kutte ka bachcha kutte,1,hi-roman
oye kutte ka bachcha yaar,1,hi-roman
are kutte ka bachcha,1,hi-roman
are kutte ka bachcha hai,1,hi-roman
are kutte ka bachcha ho,1,hi-roman
are kutte ka bachcha tha,1,hi-roman
are kutte ka bachcha hain,1,hi-roman
are kutte ka bachcha aadmi,1,hi-roman
are kutte ka bachcha insaan,1,hi-roman
are kutte ka bachcha saale,1,hi-roman
are kutte ka bachcha kutte,1,hi-roman
are kutte ka bachcha yaar,1,hi-roman
sun kutte ka bachcha,1,hi-roman
sun kutte ka bachcha hai,1,hi-roman
sun kutte ka bachcha ho,1,hi-roman
sun kutte ka bachcha tha,1,hi-roman
sun kutte ka bachcha hain,1,hi-roman
sun kutte ka bachcha aadmi,1,hi-roman
sun kutte ka bachcha insaan,1,hi-roman
sun kutte ka bachcha saale,1,hi-roman
sun kutte ka bachcha kutte,1,hi-roman
sun kutte ka bachcha yaar,1,hi-roman
dekh kutte ka bachcha,1,hi-roman
dekh kutte ka bachcha hai,1,hi-roman
dekh kutte ka bachcha ho,1,hi-roman
dekh kutte ka bachcha tha,1,hi-roman
dekh kutte ka bachcha hain,1,hi-roman
dekh kutte ka bachcha aadmi,1,hi-roman
dekh kutte ka bachcha insaan,1,hi-roman
dekh kutte ka bachcha saale,1,hi-roman
dekh kutte ka bachcha kutte,1,hi-roman
dekh kutte ka bachcha yaar,1,hi-roman
suar,1,hi-roman
suar hai,1,hi-roman
suar ho,1,hi-roman
suar tha,1,hi-roman
suar hain,1,hi-roman
suar aadmi,1,hi-roman
suar insaan,1,hi-roman
suar saale,1,hi-roman
suar kutte,1,hi-roman
suar yaar,1,hi-roman
tu suar,1,hi-roman
tu suar hai,1,hi-roman
tu suar ho,1,hi-roman
tu suar tha,1,hi-roman
tu suar hain,1,hi-roman
tu suar aadmi,1,hi-roman
tu suar insaan,1,hi-roman
tu suar saale,1,hi-roman
tu suar kutte,1,hi-roman
tu suar yaar,1,hi-roman
tum suar,1,hi-roman
tum suar hai,1,hi-roman
tum suar ho,1,hi-roman
tum suar tha,1,hi-roman
tum suar hain,1,hi-roman
tum suar aadmi,1,hi-roman
tum suar insaan,1,hi-roman
tum suar saale,1,hi-roman
tum suar kutte,1,hi-roman
tum suar yaar,1,hi-roman
abe suar,1,hi-roman
abe suar hai,1,hi-roman
abe suar ho,1,hi-roman
abe suar tha,1,hi-roman
abe suar hain,1,hi-roman
abe suar aadmi,1,hi-roman
abe suar insaan,1,hi-roman
abe suar saale,1,hi-roman
abe suar kutte,1,hi-roman
abe suar yaar,1,hi-roman
oye suar,1,hi-roman
oye suar hai,1,hi-roman
oye suar ho,1,hi-roman
oye suar tha,1,hi-roman
oye suar hain,1,hi-roman
oye suar aadmi,1,hi-roman
oye suar insaan,1,hi-roman
oye suar saale,1,hi-roman
oye suar kutte,1,hi-roman
oye suar yaar,1,hi-roman
are suar,1,hi-roman
are suar hai,1,hi-roman
are suar ho,1,hi-roman
are suar tha,1,hi-roman
are suar hain,1,hi-roman
are suar aadmi,1,hi-roman
are suar insaan,1,hi-roman
are suar saale,1,hi-roman
are suar kutte,1,hi-roman
are suar yaar,1,hi-roman
sun suar,1,hi-roman
sun suar hai,1,hi-roman
sun suar ho,1,hi-roman
sun suar tha,1,hi-roman
sun suar hain,1,hi-roman
sun suar aadmi,1,hi-roman
sun suar insaan,1,hi-roman
sun suar saale,1,hi-roman
sun suar kutte,1,hi-roman
sun suar yaar,1,hi-roman
dekh suar,1,hi-roman
dekh suar hai,1,hi-roman
dekh suar ho,1,hi-roman
dekh suar tha,1,hi-roman
dekh suar hain,1,hi-roman
dekh suar aadmi,1,hi-roman
dekh suar insaan,1,hi-roman
dekh suar saale,1,hi-roman
dekh suar kutte,1,hi-roman
dekh suar yaar,1,hi-roman
suar ka bachcha,1,hi-roman
suar ka bachcha hai,1,hi-roman
suar ka bachcha ho,1,hi-roman
suar ka bachcha tha,1,hi-roman
suar ka bachcha hain,1,hi-roman
suar ka bachcha aadmi,1,hi-roman
suar ka bachcha insaan,1,hi-roman
suar ka bachcha saale,1,hi-roman
suar ka bachcha kutte,1,hi-roman
suar ka bachcha yaar,1,hi-roman
tu suar ka bachcha,1,hi-roman
tu suar ka bachcha hai,1,hi-roman
tu suar ka bachcha ho,1,hi-roman
tu suar ka bachcha tha,1,hi-roman
tu suar ka bachcha hain,1,hi-roman
tu suar ka bachcha aadmi,1,hi-roman
tu suar ka bachcha insaan,1,hi-roman
tu suar ka bachcha saale,1,hi-roman
tu suar ka bachcha kutte,1,hi-roman
tu suar ka bachcha yaar,1,hi-roman
tum suar ka bachcha,1,hi-roman
tum suar ka bachcha hai,1,hi-roman
tum suar ka bachcha ho,1,hi-roman
tum suar ka bachcha tha,1,hi-roman
tum suar ka bachcha hain,1,hi-roman
tum suar ka bachcha aadmi,1,hi-roman
tum suar ka bachcha insaan,1,hi-roman
tum suar ka bachcha saale,1,hi-roman
tum suar ka bachcha kutte,1,hi-roman
tum suar ka bachcha yaar,1,hi-roman
abe suar ka bachcha,1,hi-roman
abe suar ka bachcha hai,1,hi-roman
abe suar ka bachcha ho,1,hi-roman
abe suar ka bachcha tha,1,hi-roman
abe suar ka bachcha hain,1,hi-roman
abe suar ka bachcha aadmi,1,hi-roman
abe suar ka bachcha insaan,1,hi-roman
abe suar ka bachcha saale,1,hi-roman
abe suar ka bachcha kutte,1,hi-roman
abe suar ka bachcha yaar,1,hi-roman
oye suar ka bachcha,1,hi-roman
oye suar ka bachcha hai,1,hi-roman
oye suar ka bachcha ho,1,hi-roman
oye suar ka bachcha tha,1,hi-roman
oye suar ka bachcha hain,1,hi-roman
oye suar ka bachcha aadmi,1,hi-roman
oye suar ka bachcha insaan,1,hi-roman
oye suar ka bachcha saale,1,hi-roman
oye suar ka bachcha kutte,1,hi-roman
oye suar ka bachcha yaar,1,hi-roman
are suar ka bachcha,1,hi-roman
are suar ka bachcha hai,1,hi-roman
are suar ka bachcha ho,1,hi-roman
are suar ka bachcha tha,1,hi-roman
are suar ka bachcha hain,1,hi-roman
are suar ka bachcha aadmi,1,hi-roman
are suar ka bachcha insaan,1,hi-roman
are suar ka bachcha saale,1,hi-roman
are suar ka bachcha kutte,1,hi-roman
are suar ka bachcha yaar,1,hi-roman
sun suar ka bachcha,1,hi-roman
sun suar ka bachcha hai,1,hi-roman
sun suar ka bachcha ho,1,hi-roman
sun suar ka bachcha tha,1,hi-roman
sun suar ka bachcha hain,1,hi-roman
sun suar ka bachcha aadmi,1,hi-roman
sun suar ka bachcha insaan,1,hi-roman
sun suar ka bachcha saale,1,hi-roman
sun suar ka bachcha kutte,1,hi-roman
sun suar ka bachcha yaar,1,hi-roman
dekh suar ka bachcha,1,hi-roman
dekh suar ka bachcha hai,1,hi-roman
dekh suar ka bachcha ho,1,hi-roman
dekh suar ka bachcha tha,1,hi-roman
dekh suar ka bachcha hain,1,hi-roman
dekh suar ka bachcha aadmi,1,hi-roman
dekh suar ka bachcha insaan,1,hi-roman
dekh suar ka bachcha saale,1,hi-roman
dekh suar ka bachcha kutte,1,hi-roman
dekh suar ka bachcha yaar,1,hi-roman
suar ki aulad,1,hi-roman
suar ki aulad hai,1,hi-roman
suar ki aulad ho,1,hi-roman
suar ki aulad tha,1,hi-roman
suar ki aulad hain,1,hi-roman
suar ki aulad aadmi,1,hi-roman
suar ki aulad insaan,1,hi-roman
suar ki aulad saale,1,hi-roman
suar ki aulad kutte,1,hi-roman
suar ki aulad yaar,1,hi-roman
tu suar ki aulad,1,hi-roman
tu suar ki aulad hai,1,hi-roman
tu suar ki aulad ho,1,hi-roman
tu suar ki aulad tha,1,hi-roman
tu suar ki aulad hain,1,hi-roman
tu suar ki aulad aadmi,1,hi-roman
tu suar ki aulad insaan,1,hi-roman
tu suar ki aulad saale,1,hi-roman
tu suar ki aulad kutte,1,hi-roman
tu suar ki aulad yaar,1,hi-roman
tum suar ki aulad,1,hi-roman
tum suar ki aulad hai,1,hi-roman
tum suar ki aulad ho,1,hi-roman
tum suar ki aulad tha,1,hi-roman
tum suar ki aulad hain,1,hi-roman
tum suar ki aulad aadmi,1,hi-roman
tum suar ki aulad insaan,1,hi-roman
tum suar ki aulad saale,1,hi-roman
tum suar ki aulad kutte,1,hi-roman
tum suar ki aulad yaar,1,hi-roman
abe suar ki aulad,1,hi-roman
abe suar ki aulad hai,1,hi-roman
abe suar ki aulad ho,1,hi-roman
abe suar ki aulad tha,1,hi-roman
abe suar ki aulad hain,1,hi-roman
abe suar ki aulad aadmi,1,hi-roman
abe suar ki aulad insaan,1,hi-roman
abe suar ki aulad saale,1,hi-roman
abe suar ki aulad kutte,1,hi-roman
abe suar ki aulad yaar,1,hi-roman
oye suar ki aulad,1,hi-roman
oye suar ki aulad hai,1,hi-roman
oye suar ki aulad ho,1,hi-roman
oye suar ki aulad tha,1,hi-roman
oye suar ki aulad hain,1,hi-roman
oye suar ki aulad aadmi,1,hi-roman
oye suar ki aulad insaan,1,hi-roman
oye suar ki aulad saale,1,hi-roman
oye suar ki aulad kutte,1,hi-roman
oye suar ki aulad yaar,1,hi-roman
are suar ki aulad,1,hi-roman
are suar ki aulad hai,1,hi-roman
are suar ki aulad ho,1,hi-roman
are suar ki aulad tha,1,hi-roman
are suar ki aulad hain,1,hi-roman
are suar ki aulad aadmi,1,hi-roman
are suar ki aulad insaan,1,hi-roman
are suar ki aulad saale,1,hi-roman
are suar ki aulad kutte,1,hi-roman
are suar ki aulad yaar,1,hi-roman
sun suar ki aulad,1,hi-roman
sun suar ki aulad hai,1,hi-roman
sun suar ki aulad ho,1,hi-roman
sun suar ki aulad tha,1,hi-roman
sun suar ki aulad hain,1,hi-roman
sun suar ki aulad aadmi,1,hi-roman
sun suar ki aulad insaan,1,hi-roman
sun suar ki aulad saale,1,hi-roman
sun suar ki aulad kutte,1,hi-roman
sun suar ki aulad yaar,1,hi-roman
dekh suar ki aulad,1,hi-roman
dekh suar ki aulad hai,1,hi-roman
dekh suar ki aulad ho,1,hi-roman
dekh suar ki aulad tha,1,hi-roman
dekh suar ki aulad hain,1,hi-roman
dekh suar ki aulad aadmi,1,hi-roman
dekh suar ki aulad insaan,1,hi-roman
dekh suar ki aulad saale,1,hi-roman
dekh suar ki aulad kutte,1,hi-roman
dekh suar ki aulad yaar,1,hi-roman
bakchod,1,hi-roman
bakchod hai,1,hi-roman
bakchod ho,1,hi-roman
bakchod tha,1,hi-roman
bakchod hain,1,hi-roman
bakchod aadmi,1,hi-roman
bakchod insaan,1,hi-roman
bakchod saale,1,hi-roman
bakchod kutte,1,hi-roman
bakchod yaar,1,hi-roman
tu bakchod,1,hi-roman
tu bakchod hai,1,hi-roman
tu bakchod ho,1,hi-roman
tu bakchod tha,1,hi-roman
tu bakchod hain,1,hi-roman
tu bakchod aadmi,1,hi-roman
tu bakchod insaan,1,hi-roman
tu bakchod saale,1,hi-roman
tu bakchod kutte,1,hi-roman
tu bakchod yaar,1,hi-roman
tum bakchod,1,hi-roman
tum bakchod hai,1,hi-roman
tum bakchod ho,1,hi-roman
tum bakchod tha,1,hi-roman
tum bakchod hain,1,hi-roman
tum bakchod aadmi,1,hi-roman
tum bakchod insaan,1,hi-roman
tum bakchod saale,1,hi-roman
tum bakchod kutte,1,hi-roman
tum bakchod yaar,1,hi-roman
abe bakchod,1,hi-roman
abe bakchod hai,1,hi-roman
abe bakchod ho,1,hi-roman
abe bakchod tha,1,hi-roman
abe bakchod hain,1,hi-roman
abe bakchod aadmi,1,hi-roman
abe bakchod insaan,1,hi-roman
abe bakchod saale,1,hi-roman
abe bakchod kutte,1,hi-roman
abe bakchod yaar,1,hi-roman
oye bakchod,1,hi-roman
oye bakchod hai,1,hi-roman
oye bakchod ho,1,hi-roman
oye bakchod tha,1,hi-roman
oye bakchod hain,1,hi-roman
oye bakchod aadmi,1,hi-roman
oye bakchod insaan,1,hi-roman
oye bakchod saale,1,hi-roman
oye bakchod kutte,1,hi-roman
oye bakchod yaar,1,hi-roman
are bakchod,1,hi-roman
are bakchod hai,1,hi-roman
are bakchod ho,1,hi-roman
are bakchod tha,1,hi-roman
are bakchod hain,1,hi-roman
are bakchod aadmi,1,hi-roman
are bakchod insaan,1,hi-roman
are bakchod saale,1,hi-roman
are bakchod kutte,1,hi-roman
are bakchod yaar,1,hi-roman
sun bakchod,1,hi-roman
sun bakchod hai,1,hi-roman
sun bakchod ho,1,hi-roman
sun bakchod tha,1,hi-roman
sun bakchod hain,1,hi-roman
sun bakchod aadmi,1,hi-roman
sun bakchod insaan,1,hi-roman
sun bakchod saale,1,hi-roman
sun bakchod kutte,1,hi-roman
sun bakchod yaar,1,hi-roman
dekh bakchod,1,hi-roman
dekh bakchod hai,1,hi-roman
dekh bakchod ho,1,hi-roman
dekh bakchod tha,1,hi-roman
dekh bakchod hain,1,hi-roman
dekh bakchod aadmi,1,hi-roman
dekh bakchod insaan,1,hi-roman
dekh bakchod saale,1,hi-roman
dekh bakchod kutte,1,hi-roman
dekh bakchod yaar,1,hi-roman
bakchodi,1,hi-roman
bakchodi hai,1,hi-roman
bakchodi ho,1,hi-roman
bakchodi tha,1,hi-roman
bakchodi hain,1,hi-roman
bakchodi aadmi,1,hi-roman
bakchodi insaan,1,hi-roman
bakchodi saale,1,hi-roman
bakchodi kutte,1,hi-roman
bakchodi yaar,1,hi-roman
tu bakchodi,1,hi-roman
tu bakchodi hai,1,hi-roman
tu bakchodi ho,1,hi-roman
tu bakchodi tha,1,hi-roman
tu bakchodi hain,1,hi-roman
tu bakchodi aadmi,1,hi-roman
tu bakchodi insaan,1,hi-roman
tu bakchodi saale,1,hi-roman
tu bakchodi kutte,1,hi-roman
tu bakchodi yaar,1,hi-roman
tum bakchodi,1,hi-roman
tum bakchodi hai,1,hi-roman
tum bakchodi ho,1,hi-roman
tum bakchodi tha,1,hi-roman
tum bakchodi hain,1,hi-roman
tum bakchodi aadmi,1,hi-roman
tum bakchodi insaan,1,hi-roman
tum bakchodi saale,1,hi-roman
tum bakchodi kutte,1,hi-roman
tum bakchodi yaar,1,hi-roman
abe bakchodi,1,hi-roman
abe bakchodi hai,1,hi-roman
abe bakchodi ho,1,hi-roman
abe bakchodi tha,1,hi-roman
abe bakchodi hain,1,hi-roman
abe bakchodi aadmi,1,hi-roman
abe bakchodi insaan,1,hi-roman
abe bakchodi saale,1,hi-roman
abe bakchodi kutte,1,hi-roman
abe bakchodi yaar,1,hi-roman
oye bakchodi,1,hi-roman
oye bakchodi hai,1,hi-roman
oye bakchodi ho,1,hi-roman
oye bakchodi tha,1,hi-roman
oye bakchodi hain,1,hi-roman
oye bakchodi aadmi,1,hi-roman
oye bakchodi insaan,1,hi-roman
oye bakchodi saale,1,hi-roman
oye bakchodi kutte,1,hi-roman
oye bakchodi yaar,1,hi-roman
are bakchodi,1,hi-roman
are bakchodi hai,1,hi-roman
are bakchodi ho,1,hi-roman
are bakchodi tha,1,hi-roman
are bakchodi hain,1,hi-roman
are bakchodi aadmi,1,hi-roman
are bakchodi insaan,1,hi-roman
are bakchodi saale,1,hi-roman
are bakchodi kutte,1,hi-roman
are bakchodi yaar,1,hi-roman
sun bakchodi,1,hi-roman
sun bakchodi hai,1,hi-roman
sun bakchodi ho,1,hi-roman
sun bakchodi tha,1,hi-roman
sun bakchodi hain,1,hi-roman
sun bakchodi aadmi,1,hi-roman
sun bakchodi insaan,1,hi-roman
sun bakchodi saale,1,hi-roman
sun bakchodi kutte,1,hi-roman
sun bakchodi yaar,1,hi-roman
dekh bakchodi,1,hi-roman
dekh bakchodi hai,1,hi-roman
dekh bakchodi ho,1,hi-roman
dekh bakchodi tha,1,hi-roman
dekh bakchodi hain,1,hi-roman
dekh bakchodi aadmi,1,hi-roman
dekh bakchodi insaan,1,hi-roman
dekh bakchodi saale,1,hi-roman
dekh bakchodi kutte,1,hi-roman
dekh bakchodi yaar,1,hi-roman
bhadwa,1,hi-roman
bhadwa hai,1,hi-roman
bhadwa ho,1,hi-roman
bhadwa tha,1,hi-roman
bhadwa hain,1,hi-roman
bhadwa aadmi,1,hi-roman
bhadwa insaan,1,hi-roman
bhadwa saale,1,hi-roman
bhadwa kutte,1,hi-roman
bhadwa yaar,1,hi-roman
tu bhadwa,1,hi-roman
tu bhadwa hai,1,hi-roman
tu bhadwa ho,1,hi-roman
tu bhadwa tha,1,hi-roman
tu bhadwa hain,1,hi-roman
tu bhadwa aadmi,1,hi-roman
tu bhadwa insaan,1,hi-roman
tu bhadwa saale,1,hi-roman
tu bhadwa kutte,1,hi-roman
tu bhadwa yaar,1,hi-roman
tum bhadwa,1,hi-roman
tum bhadwa hai,1,hi-roman
tum bhadwa ho,1,hi-roman
tum bhadwa tha,1,hi-roman
tum bhadwa hain,1,hi-roman
tum bhadwa aadmi,1,hi-roman
tum bhadwa insaan,1,hi-roman
tum bhadwa saale,1,hi-roman
tum bhadwa kutte,1,hi-roman
tum bhadwa yaar,1,hi-roman
abe bhadwa,1,hi-roman
abe bhadwa hai,1,hi-roman
abe bhadwa ho,1,hi-roman
abe bhadwa tha,1,hi-roman
abe bhadwa hain,1,hi-roman
abe bhadwa aadmi,1,hi-roman
abe bhadwa insaan,1,hi-roman
abe bhadwa saale,1,hi-roman
abe bhadwa kutte,1,hi-roman
abe bhadwa yaar,1,hi-roman
oye bhadwa,1,hi-roman
oye bhadwa hai,1,hi-roman
oye bhadwa ho,1,hi-roman
oye bhadwa tha,1,hi-roman
oye bhadwa hain,1,hi-roman
oye bhadwa aadmi,1,hi-roman
oye bhadwa insaan,1,hi-roman
oye bhadwa saale,1,hi-roman
oye bhadwa kutte,1,hi-roman
oye bhadwa yaar,1,hi-roman
are bhadwa,1,hi-roman
are bhadwa hai,1,hi-roman
are bhadwa ho,1,hi-roman
are bhadwa tha,1,hi-roman
are bhadwa hain,1,hi-roman
are bhadwa aadmi,1,hi-roman
are bhadwa insaan,1,hi-roman
are bhadwa saale,1,hi-roman
are bhadwa kutte,1,hi-roman
are bhadwa yaar,1,hi-roman
sun bhadwa,1,hi-roman
sun bhadwa hai,1,hi-roman
sun bhadwa ho,1,hi-roman
sun bhadwa tha,1,hi-roman
sun bhadwa hain,1,hi-roman
sun bhadwa aadmi,1,hi-roman
sun bhadwa insaan,1,hi-roman
sun bhadwa saale,1,hi-roman
sun bhadwa kutte,1,hi-roman
sun bhadwa yaar,1,hi-roman
dekh bhadwa,1,hi-roman
dekh bhadwa hai,1,hi-roman
dekh bhadwa ho,1,hi-roman
dekh bhadwa tha,1,hi-roman
dekh bhadwa hain,1,hi-roman
dekh bhadwa aadmi,1,hi-roman
dekh bhadwa insaan,1,hi-roman
dekh bhadwa saale,1,hi-roman
dekh bhadwa kutte,1,hi-roman
dekh bhadwa yaar,1,hi-roman
bhadwe,1,hi-roman
bhadwe hai,1,hi-roman
bhadwe ho,1,hi-roman
bhadwe tha,1,hi-roman
bhadwe hain,1,hi-roman
bhadwe aadmi,1,hi-roman
bhadwe insaan,1,hi-roman
bhadwe saale,1,hi-roman
bhadwe kutte,1,hi-roman
bhadwe yaar,1,hi-roman
tu bhadwe,1,hi-roman
tu bhadwe hai,1,hi-roman
tu bhadwe ho,1,hi-roman
tu bhadwe tha,1,hi-roman
tu bhadwe hain,1,hi-roman
tu bhadwe aadmi,1,hi-roman
tu bhadwe insaan,1,hi-roman
tu bhadwe saale,1,hi-roman
tu bhadwe kutte,1,hi-roman
tu bhadwe yaar,1,hi-roman
tum bhadwe,1,hi-roman
tum bhadwe hai,1,hi-roman
tum bhadwe ho,1,hi-roman
tum bhadwe tha,1,hi-roman
tum bhadwe hain,1,hi-roman
tum bhadwe aadmi,1,hi-roman
tum bhadwe insaan,1,hi-roman
tum bhadwe saale,1,hi-roman
tum bhadwe kutte,1,hi-roman
tum bhadwe yaar,1,hi-roman
abe bhadwe,1,hi-roman
abe bhadwe hai,1,hi-roman
abe bhadwe ho,1,hi-roman
abe bhadwe tha,1,hi-roman
abe bhadwe hain,1,hi-roman
abe bhadwe aadmi,1,hi-roman
abe bhadwe insaan,1,hi-roman
abe bhadwe saale,1,hi-roman
abe bhadwe kutte,1,hi-roman
abe bhadwe yaar,1,hi-roman
oye bhadwe,1,hi-roman
oye bhadwe hai,1,hi-roman
oye bhadwe ho,1,hi-roman
oye bhadwe tha,1,hi-roman
oye bhadwe hain,1,hi-roman
oye bhadwe aadmi,1,hi-roman
oye bhadwe insaan,1,hi-roman
oye bhadwe saale,1,hi-roman
oye bhadwe kutte,1,hi-roman
oye bhadwe yaar,1,hi-roman
are bhadwe,1,hi-roman
are bhadwe hai,1,hi-roman
are bhadwe ho,1,hi-roman
are bhadwe tha,1,hi-roman
are bhadwe hain,1,hi-roman
are bhadwe aadmi,1,hi-roman
are bhadwe insaan,1,hi-roman
are bhadwe saale,1,hi-roman
are bhadwe kutte,1,hi-roman
are bhadwe yaar,1,hi-roman
sun bhadwe,1,hi-roman
sun bhadwe hai,1,hi-roman
sun bhadwe ho,1,hi-roman
sun bhadwe tha,1,hi-roman
sun bhadwe hain,1,hi-roman
sun bhadwe aadmi,1,hi-roman
sun bhadwe insaan,1,hi-roman
sun bhadwe saale,1,hi-roman
sun bhadwe kutte,1,hi-roman
sun bhadwe yaar,1,hi-roman
dekh bhadwe,1,hi-roman
dekh bhadwe hai,1,hi-roman
dekh bhadwe ho,1,hi-roman
dekh bhadwe tha,1,hi-roman
dekh bhadwe hain,1,hi-roman
dekh bhadwe aadmi,1,hi-roman
dekh bhadwe insaan,1,hi-roman
dekh bhadwe saale,1,hi-roman
dekh bhadwe kutte,1,hi-roman
dekh bhadwe yaar,1,hi-roman
bhadwa aadmi hai,1,hi-roman
bhadwa aadmi ho,1,hi-roman
bhadwa aadmi tha,1,hi-roman
bhadwa aadmi hain,1,hi-roman
bhadwa aadmi aadmi,1,hi-roman
bhadwa aadmi insaan,1,hi-roman
bhadwa aadmi saale,1,hi-roman
bhadwa aadmi kutte,1,hi-roman
bhadwa aadmi yaar,1,hi-roman
tu bhadwa aadmi hai,1,hi-roman
tu bhadwa aadmi ho,1,hi-roman
tu bhadwa aadmi tha,1,hi-roman
tu bhadwa aadmi hain,1,hi-roman
tu bhadwa aadmi aadmi,1,hi-roman
tu bhadwa aadmi insaan,1,hi-roman
tu bhadwa aadmi saale,1,hi-roman
tu bhadwa aadmi kutte,1,hi-roman
tu bhadwa aadmi yaar,1,hi-roman
tum bhadwa aadmi hai,1,hi-roman
tum bhadwa aadmi ho,1,hi-roman
tum bhadwa aadmi tha,1,hi-roman
tum bhadwa aadmi hain,1,hi-roman
tum bhadwa aadmi aadmi,1,hi-roman
tum bhadwa aadmi insaan,1,hi-roman
tum bhadwa aadmi saale,1,hi-roman
tum bhadwa aadmi kutte,1,hi-roman
tum bhadwa aadmi yaar,1,hi-roman
abe bhadwa aadmi hai,1,hi-roman
abe bhadwa aadmi ho,1,hi-roman
abe bhadwa aadmi tha,1,hi-roman
abe bhadwa aadmi hain,1,hi-roman
abe bhadwa aadmi aadmi,1,hi-roman
abe bhadwa aadmi insaan,1,hi-roman
abe bhadwa aadmi saale,1,hi-roman
abe bhadwa aadmi kutte,1,hi-roman
abe bhadwa aadmi yaar,1,hi-roman
oye bhadwa aadmi hai,1,hi-roman
oye bhadwa aadmi ho,1,hi-roman
oye bhadwa aadmi tha,1,hi-roman
oye bhadwa aadmi hain,1,hi-roman
oye bhadwa aadmi aadmi,1,hi-roman
oye bhadwa aadmi insaan,1,hi-roman
oye bhadwa aadmi saale,1,hi-roman
oye bhadwa aadmi kutte,1,hi-roman
oye bhadwa aadmi yaar,1,hi-roman
are bhadwa aadmi hai,1,hi-roman
are bhadwa aadmi ho,1,hi-roman
are bhadwa aadmi tha,1,hi-roman
are bhadwa aadmi hain,1,hi-roman
are bhadwa aadmi aadmi,1,hi-roman
are bhadwa aadmi insaan,1,hi-roman
are bhadwa aadmi saale,1,hi-roman
are bhadwa aadmi kutte,1,hi-roman
are bhadwa aadmi yaar,1,hi-roman
sun bhadwa aadmi hai,1,hi-roman
sun bhadwa aadmi ho,1,hi-roman
sun bhadwa aadmi tha,1,hi-roman
sun bhadwa aadmi hain,1,hi-roman
sun bhadwa aadmi aadmi,1,hi-roman
sun bhadwa aadmi insaan,1,hi-roman
sun bhadwa aadmi saale,1,hi-roman
sun bhadwa aadmi kutte,1,hi-roman
sun bhadwa aadmi yaar,1,hi-roman
dekh bhadwa aadmi hai,1,hi-roman
dekh bhadwa aadmi ho,1,hi-roman
dekh bhadwa aadmi tha,1,hi-roman
dekh bhadwa aadmi hain,1,hi-roman
dekh bhadwa aadmi aadmi,1,hi-roman
dekh bhadwa aadmi insaan,1,hi-roman
dekh bhadwa aadmi saale,1,hi-roman
dekh bhadwa aadmi kutte,1,hi-roman
dekh bhadwa aadmi yaar,1,hi-roman
chinal,1,hi-roman
chinal hai,1,hi-roman
chinal ho,1,hi-roman
chinal tha,1,hi-roman
chinal hain,1,hi-roman
chinal aadmi,1,hi-roman
chinal insaan,1,hi-roman
chinal saale,1,hi-roman
chinal kutte,1,hi-roman
chinal yaar,1,hi-roman
tu chinal,1,hi-roman
tu chinal hai,1,hi-roman
tu chinal ho,1,hi-roman
tu chinal tha,1,hi-roman
tu chinal hain,1,hi-roman
tu chinal aadmi,1,hi-roman
tu chinal insaan,1,hi-roman
tu chinal saale,1,hi-roman
tu chinal kutte,1,hi-roman
tu chinal yaar,1,hi-roman
tum chinal,1,hi-roman
tum chinal hai,1,hi-roman
tum chinal ho,1,hi-roman
tum chinal tha,1,hi-roman
tum chinal hain,1,hi-roman
tum chinal aadmi,1,hi-roman
tum chinal insaan,1,hi-roman
tum chinal saale,1,hi-roman
tum chinal kutte,1,hi-roman
tum chinal yaar,1,hi-roman
abe chinal,1,hi-roman
abe chinal hai,1,hi-roman
abe chinal ho,1,hi-roman
abe chinal tha,1,hi-roman
abe chinal hain,1,hi-roman
abe chinal aadmi,1,hi-roman
abe chinal insaan,1,hi-roman
abe chinal saale,1,hi-roman
abe chinal kutte,1,hi-roman
abe chinal yaar,1,hi-roman
oye chinal,1,hi-roman
oye chinal hai,1,hi-roman
oye chinal ho,1,hi-roman
oye chinal tha,1,hi-roman
oye chinal hain,1,hi-roman
oye chinal aadmi,1,hi-roman
oye chinal insaan,1,hi-roman
oye chinal saale,1,hi-roman
oye chinal kutte,1,hi-roman
oye chinal yaar,1,hi-roman
are chinal,1,hi-roman
are chinal hai,1,hi-roman
are chinal ho,1,hi-roman
are chinal tha,1,hi-roman
are chinal hain,1,hi-roman
are chinal aadmi,1,hi-roman
are chinal insaan,1,hi-roman
are chinal saale,1,hi-roman
are chinal kutte,1,hi-roman
are chinal yaar,1,hi-roman
sun chinal,1,hi-roman
sun chinal hai,1,hi-roman
sun chinal ho,1,hi-roman
sun chinal tha,1,hi-roman
sun chinal hain,1,hi-roman
sun chinal aadmi,1,hi-roman
sun chinal insaan,1,hi-roman
sun chinal saale,1,hi-roman
sun chinal kutte,1,hi-roman
sun chinal yaar,1,hi-roman
dekh chinal,1,hi-roman
dekh chinal hai,1,hi-roman
dekh chinal ho,1,hi-roman
dekh chinal tha,1,hi-roman
dekh chinal hain,1,hi-roman
dekh chinal aadmi,1,hi-roman
dekh chinal insaan,1,hi-roman
dekh chinal saale,1,hi-roman
dekh chinal kutte,1,hi-roman
dekh chinal yaar,1,hi-roman
chinalpan,1,hi-roman
chinalpan hai,1,hi-roman
chinalpan ho,1,hi-roman
chinalpan tha,1,hi-roman
chinalpan hain,1,hi-roman
chinalpan aadmi,1,hi-roman
chinalpan insaan,1,hi-roman
chinalpan saale,1,hi-roman
chinalpan kutte,1,hi-roman
chinalpan yaar,1,hi-roman
tu chinalpan,1,hi-roman
tu chinalpan hai,1,hi-roman
tu chinalpan ho,1,hi-roman
tu chinalpan tha,1,hi-roman
tu chinalpan hain,1,hi-roman
tu chinalpan aadmi,1,hi-roman
tu chinalpan insaan,1,hi-roman
tu chinalpan saale,1,hi-roman
tu chinalpan kutte,1,hi-roman
tu chinalpan yaar,1,hi-roman
tum chinalpan,1,hi-roman
tum chinalpan hai,1,hi-roman
tum chinalpan ho,1,hi-roman
tum chinalpan tha,1,hi-roman
tum chinalpan hain,1,hi-roman
tum chinalpan aadmi,1,hi-roman
tum chinalpan insaan,1,hi-roman
tum chinalpan saale,1,hi-roman
tum chinalpan kutte,1,hi-roman
tum chinalpan yaar,1,hi-roman
abe chinalpan,1,hi-roman
abe chinalpan hai,1,hi-roman
abe chinalpan ho,1,hi-roman
abe chinalpan tha,1,hi-roman
abe chinalpan hain,1,hi-roman
abe chinalpan aadmi,1,hi-roman
abe chinalpan insaan,1,hi-roman
abe chinalpan saale,1,hi-roman
abe chinalpan kutte,1,hi-roman
abe chinalpan yaar,1,hi-roman
oye chinalpan,1,hi-roman
oye chinalpan hai,1,hi-roman
oye chinalpan ho,1,hi-roman
oye chinalpan tha,1,hi-roman
oye chinalpan hain,1,hi-roman
oye chinalpan aadmi,1,hi-roman
oye chinalpan insaan,1,hi-roman
oye chinalpan saale,1,hi-roman
oye chinalpan kutte,1,hi-roman
oye chinalpan yaar,1,hi-roman
are chinalpan,1,hi-roman
are chinalpan hai,1,hi-roman
are chinalpan ho,1,hi-roman
are chinalpan tha,1,hi-roman
are chinalpan hain,1,hi-roman
are chinalpan aadmi,1,hi-roman
are chinalpan insaan,1,hi-roman
are chinalpan saale,1,hi-roman
are chinalpan kutte,1,hi-roman
are chinalpan yaar,1,hi-roman
sun chinalpan,1,hi-roman
sun chinalpan hai,1,hi-roman
sun chinalpan ho,1,hi-roman
sun chinalpan tha,1,hi-roman
sun chinalpan hain,1,hi-roman
sun chinalpan aadmi,1,hi-roman
sun chinalpan insaan,1,hi-roman
sun chinalpan saale,1,hi-roman
sun chinalpan kutte,1,hi-roman
sun chinalpan yaar,1,hi-roman
dekh chinalpan,1,hi-roman
dekh chinalpan hai,1,hi-roman
dekh chinalpan ho,1,hi-roman
dekh chinalpan tha,1,hi-roman
dekh chinalpan hain,1,hi-roman
dekh chinalpan aadmi,1,hi-roman
dekh chinalpan insaan,1,hi-roman
dekh chinalpan saale,1,hi-roman
dekh chinalpan kutte,1,hi-roman
dekh chinalpan yaar,1,hi-roman
dalal,1,hi-roman
dalal hai,1,hi-roman
dalal ho,1,hi-roman
dalal tha,1,hi-roman
dalal hain,1,hi-roman
dalal aadmi,1,hi-roman
dalal insaan,1,hi-roman
dalal saale,1,hi-roman
dalal kutte,1,hi-roman
dalal yaar,1,hi-roman
tu dalal,1,hi-roman
tu dalal hai,1,hi-roman
tu dalal ho,1,hi-roman
tu dalal tha,1,hi-roman
tu dalal hain,1,hi-roman
tu dalal aadmi,1,hi-roman
tu dalal insaan,1,hi-roman
tu dalal saale,1,hi-roman
tu dalal kutte,1,hi-roman
tu dalal yaar,1,hi-roman
tum dalal,1,hi-roman
tum dalal hai,1,hi-roman
tum dalal ho,1,hi-roman
tum dalal tha,1,hi-roman
tum dalal hain,1,hi-roman
tum dalal aadmi,1,hi-roman
tum dalal insaan,1,hi-roman
tum dalal saale,1,hi-roman
tum dalal kutte,1,hi-roman
tum dalal yaar,1,hi-roman
abe dalal,1,hi-roman
abe dalal hai,1,hi-roman
abe dalal ho,1,hi-roman
abe dalal tha,1,hi-roman
abe dalal hain,1,hi-roman
abe dalal aadmi,1,hi-roman
abe dalal insaan,1,hi-roman
abe dalal saale,1,hi-roman
abe dalal kutte,1,hi-roman
abe dalal yaar,1,hi-roman
oye dalal,1,hi-roman
oye dalal hai,1,hi-roman
oye dalal ho,1,hi-roman
oye dalal tha,1,hi-roman
oye dalal hain,1,hi-roman
oye dalal aadmi,1,hi-roman
oye dalal insaan,1,hi-roman
oye dalal saale,1,hi-roman
oye dalal kutte,1,hi-roman
oye dalal yaar,1,hi-roman
are dalal,1,hi-roman
are dalal hai,1,hi-roman
are dalal ho,1,hi-roman
are dalal tha,1,hi-roman
are dalal hain,1,hi-roman
are dalal aadmi,1,hi-roman
are dalal insaan,1,hi-roman
are dalal saale,1,hi-roman
are dalal kutte,1,hi-roman
are dalal yaar,1,hi-roman
sun dalal,1,hi-roman
sun dalal hai,1,hi-roman
sun dalal ho,1,hi-roman
sun dalal tha,1,hi-roman
sun dalal hain,1,hi-roman
sun dalal aadmi,1,hi-roman
sun dalal insaan,1,hi-roman
sun dalal saale,1,hi-roman
sun dalal kutte,1,hi-roman
sun dalal yaar,1,hi-roman
dekh dalal,1,hi-roman
dekh dalal hai,1,hi-roman
dekh dalal ho,1,hi-roman
dekh dalal tha,1,hi-roman
dekh dalal hain,1,hi-roman
dekh dalal aadmi,1,hi-roman
dekh dalal insaan,1,hi-roman
dekh dalal saale,1,hi-roman
dekh dalal kutte,1,hi-roman
dekh dalal yaar,1,hi-roman
dalali,1,hi-roman
dalali hai,1,hi-roman
dalali ho,1,hi-roman
dalali tha,1,hi-roman
dalali hain,1,hi-roman
dalali aadmi,1,hi-roman
dalali insaan,1,hi-roman
dalali saale,1,hi-roman
dalali kutte,1,hi-roman
dalali yaar,1,hi-roman
tu dalali,1,hi-roman
tu dalali hai,1,hi-roman
tu dalali ho,1,hi-roman
tu dalali tha,1,hi-roman
tu dalali hain,1,hi-roman
tu dalali aadmi,1,hi-roman
tu dalali insaan,1,hi-roman
tu dalali saale,1,hi-roman
tu dalali kutte,1,hi-roman
tu dalali yaar,1,hi-roman
tum dalali,1,hi-roman
tum dalali hai,1,hi-roman
tum dalali ho,1,hi-roman
tum dalali tha,1,hi-roman
tum dalali hain,1,hi-roman
tum dalali aadmi,1,hi-roman
tum dalali insaan,1,hi-roman
tum dalali saale,1,hi-roman
tum dalali kutte,1,hi-roman
tum dalali yaar,1,hi-roman
abe dalali,1,hi-roman
abe dalali hai,1,hi-roman
abe dalali ho,1,hi-roman
abe dalali tha,1,hi-roman
abe dalali hain,1,hi-roman
abe dalali aadmi,1,hi-roman
abe dalali insaan,1,hi-roman
abe dalali saale,1,hi-roman
abe dalali kutte,1,hi-roman
abe dalali yaar,1,hi-roman
oye dalali,1,hi-roman
oye dalali hai,1,hi-roman
oye dalali ho,1,hi-roman
oye dalali tha,1,hi-roman
oye dalali hain,1,hi-roman
oye dalali aadmi,1,hi-roman
oye dalali insaan,1,hi-roman
oye dalali saale,1,hi-roman
oye dalali kutte,1,hi-roman
oye dalali yaar,1,hi-roman
are dalali,1,hi-roman
are dalali hai,1,hi-roman
are dalali ho,1,hi-roman
are dalali tha,1,hi-roman
are dalali hain,1,hi-roman
are dalali aadmi,1,hi-roman
are dalali insaan,1,hi-roman
are dalali saale,1,hi-roman
are dalali kutte,1,hi-roman
are dalali yaar,1,hi-roman
sun dalali,1,hi-roman
sun dalali hai,1,hi-roman
sun dalali ho,1,hi-roman
sun dalali tha,1,hi-roman
sun dalali hain,1,hi-roman
sun dalali aadmi,1,hi-roman
sun dalali insaan,1,hi-roman
sun dalali saale,1,hi-roman
sun dalali kutte,1,hi-roman
sun dalali yaar,1,hi-roman
dekh dalali,1,hi-roman
dekh dalali hai,1,hi-roman
dekh dalali ho,1,hi-roman
dekh dalali tha,1,hi-roman
dekh dalali hain,1,hi-roman
dekh dalali aadmi,1,hi-roman
dekh dalali insaan,1,hi-roman
dekh dalali saale,1,hi-roman
dekh dalali kutte,1,hi-roman
dekh dalali yaar,1,hi-roman
chapri,1,hi-roman
chapri hai,1,hi-roman
chapri ho,1,hi-roman
chapri tha,1,hi-roman
chapri hain,1,hi-roman
chapri aadmi,1,hi-roman
chapri insaan,1,hi-roman
chapri saale,1,hi-roman
chapri kutte,1,hi-roman
chapri yaar,1,hi-roman
tu chapri,1,hi-roman
tu chapri hai,1,hi-roman
tu chapri ho,1,hi-roman
tu chapri tha,1,hi-roman
tu chapri hain,1,hi-roman
tu chapri aadmi,1,hi-roman
tu chapri insaan,1,hi-roman
tu chapri saale,1,hi-roman
tu chapri kutte,1,hi-roman
tu chapri yaar,1,hi-roman
tum chapri,1,hi-roman
tum chapri hai,1,hi-roman
tum chapri ho,1,hi-roman
tum chapri tha,1,hi-roman
tum chapri hain,1,hi-roman
tum chapri aadmi,1,hi-roman
tum chapri insaan,1,hi-roman
tum chapri saale,1,hi-roman
tum chapri kutte,1,hi-roman
tum chapri yaar,1,hi-roman
abe chapri,1,hi-roman
abe chapri hai,1,hi-roman
abe chapri ho,1,hi-roman
abe chapri tha,1,hi-roman
abe chapri hain,1,hi-roman
abe chapri aadmi,1,hi-roman
abe chapri insaan,1,hi-roman
abe chapri saale,1,hi-roman
abe chapri kutte,1,hi-roman
abe chapri yaar,1,hi-roman
oye chapri,1,hi-roman
oye chapri hai,1,hi-roman
oye chapri ho,1,hi-roman
oye chapri tha,1,hi-roman
oye chapri hain,1,hi-roman
oye chapri aadmi,1,hi-roman
oye chapri insaan,1,hi-roman
oye chapri saale,1,hi-roman
oye chapri kutte,1,hi-roman
oye chapri yaar,1,hi-roman
are chapri,1,hi-roman
are chapri hai,1,hi-roman
are chapri ho,1,hi-roman
are chapri tha,1,hi-roman
are chapri hain,1,hi-roman
are chapri aadmi,1,hi-roman
are chapri insaan,1,hi-roman
are chapri saale,1,hi-roman
are chapri kutte,1,hi-roman
are chapri yaar,1,hi-roman
sun chapri,1,hi-roman
sun chapri hai,1,hi-roman
sun chapri ho,1,hi-roman
sun chapri tha,1,hi-roman
sun chapri hain,1,hi-roman
sun chapri aadmi,1,hi-roman
sun chapri insaan,1,hi-roman
sun chapri saale,1,hi-roman
sun chapri kutte,1,hi-roman
sun chapri yaar,1,hi-roman
dekh chapri,1,hi-roman
dekh chapri hai,1,hi-roman
dekh chapri ho,1,hi-roman
dekh chapri tha,1,hi-roman
dekh chapri hain,1,hi-roman
dekh chapri aadmi,1,hi-roman
dekh chapri insaan,1,hi-roman
dekh chapri saale,1,hi-roman
dekh chapri kutte,1,hi-roman
dekh chapri yaar,1,hi-roman
chapri aadmi hai,1,hi-roman
chapri aadmi ho,1,hi-roman
chapri aadmi tha,1,hi-roman
chapri aadmi hain,1,hi-roman
chapri aadmi aadmi,1,hi-roman
chapri aadmi insaan,1,hi-roman
chapri aadmi saale,1,hi-roman
chapri aadmi kutte,1,hi-roman
chapri aadmi yaar,1,hi-roman
tu chapri aadmi hai,1,hi-roman
tu chapri aadmi ho,1,hi-roman
tu chapri aadmi tha,1,hi-roman
tu chapri aadmi hain,1,hi-roman
tu chapri aadmi aadmi,1,hi-roman
tu chapri aadmi insaan,1,hi-roman
tu chapri aadmi saale,1,hi-roman
tu chapri aadmi kutte,1,hi-roman
tu chapri aadmi yaar,1,hi-roman
tum chapri aadmi hai,1,hi-roman
tum chapri aadmi ho,1,hi-roman
tum chapri aadmi tha,1,hi-roman
tum chapri aadmi hain,1,hi-roman
tum chapri aadmi aadmi,1,hi-roman
tum chapri aadmi insaan,1,hi-roman
tum chapri aadmi saale,1,hi-roman
tum chapri aadmi kutte,1,hi-roman
tum chapri aadmi yaar,1,hi-roman
abe chapri aadmi hai,1,hi-roman
abe chapri aadmi ho,1,hi-roman
abe chapri aadmi tha,1,hi-roman
abe chapri aadmi hain,1,hi-roman
abe chapri aadmi aadmi,1,hi-roman
abe chapri aadmi insaan,1,hi-roman
abe chapri aadmi saale,1,hi-roman
abe chapri aadmi kutte,1,hi-roman
abe chapri aadmi yaar,1,hi-roman
oye chapri aadmi hai,1,hi-roman
oye chapri aadmi ho,1,hi-roman
oye chapri aadmi tha,1,hi-roman
oye chapri aadmi hain,1,hi-roman
oye chapri aadmi aadmi,1,hi-roman
oye chapri aadmi insaan,1,hi-roman
oye chapri aadmi saale,1,hi-roman
oye chapri aadmi kutte,1,hi-roman
oye chapri aadmi yaar,1,hi-roman
are chapri aadmi hai,1,hi-roman
are chapri aadmi ho,1,hi-roman
are chapri aadmi tha,1,hi-roman
are chapri aadmi hain,1,hi-roman
are chapri aadmi aadmi,1,hi-roman
are chapri aadmi insaan,1,hi-roman
are chapri aadmi saale,1,hi-roman
are chapri aadmi kutte,1,hi-roman
are chapri aadmi yaar,1,hi-roman
sun chapri aadmi hai,1,hi-roman
sun chapri aadmi ho,1,hi-roman
sun chapri aadmi tha,1,hi-roman
sun chapri aadmi hain,1,hi-roman
sun chapri aadmi aadmi,1,hi-roman
sun chapri aadmi insaan,1,hi-roman
sun chapri aadmi saale,1,hi-roman
sun chapri aadmi kutte,1,hi-roman
sun chapri aadmi yaar,1,hi-roman
dekh chapri aadmi hai,1,hi-roman
dekh chapri aadmi ho,1,hi-roman
dekh chapri aadmi tha,1,hi-roman
dekh chapri aadmi hain,1,hi-roman
dekh chapri aadmi aadmi,1,hi-roman
dekh chapri aadmi insaan,1,hi-roman
dekh chapri aadmi saale,1,hi-roman
dekh chapri aadmi kutte,1,hi-roman
dekh chapri aadmi yaar,1,hi-roman
chapri ladka,1,hi-roman
chapri ladka hai,1,hi-roman
chapri ladka ho,1,hi-roman
chapri ladka tha,1,hi-roman
chapri ladka hain,1,hi-roman
chapri ladka aadmi,1,hi-roman
chapri ladka insaan,1,hi-roman
chapri ladka saale,1,hi-roman
chapri ladka kutte,1,hi-roman
chapri ladka yaar,1,hi-roman
tu chapri ladka,1,hi-roman
tu chapri ladka hai,1,hi-roman
tu chapri ladka ho,1,hi-roman
tu chapri ladka tha,1,hi-roman
tu chapri ladka hain,1,hi-roman
tu chapri ladka aadmi,1,hi-roman
tu chapri ladka insaan,1,hi-roman
tu chapri ladka saale,1,hi-roman
tu chapri ladka kutte,1,hi-roman
tu chapri ladka yaar,1,hi-roman
tum chapri ladka,1,hi-roman
tum chapri ladka hai,1,hi-roman
tum chapri ladka ho,1,hi-roman
tum chapri ladka tha,1,hi-roman
tum chapri ladka hain,1,hi-roman
tum chapri ladka aadmi,1,hi-roman
tum chapri ladka insaan,1,hi-roman
tum chapri ladka saale,1,hi-roman
tum chapri ladka kutte,1,hi-roman
tum chapri ladka yaar,1,hi-roman
abe chapri ladka,1,hi-roman
abe chapri ladka hai,1,hi-roman
abe chapri ladka ho,1,hi-roman
abe chapri ladka tha,1,hi-roman
abe chapri ladka hain,1,hi-roman
abe chapri ladka aadmi,1,hi-roman
abe chapri ladka insaan,1,hi-roman
abe chapri ladka saale,1,hi-roman
abe chapri ladka kutte,1,hi-roman
abe chapri ladka yaar,1,hi-roman
oye chapri ladka,1,hi-roman
oye chapri ladka hai,1,hi-roman
oye chapri ladka ho,1,hi-roman
oye chapri ladka tha,1,hi-roman
oye chapri ladka hain,1,hi-roman
oye chapri ladka aadmi,1,hi-roman
oye chapri ladka insaan,1,hi-roman
oye chapri ladka saale,1,hi-roman
oye chapri ladka kutte,1,hi-roman
oye chapri ladka yaar,1,hi-roman
are chapri ladka,1,hi-roman
are chapri ladka hai,1,hi-roman
are chapri ladka ho,1,hi-roman
are chapri ladka tha,1,hi-roman
are chapri ladka hain,1,hi-roman
are chapri ladka aadmi,1,hi-roman
are chapri ladka insaan,1,hi-roman
are chapri ladka saale,1,hi-roman
are chapri ladka kutte,1,hi-roman
are chapri ladka yaar,1,hi-roman
sun chapri ladka,1,hi-roman
sun chapri ladka hai,1,hi-roman
sun chapri ladka ho,1,hi-roman
sun chapri ladka tha,1,hi-roman
sun chapri ladka hain,1,hi-roman
sun chapri ladka aadmi,1,hi-roman
sun chapri ladka insaan,1,hi-roman
sun chapri ladka saale,1,hi-roman
sun chapri ladka kutte,1,hi-roman
sun chapri ladka yaar,1,hi-roman
dekh chapri ladka,1,hi-roman
dekh chapri ladka hai,1,hi-roman
dekh chapri ladka ho,1,hi-roman
dekh chapri ladka tha,1,hi-roman
dekh chapri ladka hain,1,hi-roman
dekh chapri ladka aadmi,1,hi-roman
dekh chapri ladka insaan,1,hi-roman
dekh chapri ladka saale,1,hi-roman
dekh chapri ladka kutte,1,hi-roman
dekh chapri ladka yaar,1,hi-roman
chapri ladki,1,hi-roman
chapri ladki hai,1,hi-roman
chapri ladki ho,1,hi-roman
chapri ladki tha,1,hi-roman
chapri ladki hain,1,hi-roman
chapri ladki aadmi,1,hi-roman
chapri ladki insaan,1,hi-roman
chapri ladki saale,1,hi-roman
chapri ladki kutte,1,hi-roman
chapri ladki yaar,1,hi-roman
tu chapri ladki,1,hi-roman
tu chapri ladki hai,1,hi-roman
tu chapri ladki ho,1,hi-roman
tu chapri ladki tha,1,hi-roman
tu chapri ladki hain,1,hi-roman
tu chapri ladki aadmi,1,hi-roman
tu chapri ladki insaan,1,hi-roman
tu chapri ladki saale,1,hi-roman
tu chapri ladki kutte,1,hi-roman
tu chapri ladki yaar,1,hi-roman
tum chapri ladki,1,hi-roman
tum chapri ladki hai,1,hi-roman
tum chapri ladki ho,1,hi-roman
tum chapri ladki tha,1,hi-roman
tum chapri ladki hain,1,hi-roman
tum chapri ladki aadmi,1,hi-roman
tum chapri ladki insaan,1,hi-roman
tum chapri ladki saale,1,hi-roman
tum chapri ladki kutte,1,hi-roman
tum chapri ladki yaar,1,hi-roman
abe chapri ladki,1,hi-roman
abe chapri ladki hai,1,hi-roman
abe chapri ladki ho,1,hi-roman
abe chapri ladki tha,1,hi-roman
abe chapri ladki hain,1,hi-roman
abe chapri ladki aadmi,1,hi-roman
abe chapri ladki insaan,1,hi-roman
abe chapri ladki saale,1,hi-roman
abe chapri ladki kutte,1,hi-roman
abe chapri ladki yaar,1,hi-roman
oye chapri ladki,1,hi-roman
oye chapri ladki hai,1,hi-roman
oye chapri ladki ho,1,hi-roman
oye chapri ladki tha,1,hi-roman
oye chapri ladki hain,1,hi-roman
oye chapri ladki aadmi,1,hi-roman
oye chapri ladki insaan,1,hi-roman
oye chapri ladki saale,1,hi-roman
oye chapri ladki kutte,1,hi-roman
oye chapri ladki yaar,1,hi-roman
are chapri ladki,1,hi-roman
are chapri ladki hai,1,hi-roman
are chapri ladki ho,1,hi-roman
are chapri ladki tha,1,hi-roman
are chapri ladki hain,1,hi-roman
are chapri ladki aadmi,1,hi-roman
are chapri ladki insaan,1,hi-roman
are chapri ladki saale,1,hi-roman
are chapri ladki kutte,1,hi-roman
are chapri ladki yaar,1,hi-roman
sun chapri ladki,1,hi-roman
sun chapri ladki hai,1,hi-roman
sun chapri ladki ho,1,hi-roman
sun chapri ladki tha,1,hi-roman
sun chapri ladki hain,1,hi-roman
sun chapri ladki aadmi,1,hi-roman
sun chapri ladki insaan,1,hi-roman
sun chapri ladki saale,1,hi-roman
sun chapri ladki kutte,1,hi-roman
sun chapri ladki yaar,1,hi-roman
dekh chapri ladki,1,hi-roman
dekh chapri ladki hai,1,hi-roman
dekh chapri ladki ho,1,hi-roman
dekh chapri ladki tha,1,hi-roman
dekh chapri ladki hain,1,hi-roman
dekh chapri ladki aadmi,1,hi-roman
dekh chapri ladki insaan,1,hi-roman
dekh chapri ladki saale,1,hi-roman
dekh chapri ladki kutte,1,hi-roman
dekh chapri ladki yaar,1,hi-roman
gunda,1,hi-roman
gunda hai,1,hi-roman
gunda ho,1,hi-roman
gunda tha,1,hi-roman
gunda hain,1,hi-roman
gunda aadmi,1,hi-roman
gunda insaan,1,hi-roman
gunda saale,1,hi-roman
gunda kutte,1,hi-roman
gunda yaar,1,hi-roman
tu gunda,1,hi-roman
tu gunda hai,1,hi-roman
tu gunda ho,1,hi-roman
tu gunda tha,1,hi-roman
tu gunda hain,1,hi-roman
tu gunda aadmi,1,hi-roman
tu gunda insaan,1,hi-roman
tu gunda saale,1,hi-roman
tu gunda kutte,1,hi-roman
tu gunda yaar,1,hi-roman
tum gunda,1,hi-roman
tum gunda hai,1,hi-roman
tum gunda ho,1,hi-roman
tum gunda tha,1,hi-roman
tum gunda hain,1,hi-roman
tum gunda aadmi,1,hi-roman
tum gunda insaan,1,hi-roman
tum gunda saale,1,hi-roman
tum gunda kutte,1,hi-roman
tum gunda yaar,1,hi-roman
abe gunda,1,hi-roman
abe gunda hai,1,hi-roman
abe gunda ho,1,hi-roman
abe gunda tha,1,hi-roman
abe gunda hain,1,hi-roman
abe gunda aadmi,1,hi-roman
abe gunda insaan,1,hi-roman
abe gunda saale,1,hi-roman
abe gunda kutte,1,hi-roman
abe gunda yaar,1,hi-roman
oye gunda,1,hi-roman
oye gunda hai,1,hi-roman
oye gunda ho,1,hi-roman
oye gunda tha,1,hi-roman
oye gunda hain,1,hi-roman
oye gunda aadmi,1,hi-roman
oye gunda insaan,1,hi-roman
oye gunda saale,1,hi-roman
oye gunda kutte,1,hi-roman
oye gunda yaar,1,hi-roman
are gunda,1,hi-roman
are gunda hai,1,hi-roman
are gunda ho,1,hi-roman
are gunda tha,1,hi-roman
are gunda hain,1,hi-roman
are gunda aadmi,1,hi-roman
are gunda insaan,1,hi-roman
are gunda saale,1,hi-roman
are gunda kutte,1,hi-roman
are gunda yaar,1,hi-roman
sun gunda,1,hi-roman
sun gunda hai,1,hi-roman
sun gunda ho,1,hi-roman
sun gunda tha,1,hi-roman
sun gunda hain,1,hi-roman
sun gunda aadmi,1,hi-roman
sun gunda insaan,1,hi-roman
sun gunda saale,1,hi-roman
sun gunda kutte,1,hi-roman
sun gunda yaar,1,hi-roman
dekh gunda,1,hi-roman
dekh gunda hai,1,hi-roman
dekh gunda ho,1,hi-roman
dekh gunda tha,1,hi-roman
dekh gunda hain,1,hi-roman
dekh gunda aadmi,1,hi-roman
dekh gunda insaan,1,hi-roman
dekh gunda saale,1,hi-roman
dekh gunda kutte,1,hi-roman
dekh gunda yaar,1,hi-roman
goonda,1,hi-roman
goonda hai,1,hi-roman
goonda ho,1,hi-roman
goonda tha,1,hi-roman
goonda hain,1,hi-roman
goonda aadmi,1,hi-roman
goonda insaan,1,hi-roman
goonda saale,1,hi-roman
goonda kutte,1,hi-roman
goonda yaar,1,hi-roman
tu goonda,1,hi-roman
tu goonda hai,1,hi-roman
tu goonda ho,1,hi-roman
tu goonda tha,1,hi-roman
tu goonda hain,1,hi-roman
tu goonda aadmi,1,hi-roman
tu goonda insaan,1,hi-roman
tu goonda saale,1,hi-roman
tu goonda kutte,1,hi-roman
tu goonda yaar,1,hi-roman
tum goonda,1,hi-roman
tum goonda hai,1,hi-roman
tum goonda ho,1,hi-roman
tum goonda tha,1,hi-roman
tum goonda hain,1,hi-roman
tum goonda aadmi,1,hi-roman
tum goonda insaan,1,hi-roman
tum goonda saale,1,hi-roman
tum goonda kutte,1,hi-roman
tum goonda yaar,1,hi-roman
abe goonda,1,hi-roman
abe goonda hai,1,hi-roman
abe goonda ho,1,hi-roman
abe goonda tha,1,hi-roman
abe goonda hain,1,hi-roman
abe goonda aadmi,1,hi-roman
abe goonda insaan,1,hi-roman
abe goonda saale,1,hi-roman
abe goonda kutte,1,hi-roman
abe goonda yaar,1,hi-roman
oye goonda,1,hi-roman
oye goonda hai,1,hi-roman
oye goonda ho,1,hi-roman
oye goonda tha,1,hi-roman
oye goonda hain,1,hi-roman
oye goonda aadmi,1,hi-roman
oye goonda insaan,1,hi-roman
oye goonda saale,1,hi-roman
oye goonda kutte,1,hi-roman
oye goonda yaar,1,hi-roman
are goonda,1,hi-roman
are goonda hai,1,hi-roman
are goonda ho,1,hi-roman
are goonda tha,1,hi-roman
are goonda hain,1,hi-roman
are goonda aadmi,1,hi-roman
are goonda insaan,1,hi-roman
are goonda saale,1,hi-roman
are goonda kutte,1,hi-roman
are goonda yaar,1,hi-roman
sun goonda,1,hi-roman
sun goonda hai,1,hi-roman
sun goonda ho,1,hi-roman
sun goonda tha,1,hi-roman
sun goonda hain,1,hi-roman
sun goonda aadmi,1,hi-roman
sun goonda insaan,1,hi-roman
sun goonda saale,1,hi-roman
sun goonda kutte,1,hi-roman
sun goonda yaar,1,hi-roman
dekh goonda,1,hi-roman
dekh goonda hai,1,hi-roman
dekh goonda ho,1,hi-roman
dekh goonda tha,1,hi-roman
dekh goonda hain,1,hi-roman
dekh goonda aadmi,1,hi-roman
dekh goonda insaan,1,hi-roman
dekh goonda saale,1,hi-roman
dekh goonda kutte,1,hi-roman
dekh goonda yaar,1,hi-roman
gundagardi,1,hi-roman
gundagardi hai,1,hi-roman
gundagardi ho,1,hi-roman
gundagardi tha,1,hi-roman
gundagardi hain,1,hi-roman
gundagardi aadmi,1,hi-roman
gundagardi insaan,1,hi-roman
gundagardi saale,1,hi-roman
gundagardi kutte,1,hi-roman
gundagardi yaar,1,hi-roman
tu gundagardi,1,hi-roman
tu gundagardi hai,1,hi-roman
tu gundagardi ho,1,hi-roman
tu gundagardi tha,1,hi-roman
tu gundagardi hain,1,hi-roman
tu gundagardi aadmi,1,hi-roman
tu gundagardi insaan,1,hi-roman
tu gundagardi saale,1,hi-roman
tu gundagardi kutte,1,hi-roman
tu gundagardi yaar,1,hi-roman
tum gundagardi,1,hi-roman
tum gundagardi hai,1,hi-roman
tum gundagardi ho,1,hi-roman
tum gundagardi tha,1,hi-roman
tum gundagardi hain,1,hi-roman
tum gundagardi aadmi,1,hi-roman
tum gundagardi insaan,1,hi-roman
tum gundagardi saale,1,hi-roman
tum gundagardi kutte,1,hi-roman
tum gundagardi yaar,1,hi-roman
abe gundagardi,1,hi-roman
abe gundagardi hai,1,hi-roman
abe gundagardi ho,1,hi-roman
abe gundagardi tha,1,hi-roman
abe gundagardi hain,1,hi-roman
abe gundagardi aadmi,1,hi-roman
abe gundagardi insaan,1,hi-roman
abe gundagardi saale,1,hi-roman
abe gundagardi kutte,1,hi-roman
abe gundagardi yaar,1,hi-roman
oye gundagardi,1,hi-roman
oye gundagardi hai,1,hi-roman
oye gundagardi ho,1,hi-roman
oye gundagardi tha,1,hi-roman
oye gundagardi hain,1,hi-roman
oye gundagardi aadmi,1,hi-roman
oye gundagardi insaan,1,hi-roman
oye gundagardi saale,1,hi-roman
oye gundagardi kutte,1,hi-roman
oye gundagardi yaar,1,hi-roman
are gundagardi,1,hi-roman
are gundagardi hai,1,hi-roman
are gundagardi ho,1,hi-roman
are gundagardi tha,1,hi-roman
are gundagardi hain,1,hi-roman
are gundagardi aadmi,1,hi-roman
are gundagardi insaan,1,hi-roman
are gundagardi saale,1,hi-roman
are gundagardi kutte,1,hi-roman
are gundagardi yaar,1,hi-roman
sun gundagardi,1,hi-roman
sun gundagardi hai,1,hi-roman
sun gundagardi ho,1,hi-roman
sun gundagardi tha,1,hi-roman
sun gundagardi hain,1,hi-roman
sun gundagardi aadmi,1,hi-roman
sun gundagardi insaan,1,hi-roman
sun gundagardi saale,1,hi-roman
sun gundagardi kutte,1,hi-roman
sun gundagardi yaar,1,hi-roman
dekh gundagardi,1,hi-roman
dekh gundagardi hai,1,hi-roman
dekh gundagardi ho,1,hi-roman
dekh gundagardi tha,1,hi-roman
dekh gundagardi hain,1,hi-roman
dekh gundagardi aadmi,1,hi-roman
dekh gundagardi insaan,1,hi-roman
dekh gundagardi saale,1,hi-roman
dekh gundagardi kutte,1,hi-roman
dekh gundagardi yaar,1,hi-roman
badmaash,1,hi-roman
badmaash hai,1,hi-roman
badmaash ho,1,hi-roman
badmaash tha,1,hi-roman
badmaash hain,1,hi-roman
badmaash aadmi,1,hi-roman
badmaash insaan,1,hi-roman
badmaash saale,1,hi-roman
badmaash kutte,1,hi-roman
badmaash yaar,1,hi-roman
tu badmaash,1,hi-roman
tu badmaash hai,1,hi-roman
tu badmaash ho,1,hi-roman
tu badmaash tha,1,hi-roman
tu badmaash hain,1,hi-roman
tu badmaash aadmi,1,hi-roman
tu badmaash insaan,1,hi-roman
tu badmaash saale,1,hi-roman
tu badmaash kutte,1,hi-roman
tu badmaash yaar,1,hi-roman
tum badmaash,1,hi-roman
tum badmaash hai,1,hi-roman
tum badmaash ho,1,hi-roman
tum badmaash tha,1,hi-roman
tum badmaash hain,1,hi-roman
tum badmaash aadmi,1,hi-roman
tum badmaash insaan,1,hi-roman
tum badmaash saale,1,hi-roman
tum badmaash kutte,1,hi-roman
tum badmaash yaar,1,hi-roman
abe badmaash,1,hi-roman
abe badmaash hai,1,hi-roman
abe badmaash ho,1,hi-roman
abe badmaash tha,1,hi-roman
abe badmaash hain,1,hi-roman
abe badmaash aadmi,1,hi-roman
abe badmaash insaan,1,hi-roman
abe badmaash saale,1,hi-roman
abe badmaash kutte,1,hi-roman
abe badmaash yaar,1,hi-roman
oye badmaash,1,hi-roman
oye badmaash hai,1,hi-roman
oye badmaash ho,1,hi-roman
oye badmaash tha,1,hi-roman
oye badmaash hain,1,hi-roman
oye badmaash aadmi,1,hi-roman
oye badmaash insaan,1,hi-roman
oye badmaash saale,1,hi-roman
oye badmaash kutte,1,hi-roman
oye badmaash yaar,1,hi-roman
are badmaash,1,hi-roman
are badmaash hai,1,hi-roman
are badmaash ho,1,hi-roman
are badmaash tha,1,hi-roman
are badmaash hain,1,hi-roman
are badmaash aadmi,1,hi-roman
are badmaash insaan,1,hi-roman
are badmaash saale,1,hi-roman
are badmaash kutte,1,hi-roman
are badmaash yaar,1,hi-roman
sun badmaash,1,hi-roman
sun badmaash hai,1,hi-roman
sun badmaash ho,1,hi-roman
sun badmaash tha,1,hi-roman
sun badmaash hain,1,hi-roman
sun badmaash aadmi,1,hi-roman
sun badmaash insaan,1,hi-roman
sun badmaash saale,1,hi-roman
sun badmaash kutte,1,hi-roman
sun badmaash yaar,1,hi-roman
dekh badmaash,1,hi-roman
dekh badmaash hai,1,hi-roman
dekh badmaash ho,1,hi-roman
dekh badmaash tha,1,hi-roman
dekh badmaash hain,1,hi-roman
dekh badmaash aadmi,1,hi-roman
dekh badmaash insaan,1,hi-roman
dekh badmaash saale,1,hi-roman
dekh badmaash kutte,1,hi-roman
dekh badmaash yaar,1,hi-roman
badmash,1,hi-roman
badmash hai,1,hi-roman
badmash ho,1,hi-roman
badmash tha,1,hi-roman
badmash hain,1,hi-roman
badmash aadmi,1,hi-roman
badmash insaan,1,hi-roman
badmash saale,1,hi-roman
badmash kutte,1,hi-roman
badmash yaar,1,hi-roman
tu badmash,1,hi-roman
tu badmash hai,1,hi-roman
tu badmash ho,1,hi-roman
tu badmash tha,1,hi-roman
tu badmash hain,1,hi-roman
tu badmash aadmi,1,hi-roman
tu badmash insaan,1,hi-roman
tu badmash saale,1,hi-roman
tu badmash kutte,1,hi-roman
tu badmash yaar,1,hi-roman
tum badmash,1,hi-roman
tum badmash hai,1,hi-roman
tum badmash ho,1,hi-roman
tum badmash tha,1,hi-roman
tum badmash hain,1,hi-roman
tum badmash aadmi,1,hi-roman
tum badmash insaan,1,hi-roman
tum badmash saale,1,hi-roman
tum badmash kutte,1,hi-roman
tum badmash yaar,1,hi-roman
abe badmash,1,hi-roman
abe badmash hai,1,hi-roman
abe badmash ho,1,hi-roman
abe badmash tha,1,hi-roman
abe badmash hain,1,hi-roman
abe badmash aadmi,1,hi-roman
abe badmash insaan,1,hi-roman
abe badmash saale,1,hi-roman
abe badmash kutte,1,hi-roman
abe badmash yaar,1,hi-roman
oye badmash,1,hi-roman
oye badmash hai,1,hi-roman
oye badmash ho,1,hi-roman
oye badmash tha,1,hi-roman
oye badmash hain,1,hi-roman
oye badmash aadmi,1,hi-roman
oye badmash insaan,1,hi-roman
oye badmash saale,1,hi-roman
oye badmash kutte,1,hi-roman
oye badmash yaar,1,hi-roman
are badmash,1,hi-roman
are badmash hai,1,hi-roman
are badmash ho,1,hi-roman
are badmash tha,1,hi-roman
are badmash hain,1,hi-roman
are badmash aadmi,1,hi-roman
are badmash insaan,1,hi-roman
are badmash saale,1,hi-roman
are badmash kutte,1,hi-roman
are badmash yaar,1,hi-roman
sun badmash,1,hi-roman
sun badmash hai,1,hi-roman
sun badmash ho,1,hi-roman
sun badmash tha,1,hi-roman
sun badmash hain,1,hi-roman
sun badmash aadmi,1,hi-roman
sun badmash insaan,1,hi-roman
sun badmash saale,1,hi-roman
sun badmash kutte,1,hi-roman
sun badmash yaar,1,hi-roman
dekh badmash,1,hi-roman
dekh badmash hai,1,hi-roman
dekh badmash ho,1,hi-roman
dekh badmash tha,1,hi-roman
dekh badmash hain,1,hi-roman
dekh badmash aadmi,1,hi-roman
dekh badmash insaan,1,hi-roman
dekh badmash saale,1,hi-roman
dekh badmash kutte,1,hi-roman
dekh badmash yaar,1,hi-roman
badmaashi,1,hi-roman
badmaashi hai,1,hi-roman
badmaashi ho,1,hi-roman
badmaashi tha,1,hi-roman
badmaashi hain,1,hi-roman
badmaashi aadmi,1,hi-roman
badmaashi insaan,1,hi-roman
badmaashi saale,1,hi-roman
badmaashi kutte,1,hi-roman
badmaashi yaar,1,hi-roman
tu badmaashi,1,hi-roman
tu badmaashi hai,1,hi-roman
tu badmaashi ho,1,hi-roman
tu badmaashi tha,1,hi-roman
tu badmaashi hain,1,hi-roman
tu badmaashi aadmi,1,hi-roman
tu badmaashi insaan,1,hi-roman
tu badmaashi saale,1,hi-roman
tu badmaashi kutte,1,hi-roman
tu badmaashi yaar,1,hi-roman
tum badmaashi,1,hi-roman
tum badmaashi hai,1,hi-roman
tum badmaashi ho,1,hi-roman
tum badmaashi tha,1,hi-roman
tum badmaashi hain,1,hi-roman
tum badmaashi aadmi,1,hi-roman
tum badmaashi insaan,1,hi-roman
tum badmaashi saale,1,hi-roman
tum badmaashi kutte,1,hi-roman
tum badmaashi yaar,1,hi-roman
abe badmaashi,1,hi-roman
abe badmaashi hai,1,hi-roman
abe badmaashi ho,1,hi-roman
abe badmaashi tha,1,hi-roman
abe badmaashi hain,1,hi-roman
abe badmaashi aadmi,1,hi-roman
abe badmaashi insaan,1,hi-roman
abe badmaashi saale,1,hi-roman
abe badmaashi kutte,1,hi-roman
abe badmaashi yaar,1,hi-roman
oye badmaashi,1,hi-roman
oye badmaashi hai,1,hi-roman
oye badmaashi ho,1,hi-roman
oye badmaashi tha,1,hi-roman
oye badmaashi hain,1,hi-roman
oye badmaashi aadmi,1,hi-roman
oye badmaashi insaan,1,hi-roman
oye badmaashi saale,1,hi-roman
oye badmaashi kutte,1,hi-roman
oye badmaashi yaar,1,hi-roman
are badmaashi,1,hi-roman
are badmaashi hai,1,hi-roman
are badmaashi ho,1,hi-roman
are badmaashi tha,1,hi-roman
are badmaashi hain,1,hi-roman
are badmaashi aadmi,1,hi-roman
are badmaashi insaan,1,hi-roman
are badmaashi saale,1,hi-roman
are badmaashi kutte,1,hi-roman
are badmaashi yaar,1,hi-roman
sun badmaashi,1,hi-roman
sun badmaashi hai,1,hi-roman
sun badmaashi ho,1,hi-roman
sun badmaashi tha,1,hi-roman
sun badmaashi hain,1,hi-roman
sun badmaashi aadmi,1,hi-roman
sun badmaashi insaan,1,hi-roman
sun badmaashi saale,1,hi-roman
sun badmaashi kutte,1,hi-roman
sun badmaashi yaar,1,hi-roman
dekh badmaashi,1,hi-roman
dekh badmaashi hai,1,hi-roman
dekh badmaashi ho,1,hi-roman
dekh badmaashi tha,1,hi-roman
dekh badmaashi hain,1,hi-roman
dekh badmaashi aadmi,1,hi-roman
dekh badmaashi insaan,1,hi-roman
dekh badmaashi saale,1,hi-roman
dekh badmaashi kutte,1,hi-roman
dekh badmaashi yaar,1,hi-roman
lafanga,1,hi-roman
lafanga hai,1,hi-roman
lafanga ho,1,hi-roman
lafanga tha,1,hi-roman
lafanga hain,1,hi-roman
lafanga aadmi,1,hi-roman
lafanga insaan,1,hi-roman
lafanga saale,1,hi-roman
lafanga kutte,1,hi-roman
lafanga yaar,1,hi-roman
tu lafanga,1,hi-roman
tu lafanga hai,1,hi-roman
tu lafanga ho,1,hi-roman
tu lafanga tha,1,hi-roman
tu lafanga hain,1,hi-roman
tu lafanga aadmi,1,hi-roman
tu lafanga insaan,1,hi-roman
tu lafanga saale,1,hi-roman
tu lafanga kutte,1,hi-roman
tu lafanga yaar,1,hi-roman
tum lafanga,1,hi-roman
tum lafanga hai,1,hi-roman
tum lafanga ho,1,hi-roman
tum lafanga tha,1,hi-roman
tum lafanga hain,1,hi-roman
tum lafanga aadmi,1,hi-roman
tum lafanga insaan,1,hi-roman
tum lafanga saale,1,hi-roman
tum lafanga kutte,1,hi-roman
tum lafanga yaar,1,hi-roman
abe lafanga,1,hi-roman
abe lafanga hai,1,hi-roman
abe lafanga ho,1,hi-roman
abe lafanga tha,1,hi-roman
abe lafanga hain,1,hi-roman
abe lafanga aadmi,1,hi-roman
abe lafanga insaan,1,hi-roman
abe lafanga saale,1,hi-roman
abe lafanga kutte,1,hi-roman
abe lafanga yaar,1,hi-roman
oye lafanga,1,hi-roman
oye lafanga hai,1,hi-roman
oye lafanga ho,1,hi-roman
oye lafanga tha,1,hi-roman
oye lafanga hain,1,hi-roman
oye lafanga aadmi,1,hi-roman
oye lafanga insaan,1,hi-roman
oye lafanga saale,1,hi-roman
oye lafanga kutte,1,hi-roman
oye lafanga yaar,1,hi-roman
are lafanga,1,hi-roman
are lafanga hai,1,hi-roman
are lafanga ho,1,hi-roman
are lafanga tha,1,hi-roman
are lafanga hain,1,hi-roman
are lafanga aadmi,1,hi-roman
are lafanga insaan,1,hi-roman
are lafanga saale,1,hi-roman
are lafanga kutte,1,hi-roman
are lafanga yaar,1,hi-roman
sun lafanga,1,hi-roman
sun lafanga hai,1,hi-roman
sun lafanga ho,1,hi-roman
sun lafanga tha,1,hi-roman
sun lafanga hain,1,hi-roman
sun lafanga aadmi,1,hi-roman
sun lafanga insaan,1,hi-roman
sun lafanga saale,1,hi-roman
sun lafanga kutte,1,hi-roman
sun lafanga yaar,1,hi-roman
dekh lafanga,1,hi-roman
dekh lafanga hai,1,hi-roman
dekh lafanga ho,1,hi-roman
dekh lafanga tha,1,hi-roman
dekh lafanga hain,1,hi-roman
dekh lafanga aadmi,1,hi-roman
dekh lafanga insaan,1,hi-roman
dekh lafanga saale,1,hi-roman
dekh lafanga kutte,1,hi-roman
dekh lafanga yaar,1,hi-roman
lafange,1,hi-roman
lafange hai,1,hi-roman
lafange ho,1,hi-roman
lafange tha,1,hi-roman
lafange hain,1,hi-roman
lafange aadmi,1,hi-roman
lafange insaan,1,hi-roman
lafange saale,1,hi-roman
lafange kutte,1,hi-roman
lafange yaar,1,hi-roman
tu lafange,1,hi-roman
tu lafange hai,1,hi-roman
tu lafange ho,1,hi-roman
tu lafange tha,1,hi-roman
tu lafange hain,1,hi-roman
tu lafange aadmi,1,hi-roman
tu lafange insaan,1,hi-roman
tu lafange saale,1,hi-roman
tu lafange kutte,1,hi-roman
tu lafange yaar,1,hi-roman
tum lafange,1,hi-roman
tum lafange hai,1,hi-roman
tum lafange ho,1,hi-roman
tum lafange tha,1,hi-roman
tum lafange hain,1,hi-roman
tum lafange aadmi,1,hi-roman
tum lafange insaan,1,hi-roman
tum lafange saale,1,hi-roman
tum lafange kutte,1,hi-roman
tum lafange yaar,1,hi-roman
abe lafange,1,hi-roman
abe lafange hai,1,hi-roman
abe lafange ho,1,hi-roman
abe lafange tha,1,hi-roman
abe lafange hain,1,hi-roman
abe lafange aadmi,1,hi-roman
abe lafange insaan,1,hi-roman
abe lafange saale,1,hi-roman
abe lafange kutte,1,hi-roman
abe lafange yaar,1,hi-roman
oye lafange,1,hi-roman
oye lafange hai,1,hi-roman
oye lafange ho,1,hi-roman
oye lafange tha,1,hi-roman
oye lafange hain,1,hi-roman
oye lafange aadmi,1,hi-roman
oye lafange insaan,1,hi-roman
oye lafange saale,1,hi-roman
oye lafange kutte,1,hi-roman
oye lafange yaar,1,hi-roman
are lafange,1,hi-roman
are lafange hai,1,hi-roman
are lafange ho,1,hi-roman
are lafange tha,1,hi-roman
are lafange hain,1,hi-roman
are lafange aadmi,1,hi-roman
are lafange insaan,1,hi-roman
are lafange saale,1,hi-roman
are lafange kutte,1,hi-roman
are lafange yaar,1,hi-roman
sun lafange,1,hi-roman
sun lafange hai,1,hi-roman
sun lafange ho,1,hi-roman
sun lafange tha,1,hi-roman
sun lafange hain,1,hi-roman
sun lafange aadmi,1,hi-roman
sun lafange insaan,1,hi-roman
sun lafange saale,1,hi-roman
sun lafange kutte,1,hi-roman
sun lafange yaar,1,hi-roman
dekh lafange,1,hi-roman
dekh lafange hai,1,hi-roman
dekh lafange ho,1,hi-roman
dekh lafange tha,1,hi-roman
dekh lafange hain,1,hi-roman
dekh lafange aadmi,1,hi-roman
dekh lafange insaan,1,hi-roman
dekh lafange saale,1,hi-roman
dekh lafange kutte,1,hi-roman
dekh lafange yaar,1,hi-roman
awara,1,hi-roman
awara hai,1,hi-roman
awara ho,1,hi-roman
awara tha,1,hi-roman
awara hain,1,hi-roman
awara aadmi,1,hi-roman
awara insaan,1,hi-roman
awara saale,1,hi-roman
awara kutte,1,hi-roman
awara yaar,1,hi-roman
tu awara,1,hi-roman
tu awara hai,1,hi-roman
tu awara ho,1,hi-roman
tu awara tha,1,hi-roman
tu awara hain,1,hi-roman
tu awara aadmi,1,hi-roman
tu awara insaan,1,hi-roman
tu awara saale,1,hi-roman
tu awara kutte,1,hi-roman
tu awara yaar,1,hi-roman
tum awara,1,hi-roman
tum awara hai,1,hi-roman
tum awara ho,1,hi-roman
tum awara tha,1,hi-roman
tum awara hain,1,hi-roman
tum awara aadmi,1,hi-roman
tum awara insaan,1,hi-roman
tum awara saale,1,hi-roman
tum awara kutte,1,hi-roman
tum awara yaar,1,hi-roman
abe awara,1,hi-roman
abe awara hai,1,hi-roman
abe awara ho,1,hi-roman
abe awara tha,1,hi-roman
abe awara hain,1,hi-roman
abe awara aadmi,1,hi-roman
abe awara insaan,1,hi-roman
abe awara saale,1,hi-roman
abe awara kutte,1,hi-roman
abe awara yaar,1,hi-roman
oye awara,1,hi-roman
oye awara hai,1,hi-roman
oye awara ho,1,hi-roman
oye awara tha,1,hi-roman
oye awara hain,1,hi-roman
oye awara aadmi,1,hi-roman
oye awara insaan,1,hi-roman
oye awara saale,1,hi-roman
oye awara kutte,1,hi-roman
oye awara yaar,1,hi-roman
are awara,1,hi-roman
are awara hai,1,hi-roman
are awara ho,1,hi-roman
are awara tha,1,hi-roman
are awara hain,1,hi-roman
are awara aadmi,1,hi-roman
are awara insaan,1,hi-roman
are awara saale,1,hi-roman
are awara kutte,1,hi-roman
are awara yaar,1,hi-roman
sun awara,1,hi-roman
sun awara hai,1,hi-roman
sun awara ho,1,hi-roman
sun awara tha,1,hi-roman
sun awara hain,1,hi-roman
sun awara aadmi,1,hi-roman
sun awara insaan,1,hi-roman
sun awara saale,1,hi-roman
sun awara kutte,1,hi-roman
sun awara yaar,1,hi-roman
dekh awara,1,hi-roman
dekh awara hai,1,hi-roman
dekh awara ho,1,hi-roman
dekh awara tha,1,hi-roman
dekh awara hain,1,hi-roman
dekh awara aadmi,1,hi-roman
dekh awara insaan,1,hi-roman
dekh awara saale,1,hi-roman
dekh awara kutte,1,hi-roman
dekh awara yaar,1,hi-roman
awara aadmi hai,1,hi-roman
awara aadmi ho,1,hi-roman
awara aadmi tha,1,hi-roman
awara aadmi hain,1,hi-roman
awara aadmi aadmi,1,hi-roman
awara aadmi insaan,1,hi-roman
awara aadmi saale,1,hi-roman
awara aadmi kutte,1,hi-roman
awara aadmi yaar,1,hi-roman
tu awara aadmi hai,1,hi-roman
tu awara aadmi ho,1,hi-roman
tu awara aadmi tha,1,hi-roman
tu awara aadmi hain,1,hi-roman
tu awara aadmi aadmi,1,hi-roman
tu awara aadmi insaan,1,hi-roman
tu awara aadmi saale,1,hi-roman
tu awara aadmi kutte,1,hi-roman
tu awara aadmi yaar,1,hi-roman
tum awara aadmi hai,1,hi-roman
tum awara aadmi ho,1,hi-roman
tum awara aadmi tha,1,hi-roman
tum awara aadmi hain,1,hi-roman
tum awara aadmi aadmi,1,hi-roman
tum awara aadmi insaan,1,hi-roman
tum awara aadmi saale,1,hi-roman
tum awara aadmi kutte,1,hi-roman
tum awara aadmi yaar,1,hi-roman
abe awara aadmi hai,1,hi-roman
abe awara aadmi ho,1,hi-roman
abe awara aadmi tha,1,hi-roman
abe awara aadmi hain,1,hi-roman
abe awara aadmi aadmi,1,hi-roman
abe awara aadmi insaan,1,hi-roman
abe awara aadmi saale,1,hi-roman
abe awara aadmi kutte,1,hi-roman
abe awara aadmi yaar,1,hi-roman
oye awara aadmi hai,1,hi-roman
oye awara aadmi ho,1,hi-roman
oye awara aadmi tha,1,hi-roman
oye awara aadmi hain,1,hi-roman
oye awara aadmi aadmi,1,hi-roman
oye awara aadmi insaan,1,hi-roman
oye awara aadmi saale,1,hi-roman
oye awara aadmi kutte,1,hi-roman
oye awara aadmi yaar,1,hi-roman
are awara aadmi hai,1,hi-roman
are awara aadmi ho,1,hi-roman
are awara aadmi tha,1,hi-roman
are awara aadmi hain,1,hi-roman
are awara aadmi aadmi,1,hi-roman
are awara aadmi insaan,1,hi-roman
are awara aadmi saale,1,hi-roman
are awara aadmi kutte,1,hi-roman
are awara aadmi yaar,1,hi-roman
sun awara aadmi hai,1,hi-roman
sun awara aadmi ho,1,hi-roman
sun awara aadmi tha,1,hi-roman
sun awara aadmi hain,1,hi-roman
sun awara aadmi aadmi,1,hi-roman
sun awara aadmi insaan,1,hi-roman
sun awara aadmi saale,1,hi-roman
sun awara aadmi kutte,1,hi-roman
sun awara aadmi yaar,1,hi-roman
dekh awara aadmi hai,1,hi-roman
dekh awara aadmi ho,1,hi-roman
dekh awara aadmi tha,1,hi-roman
dekh awara aadmi hain,1,hi-roman
dekh awara aadmi aadmi,1,hi-roman
dekh awara aadmi insaan,1,hi-roman
dekh awara aadmi saale,1,hi-roman
dekh awara aadmi kutte,1,hi-roman
dekh awara aadmi yaar,1,hi-roman
saala,1,hi-roman
saala hai,1,hi-roman
saala ho,1,hi-roman
saala tha,1,hi-roman
saala hain,1,hi-roman
saala aadmi,1,hi-roman
saala insaan,1,hi-roman
saala saale,1,hi-roman
saala kutte,1,hi-roman
saala yaar,1,hi-roman
tu saala,1,hi-roman
tu saala hai,1,hi-roman
tu saala ho,1,hi-roman
tu saala tha,1,hi-roman
tu saala hain,1,hi-roman
tu saala aadmi,1,hi-roman
tu saala insaan,1,hi-roman
tu saala saale,1,hi-roman
tu saala kutte,1,hi-roman
tu saala yaar,1,hi-roman
tum saala,1,hi-roman
tum saala hai,1,hi-roman
tum saala ho,1,hi-roman
tum saala tha,1,hi-roman
tum saala hain,1,hi-roman
tum saala aadmi,1,hi-roman
tum saala insaan,1,hi-roman
tum saala saale,1,hi-roman
tum saala kutte,1,hi-roman
tum saala yaar,1,hi-roman
abe saala,1,hi-roman
abe saala hai,1,hi-roman
abe saala ho,1,hi-roman
abe saala tha,1,hi-roman
abe saala hain,1,hi-roman
abe saala aadmi,1,hi-roman
abe saala insaan,1,hi-roman
abe saala saale,1,hi-roman
abe saala kutte,1,hi-roman
abe saala yaar,1,hi-roman
oye saala,1,hi-roman
oye saala hai,1,hi-roman
oye saala ho,1,hi-roman
oye saala tha,1,hi-roman
oye saala hain,1,hi-roman
oye saala aadmi,1,hi-roman
oye saala insaan,1,hi-roman
oye saala saale,1,hi-roman
oye saala kutte,1,hi-roman
oye saala yaar,1,hi-roman
are saala,1,hi-roman
are saala hai,1,hi-roman
are saala ho,1,hi-roman
are saala tha,1,hi-roman
are saala hain,1,hi-roman
are saala aadmi,1,hi-roman
are saala insaan,1,hi-roman
are saala saale,1,hi-roman
are saala kutte,1,hi-roman
are saala yaar,1,hi-roman
sun saala,1,hi-roman
sun saala hai,1,hi-roman
sun saala ho,1,hi-roman
sun saala tha,1,hi-roman
sun saala hain,1,hi-roman
sun saala aadmi,1,hi-roman
sun saala insaan,1,hi-roman
sun saala saale,1,hi-roman
sun saala kutte,1,hi-roman
sun saala yaar,1,hi-roman
dekh saala,1,hi-roman
dekh saala hai,1,hi-roman
dekh saala ho,1,hi-roman
dekh saala tha,1,hi-roman
dekh saala hain,1,hi-roman
dekh saala aadmi,1,hi-roman
dekh saala insaan,1,hi-roman
dekh saala saale,1,hi-roman
dekh saala kutte,1,hi-roman
dekh saala yaar,1,hi-roman
saale,1,hi-roman
saale hai,1,hi-roman
saale ho,1,hi-roman
saale tha,1,hi-roman
saale hain,1,hi-roman
saale aadmi,1,hi-roman
saale insaan,1,hi-roman
saale saale,1,hi-roman
saale kutte,1,hi-roman
saale yaar,1,hi-roman
tu saale,1,hi-roman
tu saale hai,1,hi-roman
tu saale ho,1,hi-roman
tu saale tha,1,hi-roman
tu saale hain,1,hi-roman
tu saale aadmi,1,hi-roman
tu saale insaan,1,hi-roman
tu saale saale,1,hi-roman
tu saale kutte,1,hi-roman
tu saale yaar,1,hi-roman
tum saale,1,hi-roman
tum saale hai,1,hi-roman
tum saale ho,1,hi-roman
tum saale tha,1,hi-roman
tum saale hain,1,hi-roman
tum saale aadmi,1,hi-roman
tum saale insaan,1,hi-roman
tum saale saale,1,hi-roman
tum saale kutte,1,hi-roman
tum saale yaar,1,hi-roman
abe saale,1,hi-roman
abe saale hai,1,hi-roman
abe saale ho,1,hi-roman
abe saale tha,1,hi-roman
abe saale hain,1,hi-roman
abe saale aadmi,1,hi-roman
abe saale insaan,1,hi-roman
abe saale saale,1,hi-roman
abe saale kutte,1,hi-roman
abe saale yaar,1,hi-roman
oye saale,1,hi-roman
oye saale hai,1,hi-roman
oye saale ho,1,hi-roman
oye saale tha,1,hi-roman
oye saale hain,1,hi-roman
oye saale aadmi,1,hi-roman
oye saale insaan,1,hi-roman
oye saale saale,1,hi-roman
oye saale kutte,1,hi-roman
oye saale yaar,1,hi-roman
are saale,1,hi-roman
are saale hai,1,hi-roman
are saale ho,1,hi-roman
are saale tha,1,hi-roman
are saale hain,1,hi-roman
are saale aadmi,1,hi-roman
are saale insaan,1,hi-roman
are saale saale,1,hi-roman
are saale kutte,1,hi-roman
are saale yaar,1,hi-roman
sun saale,1,hi-roman
sun saale hai,1,hi-roman
sun saale ho,1,hi-roman
sun saale tha,1,hi-roman
sun saale hain,1,hi-roman
sun saale aadmi,1,hi-roman
sun saale insaan,1,hi-roman
sun saale saale,1,hi-roman
sun saale kutte,1,hi-roman
sun saale yaar,1,hi-roman
dekh saale,1,hi-roman
dekh saale hai,1,hi-roman
dekh saale ho,1,hi-roman
dekh saale tha,1,hi-roman
dekh saale hain,1,hi-roman
dekh saale aadmi,1,hi-roman
dekh saale insaan,1,hi-roman
dekh saale saale,1,hi-roman
dekh saale kutte,1,hi-roman
dekh saale yaar,1,hi-roman
saali,1,hi-roman
saali hai,1,hi-roman
saali ho,1,hi-roman
saali tha,1,hi-roman
saali hain,1,hi-roman
saali aadmi,1,hi-roman
saali insaan,1,hi-roman
saali saale,1,hi-roman
saali kutte,1,hi-roman
saali yaar,1,hi-roman
tu saali,1,hi-roman
tu saali hai,1,hi-roman
tu saali ho,1,hi-roman
tu saali tha,1,hi-roman
tu saali hain,1,hi-roman
tu saali aadmi,1,hi-roman
tu saali insaan,1,hi-roman
tu saali saale,1,hi-roman
tu saali kutte,1,hi-roman
tu saali yaar,1,hi-roman
tum saali,1,hi-roman
tum saali hai,1,hi-roman
tum saali ho,1,hi-roman
tum saali tha,1,hi-roman
tum saali hain,1,hi-roman
tum saali aadmi,1,hi-roman
tum saali insaan,1,hi-roman
tum saali saale,1,hi-roman
tum saali kutte,1,hi-roman
tum saali yaar,1,hi-roman
abe saali,1,hi-roman
abe saali hai,1,hi-roman
abe saali ho,1,hi-roman
abe saali tha,1,hi-roman
abe saali hain,1,hi-roman
abe saali aadmi,1,hi-roman
abe saali insaan,1,hi-roman
abe saali saale,1,hi-roman
abe saali kutte,1,hi-roman
abe saali yaar,1,hi-roman
oye saali,1,hi-roman
oye saali hai,1,hi-roman
oye saali ho,1,hi-roman
oye saali tha,1,hi-roman
oye saali hain,1,hi-roman
oye saali aadmi,1,hi-roman
oye saali insaan,1,hi-roman
oye saali saale,1,hi-roman
oye saali kutte,1,hi-roman
oye saali yaar,1,hi-roman
are saali,1,hi-roman
are saali hai,1,hi-roman
are saali ho,1,hi-roman
are saali tha,1,hi-roman
are saali hain,1,hi-roman
are saali aadmi,1,hi-roman
are saali insaan,1,hi-roman
are saali saale,1,hi-roman
are saali kutte,1,hi-roman
are saali yaar,1,hi-roman
sun saali,1,hi-roman
sun saali hai,1,hi-roman
sun saali ho,1,hi-roman
sun saali tha,1,hi-roman
sun saali hain,1,hi-roman
sun saali aadmi,1,hi-roman
sun saali insaan,1,hi-roman
sun saali saale,1,hi-roman
sun saali kutte,1,hi-roman
sun saali yaar,1,hi-roman
dekh saali,1,hi-roman
dekh saali hai,1,hi-roman
dekh saali ho,1,hi-roman
dekh saali tha,1,hi-roman
dekh saali hain,1,hi-roman
dekh saali aadmi,1,hi-roman
dekh saali insaan,1,hi-roman
dekh saali saale,1,hi-roman
dekh saali kutte,1,hi-roman
dekh saali yaar,1,hi-roman
saala kutta,1,hi-roman
saala kutta hai,1,hi-roman
saala kutta ho,1,hi-roman
saala kutta tha,1,hi-roman
saala kutta hain,1,hi-roman
saala kutta aadmi,1,hi-roman
saala kutta insaan,1,hi-roman
saala kutta saale,1,hi-roman
saala kutta kutte,1,hi-roman
saala kutta yaar,1,hi-roman
tu saala kutta,1,hi-roman
tu saala kutta hai,1,hi-roman
tu saala kutta ho,1,hi-roman
tu saala kutta tha,1,hi-roman
tu saala kutta hain,1,hi-roman
tu saala kutta aadmi,1,hi-roman
tu saala kutta insaan,1,hi-roman
tu saala kutta saale,1,hi-roman
tu saala kutta kutte,1,hi-roman
tu saala kutta yaar,1,hi-roman
tum saala kutta,1,hi-roman
tum saala kutta hai,1,hi-roman
tum saala kutta ho,1,hi-roman
tum saala kutta tha,1,hi-roman
tum saala kutta hain,1,hi-roman
tum saala kutta aadmi,1,hi-roman
tum saala kutta insaan,1,hi-roman
tum saala kutta saale,1,hi-roman
tum saala kutta kutte,1,hi-roman
tum saala kutta yaar,1,hi-roman
abe saala kutta,1,hi-roman
abe saala kutta hai,1,hi-roman
abe saala kutta ho,1,hi-roman
abe saala kutta tha,1,hi-roman
abe saala kutta hain,1,hi-roman
abe saala kutta aadmi,1,hi-roman
abe saala kutta insaan,1,hi-roman
abe saala kutta saale,1,hi-roman
abe saala kutta kutte,1,hi-roman
abe saala kutta yaar,1,hi-roman
oye saala kutta,1,hi-roman
oye saala kutta hai,1,hi-roman
oye saala kutta ho,1,hi-roman
oye saala kutta tha,1,hi-roman
oye saala kutta hain,1,hi-roman
oye saala kutta aadmi,1,hi-roman
oye saala kutta insaan,1,hi-roman
oye saala kutta saale,1,hi-roman
oye saala kutta kutte,1,hi-roman
oye saala kutta yaar,1,hi-roman
are saala kutta,1,hi-roman
are saala kutta hai,1,hi-roman
are saala kutta ho,1,hi-roman
are saala kutta tha,1,hi-roman
are saala kutta hain,1,hi-roman
are saala kutta aadmi,1,hi-roman
are saala kutta insaan,1,hi-roman
are saala kutta saale,1,hi-roman
are saala kutta kutte,1,hi-roman
are saala kutta yaar,1,hi-roman
sun saala kutta,1,hi-roman
sun saala kutta hai,1,hi-roman
sun saala kutta ho,1,hi-roman
sun saala kutta tha,1,hi-roman
sun saala kutta hain,1,hi-roman
sun saala kutta aadmi,1,hi-roman
sun saala kutta insaan,1,hi-roman
sun saala kutta saale,1,hi-roman
sun saala kutta kutte,1,hi-roman
sun saala kutta yaar,1,hi-roman
dekh saala kutta,1,hi-roman
dekh saala kutta hai,1,hi-roman
dekh saala kutta ho,1,hi-roman
dekh saala kutta tha,1,hi-roman
dekh saala kutta hain,1,hi-roman
dekh saala kutta aadmi,1,hi-roman
dekh saala kutta insaan,1,hi-roman
dekh saala kutta saale,1,hi-roman
dekh saala kutta kutte,1,hi-roman
dekh saala kutta yaar,1,hi-roman
saale kutte hai,1,hi-roman
saale kutte ho,1,hi-roman
saale kutte tha,1,hi-roman
saale kutte hain,1,hi-roman
saale kutte aadmi,1,hi-roman
saale kutte insaan,1,hi-roman
saale kutte saale,1,hi-roman
saale kutte kutte,1,hi-roman
saale kutte yaar,1,hi-roman
tu saale kutte hai,1,hi-roman
tu saale kutte ho,1,hi-roman
tu saale kutte tha,1,hi-roman
tu saale kutte hain,1,hi-roman
tu saale kutte aadmi,1,hi-roman
tu saale kutte insaan,1,hi-roman
tu saale kutte saale,1,hi-roman
tu saale kutte kutte,1,hi-roman
tu saale kutte yaar,1,hi-roman
tum saale kutte hai,1,hi-roman
tum saale kutte ho,1,hi-roman
tum saale kutte tha,1,hi-roman
tum saale kutte hain,1,hi-roman
tum saale kutte aadmi,1,hi-roman
tum saale kutte insaan,1,hi-roman
tum saale kutte saale,1,hi-roman
tum saale kutte kutte,1,hi-roman
tum saale kutte yaar,1,hi-roman
abe saale kutte hai,1,hi-roman
abe saale kutte ho,1,hi-roman
abe saale kutte tha,1,hi-roman
abe saale kutte hain,1,hi-roman
abe saale kutte aadmi,1,hi-roman
abe saale kutte insaan,1,hi-roman
abe saale kutte saale,1,hi-roman
abe saale kutte kutte,1,hi-roman
abe saale kutte yaar,1,hi-roman
oye saale kutte hai,1,hi-roman
oye saale kutte ho,1,hi-roman
oye saale kutte tha,1,hi-roman
oye saale kutte hain,1,hi-roman
oye saale kutte aadmi,1,hi-roman
oye saale kutte insaan,1,hi-roman
oye saale kutte saale,1,hi-roman
oye saale kutte kutte,1,hi-roman
oye saale kutte yaar,1,hi-roman
are saale kutte hai,1,hi-roman
are saale kutte ho,1,hi-roman
are saale kutte tha,1,hi-roman
are saale kutte hain,1,hi-roman
are saale kutte aadmi,1,hi-roman
are saale kutte insaan,1,hi-roman
are saale kutte saale,1,hi-roman
are saale kutte kutte,1,hi-roman
are saale kutte yaar,1,hi-roman
sun saale kutte hai,1,hi-roman
sun saale kutte ho,1,hi-roman
sun saale kutte tha,1,hi-roman
sun saale kutte hain,1,hi-roman
sun saale kutte aadmi,1,hi-roman
sun saale kutte insaan,1,hi-roman
sun saale kutte saale,1,hi-roman
sun saale kutte kutte,1,hi-roman
sun saale kutte yaar,1,hi-roman
dekh saale kutte hai,1,hi-roman
dekh saale kutte ho,1,hi-roman
dekh saale kutte tha,1,hi-roman
dekh saale kutte hain,1,hi-roman
dekh saale kutte aadmi,1,hi-roman
dekh saale kutte insaan,1,hi-roman
dekh saale kutte saale,1,hi-roman
dekh saale kutte kutte,1,hi-roman
dekh saale kutte yaar,1,hi-roman
ullu,1,hi-roman
ullu hai,1,hi-roman
ullu ho,1,hi-roman
ullu tha,1,hi-roman
ullu hain,1,hi-roman
ullu aadmi,1,hi-roman
ullu insaan,1,hi-roman
ullu saale,1,hi-roman
ullu kutte,1,hi-roman
ullu yaar,1,hi-roman
tu ullu,1,hi-roman
tu ullu hai,1,hi-roman
tu ullu ho,1,hi-roman
tu ullu tha,1,hi-roman
tu ullu hain,1,hi-roman
tu ullu aadmi,1,hi-roman
tu ullu insaan,1,hi-roman
tu ullu saale,1,hi-roman
tu ullu kutte,1,hi-roman
tu ullu yaar,1,hi-roman
tum ullu,1,hi-roman
tum ullu hai,1,hi-roman
tum ullu ho,1,hi-roman
tum ullu tha,1,hi-roman
tum ullu hain,1,hi-roman
tum ullu aadmi,1,hi-roman
tum ullu insaan,1,hi-roman
tum ullu saale,1,hi-roman
tum ullu kutte,1,hi-roman
tum ullu yaar,1,hi-roman
abe ullu,1,hi-roman
abe ullu hai,1,hi-roman
abe ullu ho,1,hi-roman
abe ullu tha,1,hi-roman
abe ullu hain,1,hi-roman
abe ullu aadmi,1,hi-roman
abe ullu insaan,1,hi-roman
abe ullu saale,1,hi-roman
abe ullu kutte,1,hi-roman
abe ullu yaar,1,hi-roman
oye ullu,1,hi-roman
oye ullu hai,1,hi-roman
oye ullu ho,1,hi-roman
oye ullu tha,1,hi-roman
oye ullu hain,1,hi-roman
oye ullu aadmi,1,hi-roman
oye ullu insaan,1,hi-roman
oye ullu saale,1,hi-roman
oye ullu kutte,1,hi-roman
oye ullu yaar,1,hi-roman
are ullu,1,hi-roman
are ullu hai,1,hi-roman
are ullu ho,1,hi-roman
are ullu tha,1,hi-roman
are ullu hain,1,hi-roman
are ullu aadmi,1,hi-roman
are ullu insaan,1,hi-roman
are ullu saale,1,hi-roman
are ullu kutte,1,hi-roman
are ullu yaar,1,hi-roman
sun ullu,1,hi-roman
sun ullu hai,1,hi-roman
sun ullu ho,1,hi-roman
sun ullu tha,1,hi-roman
sun ullu hain,1,hi-roman
sun ullu aadmi,1,hi-roman
sun ullu insaan,1,hi-roman
sun ullu saale,1,hi-roman
sun ullu kutte,1,hi-roman
sun ullu yaar,1,hi-roman
dekh ullu,1,hi-roman
dekh ullu hai,1,hi-roman
dekh ullu ho,1,hi-roman
dekh ullu tha,1,hi-roman
dekh ullu hain,1,hi-roman
dekh ullu aadmi,1,hi-roman
dekh ullu insaan,1,hi-roman
dekh ullu saale,1,hi-roman
dekh ullu kutte,1,hi-roman
dekh ullu yaar,1,hi-roman
ullu ka pattha,1,hi-roman
ullu ka pattha hai,1,hi-roman
ullu ka pattha ho,1,hi-roman
ullu ka pattha tha,1,hi-roman
ullu ka pattha hain,1,hi-roman
ullu ka pattha aadmi,1,hi-roman
ullu ka pattha insaan,1,hi-roman
ullu ka pattha saale,1,hi-roman
ullu ka pattha kutte,1,hi-roman
ullu ka pattha yaar,1,hi-roman
tu ullu ka pattha,1,hi-roman
tu ullu ka pattha hai,1,hi-roman
tu ullu ka pattha ho,1,hi-roman
tu ullu ka pattha tha,1,hi-roman
tu ullu ka pattha hain,1,hi-roman
tu ullu ka pattha aadmi,1,hi-roman
tu ullu ka pattha insaan,1,hi-roman
tu ullu ka pattha saale,1,hi-roman
tu ullu ka pattha kutte,1,hi-roman
tu ullu ka pattha yaar,1,hi-roman
tum ullu ka pattha,1,hi-roman
tum ullu ka pattha hai,1,hi-roman
tum ullu ka pattha ho,1,hi-roman
tum ullu ka pattha tha,1,hi-roman
tum ullu ka pattha hain,1,hi-roman
tum ullu ka pattha aadmi,1,hi-roman
tum ullu ka pattha insaan,1,hi-roman
tum ullu ka pattha saale,1,hi-roman
tum ullu ka pattha kutte,1,hi-roman
tum ullu ka pattha yaar,1,hi-roman
abe ullu ka pattha,1,hi-roman
abe ullu ka pattha hai,1,hi-roman
abe ullu ka pattha ho,1,hi-roman
abe ullu ka pattha tha,1,hi-roman
abe ullu ka pattha hain,1,hi-roman
abe ullu ka pattha aadmi,1,hi-roman
abe ullu ka pattha insaan,1,hi-roman
abe ullu ka pattha saale,1,hi-roman
abe ullu ka pattha kutte,1,hi-roman
abe ullu ka pattha yaar,1,hi-roman
oye ullu ka pattha,1,hi-roman
oye ullu ka pattha hai,1,hi-roman
oye ullu ka pattha ho,1,hi-roman
oye ullu ka pattha tha,1,hi-roman
oye ullu ka pattha hain,1,hi-roman
oye ullu ka pattha aadmi,1,hi-roman
oye ullu ka pattha insaan,1,hi-roman
oye ullu ka pattha saale,1,hi-roman
oye ullu ka pattha kutte,1,hi-roman
oye ullu ka pattha yaar,1,hi-roman
are ullu ka pattha,1,hi-roman
are ullu ka pattha hai,1,hi-roman
are ullu ka pattha ho,1,hi-roman
are ullu ka pattha tha,1,hi-roman
are ullu ka pattha hain,1,hi-roman
are ullu ka pattha aadmi,1,hi-roman
are ullu ka pattha insaan,1,hi-roman
are ullu ka pattha saale,1,hi-roman
are ullu ka pattha kutte,1,hi-roman
are ullu ka pattha yaar,1,hi-roman
sun ullu ka pattha,1,hi-roman
sun ullu ka pattha hai,1,hi-roman
sun ullu ka pattha ho,1,hi-roman
sun ullu ka pattha tha,1,hi-roman
sun ullu ka pattha hain,1,hi-roman
sun ullu ka pattha aadmi,1,hi-roman
sun ullu ka pattha insaan,1,hi-roman
sun ullu ka pattha saale,1,hi-roman
sun ullu ka pattha kutte,1,hi-roman
sun ullu ka pattha yaar,1,hi-roman
dekh ullu ka pattha,1,hi-roman
dekh ullu ka pattha hai,1,hi-roman
dekh ullu ka pattha ho,1,hi-roman
dekh ullu ka pattha tha,1,hi-roman
dekh ullu ka pattha hain,1,hi-roman
dekh ullu ka pattha aadmi,1,hi-roman
dekh ullu ka pattha insaan,1,hi-roman
dekh ullu ka pattha saale,1,hi-roman
dekh ullu ka pattha kutte,1,hi-roman
dekh ullu ka pattha yaar,1,hi-roman
ullu ke pathe,1,hi-roman
ullu ke pathe hai,1,hi-roman
ullu ke pathe ho,1,hi-roman
ullu ke pathe tha,1,hi-roman
ullu ke pathe hain,1,hi-roman
ullu ke pathe aadmi,1,hi-roman
ullu ke pathe insaan,1,hi-roman
ullu ke pathe saale,1,hi-roman
ullu ke pathe kutte,1,hi-roman
ullu ke pathe yaar,1,hi-roman
tu ullu ke pathe,1,hi-roman
tu ullu ke pathe hai,1,hi-roman
tu ullu ke pathe ho,1,hi-roman
tu ullu ke pathe tha,1,hi-roman
tu ullu ke pathe hain,1,hi-roman
tu ullu ke pathe aadmi,1,hi-roman
tu ullu ke pathe insaan,1,hi-roman
tu ullu ke pathe saale,1,hi-roman
tu ullu ke pathe kutte,1,hi-roman
tu ullu ke pathe yaar,1,hi-roman
tum ullu ke pathe,1,hi-roman
tum ullu ke pathe hai,1,hi-roman
tum ullu ke pathe ho,1,hi-roman
tum ullu ke pathe tha,1,hi-roman
tum ullu ke pathe hain,1,hi-roman
tum ullu ke pathe aadmi,1,hi-roman
tum ullu ke pathe insaan,1,hi-roman
tum ullu ke pathe saale,1,hi-roman
tum ullu ke pathe kutte,1,hi-roman
tum ullu ke pathe yaar,1,hi-roman
abe ullu ke pathe,1,hi-roman
abe ullu ke pathe hai,1,hi-roman
abe ullu ke pathe ho,1,hi-roman
abe ullu ke pathe tha,1,hi-roman
abe ullu ke pathe hain,1,hi-roman
abe ullu ke pathe aadmi,1,hi-roman
abe ullu ke pathe insaan,1,hi-roman
abe ullu ke pathe saale,1,hi-roman
abe ullu ke pathe kutte,1,hi-roman
abe ullu ke pathe yaar,1,hi-roman
oye ullu ke pathe,1,hi-roman
oye ullu ke pathe hai,1,hi-roman
oye ullu ke pathe ho,1,hi-roman
oye ullu ke pathe tha,1,hi-roman
oye ullu ke pathe hain,1,hi-roman
oye ullu ke pathe aadmi,1,hi-roman
oye ullu ke pathe insaan,1,hi-roman
oye ullu ke pathe saale,1,hi-roman
oye ullu ke pathe kutte,1,hi-roman
oye ullu ke pathe yaar,1,hi-roman
are ullu ke pathe,1,hi-roman
are ullu ke pathe hai,1,hi-roman
are ullu ke pathe ho,1,hi-roman
are ullu ke pathe tha,1,hi-roman
are ullu ke pathe hain,1,hi-roman
are ullu ke pathe aadmi,1,hi-roman
are ullu ke pathe insaan,1,hi-roman
are ullu ke pathe saale,1,hi-roman
are ullu ke pathe kutte,1,hi-roman
are ullu ke pathe yaar,1,hi-roman
sun ullu ke pathe,1,hi-roman
sun ullu ke pathe hai,1,hi-roman
sun ullu ke pathe ho,1,hi-roman
sun ullu ke pathe tha,1,hi-roman
sun ullu ke pathe hain,1,hi-roman
sun ullu ke pathe aadmi,1,hi-roman
sun ullu ke pathe insaan,1,hi-roman
sun ullu ke pathe saale,1,hi-roman
sun ullu ke pathe kutte,1,hi-roman
sun ullu ke pathe yaar,1,hi-roman
dekh ullu ke pathe,1,hi-roman
dekh ullu ke pathe hai,1,hi-roman
dekh ullu ke pathe ho,1,hi-roman
dekh ullu ke pathe tha,1,hi-roman
dekh ullu ke pathe hain,1,hi-roman
dekh ullu ke pathe aadmi,1,hi-roman
dekh ullu ke pathe insaan,1,hi-roman
dekh ullu ke pathe saale,1,hi-roman
dekh ullu ke pathe kutte,1,hi-roman
dekh ullu ke pathe yaar,1,hi-roman
gadha,1,hi-roman
gadha hai,1,hi-roman
gadha ho,1,hi-roman
gadha tha,1,hi-roman
gadha hain,1,hi-roman
gadha aadmi,1,hi-roman
gadha insaan,1,hi-roman
gadha saale,1,hi-roman
gadha kutte,1,hi-roman
gadha yaar,1,hi-roman
tu gadha,1,hi-roman
tu gadha hai,1,hi-roman
tu gadha ho,1,hi-roman
tu gadha tha,1,hi-roman
tu gadha hain,1,hi-roman
tu gadha aadmi,1,hi-roman
tu gadha insaan,1,hi-roman
tu gadha saale,1,hi-roman
tu gadha kutte,1,hi-roman
tu gadha yaar,1,hi-roman
tum gadha,1,hi-roman
tum gadha hai,1,hi-roman
tum gadha ho,1,hi-roman
tum gadha tha,1,hi-roman
tum gadha hain,1,hi-roman
tum gadha aadmi,1,hi-roman
tum gadha insaan,1,hi-roman
tum gadha saale,1,hi-roman
tum gadha kutte,1,hi-roman
tum gadha yaar,1,hi-roman
abe gadha,1,hi-roman
abe gadha hai,1,hi-roman
abe gadha ho,1,hi-roman
abe gadha tha,1,hi-roman
abe gadha hain,1,hi-roman
abe gadha aadmi,1,hi-roman
abe gadha insaan,1,hi-roman
abe gadha saale,1,hi-roman
abe gadha kutte,1,hi-roman
abe gadha yaar,1,hi-roman
oye gadha,1,hi-roman
oye gadha hai,1,hi-roman
oye gadha ho,1,hi-roman
oye gadha tha,1,hi-roman
oye gadha hain,1,hi-roman
oye gadha aadmi,1,hi-roman
oye gadha insaan,1,hi-roman
oye gadha saale,1,hi-roman
oye gadha kutte,1,hi-roman
oye gadha yaar,1,hi-roman
are gadha,1,hi-roman
are gadha hai,1,hi-roman
are gadha ho,1,hi-roman
are gadha tha,1,hi-roman
are gadha hain,1,hi-roman
are gadha aadmi,1,hi-roman
are gadha insaan,1,hi-roman
are gadha saale,1,hi-roman
are gadha kutte,1,hi-roman
are gadha yaar,1,hi-roman
sun gadha,1,hi-roman
sun gadha hai,1,hi-roman
sun gadha ho,1,hi-roman
sun gadha tha,1,hi-roman
sun gadha hain,1,hi-roman
sun gadha aadmi,1,hi-roman
sun gadha insaan,1,hi-roman
sun gadha saale,1,hi-roman
sun gadha kutte,1,hi-roman
sun gadha yaar,1,hi-roman
dekh gadha,1,hi-roman
dekh gadha hai,1,hi-roman
dekh gadha ho,1,hi-roman
dekh gadha tha,1,hi-roman
dekh gadha hain,1,hi-roman
dekh gadha aadmi,1,hi-roman
dekh gadha insaan,1,hi-roman
dekh gadha saale,1,hi-roman
dekh gadha kutte,1,hi-roman
dekh gadha yaar,1,hi-roman
gadhi,1,hi-roman
gadhi hai,1,hi-roman
gadhi ho,1,hi-roman
gadhi tha,1,hi-roman
gadhi hain,1,hi-roman
gadhi aadmi,1,hi-roman
gadhi insaan,1,hi-roman
gadhi saale,1,hi-roman
gadhi kutte,1,hi-roman
gadhi yaar,1,hi-roman
tu gadhi,1,hi-roman
tu gadhi hai,1,hi-roman
tu gadhi ho,1,hi-roman
tu gadhi tha,1,hi-roman
tu gadhi hain,1,hi-roman
tu gadhi aadmi,1,hi-roman
tu gadhi insaan,1,hi-roman
tu gadhi saale,1,hi-roman
tu gadhi kutte,1,hi-roman
tu gadhi yaar,1,hi-roman
tum gadhi,1,hi-roman
tum gadhi hai,1,hi-roman
tum gadhi ho,1,hi-roman
tum gadhi tha,1,hi-roman
tum gadhi hain,1,hi-roman
tum gadhi aadmi,1,hi-roman
tum gadhi insaan,1,hi-roman
tum gadhi saale,1,hi-roman
tum gadhi kutte,1,hi-roman
tum gadhi yaar,1,hi-roman
abe gadhi,1,hi-roman
abe gadhi hai,1,hi-roman
abe gadhi ho,1,hi-roman
abe gadhi tha,1,hi-roman
abe gadhi hain,1,hi-roman
abe gadhi aadmi,1,hi-roman
abe gadhi insaan,1,hi-roman
abe gadhi saale,1,hi-roman
abe gadhi kutte,1,hi-roman
abe gadhi yaar,1,hi-roman
oye gadhi,1,hi-roman
oye gadhi hai,1,hi-roman
oye gadhi ho,1,hi-roman
oye gadhi tha,1,hi-roman
oye gadhi hain,1,hi-roman
oye gadhi aadmi,1,hi-roman
oye gadhi insaan,1,hi-roman
oye gadhi saale,1,hi-roman
oye gadhi kutte,1,hi-roman
oye gadhi yaar,1,hi-roman
are gadhi,1,hi-roman
are gadhi hai,1,hi-roman
are gadhi ho,1,hi-roman
are gadhi tha,1,hi-roman
are gadhi hain,1,hi-roman
are gadhi aadmi,1,hi-roman
are gadhi insaan,1,hi-roman
are gadhi saale,1,hi-roman
are gadhi kutte,1,hi-roman
are gadhi yaar,1,hi-roman
sun gadhi,1,hi-roman
sun gadhi hai,1,hi-roman
sun gadhi ho,1,hi-roman
sun gadhi tha,1,hi-roman
sun gadhi hain,1,hi-roman
sun gadhi aadmi,1,hi-roman
sun gadhi insaan,1,hi-roman
sun gadhi saale,1,hi-roman
sun gadhi kutte,1,hi-roman
sun gadhi yaar,1,hi-roman
dekh gadhi,1,hi-roman
dekh gadhi hai,1,hi-roman
dekh gadhi ho,1,hi-roman
dekh gadhi tha,1,hi-roman
dekh gadhi hain,1,hi-roman
dekh gadhi aadmi,1,hi-roman
dekh gadhi insaan,1,hi-roman
dekh gadhi saale,1,hi-roman
dekh gadhi kutte,1,hi-roman
dekh gadhi yaar,1,hi-roman
gadha aadmi hai,1,hi-roman
gadha aadmi ho,1,hi-roman
gadha aadmi tha,1,hi-roman
gadha aadmi hain,1,hi-roman
gadha aadmi aadmi,1,hi-roman
gadha aadmi insaan,1,hi-roman
gadha aadmi saale,1,hi-roman
gadha aadmi kutte,1,hi-roman
gadha aadmi yaar,1,hi-roman
tu gadha aadmi hai,1,hi-roman
tu gadha aadmi ho,1,hi-roman
tu gadha aadmi tha,1,hi-roman
tu gadha aadmi hain,1,hi-roman
tu gadha aadmi aadmi,1,hi-roman
tu gadha aadmi insaan,1,hi-roman
tu gadha aadmi saale,1,hi-roman
tu gadha aadmi kutte,1,hi-roman
tu gadha aadmi yaar,1,hi-roman
tum gadha aadmi hai,1,hi-roman
tum gadha aadmi ho,1,hi-roman
tum gadha aadmi tha,1,hi-roman
tum gadha aadmi hain,1,hi-roman
tum gadha aadmi aadmi,1,hi-roman
tum gadha aadmi insaan,1,hi-roman
tum gadha aadmi saale,1,hi-roman
tum gadha aadmi kutte,1,hi-roman
tum gadha aadmi yaar,1,hi-roman
abe gadha aadmi hai,1,hi-roman
abe gadha aadmi ho,1,hi-roman
abe gadha aadmi tha,1,hi-roman
abe gadha aadmi hain,1,hi-roman
abe gadha aadmi aadmi,1,hi-roman
abe gadha aadmi insaan,1,hi-roman
abe gadha aadmi saale,1,hi-roman
abe gadha aadmi kutte,1,hi-roman
abe gadha aadmi yaar,1,hi-roman
oye gadha aadmi hai,1,hi-roman
oye gadha aadmi ho,1,hi-roman
oye gadha aadmi tha,1,hi-roman
oye gadha aadmi hain,1,hi-roman
oye gadha aadmi aadmi,1,hi-roman
oye gadha aadmi insaan,1,hi-roman
oye gadha aadmi saale,1,hi-roman
oye gadha aadmi kutte,1,hi-roman
oye gadha aadmi yaar,1,hi-roman
are gadha aadmi hai,1,hi-roman
are gadha aadmi ho,1,hi-roman
are gadha aadmi tha,1,hi-roman
are gadha aadmi hain,1,hi-roman
are gadha aadmi aadmi,1,hi-roman
are gadha aadmi insaan,1,hi-roman
are gadha aadmi saale,1,hi-roman
are gadha aadmi kutte,1,hi-roman
are gadha aadmi yaar,1,hi-roman
sun gadha aadmi hai,1,hi-roman
sun gadha aadmi ho,1,hi-roman
sun gadha aadmi tha,1,hi-roman
sun gadha aadmi hain,1,hi-roman
sun gadha aadmi aadmi,1,hi-roman
sun gadha aadmi insaan,1,hi-roman
sun gadha aadmi saale,1,hi-roman
sun gadha aadmi kutte,1,hi-roman
sun gadha aadmi yaar,1,hi-roman
dekh gadha aadmi hai,1,hi-roman
dekh gadha aadmi ho,1,hi-roman
dekh gadha aadmi tha,1,hi-roman
dekh gadha aadmi hain,1,hi-roman
dekh gadha aadmi aadmi,1,hi-roman
dekh gadha aadmi insaan,1,hi-roman
dekh gadha aadmi saale,1,hi-roman
dekh gadha aadmi kutte,1,hi-roman
dekh gadha aadmi yaar,1,hi-roman
bewakoof,1,hi-roman
bewakoof hai,1,hi-roman
bewakoof ho,1,hi-roman
bewakoof tha,1,hi-roman
bewakoof hain,1,hi-roman
bewakoof aadmi,1,hi-roman
bewakoof insaan,1,hi-roman
bewakoof saale,1,hi-roman
bewakoof kutte,1,hi-roman
bewakoof yaar,1,hi-roman
tu bewakoof,1,hi-roman
tu bewakoof hai,1,hi-roman
tu bewakoof ho,1,hi-roman
tu bewakoof tha,1,hi-roman
tu bewakoof hain,1,hi-roman
tu bewakoof aadmi,1,hi-roman
tu bewakoof insaan,1,hi-roman
tu bewakoof saale,1,hi-roman
tu bewakoof kutte,1,hi-roman
tu bewakoof yaar,1,hi-roman
tum bewakoof,1,hi-roman
tum bewakoof hai,1,hi-roman
tum bewakoof ho,1,hi-roman
tum bewakoof tha,1,hi-roman
tum bewakoof hain,1,hi-roman
tum bewakoof aadmi,1,hi-roman
tum bewakoof insaan,1,hi-roman
tum bewakoof saale,1,hi-roman
tum bewakoof kutte,1,hi-roman
tum bewakoof yaar,1,hi-roman
abe bewakoof,1,hi-roman
abe bewakoof hai,1,hi-roman
abe bewakoof ho,1,hi-roman
abe bewakoof tha,1,hi-roman
abe bewakoof hain,1,hi-roman
abe bewakoof aadmi,1,hi-roman
abe bewakoof insaan,1,hi-roman
abe bewakoof saale,1,hi-roman
abe bewakoof kutte,1,hi-roman
abe bewakoof yaar,1,hi-roman
oye bewakoof,1,hi-roman
oye bewakoof hai,1,hi-roman
oye bewakoof ho,1,hi-roman
oye bewakoof tha,1,hi-roman
oye bewakoof hain,1,hi-roman
oye bewakoof aadmi,1,hi-roman
oye bewakoof insaan,1,hi-roman
oye bewakoof saale,1,hi-roman
oye bewakoof kutte,1,hi-roman
oye bewakoof yaar,1,hi-roman
are bewakoof,1,hi-roman
are bewakoof hai,1,hi-roman
are bewakoof ho,1,hi-roman
are bewakoof tha,1,hi-roman
are bewakoof hain,1,hi-roman
are bewakoof aadmi,1,hi-roman
are bewakoof insaan,1,hi-roman
are bewakoof saale,1,hi-roman
are bewakoof kutte,1,hi-roman
are bewakoof yaar,1,hi-roman
sun bewakoof,1,hi-roman
sun bewakoof hai,1,hi-roman
sun bewakoof ho,1,hi-roman
sun bewakoof tha,1,hi-roman
sun bewakoof hain,1,hi-roman
sun bewakoof aadmi,1,hi-roman
sun bewakoof insaan,1,hi-roman
sun bewakoof saale,1,hi-roman
sun bewakoof kutte,1,hi-roman
sun bewakoof yaar,1,hi-roman
dekh bewakoof,1,hi-roman
dekh bewakoof hai,1,hi-roman
dekh bewakoof ho,1,hi-roman
dekh bewakoof tha,1,hi-roman
dekh bewakoof hain,1,hi-roman
dekh bewakoof aadmi,1,hi-roman
dekh bewakoof insaan,1,hi-roman
dekh bewakoof saale,1,hi-roman
dekh bewakoof kutte,1,hi-roman
dekh bewakoof yaar,1,hi-roman
bewakuf,1,hi-roman
bewakuf hai,1,hi-roman
bewakuf ho,1,hi-roman
bewakuf tha,1,hi-roman
bewakuf hain,1,hi-roman
bewakuf aadmi,1,hi-roman
bewakuf insaan,1,hi-roman
bewakuf saale,1,hi-roman
bewakuf kutte,1,hi-roman
bewakuf yaar,1,hi-roman
tu bewakuf,1,hi-roman
tu bewakuf hai,1,hi-roman
tu bewakuf ho,1,hi-roman
tu bewakuf tha,1,hi-roman
tu bewakuf hain,1,hi-roman
tu bewakuf aadmi,1,hi-roman
tu bewakuf insaan,1,hi-roman
tu bewakuf saale,1,hi-roman
tu bewakuf kutte,1,hi-roman
tu bewakuf yaar,1,hi-roman
tum bewakuf,1,hi-roman
tum bewakuf hai,1,hi-roman
tum bewakuf ho,1,hi-roman
tum bewakuf tha,1,hi-roman
tum bewakuf hain,1,hi-roman
tum bewakuf aadmi,1,hi-roman
tum bewakuf insaan,1,hi-roman
tum bewakuf saale,1,hi-roman
tum bewakuf kutte,1,hi-roman
tum bewakuf yaar,1,hi-roman
abe bewakuf,1,hi-roman
abe bewakuf hai,1,hi-roman
abe bewakuf ho,1,hi-roman
abe bewakuf tha,1,hi-roman
abe bewakuf hain,1,hi-roman
abe bewakuf aadmi,1,hi-roman
abe bewakuf insaan,1,hi-roman
abe bewakuf saale,1,hi-roman
abe bewakuf kutte,1,hi-roman
abe bewakuf yaar,1,hi-roman
oye bewakuf,1,hi-roman
oye bewakuf hai,1,hi-roman
oye bewakuf ho,1,hi-roman
oye bewakuf tha,1,hi-roman
oye bewakuf hain,1,hi-roman
oye bewakuf aadmi,1,hi-roman
oye bewakuf insaan,1,hi-roman
oye bewakuf saale,1,hi-roman
oye bewakuf kutte,1,hi-roman
oye bewakuf yaar,1,hi-roman
are bewakuf,1,hi-roman
are bewakuf hai,1,hi-roman
are bewakuf ho,1,hi-roman
are bewakuf tha,1,hi-roman
are bewakuf hain,1,hi-roman
are bewakuf aadmi,1,hi-roman
are bewakuf insaan,1,hi-roman
are bewakuf saale,1,hi-roman
are bewakuf kutte,1,hi-roman
are bewakuf yaar,1,hi-roman
sun bewakuf,1,hi-roman
sun bewakuf hai,1,hi-roman
sun bewakuf ho,1,hi-roman
sun bewakuf tha,1,hi-roman
sun bewakuf hain,1,hi-roman
sun bewakuf aadmi,1,hi-roman
sun bewakuf insaan,1,hi-roman
sun bewakuf saale,1,hi-roman
sun bewakuf kutte,1,hi-roman
sun bewakuf yaar,1,hi-roman
dekh bewakuf,1,hi-roman
dekh bewakuf hai,1,hi-roman
dekh bewakuf ho,1,hi-roman
dekh bewakuf tha,1,hi-roman
dekh bewakuf hain,1,hi-roman
dekh bewakuf aadmi,1,hi-roman
dekh bewakuf insaan,1,hi-roman
dekh bewakuf saale,1,hi-roman
dekh bewakuf kutte,1,hi-roman
dekh bewakuf yaar,1,hi-roman
bewakoof aadmi hai,1,hi-roman
bewakoof aadmi ho,1,hi-roman
bewakoof aadmi tha,1,hi-roman
bewakoof aadmi hain,1,hi-roman
bewakoof aadmi aadmi,1,hi-roman
bewakoof aadmi insaan,1,hi-roman
bewakoof aadmi saale,1,hi-roman
bewakoof aadmi kutte,1,hi-roman
bewakoof aadmi yaar,1,hi-roman
tu bewakoof aadmi hai,1,hi-roman
tu bewakoof aadmi ho,1,hi-roman
tu bewakoof aadmi tha,1,hi-roman
tu bewakoof aadmi hain,1,hi-roman
tu bewakoof aadmi aadmi,1,hi-roman
tu bewakoof aadmi insaan,1,hi-roman
tu bewakoof aadmi saale,1,hi-roman
tu bewakoof aadmi kutte,1,hi-roman
tu bewakoof aadmi yaar,1,hi-roman
tum bewakoof aadmi hai,1,hi-roman
tum bewakoof aadmi ho,1,hi-roman
tum bewakoof aadmi tha,1,hi-roman
tum bewakoof aadmi hain,1,hi-roman
tum bewakoof aadmi aadmi,1,hi-roman
tum bewakoof aadmi insaan,1,hi-roman
tum bewakoof aadmi saale,1,hi-roman
tum bewakoof aadmi kutte,1,hi-roman
tum bewakoof aadmi yaar,1,hi-roman
abe bewakoof aadmi hai,1,hi-roman
abe bewakoof aadmi ho,1,hi-roman
abe bewakoof aadmi tha,1,hi-roman
abe bewakoof aadmi hain,1,hi-roman
abe bewakoof aadmi aadmi,1,hi-roman
abe bewakoof aadmi insaan,1,hi-roman
abe bewakoof aadmi saale,1,hi-roman
abe bewakoof aadmi kutte,1,hi-roman
abe bewakoof aadmi yaar,1,hi-roman
oye bewakoof aadmi hai,1,hi-roman
oye bewakoof aadmi ho,1,hi-roman
oye bewakoof aadmi tha,1,hi-roman
oye bewakoof aadmi hain,1,hi-roman
oye bewakoof aadmi aadmi,1,hi-roman
oye bewakoof aadmi insaan,1,hi-roman
oye bewakoof aadmi saale,1,hi-roman
oye bewakoof aadmi kutte,1,hi-roman
oye bewakoof aadmi yaar,1,hi-roman
are bewakoof aadmi hai,1,hi-roman
are bewakoof aadmi ho,1,hi-roman
are bewakoof aadmi tha,1,hi-roman
are bewakoof aadmi hain,1,hi-roman
are bewakoof aadmi aadmi,1,hi-roman
are bewakoof aadmi insaan,1,hi-roman
are bewakoof aadmi saale,1,hi-roman
are bewakoof aadmi kutte,1,hi-roman
are bewakoof aadmi yaar,1,hi-roman
sun bewakoof aadmi hai,1,hi-roman
sun bewakoof aadmi ho,1,hi-roman
sun bewakoof aadmi tha,1,hi-roman
sun bewakoof aadmi hain,1,hi-roman
sun bewakoof aadmi aadmi,1,hi-roman
sun bewakoof aadmi insaan,1,hi-roman
sun bewakoof aadmi saale,1,hi-roman
sun bewakoof aadmi kutte,1,hi-roman
sun bewakoof aadmi yaar,1,hi-roman
dekh bewakoof aadmi hai,1,hi-roman
dekh bewakoof aadmi ho,1,hi-roman
dekh bewakoof aadmi tha,1,hi-roman
dekh bewakoof aadmi hain,1,hi-roman
dekh bewakoof aadmi aadmi,1,hi-roman
dekh bewakoof aadmi insaan,1,hi-roman
dekh bewakoof aadmi saale,1,hi-roman
dekh bewakoof aadmi kutte,1,hi-roman
dekh bewakoof aadmi yaar,1,hi-roman
bewakoof insaan hai,1,hi-roman
bewakoof insaan ho,1,hi-roman
bewakoof insaan tha,1,hi-roman
bewakoof insaan hain,1,hi-roman
bewakoof insaan aadmi,1,hi-roman
bewakoof insaan insaan,1,hi-roman
bewakoof insaan saale,1,hi-roman
bewakoof insaan kutte,1,hi-roman
bewakoof insaan yaar,1,hi-roman
tu bewakoof insaan hai,1,hi-roman
tu bewakoof insaan ho,1,hi-roman
tu bewakoof insaan tha,1,hi-roman
tu bewakoof insaan hain,1,hi-roman
tu bewakoof insaan aadmi,1,hi-roman
tu bewakoof insaan insaan,1,hi-roman
tu bewakoof insaan saale,1,hi-roman
tu bewakoof insaan kutte,1,hi-roman
tu bewakoof insaan yaar,1,hi-roman
tum bewakoof insaan hai,1,hi-roman
tum bewakoof insaan ho,1,hi-roman
tum bewakoof insaan tha,1,hi-roman
tum bewakoof insaan hain,1,hi-roman
tum bewakoof insaan aadmi,1,hi-roman
tum bewakoof insaan insaan,1,hi-roman
tum bewakoof insaan saale,1,hi-roman
tum bewakoof insaan kutte,1,hi-roman
tum bewakoof insaan yaar,1,hi-roman
abe bewakoof insaan hai,1,hi-roman
abe bewakoof insaan ho,1,hi-roman
abe bewakoof insaan tha,1,hi-roman
abe bewakoof insaan hain,1,hi-roman
abe bewakoof insaan aadmi,1,hi-roman
abe bewakoof insaan insaan,1,hi-roman
abe bewakoof insaan saale,1,hi-roman
abe bewakoof insaan kutte,1,hi-roman
abe bewakoof insaan yaar,1,hi-roman
oye bewakoof insaan hai,1,hi-roman
oye bewakoof insaan ho,1,hi-roman
oye bewakoof insaan tha,1,hi-roman
oye bewakoof insaan hain,1,hi-roman
oye bewakoof insaan aadmi,1,hi-roman
oye bewakoof insaan insaan,1,hi-roman
oye bewakoof insaan saale,1,hi-roman
oye bewakoof insaan kutte,1,hi-roman
oye bewakoof insaan yaar,1,hi-roman
are bewakoof insaan hai,1,hi-roman
are bewakoof insaan ho,1,hi-roman
are bewakoof insaan tha,1,hi-roman
are bewakoof insaan hain,1,hi-roman
are bewakoof insaan aadmi,1,hi-roman
are bewakoof insaan insaan,1,hi-roman
are bewakoof insaan saale,1,hi-roman
are bewakoof insaan kutte,1,hi-roman
are bewakoof insaan yaar,1,hi-roman
sun bewakoof insaan hai,1,hi-roman
sun bewakoof insaan ho,1,hi-roman
sun bewakoof insaan tha,1,hi-roman
sun bewakoof insaan hain,1,hi-roman
sun bewakoof insaan aadmi,1,hi-roman
sun bewakoof insaan insaan,1,hi-roman
sun bewakoof insaan saale,1,hi-roman
sun bewakoof insaan kutte,1,hi-roman
sun bewakoof insaan yaar,1,hi-roman
dekh bewakoof insaan hai,1,hi-roman
dekh bewakoof insaan ho,1,hi-roman
dekh bewakoof insaan tha,1,hi-roman
dekh bewakoof insaan hain,1,hi-roman
dekh bewakoof insaan aadmi,1,hi-roman
dekh bewakoof insaan insaan,1,hi-roman
dekh bewakoof insaan saale,1,hi-roman
dekh bewakoof insaan kutte,1,hi-roman
dekh bewakoof insaan yaar,1,hi-roman
buddhu,1,hi-roman
buddhu hai,1,hi-roman
buddhu ho,1,hi-roman
buddhu tha,1,hi-roman
buddhu hain,1,hi-roman
buddhu aadmi,1,hi-roman
buddhu insaan,1,hi-roman
buddhu saale,1,hi-roman
buddhu kutte,1,hi-roman
buddhu yaar,1,hi-roman
tu buddhu,1,hi-roman
tu buddhu hai,1,hi-roman
tu buddhu ho,1,hi-roman
tu buddhu tha,1,hi-roman
tu buddhu hain,1,hi-roman
tu buddhu aadmi,1,hi-roman
tu buddhu insaan,1,hi-roman
tu buddhu saale,1,hi-roman
tu buddhu kutte,1,hi-roman
tu buddhu yaar,1,hi-roman
tum buddhu,1,hi-roman
tum buddhu hai,1,hi-roman
tum buddhu ho,1,hi-roman
tum buddhu tha,1,hi-roman
tum buddhu hain,1,hi-roman
tum buddhu aadmi,1,hi-roman
tum buddhu insaan,1,hi-roman
tum buddhu saale,1,hi-roman
tum buddhu kutte,1,hi-roman
tum buddhu yaar,1,hi-roman
abe buddhu,1,hi-roman
abe buddhu hai,1,hi-roman
abe buddhu ho,1,hi-roman
abe buddhu tha,1,hi-roman
abe buddhu hain,1,hi-roman
abe buddhu aadmi,1,hi-roman
abe buddhu insaan,1,hi-roman
abe buddhu saale,1,hi-roman
abe buddhu kutte,1,hi-roman
abe buddhu yaar,1,hi-roman
oye buddhu,1,hi-roman
oye buddhu hai,1,hi-roman
oye buddhu ho,1,hi-roman
oye buddhu tha,1,hi-roman
oye buddhu hain,1,hi-roman
oye buddhu aadmi,1,hi-roman
oye buddhu insaan,1,hi-roman
oye buddhu saale,1,hi-roman
oye buddhu kutte,1,hi-roman
oye buddhu yaar,1,hi-roman
are buddhu,1,hi-roman
are buddhu hai,1,hi-roman
are buddhu ho,1,hi-roman
are buddhu tha,1,hi-roman
are buddhu hain,1,hi-roman
are buddhu aadmi,1,hi-roman
are buddhu insaan,1,hi-roman
are buddhu saale,1,hi-roman
are buddhu kutte,1,hi-roman
are buddhu yaar,1,hi-roman
sun buddhu,1,hi-roman
sun buddhu hai,1,hi-roman
sun buddhu ho,1,hi-roman
sun buddhu tha,1,hi-roman
sun buddhu hain,1,hi-roman
sun buddhu aadmi,1,hi-roman
sun buddhu insaan,1,hi-roman
sun buddhu saale,1,hi-roman
sun buddhu kutte,1,hi-roman
sun buddhu yaar,1,hi-roman
dekh buddhu,1,hi-roman
dekh buddhu hai,1,hi-roman
dekh buddhu ho,1,hi-roman
dekh buddhu tha,1,hi-roman
dekh buddhu hain,1,hi-roman
dekh buddhu aadmi,1,hi-roman
dekh buddhu insaan,1,hi-roman
dekh buddhu saale,1,hi-roman
dekh buddhu kutte,1,hi-roman
dekh buddhu yaar,1,hi-roman
moorkh,1,hi-roman
moorkh hai,1,hi-roman
moorkh ho,1,hi-roman
moorkh tha,1,hi-roman
moorkh hain,1,hi-roman
moorkh aadmi,1,hi-roman
moorkh insaan,1,hi-roman
moorkh saale,1,hi-roman
moorkh kutte,1,hi-roman
moorkh yaar,1,hi-roman
tu moorkh,1,hi-roman
tu moorkh hai,1,hi-roman
tu moorkh ho,1,hi-roman
tu moorkh tha,1,hi-roman
tu moorkh hain,1,hi-roman
tu moorkh aadmi,1,hi-roman
tu moorkh insaan,1,hi-roman
tu moorkh saale,1,hi-roman
tu moorkh kutte,1,hi-roman
tu moorkh yaar,1,hi-roman
tum moorkh,1,hi-roman
tum moorkh hai,1,hi-roman
tum moorkh ho,1,hi-roman
tum moorkh tha,1,hi-roman
tum moorkh hain,1,hi-roman
tum moorkh aadmi,1,hi-roman
tum moorkh insaan,1,hi-roman
tum moorkh saale,1,hi-roman
tum moorkh kutte,1,hi-roman
tum moorkh yaar,1,hi-roman
abe moorkh,1,hi-roman
abe moorkh hai,1,hi-roman
abe moorkh ho,1,hi-roman
abe moorkh tha,1,hi-roman
abe moorkh hain,1,hi-roman
abe moorkh aadmi,1,hi-roman
abe moorkh insaan,1,hi-roman
abe moorkh saale,1,hi-roman
abe moorkh kutte,1,hi-roman
abe moorkh yaar,1,hi-roman
oye moorkh,1,hi-roman
oye moorkh hai,1,hi-roman
oye moorkh ho,1,hi-roman
oye moorkh tha,1,hi-roman
oye moorkh hain,1,hi-roman
oye moorkh aadmi,1,hi-roman
oye moorkh insaan,1,hi-roman
oye moorkh saale,1,hi-roman
oye moorkh kutte,1,hi-roman
oye moorkh yaar,1,hi-roman
are moorkh,1,hi-roman
are moorkh hai,1,hi-roman
are moorkh ho,1,hi-roman
are moorkh tha,1,hi-roman
are moorkh hain,1,hi-roman
are moorkh aadmi,1,hi-roman
are moorkh insaan,1,hi-roman
are moorkh saale,1,hi-roman
are moorkh kutte,1,hi-roman
are moorkh yaar,1,hi-roman
sun moorkh,1,hi-roman
sun moorkh hai,1,hi-roman
sun moorkh ho,1,hi-roman
sun moorkh tha,1,hi-roman
sun moorkh hain,1,hi-roman
sun moorkh aadmi,1,hi-roman
sun moorkh insaan,1,hi-roman
sun moorkh saale,1,hi-roman
sun moorkh kutte,1,hi-roman
sun moorkh yaar,1,hi-roman
dekh moorkh,1,hi-roman
dekh moorkh hai,1,hi-roman
dekh moorkh ho,1,hi-roman
dekh moorkh tha,1,hi-roman
dekh moorkh hain,1,hi-roman
dekh moorkh aadmi,1,hi-roman
dekh moorkh insaan,1,hi-roman
dekh moorkh saale,1,hi-roman
dekh moorkh kutte,1,hi-roman
dekh moorkh yaar,1,hi-roman
murkh,1,hi-roman
murkh hai,1,hi-roman
murkh ho,1,hi-roman
murkh tha,1,hi-roman
murkh hain,1,hi-roman
murkh aadmi,1,hi-roman
murkh insaan,1,hi-roman
murkh saale,1,hi-roman
murkh kutte,1,hi-roman
murkh yaar,1,hi-roman
tu murkh,1,hi-roman
tu murkh hai,1,hi-roman
tu murkh ho,1,hi-roman
tu murkh tha,1,hi-roman
tu murkh hain,1,hi-roman
tu murkh aadmi,1,hi-roman
tu murkh insaan,1,hi-roman
tu murkh saale,1,hi-roman
tu murkh kutte,1,hi-roman
tu murkh yaar,1,hi-roman
tum murkh,1,hi-roman
tum murkh hai,1,hi-roman
tum murkh ho,1,hi-roman
tum murkh tha,1,hi-roman
tum murkh hain,1,hi-roman
tum murkh aadmi,1,hi-roman
tum murkh insaan,1,hi-roman
tum murkh saale,1,hi-roman
tum murkh kutte,1,hi-roman
tum murkh yaar,1,hi-roman
abe murkh,1,hi-roman
abe murkh hai,1,hi-roman
abe murkh ho,1,hi-roman
abe murkh tha,1,hi-roman
abe murkh hain,1,hi-roman
abe murkh aadmi,1,hi-roman
abe murkh insaan,1,hi-roman
abe murkh saale,1,hi-roman
abe murkh kutte,1,hi-roman
abe murkh yaar,1,hi-roman
oye murkh,1,hi-roman
oye murkh hai,1,hi-roman
oye murkh ho,1,hi-roman
oye murkh tha,1,hi-roman
oye murkh hain,1,hi-roman
oye murkh aadmi,1,hi-roman
oye murkh insaan,1,hi-roman
oye murkh saale,1,hi-roman
oye murkh kutte,1,hi-roman
oye murkh yaar,1,hi-roman
are murkh,1,hi-roman
are murkh hai,1,hi-roman
are murkh ho,1,hi-roman
are murkh tha,1,hi-roman
are murkh hain,1,hi-roman
are murkh aadmi,1,hi-roman
are murkh insaan,1,hi-roman
are murkh saale,1,hi-roman
are murkh kutte,1,hi-roman
are murkh yaar,1,hi-roman
sun murkh,1,hi-roman
sun murkh hai,1,hi-roman
sun murkh ho,1,hi-roman
sun murkh tha,1,hi-roman
sun murkh hain,1,hi-roman
sun murkh aadmi,1,hi-roman
sun murkh insaan,1,hi-roman
sun murkh saale,1,hi-roman
sun murkh kutte,1,hi-roman
sun murkh yaar,1,hi-roman
dekh murkh,1,hi-roman
dekh murkh hai,1,hi-roman
dekh murkh ho,1,hi-roman
dekh murkh tha,1,hi-roman
dekh murkh hain,1,hi-roman
dekh murkh aadmi,1,hi-roman
dekh murkh insaan,1,hi-roman
dekh murkh saale,1,hi-roman
dekh murkh kutte,1,hi-roman
dekh murkh yaar,1,hi-roman
mahamurkh,1,hi-roman
mahamurkh hai,1,hi-roman
mahamurkh ho,1,hi-roman
mahamurkh tha,1,hi-roman
mahamurkh hain,1,hi-roman
mahamurkh aadmi,1,hi-roman
mahamurkh insaan,1,hi-roman
mahamurkh saale,1,hi-roman
mahamurkh kutte,1,hi-roman
mahamurkh yaar,1,hi-roman
tu mahamurkh,1,hi-roman
tu mahamurkh hai,1,hi-roman
tu mahamurkh ho,1,hi-roman
tu mahamurkh tha,1,hi-roman
tu mahamurkh hain,1,hi-roman
tu mahamurkh aadmi,1,hi-roman
tu mahamurkh insaan,1,hi-roman
tu mahamurkh saale,1,hi-roman
tu mahamurkh kutte,1,hi-roman
tu mahamurkh yaar,1,hi-roman
tum mahamurkh,1,hi-roman
tum mahamurkh hai,1,hi-roman
tum mahamurkh ho,1,hi-roman
tum mahamurkh tha,1,hi-roman
tum mahamurkh hain,1,hi-roman
tum mahamurkh aadmi,1,hi-roman
tum mahamurkh insaan,1,hi-roman
tum mahamurkh saale,1,hi-roman
tum mahamurkh kutte,1,hi-roman
tum mahamurkh yaar,1,hi-roman
abe mahamurkh,1,hi-roman
abe mahamurkh hai,1,hi-roman
abe mahamurkh ho,1,hi-roman
abe mahamurkh tha,1,hi-roman
abe mahamurkh hain,1,hi-roman
abe mahamurkh aadmi,1,hi-roman
abe mahamurkh insaan,1,hi-roman
abe mahamurkh saale,1,hi-roman
abe mahamurkh kutte,1,hi-roman
abe mahamurkh yaar,1,hi-roman
oye mahamurkh,1,hi-roman
oye mahamurkh hai,1,hi-roman
oye mahamurkh ho,1,hi-roman
oye mahamurkh tha,1,hi-roman
oye mahamurkh hain,1,hi-roman
oye mahamurkh aadmi,1,hi-roman
oye mahamurkh insaan,1,hi-roman
oye mahamurkh saale,1,hi-roman
oye mahamurkh kutte,1,hi-roman
oye mahamurkh yaar,1,hi-roman
are mahamurkh,1,hi-roman
are mahamurkh hai,1,hi-roman
are mahamurkh ho,1,hi-roman
are mahamurkh tha,1,hi-roman
are mahamurkh hain,1,hi-roman
are mahamurkh aadmi,1,hi-roman
are mahamurkh insaan,1,hi-roman
are mahamurkh saale,1,hi-roman
are mahamurkh kutte,1,hi-roman
are mahamurkh yaar,1,hi-roman
sun mahamurkh,1,hi-roman
sun mahamurkh hai,1,hi-roman
sun mahamurkh ho,1,hi-roman
sun mahamurkh tha,1,hi-roman
sun mahamurkh hain,1,hi-roman
sun mahamurkh aadmi,1,hi-roman
sun mahamurkh insaan,1,hi-roman
sun mahamurkh saale,1,hi-roman
sun mahamurkh kutte,1,hi-roman
sun mahamurkh yaar,1,hi-roman
dekh mahamurkh,1,hi-roman
dekh mahamurkh hai,1,hi-roman
dekh mahamurkh ho,1,hi-roman
dekh mahamurkh tha,1,hi-roman
dekh mahamurkh hain,1,hi-roman
dekh mahamurkh aadmi,1,hi-roman
dekh mahamurkh insaan,1,hi-roman
dekh mahamurkh saale,1,hi-roman
dekh mahamurkh kutte,1,hi-roman
dekh mahamurkh yaar,1,hi-roman
nalayak,1,hi-roman
nalayak hai,1,hi-roman
nalayak ho,1,hi-roman
nalayak tha,1,hi-roman
nalayak hain,1,hi-roman
nalayak aadmi,1,hi-roman
nalayak insaan,1,hi-roman
nalayak saale,1,hi-roman
nalayak kutte,1,hi-roman
nalayak yaar,1,hi-roman
tu nalayak,1,hi-roman
tu nalayak hai,1,hi-roman
tu nalayak ho,1,hi-roman
tu nalayak tha,1,hi-roman
tu nalayak hain,1,hi-roman
tu nalayak aadmi,1,hi-roman
tu nalayak insaan,1,hi-roman
tu nalayak saale,1,hi-roman
tu nalayak kutte,1,hi-roman
tu nalayak yaar,1,hi-roman
tum nalayak,1,hi-roman
tum nalayak hai,1,hi-roman
tum nalayak ho,1,hi-roman
tum nalayak tha,1,hi-roman
tum nalayak hain,1,hi-roman
tum nalayak aadmi,1,hi-roman
tum nalayak insaan,1,hi-roman
tum nalayak saale,1,hi-roman
tum nalayak kutte,1,hi-roman
tum nalayak yaar,1,hi-roman
abe nalayak,1,hi-roman
abe nalayak hai,1,hi-roman
abe nalayak ho,1,hi-roman
abe nalayak tha,1,hi-roman
abe nalayak hain,1,hi-roman
abe nalayak aadmi,1,hi-roman
abe nalayak insaan,1,hi-roman
abe nalayak saale,1,hi-roman
abe nalayak kutte,1,hi-roman
abe nalayak yaar,1,hi-roman
oye nalayak,1,hi-roman
oye nalayak hai,1,hi-roman
oye nalayak ho,1,hi-roman
oye nalayak tha,1,hi-roman
oye nalayak hain,1,hi-roman
oye nalayak aadmi,1,hi-roman
oye nalayak insaan,1,hi-roman
oye nalayak saale,1,hi-roman
oye nalayak kutte,1,hi-roman
oye nalayak yaar,1,hi-roman
are nalayak,1,hi-roman
are nalayak hai,1,hi-roman
are nalayak ho,1,hi-roman
are nalayak tha,1,hi-roman
are nalayak hain,1,hi-roman
are nalayak aadmi,1,hi-roman
are nalayak insaan,1,hi-roman
are nalayak saale,1,hi-roman
are nalayak kutte,1,hi-roman
are nalayak yaar,1,hi-roman
sun nalayak,1,hi-roman
sun nalayak hai,1,hi-roman
sun nalayak ho,1,hi-roman
sun nalayak tha,1,hi-roman
sun nalayak hain,1,hi-roman
sun nalayak aadmi,1,hi-roman
sun nalayak insaan,1,hi-roman
sun nalayak saale,1,hi-roman
sun nalayak kutte,1,hi-roman
sun nalayak yaar,1,hi-roman
dekh nalayak,1,hi-roman
dekh nalayak hai,1,hi-roman
dekh nalayak ho,1,hi-roman
dekh nalayak tha,1,hi-roman
dekh nalayak hain,1,hi-roman
dekh nalayak aadmi,1,hi-roman
dekh nalayak insaan,1,hi-roman
dekh nalayak saale,1,hi-roman
dekh nalayak kutte,1,hi-roman
dekh nalayak yaar,1,hi-roman
nalayaka,1,hi-roman
nalayaka hai,1,hi-roman
nalayaka ho,1,hi-roman
nalayaka tha,1,hi-roman
nalayaka hain,1,hi-roman
nalayaka aadmi,1,hi-roman
nalayaka insaan,1,hi-roman
nalayaka saale,1,hi-roman
nalayaka kutte,1,hi-roman
nalayaka yaar,1,hi-roman
tu nalayaka,1,hi-roman
tu nalayaka hai,1,hi-roman
tu nalayaka ho,1,hi-roman
tu nalayaka tha,1,hi-roman
tu nalayaka hain,1,hi-roman
tu nalayaka aadmi,1,hi-roman
tu nalayaka insaan,1,hi-roman
tu nalayaka saale,1,hi-roman
tu nalayaka kutte,1,hi-roman
tu nalayaka yaar,1,hi-roman
tum nalayaka,1,hi-roman
tum nalayaka hai,1,hi-roman
tum nalayaka ho,1,hi-roman
tum nalayaka tha,1,hi-roman
tum nalayaka hain,1,hi-roman
tum nalayaka aadmi,1,hi-roman
tum nalayaka insaan,1,hi-roman
tum nalayaka saale,1,hi-roman
tum nalayaka kutte,1,hi-roman
tum nalayaka yaar,1,hi-roman
abe nalayaka,1,hi-roman
abe nalayaka hai,1,hi-roman
abe nalayaka ho,1,hi-roman
abe nalayaka tha,1,hi-roman
abe nalayaka hain,1,hi-roman
abe nalayaka aadmi,1,hi-roman
abe nalayaka insaan,1,hi-roman
abe nalayaka saale,1,hi-roman
abe nalayaka kutte,1,hi-roman
abe nalayaka yaar,1,hi-roman
oye nalayaka,1,hi-roman
oye nalayaka hai,1,hi-roman
oye nalayaka ho,1,hi-roman
oye nalayaka tha,1,hi-roman
oye nalayaka hain,1,hi-roman
oye nalayaka aadmi,1,hi-roman
oye nalayaka insaan,1,hi-roman
oye nalayaka saale,1,hi-roman
oye nalayaka kutte,1,hi-roman
oye nalayaka yaar,1,hi-roman
are nalayaka,1,hi-roman
are nalayaka hai,1,hi-roman
are nalayaka ho,1,hi-roman
are nalayaka tha,1,hi-roman
are nalayaka hain,1,hi-roman
are nalayaka aadmi,1,hi-roman
are nalayaka insaan,1,hi-roman
are nalayaka saale,1,hi-roman
are nalayaka kutte,1,hi-roman
are nalayaka yaar,1,hi-roman
sun nalayaka,1,hi-roman
sun nalayaka hai,1,hi-roman
sun nalayaka ho,1,hi-roman
sun nalayaka tha,1,hi-roman
sun nalayaka hain,1,hi-roman
sun nalayaka aadmi,1,hi-roman
sun nalayaka insaan,1,hi-roman
sun nalayaka saale,1,hi-roman
sun nalayaka kutte,1,hi-roman
sun nalayaka yaar,1,hi-roman
dekh nalayaka,1,hi-roman
dekh nalayaka hai,1,hi-roman
dekh nalayaka ho,1,hi-roman
dekh nalayaka tha,1,hi-roman
dekh nalayaka hain,1,hi-roman
dekh nalayaka aadmi,1,hi-roman
dekh nalayaka insaan,1,hi-roman
dekh nalayaka saale,1,hi-roman
dekh nalayaka kutte,1,hi-roman
dekh nalayaka yaar,1,hi-roman
nalayak aadmi hai,1,hi-roman
nalayak aadmi ho,1,hi-roman
nalayak aadmi tha,1,hi-roman
nalayak aadmi hain,1,hi-roman
nalayak aadmi aadmi,1,hi-roman
nalayak aadmi insaan,1,hi-roman
nalayak aadmi saale,1,hi-roman
nalayak aadmi kutte,1,hi-roman
nalayak aadmi yaar,1,hi-roman
tu nalayak aadmi hai,1,hi-roman
tu nalayak aadmi ho,1,hi-roman
tu nalayak aadmi tha,1,hi-roman
tu nalayak aadmi hain,1,hi-roman
tu nalayak aadmi aadmi,1,hi-roman
tu nalayak aadmi insaan,1,hi-roman
tu nalayak aadmi saale,1,hi-roman
tu nalayak aadmi kutte,1,hi-roman
tu nalayak aadmi yaar,1,hi-roman
tum nalayak aadmi hai,1,hi-roman
tum nalayak aadmi ho,1,hi-roman
tum nalayak aadmi tha,1,hi-roman
tum nalayak aadmi hain,1,hi-roman
tum nalayak aadmi aadmi,1,hi-roman
tum nalayak aadmi insaan,1,hi-roman
tum nalayak aadmi saale,1,hi-roman
tum nalayak aadmi kutte,1,hi-roman
tum nalayak aadmi yaar,1,hi-roman
abe nalayak aadmi hai,1,hi-roman
abe nalayak aadmi ho,1,hi-roman
abe nalayak aadmi tha,1,hi-roman
abe nalayak aadmi hain,1,hi-roman
abe nalayak aadmi aadmi,1,hi-roman
abe nalayak aadmi insaan,1,hi-roman
abe nalayak aadmi saale,1,hi-roman
abe nalayak aadmi kutte,1,hi-roman
abe nalayak aadmi yaar,1,hi-roman
oye nalayak aadmi hai,1,hi-roman
oye nalayak aadmi ho,1,hi-roman
oye nalayak aadmi tha,1,hi-roman
oye nalayak aadmi hain,1,hi-roman
oye nalayak aadmi aadmi,1,hi-roman
oye nalayak aadmi insaan,1,hi-roman
oye nalayak aadmi saale,1,hi-roman
oye nalayak aadmi kutte,1,hi-roman
oye nalayak aadmi yaar,1,hi-roman
are nalayak aadmi hai,1,hi-roman
are nalayak aadmi ho,1,hi-roman
are nalayak aadmi tha,1,hi-roman
are nalayak aadmi hain,1,hi-roman
are nalayak aadmi aadmi,1,hi-roman
are nalayak aadmi insaan,1,hi-roman
are nalayak aadmi saale,1,hi-roman
are nalayak aadmi kutte,1,hi-roman
are nalayak aadmi yaar,1,hi-roman
sun nalayak aadmi hai,1,hi-roman
sun nalayak aadmi ho,1,hi-roman
sun nalayak aadmi tha,1,hi-roman
sun nalayak aadmi hain,1,hi-roman
sun nalayak aadmi aadmi,1,hi-roman
sun nalayak aadmi insaan,1,hi-roman
sun nalayak aadmi saale,1,hi-roman
sun nalayak aadmi kutte,1,hi-roman
sun nalayak aadmi yaar,1,hi-roman
dekh nalayak aadmi hai,1,hi-roman
dekh nalayak aadmi ho,1,hi-roman
dekh nalayak aadmi tha,1,hi-roman
dekh nalayak aadmi hain,1,hi-roman
dekh nalayak aadmi aadmi,1,hi-roman
dekh nalayak aadmi insaan,1,hi-roman
dekh nalayak aadmi saale,1,hi-roman
dekh nalayak aadmi kutte,1,hi-roman
dekh nalayak aadmi yaar,1,hi-roman
nikamma,1,hi-roman
nikamma hai,1,hi-roman
nikamma ho,1,hi-roman
nikamma tha,1,hi-roman
nikamma hain,1,hi-roman
nikamma aadmi,1,hi-roman
nikamma insaan,1,hi-roman
nikamma saale,1,hi-roman
nikamma kutte,1,hi-roman
nikamma yaar,1,hi-roman
tu nikamma,1,hi-roman
tu nikamma hai,1,hi-roman
tu nikamma ho,1,hi-roman
tu nikamma tha,1,hi-roman
tu nikamma hain,1,hi-roman
tu nikamma aadmi,1,hi-roman
tu nikamma insaan,1,hi-roman
tu nikamma saale,1,hi-roman
tu nikamma kutte,1,hi-roman
tu nikamma yaar,1,hi-roman
tum nikamma,1,hi-roman
tum nikamma hai,1,hi-roman
tum nikamma ho,1,hi-roman
tum nikamma tha,1,hi-roman
tum nikamma hain,1,hi-roman
tum nikamma aadmi,1,hi-roman
tum nikamma insaan,1,hi-roman
tum nikamma saale,1,hi-roman
tum nikamma kutte,1,hi-roman
tum nikamma yaar,1,hi-roman
abe nikamma,1,hi-roman
abe nikamma hai,1,hi-roman
abe nikamma ho,1,hi-roman
abe nikamma tha,1,hi-roman
abe nikamma hain,1,hi-roman
abe nikamma aadmi,1,hi-roman
abe nikamma insaan,1,hi-roman
abe nikamma saale,1,hi-roman
abe nikamma kutte,1,hi-roman
abe nikamma yaar,1,hi-roman
oye nikamma,1,hi-roman
oye nikamma hai,1,hi-roman
oye nikamma ho,1,hi-roman
oye nikamma tha,1,hi-roman
oye nikamma hain,1,hi-roman
oye nikamma aadmi,1,hi-roman
oye nikamma insaan,1,hi-roman
oye nikamma saale,1,hi-roman
oye nikamma kutte,1,hi-roman
oye nikamma yaar,1,hi-roman
are nikamma,1,hi-roman
are nikamma hai,1,hi-roman
are nikamma ho,1,hi-roman
are nikamma tha,1,hi-roman
are nikamma hain,1,hi-roman
are nikamma aadmi,1,hi-roman
are nikamma insaan,1,hi-roman
are nikamma saale,1,hi-roman
are nikamma kutte,1,hi-roman
are nikamma yaar,1,hi-roman
sun nikamma,1,hi-roman
sun nikamma hai,1,hi-roman
sun nikamma ho,1,hi-roman
sun nikamma tha,1,hi-roman
sun nikamma hain,1,hi-roman
sun nikamma aadmi,1,hi-roman
sun nikamma insaan,1,hi-roman
sun nikamma saale,1,hi-roman
sun nikamma kutte,1,hi-roman
sun nikamma yaar,1,hi-roman
dekh nikamma,1,hi-roman
dekh nikamma hai,1,hi-roman
dekh nikamma ho,1,hi-roman
dekh nikamma tha,1,hi-roman
dekh nikamma hain,1,hi-roman
dekh nikamma aadmi,1,hi-roman
dekh nikamma insaan,1,hi-roman
dekh nikamma saale,1,hi-roman
dekh nikamma kutte,1,hi-roman
dekh nikamma yaar,1,hi-roman
nikammi,1,hi-roman
nikammi hai,1,hi-roman
nikammi ho,1,hi-roman
nikammi tha,1,hi-roman
nikammi hain,1,hi-roman
nikammi aadmi,1,hi-roman
nikammi insaan,1,hi-roman
nikammi saale,1,hi-roman
nikammi kutte,1,hi-roman
nikammi yaar,1,hi-roman
tu nikammi,1,hi-roman
tu nikammi hai,1,hi-roman
tu nikammi ho,1,hi-roman
tu nikammi tha,1,hi-roman
tu nikammi hain,1,hi-roman
tu nikammi aadmi,1,hi-roman
tu nikammi insaan,1,hi-roman
tu nikammi saale,1,hi-roman
tu nikammi kutte,1,hi-roman
tu nikammi yaar,1,hi-roman
tum nikammi,1,hi-roman
tum nikammi hai,1,hi-roman
tum nikammi ho,1,hi-roman
tum nikammi tha,1,hi-roman
tum nikammi hain,1,hi-roman
tum nikammi aadmi,1,hi-roman
tum nikammi insaan,1,hi-roman
tum nikammi saale,1,hi-roman
tum nikammi kutte,1,hi-roman
tum nikammi yaar,1,hi-roman
abe nikammi,1,hi-roman
abe nikammi hai,1,hi-roman
abe nikammi ho,1,hi-roman
abe nikammi tha,1,hi-roman
abe nikammi hain,1,hi-roman
abe nikammi aadmi,1,hi-roman
abe nikammi insaan,1,hi-roman
abe nikammi saale,1,hi-roman
abe nikammi kutte,1,hi-roman
abe nikammi yaar,1,hi-roman
oye nikammi,1,hi-roman
oye nikammi hai,1,hi-roman
oye nikammi ho,1,hi-roman
oye nikammi tha,1,hi-roman
oye nikammi hain,1,hi-roman
oye nikammi aadmi,1,hi-roman
oye nikammi insaan,1,hi-roman
oye nikammi saale,1,hi-roman
oye nikammi kutte,1,hi-roman
oye nikammi yaar,1,hi-roman
are nikammi,1,hi-roman
are nikammi hai,1,hi-roman
are nikammi ho,1,hi-roman
are nikammi tha,1,hi-roman
are nikammi hain,1,hi-roman
are nikammi aadmi,1,hi-roman
are nikammi insaan,1,hi-roman
are nikammi saale,1,hi-roman
are nikammi kutte,1,hi-roman
are nikammi yaar,1,hi-roman
sun nikammi,1,hi-roman
sun nikammi hai,1,hi-roman
sun nikammi ho,1,hi-roman
sun nikammi tha,1,hi-roman
sun nikammi hain,1,hi-roman
sun nikammi aadmi,1,hi-roman
sun nikammi insaan,1,hi-roman
sun nikammi saale,1,hi-roman
sun nikammi kutte,1,hi-roman
sun nikammi yaar,1,hi-roman
dekh nikammi,1,hi-roman
dekh nikammi hai,1,hi-roman
dekh nikammi ho,1,hi-roman
dekh nikammi tha,1,hi-roman
dekh nikammi hain,1,hi-roman
dekh nikammi aadmi,1,hi-roman
dekh nikammi insaan,1,hi-roman
dekh nikammi saale,1,hi-roman
dekh nikammi kutte,1,hi-roman
dekh nikammi yaar,1,hi-roman
nikamme,1,hi-roman
nikamme hai,1,hi-roman
nikamme ho,1,hi-roman
nikamme tha,1,hi-roman
nikamme hain,1,hi-roman
nikamme aadmi,1,hi-roman
nikamme insaan,1,hi-roman
nikamme saale,1,hi-roman
nikamme kutte,1,hi-roman
nikamme yaar,1,hi-roman
tu nikamme,1,hi-roman
tu nikamme hai,1,hi-roman
tu nikamme ho,1,hi-roman
tu nikamme tha,1,hi-roman
tu nikamme hain,1,hi-roman
tu nikamme aadmi,1,hi-roman
tu nikamme insaan,1,hi-roman
tu nikamme saale,1,hi-roman
tu nikamme kutte,1,hi-roman
tu nikamme yaar,1,hi-roman
tum nikamme,1,hi-roman
tum nikamme hai,1,hi-roman
tum nikamme ho,1,hi-roman
tum nikamme tha,1,hi-roman
tum nikamme hain,1,hi-roman
tum nikamme aadmi,1,hi-roman
tum nikamme insaan,1,hi-roman
tum nikamme saale,1,hi-roman
tum nikamme kutte,1,hi-roman
tum nikamme yaar,1,hi-roman
abe nikamme,1,hi-roman
abe nikamme hai,1,hi-roman
abe nikamme ho,1,hi-roman
abe nikamme tha,1,hi-roman
abe nikamme hain,1,hi-roman
abe nikamme aadmi,1,hi-roman
abe nikamme insaan,1,hi-roman
abe nikamme saale,1,hi-roman
abe nikamme kutte,1,hi-roman
abe nikamme yaar,1,hi-roman
oye nikamme,1,hi-roman
oye nikamme hai,1,hi-roman
oye nikamme ho,1,hi-roman
oye nikamme tha,1,hi-roman
oye nikamme hain,1,hi-roman
oye nikamme aadmi,1,hi-roman
oye nikamme insaan,1,hi-roman
oye nikamme saale,1,hi-roman
oye nikamme kutte,1,hi-roman
oye nikamme yaar,1,hi-roman
are nikamme,1,hi-roman
are nikamme hai,1,hi-roman
are nikamme ho,1,hi-roman
are nikamme tha,1,hi-roman
are nikamme hain,1,hi-roman
are nikamme aadmi,1,hi-roman
are nikamme insaan,1,hi-roman
are nikamme saale,1,hi-roman
are nikamme kutte,1,hi-roman
are nikamme yaar,1,hi-roman
sun nikamme,1,hi-roman
sun nikamme hai,1,hi-roman
sun nikamme ho,1,hi-roman
sun nikamme tha,1,hi-roman
sun nikamme hain,1,hi-roman
sun nikamme aadmi,1,hi-roman
sun nikamme insaan,1,hi-roman
sun nikamme saale,1,hi-roman
sun nikamme kutte,1,hi-roman
sun nikamme yaar,1,hi-roman
dekh nikamme,1,hi-roman
dekh nikamme hai,1,hi-roman
dekh nikamme ho,1,hi-roman
dekh nikamme tha,1,hi-roman
dekh nikamme hain,1,hi-roman
dekh nikamme aadmi,1,hi-roman
dekh nikamme insaan,1,hi-roman
dekh nikamme saale,1,hi-roman
dekh nikamme kutte,1,hi-roman
dekh nikamme yaar,1,hi-roman
besharam,1,hi-roman
besharam hai,1,hi-roman
besharam ho,1,hi-roman
besharam tha,1,hi-roman
besharam hain,1,hi-roman
besharam aadmi,1,hi-roman
besharam insaan,1,hi-roman
besharam saale,1,hi-roman
besharam kutte,1,hi-roman
besharam yaar,1,hi-roman
tu besharam,1,hi-roman
tu besharam hai,1,hi-roman
tu besharam ho,1,hi-roman
tu besharam tha,1,hi-roman
tu besharam hain,1,hi-roman
tu besharam aadmi,1,hi-roman
tu besharam insaan,1,hi-roman
tu besharam saale,1,hi-roman
tu besharam kutte,1,hi-roman
tu besharam yaar,1,hi-roman
tum besharam,1,hi-roman
tum besharam hai,1,hi-roman
tum besharam ho,1,hi-roman
tum besharam tha,1,hi-roman
tum besharam hain,1,hi-roman
tum besharam aadmi,1,hi-roman
tum besharam insaan,1,hi-roman
tum besharam saale,1,hi-roman
tum besharam kutte,1,hi-roman
tum besharam yaar,1,hi-roman
abe besharam,1,hi-roman
abe besharam hai,1,hi-roman
abe besharam ho,1,hi-roman
abe besharam tha,1,hi-roman
abe besharam hain,1,hi-roman
abe besharam aadmi,1,hi-roman
abe besharam insaan,1,hi-roman
abe besharam saale,1,hi-roman
abe besharam kutte,1,hi-roman
abe besharam yaar,1,hi-roman
oye besharam,1,hi-roman
oye besharam hai,1,hi-roman
oye besharam ho,1,hi-roman
oye besharam tha,1,hi-roman
oye besharam hain,1,hi-roman
oye besharam aadmi,1,hi-roman
oye besharam insaan,1,hi-roman
oye besharam saale,1,hi-roman
oye besharam kutte,1,hi-roman
oye besharam yaar,1,hi-roman
are besharam,1,hi-roman
are besharam hai,1,hi-roman
are besharam ho,1,hi-roman
are besharam tha,1,hi-roman
are besharam hain,1,hi-roman
are besharam aadmi,1,hi-roman
are besharam insaan,1,hi-roman
are besharam saale,1,hi-roman
are besharam kutte,1,hi-roman
are besharam yaar,1,hi-roman
sun besharam,1,hi-roman
sun besharam hai,1,hi-roman
sun besharam ho,1,hi-roman
sun besharam tha,1,hi-roman
sun besharam hain,1,hi-roman
sun besharam aadmi,1,hi-roman
sun besharam insaan,1,hi-roman
sun besharam saale,1,hi-roman
sun besharam kutte,1,hi-roman
sun besharam yaar,1,hi-roman
dekh besharam,1,hi-roman
dekh besharam hai,1,hi-roman
dekh besharam ho,1,hi-roman
dekh besharam tha,1,hi-roman
dekh besharam hain,1,hi-roman
dekh besharam aadmi,1,hi-roman
dekh besharam insaan,1,hi-roman
dekh besharam saale,1,hi-roman
dekh besharam kutte,1,hi-roman
dekh besharam yaar,1,hi-roman
besharami,1,hi-roman
besharami hai,1,hi-roman
besharami ho,1,hi-roman
besharami tha,1,hi-roman
besharami hain,1,hi-roman
besharami aadmi,1,hi-roman
besharami insaan,1,hi-roman
besharami saale,1,hi-roman
besharami kutte,1,hi-roman
besharami yaar,1,hi-roman
tu besharami,1,hi-roman
tu besharami hai,1,hi-roman
tu besharami ho,1,hi-roman
tu besharami tha,1,hi-roman
tu besharami hain,1,hi-roman
tu besharami aadmi,1,hi-roman
tu besharami insaan,1,hi-roman
tu besharami saale,1,hi-roman
tu besharami kutte,1,hi-roman
tu besharami yaar,1,hi-roman
tum besharami,1,hi-roman
tum besharami hai,1,hi-roman
tum besharami ho,1,hi-roman
tum besharami tha,1,hi-roman
tum besharami hain,1,hi-roman
tum besharami aadmi,1,hi-roman
tum besharami insaan,1,hi-roman
tum besharami saale,1,hi-roman
tum besharami kutte,1,hi-roman
tum besharami yaar,1,hi-roman
abe besharami,1,hi-roman
abe besharami hai,1,hi-roman
abe besharami ho,1,hi-roman
abe besharami tha,1,hi-roman
abe besharami hain,1,hi-roman
abe besharami aadmi,1,hi-roman
abe besharami insaan,1,hi-roman
abe besharami saale,1,hi-roman
abe besharami kutte,1,hi-roman
abe besharami yaar,1,hi-roman
oye besharami,1,hi-roman
oye besharami hai,1,hi-roman
oye besharami ho,1,hi-roman
oye besharami tha,1,hi-roman
oye besharami hain,1,hi-roman
oye besharami aadmi,1,hi-roman
oye besharami insaan,1,hi-roman
oye besharami saale,1,hi-roman
oye besharami kutte,1,hi-roman
oye besharami yaar,1,hi-roman
are besharami,1,hi-roman
are besharami hai,1,hi-roman
are besharami ho,1,hi-roman
are besharami tha,1,hi-roman
are besharami hain,1,hi-roman
are besharami aadmi,1,hi-roman
are besharami insaan,1,hi-roman
are besharami saale,1,hi-roman
are besharami kutte,1,hi-roman
are besharami yaar,1,hi-roman
sun besharami,1,hi-roman
sun besharami hai,1,hi-roman
sun besharami ho,1,hi-roman
sun besharami tha,1,hi-roman
sun besharami hain,1,hi-roman
sun besharami aadmi,1,hi-roman
sun besharami insaan,1,hi-roman
sun besharami saale,1,hi-roman
sun besharami kutte,1,hi-roman
sun besharami yaar,1,hi-roman
dekh besharami,1,hi-roman
dekh besharami hai,1,hi-roman
dekh besharami ho,1,hi-roman
dekh besharami tha,1,hi-roman
dekh besharami hain,1,hi-roman
dekh besharami aadmi,1,hi-roman
dekh besharami insaan,1,hi-roman
dekh besharami saale,1,hi-roman
dekh besharami kutte,1,hi-roman
dekh besharami yaar,1,hi-roman
badtameez,1,hi-roman
badtameez hai,1,hi-roman
badtameez ho,1,hi-roman
badtameez tha,1,hi-roman
badtameez hain,1,hi-roman
badtameez aadmi,1,hi-roman
badtameez insaan,1,hi-roman
badtameez saale,1,hi-roman
badtameez kutte,1,hi-roman
badtameez yaar,1,hi-roman
tu badtameez,1,hi-roman
tu badtameez hai,1,hi-roman
tu badtameez ho,1,hi-roman
tu badtameez tha,1,hi-roman
tu badtameez hain,1,hi-roman
tu badtameez aadmi,1,hi-roman
tu badtameez insaan,1,hi-roman
tu badtameez saale,1,hi-roman
tu badtameez kutte,1,hi-roman
tu badtameez yaar,1,hi-roman
tum badtameez,1,hi-roman
tum badtameez hai,1,hi-roman
tum badtameez ho,1,hi-roman
tum badtameez tha,1,hi-roman
tum badtameez hain,1,hi-roman
tum badtameez aadmi,1,hi-roman
tum badtameez insaan,1,hi-roman
tum badtameez saale,1,hi-roman
tum badtameez kutte,1,hi-roman
tum badtameez yaar,1,hi-roman
abe badtameez,1,hi-roman
abe badtameez hai,1,hi-roman
abe badtameez ho,1,hi-roman
abe badtameez tha,1,hi-roman
abe badtameez hain,1,hi-roman
abe badtameez aadmi,1,hi-roman
abe badtameez insaan,1,hi-roman
abe badtameez saale,1,hi-roman
abe badtameez kutte,1,hi-roman
abe badtameez yaar,1,hi-roman
oye badtameez,1,hi-roman
oye badtameez hai,1,hi-roman
oye badtameez ho,1,hi-roman
oye badtameez tha,1,hi-roman
oye badtameez hain,1,hi-roman
oye badtameez aadmi,1,hi-roman
oye badtameez insaan,1,hi-roman
oye badtameez saale,1,hi-roman
oye badtameez kutte,1,hi-roman
oye badtameez yaar,1,hi-roman
are badtameez,1,hi-roman
are badtameez hai,1,hi-roman
are badtameez ho,1,hi-roman
are badtameez tha,1,hi-roman
are badtameez hain,1,hi-roman
are badtameez aadmi,1,hi-roman
are badtameez insaan,1,hi-roman
are badtameez saale,1,hi-roman
are badtameez kutte,1,hi-roman
are badtameez yaar,1,hi-roman
sun badtameez,1,hi-roman
sun badtameez hai,1,hi-roman
sun badtameez ho,1,hi-roman
sun badtameez tha,1,hi-roman
sun badtameez hain,1,hi-roman
sun badtameez aadmi,1,hi-roman
sun badtameez insaan,1,hi-roman
sun badtameez saale,1,hi-roman
sun badtameez kutte,1,hi-roman
sun badtameez yaar,1,hi-roman
dekh badtameez,1,hi-roman
dekh badtameez hai,1,hi-roman
dekh badtameez ho,1,hi-roman
dekh badtameez tha,1,hi-roman
dekh badtameez hain,1,hi-roman
dekh badtameez aadmi,1,hi-roman
dekh badtameez insaan,1,hi-roman
dekh badtameez saale,1,hi-roman
dekh badtameez kutte,1,hi-roman
dekh badtameez yaar,1,hi-roman
badtamizi,1,hi-roman
badtamizi hai,1,hi-roman
badtamizi ho,1,hi-roman
badtamizi tha,1,hi-roman
badtamizi hain,1,hi-roman
badtamizi aadmi,1,hi-roman
badtamizi insaan,1,hi-roman
badtamizi saale,1,hi-roman
badtamizi kutte,1,hi-roman
badtamizi yaar,1,hi-roman
tu badtamizi,1,hi-roman
tu badtamizi hai,1,hi-roman
tu badtamizi ho,1,hi-roman
tu badtamizi tha,1,hi-roman
tu badtamizi hain,1,hi-roman
tu badtamizi aadmi,1,hi-roman
tu badtamizi insaan,1,hi-roman
tu badtamizi saale,1,hi-roman
tu badtamizi kutte,1,hi-roman
tu badtamizi yaar,1,hi-roman
tum badtamizi,1,hi-roman
tum badtamizi hai,1,hi-roman
tum badtamizi ho,1,hi-roman
tum badtamizi tha,1,hi-roman
tum badtamizi hain,1,hi-roman
tum badtamizi aadmi,1,hi-roman
tum badtamizi insaan,1,hi-roman
tum badtamizi saale,1,hi-roman
tum badtamizi kutte,1,hi-roman
tum badtamizi yaar,1,hi-roman
abe badtamizi,1,hi-roman
abe badtamizi hai,1,hi-roman
abe badtamizi ho,1,hi-roman
abe badtamizi tha,1,hi-roman
abe badtamizi hain,1,hi-roman
abe badtamizi aadmi,1,hi-roman
abe badtamizi insaan,1,hi-roman
abe badtamizi saale,1,hi-roman
abe badtamizi kutte,1,hi-roman
abe badtamizi yaar,1,hi-roman
oye badtamizi,1,hi-roman
oye badtamizi hai,1,hi-roman
oye badtamizi ho,1,hi-roman
oye badtamizi tha,1,hi-roman
oye badtamizi hain,1,hi-roman
oye badtamizi aadmi,1,hi-roman
oye badtamizi insaan,1,hi-roman
oye badtamizi saale,1,hi-roman
oye badtamizi kutte,1,hi-roman
oye badtamizi yaar,1,hi-roman
are badtamizi,1,hi-roman
are badtamizi hai,1,hi-roman
are badtamizi ho,1,hi-roman
are badtamizi tha,1,hi-roman
are badtamizi hain,1,hi-roman
are badtamizi aadmi,1,hi-roman
are badtamizi insaan,1,hi-roman
are badtamizi saale,1,hi-roman
are badtamizi kutte,1,hi-roman
are badtamizi yaar,1,hi-roman
sun badtamizi,1,hi-roman
sun badtamizi hai,1,hi-roman
sun badtamizi ho,1,hi-roman
sun badtamizi tha,1,hi-roman
sun badtamizi hain,1,hi-roman
sun badtamizi aadmi,1,hi-roman
sun badtamizi insaan,1,hi-roman
sun badtamizi saale,1,hi-roman
sun badtamizi kutte,1,hi-roman
sun badtamizi yaar,1,hi-roman
dekh badtamizi,1,hi-roman
dekh badtamizi hai,1,hi-roman
dekh badtamizi ho,1,hi-roman
dekh badtamizi tha,1,hi-roman
dekh badtamizi hain,1,hi-roman
dekh badtamizi aadmi,1,hi-roman
dekh badtamizi insaan,1,hi-roman
dekh badtamizi saale,1,hi-roman
dekh badtamizi kutte,1,hi-roman
dekh badtamizi yaar,1,hi-roman
badzabaan,1,hi-roman
badzabaan hai,1,hi-roman
badzabaan ho,1,hi-roman
badzabaan tha,1,hi-roman
badzabaan hain,1,hi-roman
badzabaan aadmi,1,hi-roman
badzabaan insaan,1,hi-roman
badzabaan saale,1,hi-roman
badzabaan kutte,1,hi-roman
badzabaan yaar,1,hi-roman
tu badzabaan,1,hi-roman
tu badzabaan hai,1,hi-roman
tu badzabaan ho,1,hi-roman
tu badzabaan tha,1,hi-roman
tu badzabaan hain,1,hi-roman
tu badzabaan aadmi,1,hi-roman
tu badzabaan insaan,1,hi-roman
tu badzabaan saale,1,hi-roman
tu badzabaan kutte,1,hi-roman
tu badzabaan yaar,1,hi-roman
tum badzabaan,1,hi-roman
tum badzabaan hai,1,hi-roman
tum badzabaan ho,1,hi-roman
tum badzabaan tha,1,hi-roman
tum badzabaan hain,1,hi-roman
tum badzabaan aadmi,1,hi-roman
tum badzabaan insaan,1,hi-roman
tum badzabaan saale,1,hi-roman
tum badzabaan kutte,1,hi-roman
tum badzabaan yaar,1,hi-roman
abe badzabaan,1,hi-roman
abe badzabaan hai,1,hi-roman
abe badzabaan ho,1,hi-roman
abe badzabaan tha,1,hi-roman
abe badzabaan hain,1,hi-roman
abe badzabaan aadmi,1,hi-roman
abe badzabaan insaan,1,hi-roman
abe badzabaan saale,1,hi-roman
abe badzabaan kutte,1,hi-roman
abe badzabaan yaar,1,hi-roman
oye badzabaan,1,hi-roman
oye badzabaan hai,1,hi-roman
oye badzabaan ho,1,hi-roman
oye badzabaan tha,1,hi-roman
oye badzabaan hain,1,hi-roman
oye badzabaan aadmi,1,hi-roman
oye badzabaan insaan,1,hi-roman
oye badzabaan saale,1,hi-roman
oye badzabaan kutte,1,hi-roman
oye badzabaan yaar,1,hi-roman
are badzabaan,1,hi-roman
are badzabaan hai,1,hi-roman
are badzabaan ho,1,hi-roman
are badzabaan tha,1,hi-roman
are badzabaan hain,1,hi-roman
are badzabaan aadmi,1,hi-roman
are badzabaan insaan,1,hi-roman
are badzabaan saale,1,hi-roman
are badzabaan kutte,1,hi-roman
are badzabaan yaar,1,hi-roman
sun badzabaan,1,hi-roman
sun badzabaan hai,1,hi-roman
sun badzabaan ho,1,hi-roman
sun badzabaan tha,1,hi-roman
sun badzabaan hain,1,hi-roman
sun badzabaan aadmi,1,hi-roman
sun badzabaan insaan,1,hi-roman
sun badzabaan saale,1,hi-roman
sun badzabaan kutte,1,hi-roman
sun badzabaan yaar,1,hi-roman
dekh badzabaan,1,hi-roman
dekh badzabaan hai,1,hi-roman
dekh badzabaan ho,1,hi-roman
dekh badzabaan tha,1,hi-roman
dekh badzabaan hain,1,hi-roman
dekh badzabaan aadmi,1,hi-roman
dekh badzabaan insaan,1,hi-roman
dekh badzabaan saale,1,hi-roman
dekh badzabaan kutte,1,hi-roman
dekh badzabaan yaar,1,hi-roman
ghatiya,1,hi-roman
ghatiya hai,1,hi-roman
ghatiya ho,1,hi-roman
ghatiya tha,1,hi-roman
ghatiya hain,1,hi-roman
ghatiya aadmi,1,hi-roman
ghatiya insaan,1,hi-roman
ghatiya saale,1,hi-roman
ghatiya kutte,1,hi-roman
ghatiya yaar,1,hi-roman
tu ghatiya,1,hi-roman
tu ghatiya hai,1,hi-roman
tu ghatiya ho,1,hi-roman
tu ghatiya tha,1,hi-roman
tu ghatiya hain,1,hi-roman
tu ghatiya aadmi,1,hi-roman
tu ghatiya insaan,1,hi-roman
tu ghatiya saale,1,hi-roman
tu ghatiya kutte,1,hi-roman
tu ghatiya yaar,1,hi-roman
tum ghatiya,1,hi-roman
tum ghatiya hai,1,hi-roman
tum ghatiya ho,1,hi-roman
tum ghatiya tha,1,hi-roman
tum ghatiya hain,1,hi-roman
tum ghatiya aadmi,1,hi-roman
tum ghatiya insaan,1,hi-roman
tum ghatiya saale,1,hi-roman
tum ghatiya kutte,1,hi-roman
tum ghatiya yaar,1,hi-roman
abe ghatiya,1,hi-roman
abe ghatiya hai,1,hi-roman
abe ghatiya ho,1,hi-roman
abe ghatiya tha,1,hi-roman
abe ghatiya hain,1,hi-roman
abe ghatiya aadmi,1,hi-roman
abe ghatiya insaan,1,hi-roman
abe ghatiya saale,1,hi-roman
abe ghatiya kutte,1,hi-roman
abe ghatiya yaar,1,hi-roman
oye ghatiya,1,hi-roman
oye ghatiya hai,1,hi-roman
oye ghatiya ho,1,hi-roman
oye ghatiya tha,1,hi-roman
oye ghatiya hain,1,hi-roman
oye ghatiya aadmi,1,hi-roman
oye ghatiya insaan,1,hi-roman
oye ghatiya saale,1,hi-roman
oye ghatiya kutte,1,hi-roman
oye ghatiya yaar,1,hi-roman
are ghatiya,1,hi-roman
are ghatiya hai,1,hi-roman
are ghatiya ho,1,hi-roman
are ghatiya tha,1,hi-roman
are ghatiya hain,1,hi-roman
are ghatiya aadmi,1,hi-roman
are ghatiya insaan,1,hi-roman
are ghatiya saale,1,hi-roman
are ghatiya kutte,1,hi-roman
are ghatiya yaar,1,hi-roman
sun ghatiya,1,hi-roman
sun ghatiya hai,1,hi-roman
sun ghatiya ho,1,hi-roman
sun ghatiya tha,1,hi-roman
sun ghatiya hain,1,hi-roman
sun ghatiya aadmi,1,hi-roman
sun ghatiya insaan,1,hi-roman
sun ghatiya saale,1,hi-roman
sun ghatiya kutte,1,hi-roman
sun ghatiya yaar,1,hi-roman
dekh ghatiya,1,hi-roman
dekh ghatiya hai,1,hi-roman
dekh ghatiya ho,1,hi-roman
dekh ghatiya tha,1,hi-roman
dekh ghatiya hain,1,hi-roman
dekh ghatiya aadmi,1,hi-roman
dekh ghatiya insaan,1,hi-roman
dekh ghatiya saale,1,hi-roman
dekh ghatiya kutte,1,hi-roman
dekh ghatiya yaar,1,hi-roman
ghatiya aadmi hai,1,hi-roman
ghatiya aadmi ho,1,hi-roman
ghatiya aadmi tha,1,hi-roman
ghatiya aadmi hain,1,hi-roman
ghatiya aadmi aadmi,1,hi-roman
ghatiya aadmi insaan,1,hi-roman
ghatiya aadmi saale,1,hi-roman
ghatiya aadmi kutte,1,hi-roman
ghatiya aadmi yaar,1,hi-roman
tu ghatiya aadmi hai,1,hi-roman
tu ghatiya aadmi ho,1,hi-roman
tu ghatiya aadmi tha,1,hi-roman
tu ghatiya aadmi hain,1,hi-roman
tu ghatiya aadmi aadmi,1,hi-roman
tu ghatiya aadmi insaan,1,hi-roman
tu ghatiya aadmi saale,1,hi-roman
tu ghatiya aadmi kutte,1,hi-roman
tu ghatiya aadmi yaar,1,hi-roman
tum ghatiya aadmi hai,1,hi-roman
tum ghatiya aadmi ho,1,hi-roman
tum ghatiya aadmi tha,1,hi-roman
tum ghatiya aadmi hain,1,hi-roman
tum ghatiya aadmi aadmi,1,hi-roman
tum ghatiya aadmi insaan,1,hi-roman
tum ghatiya aadmi saale,1,hi-roman
tum ghatiya aadmi kutte,1,hi-roman
tum ghatiya aadmi yaar,1,hi-roman
abe ghatiya aadmi hai,1,hi-roman
abe ghatiya aadmi ho,1,hi-roman
abe ghatiya aadmi tha,1,hi-roman
abe ghatiya aadmi hain,1,hi-roman
abe ghatiya aadmi aadmi,1,hi-roman
abe ghatiya aadmi insaan,1,hi-roman
abe ghatiya aadmi saale,1,hi-roman
abe ghatiya aadmi kutte,1,hi-roman
abe ghatiya aadmi yaar,1,hi-roman
oye ghatiya aadmi hai,1,hi-roman
oye ghatiya aadmi ho,1,hi-roman
oye ghatiya aadmi tha,1,hi-roman
oye ghatiya aadmi hain,1,hi-roman
oye ghatiya aadmi aadmi,1,hi-roman
oye ghatiya aadmi insaan,1,hi-roman
oye ghatiya aadmi saale,1,hi-roman
oye ghatiya aadmi kutte,1,hi-roman
oye ghatiya aadmi yaar,1,hi-roman
are ghatiya aadmi hai,1,hi-roman
are ghatiya aadmi ho,1,hi-roman
are ghatiya aadmi tha,1,hi-roman
are ghatiya aadmi hain,1,hi-roman
are ghatiya aadmi aadmi,1,hi-roman
are ghatiya aadmi insaan,1,hi-roman
are ghatiya aadmi saale,1,hi-roman
are ghatiya aadmi kutte,1,hi-roman
are ghatiya aadmi yaar,1,hi-roman
sun ghatiya aadmi hai,1,hi-roman
sun ghatiya aadmi ho,1,hi-roman
sun ghatiya aadmi tha,1,hi-roman
sun ghatiya aadmi hain,1,hi-roman
sun ghatiya aadmi aadmi,1,hi-roman
sun ghatiya aadmi insaan,1,hi-roman
sun ghatiya aadmi saale,1,hi-roman
sun ghatiya aadmi kutte,1,hi-roman
sun ghatiya aadmi yaar,1,hi-roman
dekh ghatiya aadmi hai,1,hi-roman
dekh ghatiya aadmi ho,1,hi-roman
dekh ghatiya aadmi tha,1,hi-roman
dekh ghatiya aadmi hain,1,hi-roman
dekh ghatiya aadmi aadmi,1,hi-roman
dekh ghatiya aadmi insaan,1,hi-roman
dekh ghatiya aadmi saale,1,hi-roman
dekh ghatiya aadmi kutte,1,hi-roman
dekh ghatiya aadmi yaar,1,hi-roman
ghatiya insaan hai,1,hi-roman
ghatiya insaan ho,1,hi-roman
ghatiya insaan tha,1,hi-roman
ghatiya insaan hain,1,hi-roman
ghatiya insaan aadmi,1,hi-roman
ghatiya insaan insaan,1,hi-roman
ghatiya insaan saale,1,hi-roman
ghatiya insaan kutte,1,hi-roman
ghatiya insaan yaar,1,hi-roman
tu ghatiya insaan hai,1,hi-roman
tu ghatiya insaan ho,1,hi-roman
tu ghatiya insaan tha,1,hi-roman
tu ghatiya insaan hain,1,hi-roman
tu ghatiya insaan aadmi,1,hi-roman
tu ghatiya insaan insaan,1,hi-roman
tu ghatiya insaan saale,1,hi-roman
tu ghatiya insaan kutte,1,hi-roman
tu ghatiya insaan yaar,1,hi-roman
tum ghatiya insaan hai,1,hi-roman
tum ghatiya insaan ho,1,hi-roman
tum ghatiya insaan tha,1,hi-roman
tum ghatiya insaan hain,1,hi-roman
tum ghatiya insaan aadmi,1,hi-roman
tum ghatiya insaan insaan,1,hi-roman
tum ghatiya insaan saale,1,hi-roman
tum ghatiya insaan kutte,1,hi-roman
tum ghatiya insaan yaar,1,hi-roman
abe ghatiya insaan hai,1,hi-roman
abe ghatiya insaan ho,1,hi-roman
abe ghatiya insaan tha,1,hi-roman
abe ghatiya insaan hain,1,hi-roman
abe ghatiya insaan aadmi,1,hi-roman
abe ghatiya insaan insaan,1,hi-roman
abe ghatiya insaan saale,1,hi-roman
abe ghatiya insaan kutte,1,hi-roman
abe ghatiya insaan yaar,1,hi-roman
oye ghatiya insaan hai,1,hi-roman
oye ghatiya insaan ho,1,hi-roman
oye ghatiya insaan tha,1,hi-roman
oye ghatiya insaan hain,1,hi-roman
oye ghatiya insaan aadmi,1,hi-roman
oye ghatiya insaan insaan,1,hi-roman
oye ghatiya insaan saale,1,hi-roman
oye ghatiya insaan kutte,1,hi-roman
oye ghatiya insaan yaar,1,hi-roman
are ghatiya insaan hai,1,hi-roman
are ghatiya insaan ho,1,hi-roman
are ghatiya insaan tha,1,hi-roman
are ghatiya insaan hain,1,hi-roman
are ghatiya insaan aadmi,1,hi-roman
are ghatiya insaan insaan,1,hi-roman
are ghatiya insaan saale,1,hi-roman
are ghatiya insaan kutte,1,hi-roman
are ghatiya insaan yaar,1,hi-roman
sun ghatiya insaan hai,1,hi-roman
sun ghatiya insaan ho,1,hi-roman
sun ghatiya insaan tha,1,hi-roman
sun ghatiya insaan hain,1,hi-roman
sun ghatiya insaan aadmi,1,hi-roman
sun ghatiya insaan insaan,1,hi-roman
sun ghatiya insaan saale,1,hi-roman
sun ghatiya insaan kutte,1,hi-roman
sun ghatiya insaan yaar,1,hi-roman
dekh ghatiya insaan hai,1,hi-roman
dekh ghatiya insaan ho,1,hi-roman
dekh ghatiya insaan tha,1,hi-roman
dekh ghatiya insaan hain,1,hi-roman
dekh ghatiya insaan aadmi,1,hi-roman
dekh ghatiya insaan insaan,1,hi-roman
dekh ghatiya insaan saale,1,hi-roman
dekh ghatiya insaan kutte,1,hi-roman
dekh ghatiya insaan yaar,1,hi-roman
neech,1,hi-roman
neech hai,1,hi-roman
neech ho,1,hi-roman
neech tha,1,hi-roman
neech hain,1,hi-roman
neech aadmi,1,hi-roman
neech insaan,1,hi-roman
neech saale,1,hi-roman
neech kutte,1,hi-roman
neech yaar,1,hi-roman
tu neech,1,hi-roman
tu neech hai,1,hi-roman
tu neech ho,1,hi-roman
tu neech tha,1,hi-roman
tu neech hain,1,hi-roman
tu neech aadmi,1,hi-roman
tu neech insaan,1,hi-roman
tu neech saale,1,hi-roman
tu neech kutte,1,hi-roman
tu neech yaar,1,hi-roman
tum neech,1,hi-roman
tum neech hai,1,hi-roman
tum neech ho,1,hi-roman
tum neech tha,1,hi-roman
tum neech hain,1,hi-roman
tum neech aadmi,1,hi-roman
tum neech insaan,1,hi-roman
tum neech saale,1,hi-roman
tum neech kutte,1,hi-roman
tum neech yaar,1,hi-roman
abe neech,1,hi-roman
abe neech hai,1,hi-roman
abe neech ho,1,hi-roman
abe neech tha,1,hi-roman
abe neech hain,1,hi-roman
abe neech aadmi,1,hi-roman
abe neech insaan,1,hi-roman
abe neech saale,1,hi-roman
abe neech kutte,1,hi-roman
abe neech yaar,1,hi-roman
oye neech,1,hi-roman
oye neech hai,1,hi-roman
oye neech ho,1,hi-roman
oye neech tha,1,hi-roman
oye neech hain,1,hi-roman
oye neech aadmi,1,hi-roman
oye neech insaan,1,hi-roman
oye neech saale,1,hi-roman
oye neech kutte,1,hi-roman
oye neech yaar,1,hi-roman
are neech,1,hi-roman
are neech hai,1,hi-roman
are neech ho,1,hi-roman
are neech tha,1,hi-roman
are neech hain,1,hi-roman
are neech aadmi,1,hi-roman
are neech insaan,1,hi-roman
are neech saale,1,hi-roman
are neech kutte,1,hi-roman
are neech yaar,1,hi-roman
sun neech,1,hi-roman
sun neech hai,1,hi-roman
sun neech ho,1,hi-roman
sun neech tha,1,hi-roman
sun neech hain,1,hi-roman
sun neech aadmi,1,hi-roman
sun neech insaan,1,hi-roman
sun neech saale,1,hi-roman
sun neech kutte,1,hi-roman
sun neech yaar,1,hi-roman
dekh neech,1,hi-roman
dekh neech hai,1,hi-roman
dekh neech ho,1,hi-roman
dekh neech tha,1,hi-roman
dekh neech hain,1,hi-roman
dekh neech aadmi,1,hi-roman
dekh neech insaan,1,hi-roman
dekh neech saale,1,hi-roman
dekh neech kutte,1,hi-roman
dekh neech yaar,1,hi-roman
neech aadmi hai,1,hi-roman
neech aadmi ho,1,hi-roman
neech aadmi tha,1,hi-roman
neech aadmi hain,1,hi-roman
neech aadmi aadmi,1,hi-roman
neech aadmi insaan,1,hi-roman
neech aadmi saale,1,hi-roman
neech aadmi kutte,1,hi-roman
neech aadmi yaar,1,hi-roman
tu neech aadmi hai,1,hi-roman
tu neech aadmi ho,1,hi-roman
tu neech aadmi tha,1,hi-roman
tu neech aadmi hain,1,hi-roman
tu neech aadmi aadmi,1,hi-roman
tu neech aadmi insaan,1,hi-roman
tu neech aadmi saale,1,hi-roman
tu neech aadmi kutte,1,hi-roman
tu neech aadmi yaar,1,hi-roman
tum neech aadmi hai,1,hi-roman
tum neech aadmi ho,1,hi-roman
tum neech aadmi tha,1,hi-roman
tum neech aadmi hain,1,hi-roman
tum neech aadmi aadmi,1,hi-roman
tum neech aadmi insaan,1,hi-roman
tum neech aadmi saale,1,hi-roman
tum neech aadmi kutte,1,hi-roman
tum neech aadmi yaar,1,hi-roman
abe neech aadmi hai,1,hi-roman
abe neech aadmi ho,1,hi-roman
abe neech aadmi tha,1,hi-roman
abe neech aadmi hain,1,hi-roman
abe neech aadmi aadmi,1,hi-roman
abe neech aadmi insaan,1,hi-roman
abe neech aadmi saale,1,hi-roman
abe neech aadmi kutte,1,hi-roman
abe neech aadmi yaar,1,hi-roman
oye neech aadmi hai,1,hi-roman
oye neech aadmi ho,1,hi-roman
oye neech aadmi tha,1,hi-roman
oye neech aadmi hain,1,hi-roman
oye neech aadmi aadmi,1,hi-roman
oye neech aadmi insaan,1,hi-roman
oye neech aadmi saale,1,hi-roman
oye neech aadmi kutte,1,hi-roman
oye neech aadmi yaar,1,hi-roman
are neech aadmi hai,1,hi-roman
are neech aadmi ho,1,hi-roman
are neech aadmi tha,1,hi-roman
are neech aadmi hain,1,hi-roman
are neech aadmi aadmi,1,hi-roman
are neech aadmi insaan,1,hi-roman
are neech aadmi saale,1,hi-roman
are neech aadmi kutte,1,hi-roman
are neech aadmi yaar,1,hi-roman
sun neech aadmi hai,1,hi-roman
sun neech aadmi ho,1,hi-roman
sun neech aadmi tha,1,hi-roman
sun neech aadmi hain,1,hi-roman
sun neech aadmi aadmi,1,hi-roman
sun neech aadmi insaan,1,hi-roman
sun neech aadmi saale,1,hi-roman
sun neech aadmi kutte,1,hi-roman
sun neech aadmi yaar,1,hi-roman
dekh neech aadmi hai,1,hi-roman
dekh neech aadmi ho,1,hi-roman
dekh neech aadmi tha,1,hi-roman
dekh neech aadmi hain,1,hi-roman
dekh neech aadmi aadmi,1,hi-roman
dekh neech aadmi insaan,1,hi-roman
dekh neech aadmi saale,1,hi-roman
dekh neech aadmi kutte,1,hi-roman
dekh neech aadmi yaar,1,hi-roman
dogle,1,hi-roman
dogle hai,1,hi-roman
dogle ho,1,hi-roman
dogle tha,1,hi-roman
dogle hain,1,hi-roman
dogle aadmi,1,hi-roman
dogle insaan,1,hi-roman
dogle saale,1,hi-roman
dogle kutte,1,hi-roman
dogle yaar,1,hi-roman
tu dogle,1,hi-roman
tu dogle hai,1,hi-roman
tu dogle ho,1,hi-roman
tu dogle tha,1,hi-roman
tu dogle hain,1,hi-roman
tu dogle aadmi,1,hi-roman
tu dogle insaan,1,hi-roman
tu dogle saale,1,hi-roman
tu dogle kutte,1,hi-roman
tu dogle yaar,1,hi-roman
tum dogle,1,hi-roman
tum dogle hai,1,hi-roman
tum dogle ho,1,hi-roman
tum dogle tha,1,hi-roman
tum dogle hain,1,hi-roman
tum dogle aadmi,1,hi-roman
tum dogle insaan,1,hi-roman
tum dogle saale,1,hi-roman
tum dogle kutte,1,hi-roman
tum dogle yaar,1,hi-roman
abe dogle,1,hi-roman
abe dogle hai,1,hi-roman
abe dogle ho,1,hi-roman
abe dogle tha,1,hi-roman
abe dogle hain,1,hi-roman
abe dogle aadmi,1,hi-roman
abe dogle insaan,1,hi-roman
abe dogle saale,1,hi-roman
abe dogle kutte,1,hi-roman
abe dogle yaar,1,hi-roman
oye dogle,1,hi-roman
oye dogle hai,1,hi-roman
oye dogle ho,1,hi-roman
oye dogle tha,1,hi-roman
oye dogle hain,1,hi-roman
oye dogle aadmi,1,hi-roman
oye dogle insaan,1,hi-roman
oye dogle saale,1,hi-roman
oye dogle kutte,1,hi-roman
oye dogle yaar,1,hi-roman
are dogle,1,hi-roman
are dogle hai,1,hi-roman
are dogle ho,1,hi-roman
are dogle tha,1,hi-roman
are dogle hain,1,hi-roman
are dogle aadmi,1,hi-roman
are dogle insaan,1,hi-roman
are dogle saale,1,hi-roman
are dogle kutte,1,hi-roman
are dogle yaar,1,hi-roman
sun dogle,1,hi-roman
sun dogle hai,1,hi-roman
sun dogle ho,1,hi-roman
sun dogle tha,1,hi-roman
sun dogle hain,1,hi-roman
sun dogle aadmi,1,hi-roman
sun dogle insaan,1,hi-roman
sun dogle saale,1,hi-roman
sun dogle kutte,1,hi-roman
sun dogle yaar,1,hi-roman
dekh dogle,1,hi-roman
dekh dogle hai,1,hi-roman
dekh dogle ho,1,hi-roman
dekh dogle tha,1,hi-roman
dekh dogle hain,1,hi-roman
dekh dogle aadmi,1,hi-roman
dekh dogle insaan,1,hi-roman
dekh dogle saale,1,hi-roman
dekh dogle kutte,1,hi-roman
dekh dogle yaar,1,hi-roman
dogla,1,hi-roman
dogla hai,1,hi-roman
dogla ho,1,hi-roman
dogla tha,1,hi-roman
dogla hain,1,hi-roman
dogla aadmi,1,hi-roman
dogla insaan,1,hi-roman
dogla saale,1,hi-roman
dogla kutte,1,hi-roman
dogla yaar,1,hi-roman
tu dogla,1,hi-roman
tu dogla hai,1,hi-roman
tu dogla ho,1,hi-roman
tu dogla tha,1,hi-roman
tu dogla hain,1,hi-roman
tu dogla aadmi,1,hi-roman
tu dogla insaan,1,hi-roman
tu dogla saale,1,hi-roman
tu dogla kutte,1,hi-roman
tu dogla yaar,1,hi-roman
tum dogla,1,hi-roman
tum dogla hai,1,hi-roman
tum dogla ho,1,hi-roman
tum dogla tha,1,hi-roman
tum dogla hain,1,hi-roman
tum dogla aadmi,1,hi-roman
tum dogla insaan,1,hi-roman
tum dogla saale,1,hi-roman
tum dogla kutte,1,hi-roman
tum dogla yaar,1,hi-roman
abe dogla,1,hi-roman
abe dogla hai,1,hi-roman
abe dogla ho,1,hi-roman
abe dogla tha,1,hi-roman
abe dogla hain,1,hi-roman
abe dogla aadmi,1,hi-roman
abe dogla insaan,1,hi-roman
abe dogla saale,1,hi-roman
abe dogla kutte,1,hi-roman
abe dogla yaar,1,hi-roman
oye dogla,1,hi-roman
oye dogla hai,1,hi-roman
oye dogla ho,1,hi-roman
oye dogla tha,1,hi-roman
oye dogla hain,1,hi-roman
oye dogla aadmi,1,hi-roman
oye dogla insaan,1,hi-roman
oye dogla saale,1,hi-roman
oye dogla kutte,1,hi-roman
oye dogla yaar,1,hi-roman
are dogla,1,hi-roman
are dogla hai,1,hi-roman
are dogla ho,1,hi-roman
are dogla tha,1,hi-roman
are dogla hain,1,hi-roman
are dogla aadmi,1,hi-roman
are dogla insaan,1,hi-roman
are dogla saale,1,hi-roman
are dogla kutte,1,hi-roman
are dogla yaar,1,hi-roman
sun dogla,1,hi-roman
sun dogla hai,1,hi-roman
sun dogla ho,1,hi-roman
sun dogla tha,1,hi-roman
sun dogla hain,1,hi-roman
sun dogla aadmi,1,hi-roman
sun dogla insaan,1,hi-roman
sun dogla saale,1,hi-roman
sun dogla kutte,1,hi-roman
sun dogla yaar,1,hi-roman
dekh dogla,1,hi-roman
dekh dogla hai,1,hi-roman
dekh dogla ho,1,hi-roman
dekh dogla tha,1,hi-roman
dekh dogla hain,1,hi-roman
dekh dogla aadmi,1,hi-roman
dekh dogla insaan,1,hi-roman
dekh dogla saale,1,hi-roman
dekh dogla kutte,1,hi-roman
dekh dogla yaar,1,hi-roman
dogli,1,hi-roman
dogli hai,1,hi-roman
dogli ho,1,hi-roman
dogli tha,1,hi-roman
dogli hain,1,hi-roman
dogli aadmi,1,hi-roman
dogli insaan,1,hi-roman
dogli saale,1,hi-roman
dogli kutte,1,hi-roman
dogli yaar,1,hi-roman
tu dogli,1,hi-roman
tu dogli hai,1,hi-roman
tu dogli ho,1,hi-roman
tu dogli tha,1,hi-roman
tu dogli hain,1,hi-roman
tu dogli aadmi,1,hi-roman
tu dogli insaan,1,hi-roman
tu dogli saale,1,hi-roman
tu dogli kutte,1,hi-roman
tu dogli yaar,1,hi-roman
tum dogli,1,hi-roman
tum dogli hai,1,hi-roman
tum dogli ho,1,hi-roman
tum dogli tha,1,hi-roman
tum dogli hain,1,hi-roman
tum dogli aadmi,1,hi-roman
tum dogli insaan,1,hi-roman
tum dogli saale,1,hi-roman
tum dogli kutte,1,hi-roman
tum dogli yaar,1,hi-roman
abe dogli,1,hi-roman
abe dogli hai,1,hi-roman
abe dogli ho,1,hi-roman
abe dogli tha,1,hi-roman
abe dogli hain,1,hi-roman
abe dogli aadmi,1,hi-roman
abe dogli insaan,1,hi-roman
abe dogli saale,1,hi-roman
abe dogli kutte,1,hi-roman
abe dogli yaar,1,hi-roman
oye dogli,1,hi-roman
oye dogli hai,1,hi-roman
oye dogli ho,1,hi-roman
oye dogli tha,1,hi-roman
oye dogli hain,1,hi-roman
oye dogli aadmi,1,hi-roman
oye dogli insaan,1,hi-roman
oye dogli saale,1,hi-roman
oye dogli kutte,1,hi-roman
oye dogli yaar,1,hi-roman
are dogli,1,hi-roman
are dogli hai,1,hi-roman
are dogli ho,1,hi-roman
are dogli tha,1,hi-roman
are dogli hain,1,hi-roman
are dogli aadmi,1,hi-roman
are dogli insaan,1,hi-roman
are dogli saale,1,hi-roman
are dogli kutte,1,hi-roman
are dogli yaar,1,hi-roman
sun dogli,1,hi-roman
sun dogli hai,1,hi-roman
sun dogli ho,1,hi-roman
sun dogli tha,1,hi-roman
sun dogli hain,1,hi-roman
sun dogli aadmi,1,hi-roman
sun dogli insaan,1,hi-roman
sun dogli saale,1,hi-roman
sun dogli kutte,1,hi-roman
sun dogli yaar,1,hi-roman
dekh dogli,1,hi-roman
dekh dogli hai,1,hi-roman
dekh dogli ho,1,hi-roman
dekh dogli tha,1,hi-roman
dekh dogli hain,1,hi-roman
dekh dogli aadmi,1,hi-roman
dekh dogli insaan,1,hi-roman
dekh dogli saale,1,hi-roman
dekh dogli kutte,1,hi-roman
dekh dogli yaar,1,hi-roman
doglapan,1,hi-roman
doglapan hai,1,hi-roman
doglapan ho,1,hi-roman
doglapan tha,1,hi-roman
doglapan hain,1,hi-roman
doglapan aadmi,1,hi-roman
doglapan insaan,1,hi-roman
doglapan saale,1,hi-roman
doglapan kutte,1,hi-roman
doglapan yaar,1,hi-roman
tu doglapan,1,hi-roman
tu doglapan hai,1,hi-roman
tu doglapan ho,1,hi-roman
tu doglapan tha,1,hi-roman
tu doglapan hain,1,hi-roman
tu doglapan aadmi,1,hi-roman
tu doglapan insaan,1,hi-roman
tu doglapan saale,1,hi-roman
tu doglapan kutte,1,hi-roman
tu doglapan yaar,1,hi-roman
tum doglapan,1,hi-roman
tum doglapan hai,1,hi-roman
tum doglapan ho,1,hi-roman
tum doglapan tha,1,hi-roman
tum doglapan hain,1,hi-roman
tum doglapan aadmi,1,hi-roman
tum doglapan insaan,1,hi-roman
tum doglapan saale,1,hi-roman
tum doglapan kutte,1,hi-roman
tum doglapan yaar,1,hi-roman
abe doglapan,1,hi-roman
abe doglapan hai,1,hi-roman
abe doglapan ho,1,hi-roman
abe doglapan tha,1,hi-roman
abe doglapan hain,1,hi-roman
abe doglapan aadmi,1,hi-roman
abe doglapan insaan,1,hi-roman
abe doglapan saale,1,hi-roman
abe doglapan kutte,1,hi-roman
abe doglapan yaar,1,hi-roman
oye doglapan,1,hi-roman
oye doglapan hai,1,hi-roman
oye doglapan ho,1,hi-roman
oye doglapan tha,1,hi-roman
oye doglapan hain,1,hi-roman
oye doglapan aadmi,1,hi-roman
oye doglapan insaan,1,hi-roman
oye doglapan saale,1,hi-roman
oye doglapan kutte,1,hi-roman
oye doglapan yaar,1,hi-roman
are doglapan,1,hi-roman
are doglapan hai,1,hi-roman
are doglapan ho,1,hi-roman
are doglapan tha,1,hi-roman
are doglapan hain,1,hi-roman
are doglapan aadmi,1,hi-roman
are doglapan insaan,1,hi-roman
are doglapan saale,1,hi-roman
are doglapan kutte,1,hi-roman
are doglapan yaar,1,hi-roman
sun doglapan,1,hi-roman
sun doglapan hai,1,hi-roman
sun doglapan ho,1,hi-roman
sun doglapan tha,1,hi-roman
sun doglapan hain,1,hi-roman
sun doglapan aadmi,1,hi-roman
sun doglapan insaan,1,hi-roman
sun doglapan saale,1,hi-roman
sun doglapan kutte,1,hi-roman
sun doglapan yaar,1,hi-roman
dekh doglapan,1,hi-roman
dekh doglapan hai,1,hi-roman
dekh doglapan ho,1,hi-roman
dekh doglapan tha,1,hi-roman
dekh doglapan hain,1,hi-roman
dekh doglapan aadmi,1,hi-roman
dekh doglapan insaan,1,hi-roman
dekh doglapan saale,1,hi-roman
dekh doglapan kutte,1,hi-roman
dekh doglapan yaar,1,hi-roman
dhokebaaz,1,hi-roman
dhokebaaz hai,1,hi-roman
dhokebaaz ho,1,hi-roman
dhokebaaz tha,1,hi-roman
dhokebaaz hain,1,hi-roman
dhokebaaz aadmi,1,hi-roman
dhokebaaz insaan,1,hi-roman
dhokebaaz saale,1,hi-roman
dhokebaaz kutte,1,hi-roman
dhokebaaz yaar,1,hi-roman
tu dhokebaaz,1,hi-roman
tu dhokebaaz hai,1,hi-roman
tu dhokebaaz ho,1,hi-roman
tu dhokebaaz tha,1,hi-roman
tu dhokebaaz hain,1,hi-roman
tu dhokebaaz aadmi,1,hi-roman
tu dhokebaaz insaan,1,hi-roman
tu dhokebaaz saale,1,hi-roman
tu dhokebaaz kutte,1,hi-roman
tu dhokebaaz yaar,1,hi-roman
tum dhokebaaz,1,hi-roman
tum dhokebaaz hai,1,hi-roman
tum dhokebaaz ho,1,hi-roman
tum dhokebaaz tha,1,hi-roman
tum dhokebaaz hain,1,hi-roman
tum dhokebaaz aadmi,1,hi-roman
tum dhokebaaz insaan,1,hi-roman
tum dhokebaaz saale,1,hi-roman
tum dhokebaaz kutte,1,hi-roman
tum dhokebaaz yaar,1,hi-roman
abe dhokebaaz,1,hi-roman
abe dhokebaaz hai,1,hi-roman
abe dhokebaaz ho,1,hi-roman
abe dhokebaaz tha,1,hi-roman
abe dhokebaaz hain,1,hi-roman
abe dhokebaaz aadmi,1,hi-roman
abe dhokebaaz insaan,1,hi-roman
abe dhokebaaz saale,1,hi-roman
abe dhokebaaz kutte,1,hi-roman
abe dhokebaaz yaar,1,hi-roman
oye dhokebaaz,1,hi-roman
oye dhokebaaz hai,1,hi-roman
oye dhokebaaz ho,1,hi-roman
oye dhokebaaz tha,1,hi-roman
oye dhokebaaz hain,1,hi-roman
oye dhokebaaz aadmi,1,hi-roman
oye dhokebaaz insaan,1,hi-roman
oye dhokebaaz saale,1,hi-roman
oye dhokebaaz kutte,1,hi-roman
oye dhokebaaz yaar,1,hi-roman
are dhokebaaz,1,hi-roman
are dhokebaaz hai,1,hi-roman
are dhokebaaz ho,1,hi-roman
are dhokebaaz tha,1,hi-roman
are dhokebaaz hain,1,hi-roman
are dhokebaaz aadmi,1,hi-roman
are dhokebaaz insaan,1,hi-roman
are dhokebaaz saale,1,hi-roman
are dhokebaaz kutte,1,hi-roman
are dhokebaaz yaar,1,hi-roman
sun dhokebaaz,1,hi-roman
sun dhokebaaz hai,1,hi-roman
sun dhokebaaz ho,1,hi-roman
sun dhokebaaz tha,1,hi-roman
sun dhokebaaz hain,1,hi-roman
sun dhokebaaz aadmi,1,hi-roman
sun dhokebaaz insaan,1,hi-roman
sun dhokebaaz saale,1,hi-roman
sun dhokebaaz kutte,1,hi-roman
sun dhokebaaz yaar,1,hi-roman
dekh dhokebaaz,1,hi-roman
dekh dhokebaaz hai,1,hi-roman
dekh dhokebaaz ho,1,hi-roman
dekh dhokebaaz tha,1,hi-roman
dekh dhokebaaz hain,1,hi-roman
dekh dhokebaaz aadmi,1,hi-roman
dekh dhokebaaz insaan,1,hi-roman
dekh dhokebaaz saale,1,hi-roman
dekh dhokebaaz kutte,1,hi-roman
dekh dhokebaaz yaar,1,hi-roman
dhokhebaaz,1,hi-roman
dhokhebaaz hai,1,hi-roman
dhokhebaaz ho,1,hi-roman
dhokhebaaz tha,1,hi-roman
dhokhebaaz hain,1,hi-roman
dhokhebaaz aadmi,1,hi-roman
dhokhebaaz insaan,1,hi-roman
dhokhebaaz saale,1,hi-roman
dhokhebaaz kutte,1,hi-roman
dhokhebaaz yaar,1,hi-roman
tu dhokhebaaz,1,hi-roman
tu dhokhebaaz hai,1,hi-roman
tu dhokhebaaz ho,1,hi-roman
tu dhokhebaaz tha,1,hi-roman
tu dhokhebaaz hain,1,hi-roman
tu dhokhebaaz aadmi,1,hi-roman
tu dhokhebaaz insaan,1,hi-roman
tu dhokhebaaz saale,1,hi-roman
tu dhokhebaaz kutte,1,hi-roman
tu dhokhebaaz yaar,1,hi-roman
tum dhokhebaaz,1,hi-roman
tum dhokhebaaz hai,1,hi-roman
tum dhokhebaaz ho,1,hi-roman
tum dhokhebaaz tha,1,hi-roman
tum dhokhebaaz hain,1,hi-roman
tum dhokhebaaz aadmi,1,hi-roman
tum dhokhebaaz insaan,1,hi-roman
tum dhokhebaaz saale,1,hi-roman
tum dhokhebaaz kutte,1,hi-roman
tum dhokhebaaz yaar,1,hi-roman
abe dhokhebaaz,1,hi-roman
abe dhokhebaaz hai,1,hi-roman
abe dhokhebaaz ho,1,hi-roman
abe dhokhebaaz tha,1,hi-roman
abe dhokhebaaz hain,1,hi-roman
abe dhokhebaaz aadmi,1,hi-roman
abe dhokhebaaz insaan,1,hi-roman
abe dhokhebaaz saale,1,hi-roman
abe dhokhebaaz kutte,1,hi-roman
abe dhokhebaaz yaar,1,hi-roman
oye dhokhebaaz,1,hi-roman
oye dhokhebaaz hai,1,hi-roman
oye dhokhebaaz ho,1,hi-roman
oye dhokhebaaz tha,1,hi-roman
oye dhokhebaaz hain,1,hi-roman
oye dhokhebaaz aadmi,1,hi-roman
oye dhokhebaaz insaan,1,hi-roman
oye dhokhebaaz saale,1,hi-roman
oye dhokhebaaz kutte,1,hi-roman
oye dhokhebaaz yaar,1,hi-roman
are dhokhebaaz,1,hi-roman
are dhokhebaaz hai,1,hi-roman
are dhokhebaaz ho,1,hi-roman
are dhokhebaaz tha,1,hi-roman
are dhokhebaaz hain,1,hi-roman
are dhokhebaaz aadmi,1,hi-roman
are dhokhebaaz insaan,1,hi-roman
are dhokhebaaz saale,1,hi-roman
are dhokhebaaz kutte,1,hi-roman
are dhokhebaaz yaar,1,hi-roman
sun dhokhebaaz,1,hi-roman
sun dhokhebaaz hai,1,hi-roman
sun dhokhebaaz ho,1,hi-roman
sun dhokhebaaz tha,1,hi-roman
sun dhokhebaaz hain,1,hi-roman
sun dhokhebaaz aadmi,1,hi-roman
sun dhokhebaaz insaan,1,hi-roman
sun dhokhebaaz saale,1,hi-roman
sun dhokhebaaz kutte,1,hi-roman
sun dhokhebaaz yaar,1,hi-roman
dekh dhokhebaaz,1,hi-roman
dekh dhokhebaaz hai,1,hi-roman
dekh dhokhebaaz ho,1,hi-roman
dekh dhokhebaaz tha,1,hi-roman
dekh dhokhebaaz hain,1,hi-roman
dekh dhokhebaaz aadmi,1,hi-roman
dekh dhokhebaaz insaan,1,hi-roman
dekh dhokhebaaz saale,1,hi-roman
dekh dhokhebaaz kutte,1,hi-roman
dekh dhokhebaaz yaar,1,hi-roman
makkar,1,hi-roman
makkar hai,1,hi-roman
makkar ho,1,hi-roman
makkar tha,1,hi-roman
makkar hain,1,hi-roman
makkar aadmi,1,hi-roman
makkar insaan,1,hi-roman
makkar saale,1,hi-roman
makkar kutte,1,hi-roman
makkar yaar,1,hi-roman
tu makkar,1,hi-roman
tu makkar hai,1,hi-roman
tu makkar ho,1,hi-roman
tu makkar tha,1,hi-roman
tu makkar hain,1,hi-roman
tu makkar aadmi,1,hi-roman
tu makkar insaan,1,hi-roman
tu makkar saale,1,hi-roman
tu makkar kutte,1,hi-roman
tu makkar yaar,1,hi-roman
tum makkar,1,hi-roman
tum makkar hai,1,hi-roman
tum makkar ho,1,hi-roman
tum makkar tha,1,hi-roman
tum makkar hain,1,hi-roman
tum makkar aadmi,1,hi-roman
tum makkar insaan,1,hi-roman
tum makkar saale,1,hi-roman
tum makkar kutte,1,hi-roman
tum makkar yaar,1,hi-roman
abe makkar,1,hi-roman
abe makkar hai,1,hi-roman
abe makkar ho,1,hi-roman
abe makkar tha,1,hi-roman
abe makkar hain,1,hi-roman
abe makkar aadmi,1,hi-roman
abe makkar insaan,1,hi-roman
abe makkar saale,1,hi-roman
abe makkar kutte,1,hi-roman
abe makkar yaar,1,hi-roman
oye makkar,1,hi-roman
oye makkar hai,1,hi-roman
oye makkar ho,1,hi-roman
oye makkar tha,1,hi-roman
oye makkar hain,1,hi-roman
oye makkar aadmi,1,hi-roman
oye makkar insaan,1,hi-roman
oye makkar saale,1,hi-roman
oye makkar kutte,1,hi-roman
oye makkar yaar,1,hi-roman
are makkar,1,hi-roman
are makkar hai,1,hi-roman
are makkar ho,1,hi-roman
are makkar tha,1,hi-roman
are makkar hain,1,hi-roman
are makkar aadmi,1,hi-roman
are makkar insaan,1,hi-roman
are makkar saale,1,hi-roman
are makkar kutte,1,hi-roman
are makkar yaar,1,hi-roman
sun makkar,1,hi-roman
sun makkar hai,1,hi-roman
sun makkar ho,1,hi-roman
sun makkar tha,1,hi-roman
sun makkar hain,1,hi-roman
sun makkar aadmi,1,hi-roman
sun makkar insaan,1,hi-roman
sun makkar saale,1,hi-roman
sun makkar kutte,1,hi-roman
sun makkar yaar,1,hi-roman
dekh makkar,1,hi-roman
dekh makkar hai,1,hi-roman
dekh makkar ho,1,hi-roman
dekh makkar tha,1,hi-roman
dekh makkar hain,1,hi-roman
dekh makkar aadmi,1,hi-roman
dekh makkar insaan,1,hi-roman
dekh makkar saale,1,hi-roman
dekh makkar kutte,1,hi-roman
dekh makkar yaar,1,hi-roman
makkari,1,hi-roman
makkari hai,1,hi-roman
makkari ho,1,hi-roman
makkari tha,1,hi-roman
makkari hain,1,hi-roman
makkari aadmi,1,hi-roman
makkari insaan,1,hi-roman
makkari saale,1,hi-roman
makkari kutte,1,hi-roman
makkari yaar,1,hi-roman
tu makkari,1,hi-roman
tu makkari hai,1,hi-roman
tu makkari ho,1,hi-roman
tu makkari tha,1,hi-roman
tu makkari hain,1,hi-roman
tu makkari aadmi,1,hi-roman
tu makkari insaan,1,hi-roman
tu makkari saale,1,hi-roman
tu makkari kutte,1,hi-roman
tu makkari yaar,1,hi-roman
tum makkari,1,hi-roman
tum makkari hai,1,hi-roman
tum makkari ho,1,hi-roman
tum makkari tha,1,hi-roman
tum makkari hain,1,hi-roman
tum makkari aadmi,1,hi-roman
tum makkari insaan,1,hi-roman
tum makkari saale,1,hi-roman
tum makkari kutte,1,hi-roman
tum makkari yaar,1,hi-roman
abe makkari,1,hi-roman
abe makkari hai,1,hi-roman
abe makkari ho,1,hi-roman
abe makkari tha,1,hi-roman
abe makkari hain,1,hi-roman
abe makkari aadmi,1,hi-roman
abe makkari insaan,1,hi-roman
abe makkari saale,1,hi-roman
abe makkari kutte,1,hi-roman
abe makkari yaar,1,hi-roman
oye makkari,1,hi-roman
oye makkari hai,1,hi-roman
oye makkari ho,1,hi-roman
oye makkari tha,1,hi-roman
oye makkari hain,1,hi-roman
oye makkari aadmi,1,hi-roman
oye makkari insaan,1,hi-roman
oye makkari saale,1,hi-roman
oye makkari kutte,1,hi-roman
oye makkari yaar,1,hi-roman
are makkari,1,hi-roman
are makkari hai,1,hi-roman
are makkari ho,1,hi-roman
are makkari tha,1,hi-roman
are makkari hain,1,hi-roman
are makkari aadmi,1,hi-roman
are makkari insaan,1,hi-roman
are makkari saale,1,hi-roman
are makkari kutte,1,hi-roman
are makkari yaar,1,hi-roman
sun makkari,1,hi-roman
sun makkari hai,1,hi-roman
sun makkari ho,1,hi-roman
sun makkari tha,1,hi-roman
sun makkari hain,1,hi-roman
sun makkari aadmi,1,hi-roman
sun makkari insaan,1,hi-roman
sun makkari saale,1,hi-roman
sun makkari kutte,1,hi-roman
sun makkari yaar,1,hi-roman
dekh makkari,1,hi-roman
dekh makkari hai,1,hi-roman
dekh makkari ho,1,hi-roman
dekh makkari tha,1,hi-roman
dekh makkari hain,1,hi-roman
dekh makkari aadmi,1,hi-roman
dekh makkari insaan,1,hi-roman
dekh makkari saale,1,hi-roman
dekh makkari kutte,1,hi-roman
dekh makkari yaar,1,hi-roman
farebi,1,hi-roman
farebi hai,1,hi-roman
farebi ho,1,hi-roman
farebi tha,1,hi-roman
farebi hain,1,hi-roman
farebi aadmi,1,hi-roman
farebi insaan,1,hi-roman
farebi saale,1,hi-roman
farebi kutte,1,hi-roman
farebi yaar,1,hi-roman
tu farebi,1,hi-roman
tu farebi hai,1,hi-roman
tu farebi ho,1,hi-roman
tu farebi tha,1,hi-roman
tu farebi hain,1,hi-roman
tu farebi aadmi,1,hi-roman
tu farebi insaan,1,hi-roman
tu farebi saale,1,hi-roman
tu farebi kutte,1,hi-roman
tu farebi yaar,1,hi-roman
tum farebi,1,hi-roman
tum farebi hai,1,hi-roman
tum farebi ho,1,hi-roman
tum farebi tha,1,hi-roman
tum farebi hain,1,hi-roman
tum farebi aadmi,1,hi-roman
tum farebi insaan,1,hi-roman
tum farebi saale,1,hi-roman
tum farebi kutte,1,hi-roman
tum farebi yaar,1,hi-roman
abe farebi,1,hi-roman
abe farebi hai,1,hi-roman
abe farebi ho,1,hi-roman
abe farebi tha,1,hi-roman
abe farebi hain,1,hi-roman
abe farebi aadmi,1,hi-roman
abe farebi insaan,1,hi-roman
abe farebi saale,1,hi-roman
abe farebi kutte,1,hi-roman
abe farebi yaar,1,hi-roman
oye farebi,1,hi-roman
oye farebi hai,1,hi-roman
oye farebi ho,1,hi-roman
oye farebi tha,1,hi-roman
oye farebi hain,1,hi-roman
oye farebi aadmi,1,hi-roman
oye farebi insaan,1,hi-roman
oye farebi saale,1,hi-roman
oye farebi kutte,1,hi-roman
oye farebi yaar,1,hi-roman
are farebi,1,hi-roman
are farebi hai,1,hi-roman
are farebi ho,1,hi-roman
are farebi tha,1,hi-roman
are farebi hain,1,hi-roman
are farebi aadmi,1,hi-roman
are farebi insaan,1,hi-roman
are farebi saale,1,hi-roman
are farebi kutte,1,hi-roman
are farebi yaar,1,hi-roman
sun farebi,1,hi-roman
sun farebi hai,1,hi-roman
sun farebi ho,1,hi-roman
sun farebi tha,1,hi-roman
sun farebi hain,1,hi-roman
sun farebi aadmi,1,hi-roman
sun farebi insaan,1,hi-roman
sun farebi saale,1,hi-roman
sun farebi kutte,1,hi-roman
sun farebi yaar,1,hi-roman
dekh farebi,1,hi-roman
dekh farebi hai,1,hi-roman
dekh farebi ho,1,hi-roman
dekh farebi tha,1,hi-roman
dekh farebi hain,1,hi-roman
dekh farebi aadmi,1,hi-roman
dekh farebi insaan,1,hi-roman
dekh farebi saale,1,hi-roman
dekh farebi kutte,1,hi-roman
dekh farebi yaar,1,hi-roman
jhootha,1,hi-roman
jhootha hai,1,hi-roman
jhootha ho,1,hi-roman
jhootha tha,1,hi-roman
jhootha hain,1,hi-roman
jhootha aadmi,1,hi-roman
jhootha insaan,1,hi-roman
jhootha saale,1,hi-roman
jhootha kutte,1,hi-roman
jhootha yaar,1,hi-roman
tu jhootha,1,hi-roman
tu jhootha hai,1,hi-roman
tu jhootha ho,1,hi-roman
tu jhootha tha,1,hi-roman
tu jhootha hain,1,hi-roman
tu jhootha aadmi,1,hi-roman
tu jhootha insaan,1,hi-roman
tu jhootha saale,1,hi-roman
tu jhootha kutte,1,hi-roman
tu jhootha yaar,1,hi-roman
tum jhootha,1,hi-roman
tum jhootha hai,1,hi-roman
tum jhootha ho,1,hi-roman
tum jhootha tha,1,hi-roman
tum jhootha hain,1,hi-roman
tum jhootha aadmi,1,hi-roman
tum jhootha insaan,1,hi-roman
tum jhootha saale,1,hi-roman
tum jhootha kutte,1,hi-roman
tum jhootha yaar,1,hi-roman
abe jhootha,1,hi-roman
abe jhootha hai,1,hi-roman
abe jhootha ho,1,hi-roman
abe jhootha tha,1,hi-roman
abe jhootha hain,1,hi-roman
abe jhootha aadmi,1,hi-roman
abe jhootha insaan,1,hi-roman
abe jhootha saale,1,hi-roman
abe jhootha kutte,1,hi-roman
abe jhootha yaar,1,hi-roman
oye jhootha,1,hi-roman
oye jhootha hai,1,hi-roman
oye jhootha ho,1,hi-roman
oye jhootha tha,1,hi-roman
oye jhootha hain,1,hi-roman
oye jhootha aadmi,1,hi-roman
oye jhootha insaan,1,hi-roman
oye jhootha saale,1,hi-roman
oye jhootha kutte,1,hi-roman
oye jhootha yaar,1,hi-roman
are jhootha,1,hi-roman
are jhootha hai,1,hi-roman
are jhootha ho,1,hi-roman
are jhootha tha,1,hi-roman
are jhootha hain,1,hi-roman
are jhootha aadmi,1,hi-roman
are jhootha insaan,1,hi-roman
are jhootha saale,1,hi-roman
are jhootha kutte,1,hi-roman
are jhootha yaar,1,hi-roman
sun jhootha,1,hi-roman
sun jhootha hai,1,hi-roman
sun jhootha ho,1,hi-roman
sun jhootha tha,1,hi-roman
sun jhootha hain,1,hi-roman
sun jhootha aadmi,1,hi-roman
sun jhootha insaan,1,hi-roman
sun jhootha saale,1,hi-roman
sun jhootha kutte,1,hi-roman
sun jhootha yaar,1,hi-roman
dekh jhootha,1,hi-roman
dekh jhootha hai,1,hi-roman
dekh jhootha ho,1,hi-roman
dekh jhootha tha,1,hi-roman
dekh jhootha hain,1,hi-roman
dekh jhootha aadmi,1,hi-roman
dekh jhootha insaan,1,hi-roman
dekh jhootha saale,1,hi-roman
dekh jhootha kutte,1,hi-roman
dekh jhootha yaar,1,hi-roman
jhooti,1,hi-roman
jhooti hai,1,hi-roman
jhooti ho,1,hi-roman
jhooti tha,1,hi-roman
jhooti hain,1,hi-roman
jhooti aadmi,1,hi-roman
jhooti insaan,1,hi-roman
jhooti saale,1,hi-roman
jhooti kutte,1,hi-roman
jhooti yaar,1,hi-roman
tu jhooti,1,hi-roman
tu jhooti hai,1,hi-roman
tu jhooti ho,1,hi-roman
tu jhooti tha,1,hi-roman
tu jhooti hain,1,hi-roman
tu jhooti aadmi,1,hi-roman
tu jhooti insaan,1,hi-roman
tu jhooti saale,1,hi-roman
tu jhooti kutte,1,hi-roman
tu jhooti yaar,1,hi-roman
tum jhooti,1,hi-roman
tum jhooti hai,1,hi-roman
tum jhooti ho,1,hi-roman
tum jhooti tha,1,hi-roman
tum jhooti hain,1,hi-roman
tum jhooti aadmi,1,hi-roman
tum jhooti insaan,1,hi-roman
tum jhooti saale,1,hi-roman
tum jhooti kutte,1,hi-roman
tum jhooti yaar,1,hi-roman
abe jhooti,1,hi-roman
abe jhooti hai,1,hi-roman
abe jhooti ho,1,hi-roman
abe jhooti tha,1,hi-roman
abe jhooti hain,1,hi-roman
abe jhooti aadmi,1,hi-roman
abe jhooti insaan,1,hi-roman
abe jhooti saale,1,hi-roman
abe jhooti kutte,1,hi-roman
abe jhooti yaar,1,hi-roman
oye jhooti,1,hi-roman
oye jhooti hai,1,hi-roman
oye jhooti ho,1,hi-roman
oye jhooti tha,1,hi-roman
oye jhooti hain,1,hi-roman
oye jhooti aadmi,1,hi-roman
oye jhooti insaan,1,hi-roman
oye jhooti saale,1,hi-roman
oye jhooti kutte,1,hi-roman
oye jhooti yaar,1,hi-roman
are jhooti,1,hi-roman
are jhooti hai,1,hi-roman
are jhooti ho,1,hi-roman
are jhooti tha,1,hi-roman
are jhooti hain,1,hi-roman
are jhooti aadmi,1,hi-roman
are jhooti insaan,1,hi-roman
are jhooti saale,1,hi-roman
are jhooti kutte,1,hi-roman
are jhooti yaar,1,hi-roman
sun jhooti,1,hi-roman
sun jhooti hai,1,hi-roman
sun jhooti ho,1,hi-roman
sun jhooti tha,1,hi-roman
sun jhooti hain,1,hi-roman
sun jhooti aadmi,1,hi-roman
sun jhooti insaan,1,hi-roman
sun jhooti saale,1,hi-roman
sun jhooti kutte,1,hi-roman
sun jhooti yaar,1,hi-roman
dekh jhooti,1,hi-roman
dekh jhooti hai,1,hi-roman
dekh jhooti ho,1,hi-roman
dekh jhooti tha,1,hi-roman
dekh jhooti hain,1,hi-roman
dekh jhooti aadmi,1,hi-roman
dekh jhooti insaan,1,hi-roman
dekh jhooti saale,1,hi-roman
dekh jhooti kutte,1,hi-roman
dekh jhooti yaar,1,hi-roman
jhoote,1,hi-roman
jhoote hai,1,hi-roman
jhoote ho,1,hi-roman
jhoote tha,1,hi-roman
jhoote hain,1,hi-roman
jhoote aadmi,1,hi-roman
jhoote insaan,1,hi-roman
jhoote saale,1,hi-roman
jhoote kutte,1,hi-roman
jhoote yaar,1,hi-roman
tu jhoote,1,hi-roman
tu jhoote hai,1,hi-roman
tu jhoote ho,1,hi-roman
tu jhoote tha,1,hi-roman
tu jhoote hain,1,hi-roman
tu jhoote aadmi,1,hi-roman
tu jhoote insaan,1,hi-roman
tu jhoote saale,1,hi-roman
tu jhoote kutte,1,hi-roman
tu jhoote yaar,1,hi-roman
tum jhoote,1,hi-roman
tum jhoote hai,1,hi-roman
tum jhoote ho,1,hi-roman
tum jhoote tha,1,hi-roman
tum jhoote hain,1,hi-roman
tum jhoote aadmi,1,hi-roman
tum jhoote insaan,1,hi-roman
tum jhoote saale,1,hi-roman
tum jhoote kutte,1,hi-roman
tum jhoote yaar,1,hi-roman
abe jhoote,1,hi-roman
abe jhoote hai,1,hi-roman
abe jhoote ho,1,hi-roman
abe jhoote tha,1,hi-roman
abe jhoote hain,1,hi-roman
abe jhoote aadmi,1,hi-roman
abe jhoote insaan,1,hi-roman
abe jhoote saale,1,hi-roman
abe jhoote kutte,1,hi-roman
abe jhoote yaar,1,hi-roman
oye jhoote,1,hi-roman
oye jhoote hai,1,hi-roman
oye jhoote ho,1,hi-roman
oye jhoote tha,1,hi-roman
oye jhoote hain,1,hi-roman
oye jhoote aadmi,1,hi-roman
oye jhoote insaan,1,hi-roman
oye jhoote saale,1,hi-roman
oye jhoote kutte,1,hi-roman
oye jhoote yaar,1,hi-roman
are jhoote,1,hi-roman
are jhoote hai,1,hi-roman
are jhoote ho,1,hi-roman
are jhoote tha,1,hi-roman
are jhoote hain,1,hi-roman
are jhoote aadmi,1,hi-roman
are jhoote insaan,1,hi-roman
are jhoote saale,1,hi-roman
are jhoote kutte,1,hi-roman
are jhoote yaar,1,hi-roman
sun jhoote,1,hi-roman
sun jhoote hai,1,hi-roman
sun jhoote ho,1,hi-roman
sun jhoote tha,1,hi-roman
sun jhoote hain,1,hi-roman
sun jhoote aadmi,1,hi-roman
sun jhoote insaan,1,hi-roman
sun jhoote saale,1,hi-roman
sun jhoote kutte,1,hi-roman
sun jhoote yaar,1,hi-roman
dekh jhoote,1,hi-roman
dekh jhoote hai,1,hi-roman
dekh jhoote ho,1,hi-roman
dekh jhoote tha,1,hi-roman
dekh jhoote hain,1,hi-roman
dekh jhoote aadmi,1,hi-roman
dekh jhoote insaan,1,hi-roman
dekh jhoote saale,1,hi-roman
dekh jhoote kutte,1,hi-roman
dekh jhoote yaar,1,hi-roman
pagal,1,hi-roman
pagal hai,1,hi-roman
pagal ho,1,hi-roman
pagal tha,1,hi-roman
pagal hain,1,hi-roman
pagal aadmi,1,hi-roman
pagal insaan,1,hi-roman
pagal saale,1,hi-roman
pagal kutte,1,hi-roman
pagal yaar,1,hi-roman
tu pagal,1,hi-roman
tu pagal hai,1,hi-roman
tu pagal ho,1,hi-roman
tu pagal tha,1,hi-roman
tu pagal hain,1,hi-roman
tu pagal aadmi,1,hi-roman
tu pagal insaan,1,hi-roman
tu pagal saale,1,hi-roman
tu pagal kutte,1,hi-roman
tu pagal yaar,1,hi-roman
tum pagal,1,hi-roman
tum pagal hai,1,hi-roman
tum pagal ho,1,hi-roman
tum pagal tha,1,hi-roman
tum pagal hain,1,hi-roman
tum pagal aadmi,1,hi-roman
tum pagal insaan,1,hi-roman
tum pagal saale,1,hi-roman
tum pagal kutte,1,hi-roman
tum pagal yaar,1,hi-roman
abe pagal,1,hi-roman
abe pagal hai,1,hi-roman
abe pagal ho,1,hi-roman
abe pagal tha,1,hi-roman
abe pagal hain,1,hi-roman
abe pagal aadmi,1,hi-roman
abe pagal insaan,1,hi-roman
abe pagal saale,1,hi-roman
abe pagal kutte,1,hi-roman
abe pagal yaar,1,hi-roman
oye pagal,1,hi-roman
oye pagal hai,1,hi-roman
oye pagal ho,1,hi-roman
oye pagal tha,1,hi-roman
oye pagal hain,1,hi-roman
oye pagal aadmi,1,hi-roman
oye pagal insaan,1,hi-roman
oye pagal saale,1,hi-roman
oye pagal kutte,1,hi-roman
oye pagal yaar,1,hi-roman
are pagal,1,hi-roman
are pagal hai,1,hi-roman
are pagal ho,1,hi-roman
are pagal tha,1,hi-roman
are pagal hain,1,hi-roman
are pagal aadmi,1,hi-roman
are pagal insaan,1,hi-roman
are pagal saale,1,hi-roman
are pagal kutte,1,hi-roman
are pagal yaar,1,hi-roman
sun pagal,1,hi-roman
sun pagal hai,1,hi-roman
sun pagal ho,1,hi-roman
sun pagal tha,1,hi-roman
sun pagal hain,1,hi-roman
sun pagal aadmi,1,hi-roman
sun pagal insaan,1,hi-roman
sun pagal saale,1,hi-roman
sun pagal kutte,1,hi-roman
sun pagal yaar,1,hi-roman
dekh pagal,1,hi-roman
dekh pagal hai,1,hi-roman
dekh pagal ho,1,hi-roman
dekh pagal tha,1,hi-roman
dekh pagal hain,1,hi-roman
dekh pagal aadmi,1,hi-roman
dekh pagal insaan,1,hi-roman
dekh pagal saale,1,hi-roman
dekh pagal kutte,1,hi-roman
dekh pagal yaar,1,hi-roman
pagal aadmi hai,1,hi-roman
pagal aadmi ho,1,hi-roman
pagal aadmi tha,1,hi-roman
pagal aadmi hain,1,hi-roman
pagal aadmi aadmi,1,hi-roman
pagal aadmi insaan,1,hi-roman
pagal aadmi saale,1,hi-roman
pagal aadmi kutte,1,hi-roman
pagal aadmi yaar,1,hi-roman
tu pagal aadmi hai,1,hi-roman
tu pagal aadmi ho,1,hi-roman
tu pagal aadmi tha,1,hi-roman
tu pagal aadmi hain,1,hi-roman
tu pagal aadmi aadmi,1,hi-roman
tu pagal aadmi insaan,1,hi-roman
tu pagal aadmi saale,1,hi-roman
tu pagal aadmi kutte,1,hi-roman
tu pagal aadmi yaar,1,hi-roman
tum pagal aadmi hai,1,hi-roman
tum pagal aadmi ho,1,hi-roman
tum pagal aadmi tha,1,hi-roman
tum pagal aadmi hain,1,hi-roman
tum pagal aadmi aadmi,1,hi-roman
tum pagal aadmi insaan,1,hi-roman
tum pagal aadmi saale,1,hi-roman
tum pagal aadmi kutte,1,hi-roman
tum pagal aadmi yaar,1,hi-roman
abe pagal aadmi hai,1,hi-roman
abe pagal aadmi ho,1,hi-roman
abe pagal aadmi tha,1,hi-roman
abe pagal aadmi hain,1,hi-roman
abe pagal aadmi aadmi,1,hi-roman
abe pagal aadmi insaan,1,hi-roman
abe pagal aadmi saale,1,hi-roman
abe pagal aadmi kutte,1,hi-roman
abe pagal aadmi yaar,1,hi-roman
oye pagal aadmi hai,1,hi-roman
oye pagal aadmi ho,1,hi-roman
oye pagal aadmi tha,1,hi-roman
oye pagal aadmi hain,1,hi-roman
oye pagal aadmi aadmi,1,hi-roman
oye pagal aadmi insaan,1,hi-roman
oye pagal aadmi saale,1,hi-roman
oye pagal aadmi kutte,1,hi-roman
oye pagal aadmi yaar,1,hi-roman
are pagal aadmi hai,1,hi-roman
are pagal aadmi ho,1,hi-roman
are pagal aadmi tha,1,hi-roman
are pagal aadmi hain,1,hi-roman
are pagal aadmi aadmi,1,hi-roman
are pagal aadmi insaan,1,hi-roman
are pagal aadmi saale,1,hi-roman
are pagal aadmi kutte,1,hi-roman
are pagal aadmi yaar,1,hi-roman
sun pagal aadmi hai,1,hi-roman
sun pagal aadmi ho,1,hi-roman
sun pagal aadmi tha,1,hi-roman
sun pagal aadmi hain,1,hi-roman
sun pagal aadmi aadmi,1,hi-roman
sun pagal aadmi insaan,1,hi-roman
sun pagal aadmi saale,1,hi-roman
sun pagal aadmi kutte,1,hi-roman
sun pagal aadmi yaar,1,hi-roman
dekh pagal aadmi hai,1,hi-roman
dekh pagal aadmi ho,1,hi-roman
dekh pagal aadmi tha,1,hi-roman
dekh pagal aadmi hain,1,hi-roman
dekh pagal aadmi aadmi,1,hi-roman
dekh pagal aadmi insaan,1,hi-roman
dekh pagal aadmi saale,1,hi-roman
dekh pagal aadmi kutte,1,hi-roman
dekh pagal aadmi yaar,1,hi-roman
pagal aurat,1,hi-roman
pagal aurat hai,1,hi-roman
pagal aurat ho,1,hi-roman
pagal aurat tha,1,hi-roman
pagal aurat hain,1,hi-roman
pagal aurat aadmi,1,hi-roman
pagal aurat insaan,1,hi-roman
pagal aurat saale,1,hi-roman
pagal aurat kutte,1,hi-roman
pagal aurat yaar,1,hi-roman
tu pagal aurat,1,hi-roman
tu pagal aurat hai,1,hi-roman
tu pagal aurat ho,1,hi-roman
tu pagal aurat tha,1,hi-roman
tu pagal aurat hain,1,hi-roman
tu pagal aurat aadmi,1,hi-roman
tu pagal aurat insaan,1,hi-roman
tu pagal aurat saale,1,hi-roman
tu pagal aurat kutte,1,hi-roman
tu pagal aurat yaar,1,hi-roman
tum pagal aurat,1,hi-roman
tum pagal aurat hai,1,hi-roman
tum pagal aurat ho,1,hi-roman
tum pagal aurat tha,1,hi-roman
tum pagal aurat hain,1,hi-roman
tum pagal aurat aadmi,1,hi-roman
tum pagal aurat insaan,1,hi-roman
tum pagal aurat saale,1,hi-roman
tum pagal aurat kutte,1,hi-roman
tum pagal aurat yaar,1,hi-roman
abe pagal aurat,1,hi-roman
abe pagal aurat hai,1,hi-roman
abe pagal aurat ho,1,hi-roman
abe pagal aurat tha,1,hi-roman
abe pagal aurat hain,1,hi-roman
abe pagal aurat aadmi,1,hi-roman
abe pagal aurat insaan,1,hi-roman
abe pagal aurat saale,1,hi-roman
abe pagal aurat kutte,1,hi-roman
abe pagal aurat yaar,1,hi-roman
oye pagal aurat,1,hi-roman
oye pagal aurat hai,1,hi-roman
oye pagal aurat ho,1,hi-roman
oye pagal aurat tha,1,hi-roman
oye pagal aurat hain,1,hi-roman
oye pagal aurat aadmi,1,hi-roman
oye pagal aurat insaan,1,hi-roman
oye pagal aurat saale,1,hi-roman
oye pagal aurat kutte,1,hi-roman
oye pagal aurat yaar,1,hi-roman
are pagal aurat,1,hi-roman
are pagal aurat hai,1,hi-roman
are pagal aurat ho,1,hi-roman
are pagal aurat tha,1,hi-roman
are pagal aurat hain,1,hi-roman
are pagal aurat aadmi,1,hi-roman
are pagal aurat insaan,1,hi-roman
are pagal aurat saale,1,hi-roman
are pagal aurat kutte,1,hi-roman
are pagal aurat yaar,1,hi-roman
sun pagal aurat,1,hi-roman
sun pagal aurat hai,1,hi-roman
sun pagal aurat ho,1,hi-roman
sun pagal aurat tha,1,hi-roman
sun pagal aurat hain,1,hi-roman
sun pagal aurat aadmi,1,hi-roman
sun pagal aurat insaan,1,hi-roman
sun pagal aurat saale,1,hi-roman
sun pagal aurat kutte,1,hi-roman
sun pagal aurat yaar,1,hi-roman
dekh pagal aurat,1,hi-roman
dekh pagal aurat hai,1,hi-roman
dekh pagal aurat ho,1,hi-roman
dekh pagal aurat tha,1,hi-roman
dekh pagal aurat hain,1,hi-roman
dekh pagal aurat aadmi,1,hi-roman
dekh pagal aurat insaan,1,hi-roman
dekh pagal aurat saale,1,hi-roman
dekh pagal aurat kutte,1,hi-roman
dekh pagal aurat yaar,1,hi-roman
sanaki,1,hi-roman
sanaki hai,1,hi-roman
sanaki ho,1,hi-roman
sanaki tha,1,hi-roman
sanaki hain,1,hi-roman
sanaki aadmi,1,hi-roman
sanaki insaan,1,hi-roman
sanaki saale,1,hi-roman
sanaki kutte,1,hi-roman
sanaki yaar,1,hi-roman
tu sanaki,1,hi-roman
tu sanaki hai,1,hi-roman
tu sanaki ho,1,hi-roman
tu sanaki tha,1,hi-roman
tu sanaki hain,1,hi-roman
tu sanaki aadmi,1,hi-roman
tu sanaki insaan,1,hi-roman
tu sanaki saale,1,hi-roman
tu sanaki kutte,1,hi-roman
tu sanaki yaar,1,hi-roman
tum sanaki,1,hi-roman
tum sanaki hai,1,hi-roman
tum sanaki ho,1,hi-roman
tum sanaki tha,1,hi-roman
tum sanaki hain,1,hi-roman
tum sanaki aadmi,1,hi-roman
tum sanaki insaan,1,hi-roman
tum sanaki saale,1,hi-roman
tum sanaki kutte,1,hi-roman
tum sanaki yaar,1,hi-roman
abe sanaki,1,hi-roman
abe sanaki hai,1,hi-roman
abe sanaki ho,1,hi-roman
abe sanaki tha,1,hi-roman
abe sanaki hain,1,hi-roman
abe sanaki aadmi,1,hi-roman
abe sanaki insaan,1,hi-roman
abe sanaki saale,1,hi-roman
abe sanaki kutte,1,hi-roman
abe sanaki yaar,1,hi-roman
oye sanaki,1,hi-roman
oye sanaki hai,1,hi-roman
oye sanaki ho,1,hi-roman
oye sanaki tha,1,hi-roman
oye sanaki hain,1,hi-roman
oye sanaki aadmi,1,hi-roman
oye sanaki insaan,1,hi-roman
oye sanaki saale,1,hi-roman
oye sanaki kutte,1,hi-roman
oye sanaki yaar,1,hi-roman
are sanaki,1,hi-roman
are sanaki hai,1,hi-roman
are sanaki ho,1,hi-roman
are sanaki tha,1,hi-roman
are sanaki hain,1,hi-roman
are sanaki aadmi,1,hi-roman
are sanaki insaan,1,hi-roman
are sanaki saale,1,hi-roman
are sanaki kutte,1,hi-roman
are sanaki yaar,1,hi-roman
sun sanaki,1,hi-roman
sun sanaki hai,1,hi-roman
sun sanaki ho,1,hi-roman
sun sanaki tha,1,hi-roman
sun sanaki hain,1,hi-roman
sun sanaki aadmi,1,hi-roman
sun sanaki insaan,1,hi-roman
sun sanaki saale,1,hi-roman
sun sanaki kutte,1,hi-roman
sun sanaki yaar,1,hi-roman
dekh sanaki,1,hi-roman
dekh sanaki hai,1,hi-roman
dekh sanaki ho,1,hi-roman
dekh sanaki tha,1,hi-roman
dekh sanaki hain,1,hi-roman
dekh sanaki aadmi,1,hi-roman
dekh sanaki insaan,1,hi-roman
dekh sanaki saale,1,hi-roman
dekh sanaki kutte,1,hi-roman
dekh sanaki yaar,1,hi-roman
sanakchadha,1,hi-roman
sanakchadha hai,1,hi-roman
sanakchadha ho,1,hi-roman
sanakchadha tha,1,hi-roman
sanakchadha hain,1,hi-roman
sanakchadha aadmi,1,hi-roman
sanakchadha insaan,1,hi-roman
sanakchadha saale,1,hi-roman
sanakchadha kutte,1,hi-roman
sanakchadha yaar,1,hi-roman
tu sanakchadha,1,hi-roman
tu sanakchadha hai,1,hi-roman
tu sanakchadha ho,1,hi-roman
tu sanakchadha tha,1,hi-roman
tu sanakchadha hain,1,hi-roman
tu sanakchadha aadmi,1,hi-roman
tu sanakchadha insaan,1,hi-roman
tu sanakchadha saale,1,hi-roman
tu sanakchadha kutte,1,hi-roman
tu sanakchadha yaar,1,hi-roman
tum sanakchadha,1,hi-roman
tum sanakchadha hai,1,hi-roman
tum sanakchadha ho,1,hi-roman
tum sanakchadha tha,1,hi-roman
tum sanakchadha hain,1,hi-roman
tum sanakchadha aadmi,1,hi-roman
tum sanakchadha insaan,1,hi-roman
tum sanakchadha saale,1,hi-roman
tum sanakchadha kutte,1,hi-roman
tum sanakchadha yaar,1,hi-roman
abe sanakchadha,1,hi-roman
abe sanakchadha hai,1,hi-roman
abe sanakchadha ho,1,hi-roman
abe sanakchadha tha,1,hi-roman
abe sanakchadha hain,1,hi-roman
abe sanakchadha aadmi,1,hi-roman
abe sanakchadha insaan,1,hi-roman
abe sanakchadha saale,1,hi-roman
abe sanakchadha kutte,1,hi-roman
abe sanakchadha yaar,1,hi-roman
oye sanakchadha,1,hi-roman
oye sanakchadha hai,1,hi-roman
oye sanakchadha ho,1,hi-roman
oye sanakchadha tha,1,hi-roman
oye sanakchadha hain,1,hi-roman
oye sanakchadha aadmi,1,hi-roman
oye sanakchadha insaan,1,hi-roman
oye sanakchadha saale,1,hi-roman
oye sanakchadha kutte,1,hi-roman
oye sanakchadha yaar,1,hi-roman
are sanakchadha,1,hi-roman
are sanakchadha hai,1,hi-roman
are sanakchadha ho,1,hi-roman
are sanakchadha tha,1,hi-roman
are sanakchadha hain,1,hi-roman
are sanakchadha aadmi,1,hi-roman
are sanakchadha insaan,1,hi-roman
are sanakchadha saale,1,hi-roman
are sanakchadha kutte,1,hi-roman
are sanakchadha yaar,1,hi-roman
sun sanakchadha,1,hi-roman
sun sanakchadha hai,1,hi-roman
sun sanakchadha ho,1,hi-roman
sun sanakchadha tha,1,hi-roman
sun sanakchadha hain,1,hi-roman
sun sanakchadha aadmi,1,hi-roman
sun sanakchadha insaan,1,hi-roman
sun sanakchadha saale,1,hi-roman
sun sanakchadha kutte,1,hi-roman
sun sanakchadha yaar,1,hi-roman
dekh sanakchadha,1,hi-roman
dekh sanakchadha hai,1,hi-roman
dekh sanakchadha ho,1,hi-roman
dekh sanakchadha tha,1,hi-roman
dekh sanakchadha hain,1,hi-roman
dekh sanakchadha aadmi,1,hi-roman
dekh sanakchadha insaan,1,hi-roman
dekh sanakchadha saale,1,hi-roman
dekh sanakchadha kutte,1,hi-roman
dekh sanakchadha yaar,1,hi-roman
kayar,1,hi-roman
kayar hai,1,hi-roman
kayar ho,1,hi-roman
kayar tha,1,hi-roman
kayar hain,1,hi-roman
kayar aadmi,1,hi-roman
kayar insaan,1,hi-roman
kayar saale,1,hi-roman
kayar kutte,1,hi-roman
kayar yaar,1,hi-roman
tu kayar,1,hi-roman
tu kayar hai,1,hi-roman
tu kayar ho,1,hi-roman
tu kayar tha,1,hi-roman
tu kayar hain,1,hi-roman
tu kayar aadmi,1,hi-roman
tu kayar insaan,1,hi-roman
tu kayar saale,1,hi-roman
tu kayar kutte,1,hi-roman
tu kayar yaar,1,hi-roman
tum kayar,1,hi-roman
tum kayar hai,1,hi-roman
tum kayar ho,1,hi-roman
tum kayar tha,1,hi-roman
tum kayar hain,1,hi-roman
tum kayar aadmi,1,hi-roman
tum kayar insaan,1,hi-roman
tum kayar saale,1,hi-roman
tum kayar kutte,1,hi-roman
tum kayar yaar,1,hi-roman
abe kayar,1,hi-roman
abe kayar hai,1,hi-roman
abe kayar ho,1,hi-roman
abe kayar tha,1,hi-roman
abe kayar hain,1,hi-roman
abe kayar aadmi,1,hi-roman
abe kayar insaan,1,hi-roman
abe kayar saale,1,hi-roman
abe kayar kutte,1,hi-roman
abe kayar yaar,1,hi-roman
oye kayar,1,hi-roman
oye kayar hai,1,hi-roman
oye kayar ho,1,hi-roman
oye kayar tha,1,hi-roman
oye kayar hain,1,hi-roman
oye kayar aadmi,1,hi-roman
oye kayar insaan,1,hi-roman
oye kayar saale,1,hi-roman
oye kayar kutte,1,hi-roman
oye kayar yaar,1,hi-roman
are kayar,1,hi-roman
are kayar hai,1,hi-roman
are kayar ho,1,hi-roman
are kayar tha,1,hi-roman
are kayar hain,1,hi-roman
are kayar aadmi,1,hi-roman
are kayar insaan,1,hi-roman
are kayar saale,1,hi-roman
are kayar kutte,1,hi-roman
are kayar yaar,1,hi-roman
sun kayar,1,hi-roman
sun kayar hai,1,hi-roman
sun kayar ho,1,hi-roman
sun kayar tha,1,hi-roman
sun kayar hain,1,hi-roman
sun kayar aadmi,1,hi-roman
sun kayar insaan,1,hi-roman
sun kayar saale,1,hi-roman
sun kayar kutte,1,hi-roman
sun kayar yaar,1,hi-roman
dekh kayar,1,hi-roman
dekh kayar hai,1,hi-roman
dekh kayar ho,1,hi-roman
dekh kayar tha,1,hi-roman
dekh kayar hain,1,hi-roman
dekh kayar aadmi,1,hi-roman
dekh kayar insaan,1,hi-roman
dekh kayar saale,1,hi-roman
dekh kayar kutte,1,hi-roman
dekh kayar yaar,1,hi-roman
darpok,1,hi-roman
darpok hai,1,hi-roman
darpok ho,1,hi-roman
darpok tha,1,hi-roman
darpok hain,1,hi-roman
darpok aadmi,1,hi-roman
darpok insaan,1,hi-roman
darpok saale,1,hi-roman
darpok kutte,1,hi-roman
darpok yaar,1,hi-roman
tu darpok,1,hi-roman
tu darpok hai,1,hi-roman
tu darpok ho,1,hi-roman
tu darpok tha,1,hi-roman
tu darpok hain,1,hi-roman
tu darpok aadmi,1,hi-roman
tu darpok insaan,1,hi-roman
tu darpok saale,1,hi-roman
tu darpok kutte,1,hi-roman
tu darpok yaar,1,hi-roman
tum darpok,1,hi-roman
tum darpok hai,1,hi-roman
tum darpok ho,1,hi-roman
tum darpok tha,1,hi-roman
tum darpok hain,1,hi-roman
tum darpok aadmi,1,hi-roman
tum darpok insaan,1,hi-roman
tum darpok saale,1,hi-roman
tum darpok kutte,1,hi-roman
tum darpok yaar,1,hi-roman
abe darpok,1,hi-roman
abe darpok hai,1,hi-roman
abe darpok ho,1,hi-roman
abe darpok tha,1,hi-roman
abe darpok hain,1,hi-roman
abe darpok aadmi,1,hi-roman
abe darpok insaan,1,hi-roman
abe darpok saale,1,hi-roman
abe darpok kutte,1,hi-roman
abe darpok yaar,1,hi-roman
oye darpok,1,hi-roman
oye darpok hai,1,hi-roman
oye darpok ho,1,hi-roman
oye darpok tha,1,hi-roman
oye darpok hain,1,hi-roman
oye darpok aadmi,1,hi-roman
oye darpok insaan,1,hi-roman
oye darpok saale,1,hi-roman
oye darpok kutte,1,hi-roman
oye darpok yaar,1,hi-roman
are darpok,1,hi-roman
are darpok hai,1,hi-roman
are darpok ho,1,hi-roman
are darpok tha,1,hi-roman
are darpok hain,1,hi-roman
are darpok aadmi,1,hi-roman
are darpok insaan,1,hi-roman
are darpok saale,1,hi-roman
are darpok kutte,1,hi-roman
are darpok yaar,1,hi-roman
sun darpok,1,hi-roman
sun darpok hai,1,hi-roman
sun darpok ho,1,hi-roman
sun darpok tha,1,hi-roman
sun darpok hain,1,hi-roman
sun darpok aadmi,1,hi-roman
sun darpok insaan,1,hi-roman
sun darpok saale,1,hi-roman
sun darpok kutte,1,hi-roman
sun darpok yaar,1,hi-roman
dekh darpok,1,hi-roman
dekh darpok hai,1,hi-roman
dekh darpok ho,1,hi-roman
dekh darpok tha,1,hi-roman
dekh darpok hain,1,hi-roman
dekh darpok aadmi,1,hi-roman
dekh darpok insaan,1,hi-roman
dekh darpok saale,1,hi-roman
dekh darpok kutte,1,hi-roman
dekh darpok yaar,1,hi-roman
kamchor,1,hi-roman
kamchor hai,1,hi-roman
kamchor ho,1,hi-roman
kamchor tha,1,hi-roman
kamchor hain,1,hi-roman
kamchor aadmi,1,hi-roman
kamchor insaan,1,hi-roman
kamchor saale,1,hi-roman
kamchor kutte,1,hi-roman
kamchor yaar,1,hi-roman
tu kamchor,1,hi-roman
tu kamchor hai,1,hi-roman
tu kamchor ho,1,hi-roman
tu kamchor tha,1,hi-roman
tu kamchor hain,1,hi-roman
tu kamchor aadmi,1,hi-roman
tu kamchor insaan,1,hi-roman
tu kamchor saale,1,hi-roman
tu kamchor kutte,1,hi-roman
tu kamchor yaar,1,hi-roman
tum kamchor,1,hi-roman
tum kamchor hai,1,hi-roman
tum kamchor ho,1,hi-roman
tum kamchor tha,1,hi-roman
tum kamchor hain,1,hi-roman
tum kamchor aadmi,1,hi-roman
tum kamchor insaan,1,hi-roman
tum kamchor saale,1,hi-roman
tum kamchor kutte,1,hi-roman
tum kamchor yaar,1,hi-roman
abe kamchor,1,hi-roman
abe kamchor hai,1,hi-roman
abe kamchor ho,1,hi-roman
abe kamchor tha,1,hi-roman
abe kamchor hain,1,hi-roman
abe kamchor aadmi,1,hi-roman
abe kamchor insaan,1,hi-roman
abe kamchor saale,1,hi-roman
abe kamchor kutte,1,hi-roman
abe kamchor yaar,1,hi-roman
oye kamchor,1,hi-roman
oye kamchor hai,1,hi-roman
oye kamchor ho,1,hi-roman
oye kamchor tha,1,hi-roman
oye kamchor hain,1,hi-roman
oye kamchor aadmi,1,hi-roman
oye kamchor insaan,1,hi-roman
oye kamchor saale,1,hi-roman
oye kamchor kutte,1,hi-roman
oye kamchor yaar,1,hi-roman
are kamchor,1,hi-roman
are kamchor hai,1,hi-roman
are kamchor ho,1,hi-roman
are kamchor tha,1,hi-roman
are kamchor hain,1,hi-roman
are kamchor aadmi,1,hi-roman
are kamchor insaan,1,hi-roman
are kamchor saale,1,hi-roman
are kamchor kutte,1,hi-roman
are kamchor yaar,1,hi-roman
sun kamchor,1,hi-roman
sun kamchor hai,1,hi-roman
sun kamchor ho,1,hi-roman
sun kamchor tha,1,hi-roman
sun kamchor hain,1,hi-roman
sun kamchor aadmi,1,hi-roman
sun kamchor insaan,1,hi-roman
sun kamchor saale,1,hi-roman
sun kamchor kutte,1,hi-roman
sun kamchor yaar,1,hi-roman
dekh kamchor,1,hi-roman
dekh kamchor hai,1,hi-roman
dekh kamchor ho,1,hi-roman
dekh kamchor tha,1,hi-roman
dekh kamchor hain,1,hi-roman
dekh kamchor aadmi,1,hi-roman
dekh kamchor insaan,1,hi-roman
dekh kamchor saale,1,hi-roman
dekh kamchor kutte,1,hi-roman
dekh kamchor yaar,1,hi-roman
aalsi,1,hi-roman
aalsi hai,1,hi-roman
aalsi ho,1,hi-roman
aalsi tha,1,hi-roman
aalsi hain,1,hi-roman
aalsi aadmi,1,hi-roman
aalsi insaan,1,hi-roman
aalsi saale,1,hi-roman
aalsi kutte,1,hi-roman
aalsi yaar,1,hi-roman
tu aalsi,1,hi-roman
tu aalsi hai,1,hi-roman
tu aalsi ho,1,hi-roman
tu aalsi tha,1,hi-roman
tu aalsi hain,1,hi-roman
tu aalsi aadmi,1,hi-roman
tu aalsi insaan,1,hi-roman
tu aalsi saale,1,hi-roman
tu aalsi kutte,1,hi-roman
tu aalsi yaar,1,hi-roman
tum aalsi,1,hi-roman
tum aalsi hai,1,hi-roman
tum aalsi ho,1,hi-roman
tum aalsi tha,1,hi-roman
tum aalsi hain,1,hi-roman
tum aalsi aadmi,1,hi-roman
tum aalsi insaan,1,hi-roman
tum aalsi saale,1,hi-roman
tum aalsi kutte,1,hi-roman
tum aalsi yaar,1,hi-roman
abe aalsi,1,hi-roman
abe aalsi hai,1,hi-roman
abe aalsi ho,1,hi-roman
abe aalsi tha,1,hi-roman
abe aalsi hain,1,hi-roman
abe aalsi aadmi,1,hi-roman
abe aalsi insaan,1,hi-roman
abe aalsi saale,1,hi-roman
abe aalsi kutte,1,hi-roman
abe aalsi yaar,1,hi-roman
oye aalsi,1,hi-roman
oye aalsi hai,1,hi-roman
oye aalsi ho,1,hi-roman
oye aalsi tha,1,hi-roman
oye aalsi hain,1,hi-roman
oye aalsi aadmi,1,hi-roman
oye aalsi insaan,1,hi-roman
oye aalsi saale,1,hi-roman
oye aalsi kutte,1,hi-roman
oye aalsi yaar,1,hi-roman
are aalsi,1,hi-roman
are aalsi hai,1,hi-roman
are aalsi ho,1,hi-roman
are aalsi tha,1,hi-roman
are aalsi hain,1,hi-roman
are aalsi aadmi,1,hi-roman
are aalsi insaan,1,hi-roman
are aalsi saale,1,hi-roman
are aalsi kutte,1,hi-roman
are aalsi yaar,1,hi-roman
sun aalsi,1,hi-roman
sun aalsi hai,1,hi-roman
sun aalsi ho,1,hi-roman
sun aalsi tha,1,hi-roman
sun aalsi hain,1,hi-roman
sun aalsi aadmi,1,hi-roman
sun aalsi insaan,1,hi-roman
sun aalsi saale,1,hi-roman
sun aalsi kutte,1,hi-roman
sun aalsi yaar,1,hi-roman
dekh aalsi,1,hi-roman
dekh aalsi hai,1,hi-roman
dekh aalsi ho,1,hi-roman
dekh aalsi tha,1,hi-roman
dekh aalsi hain,1,hi-roman
dekh aalsi aadmi,1,hi-roman
dekh aalsi insaan,1,hi-roman
dekh aalsi saale,1,hi-roman
dekh aalsi kutte,1,hi-roman
dekh aalsi yaar,1,hi-roman
aalsi aadmi hai,1,hi-roman
aalsi aadmi ho,1,hi-roman
aalsi aadmi tha,1,hi-roman
aalsi aadmi hain,1,hi-roman
aalsi aadmi aadmi,1,hi-roman
aalsi aadmi insaan,1,hi-roman
aalsi aadmi saale,1,hi-roman
aalsi aadmi kutte,1,hi-roman
aalsi aadmi yaar,1,hi-roman
tu aalsi aadmi hai,1,hi-roman
tu aalsi aadmi ho,1,hi-roman
tu aalsi aadmi tha,1,hi-roman
tu aalsi aadmi hain,1,hi-roman
tu aalsi aadmi aadmi,1,hi-roman
tu aalsi aadmi insaan,1,hi-roman
tu aalsi aadmi saale,1,hi-roman
tu aalsi aadmi kutte,1,hi-roman
tu aalsi aadmi yaar,1,hi-roman
tum aalsi aadmi hai,1,hi-roman
tum aalsi aadmi ho,1,hi-roman
tum aalsi aadmi tha,1,hi-roman
tum aalsi aadmi hain,1,hi-roman
tum aalsi aadmi aadmi,1,hi-roman
tum aalsi aadmi insaan,1,hi-roman
tum aalsi aadmi saale,1,hi-roman
tum aalsi aadmi kutte,1,hi-roman
tum aalsi aadmi yaar,1,hi-roman
abe aalsi aadmi hai,1,hi-roman
abe aalsi aadmi ho,1,hi-roman
abe aalsi aadmi tha,1,hi-roman
abe aalsi aadmi hain,1,hi-roman
abe aalsi aadmi aadmi,1,hi-roman
abe aalsi aadmi insaan,1,hi-roman
abe aalsi aadmi saale,1,hi-roman
abe aalsi aadmi kutte,1,hi-roman
abe aalsi aadmi yaar,1,hi-roman
oye aalsi aadmi hai,1,hi-roman
oye aalsi aadmi ho,1,hi-roman
oye aalsi aadmi tha,1,hi-roman
oye aalsi aadmi hain,1,hi-roman
oye aalsi aadmi aadmi,1,hi-roman
oye aalsi aadmi insaan,1,hi-roman
oye aalsi aadmi saale,1,hi-roman
oye aalsi aadmi kutte,1,hi-roman
oye aalsi aadmi yaar,1,hi-roman
are aalsi aadmi hai,1,hi-roman
are aalsi aadmi ho,1,hi-roman
are aalsi aadmi tha,1,hi-roman
are aalsi aadmi hain,1,hi-roman
are aalsi aadmi aadmi,1,hi-roman
are aalsi aadmi insaan,1,hi-roman
are aalsi aadmi saale,1,hi-roman
are aalsi aadmi kutte,1,hi-roman
are aalsi aadmi yaar,1,hi-roman
sun aalsi aadmi hai,1,hi-roman
sun aalsi aadmi ho,1,hi-roman
sun aalsi aadmi tha,1,hi-roman
sun aalsi aadmi hain,1,hi-roman
sun aalsi aadmi aadmi,1,hi-roman
sun aalsi aadmi insaan,1,hi-roman
sun aalsi aadmi saale,1,hi-roman
sun aalsi aadmi kutte,1,hi-roman
sun aalsi aadmi yaar,1,hi-roman
dekh aalsi aadmi hai,1,hi-roman
dekh aalsi aadmi ho,1,hi-roman
dekh aalsi aadmi tha,1,hi-roman
dekh aalsi aadmi hain,1,hi-roman
dekh aalsi aadmi aadmi,1,hi-roman
dekh aalsi aadmi insaan,1,hi-roman
dekh aalsi aadmi saale,1,hi-roman
dekh aalsi aadmi kutte,1,hi-roman
dekh aalsi aadmi yaar,1,hi-roman
matlabi,1,hi-roman
matlabi hai,1,hi-roman
matlabi ho,1,hi-roman
matlabi tha,1,hi-roman
matlabi hain,1,hi-roman
matlabi aadmi,1,hi-roman
matlabi insaan,1,hi-roman
matlabi saale,1,hi-roman
matlabi kutte,1,hi-roman
matlabi yaar,1,hi-roman
tu matlabi,1,hi-roman
tu matlabi hai,1,hi-roman
tu matlabi ho,1,hi-roman
tu matlabi tha,1,hi-roman
tu matlabi hain,1,hi-roman
tu matlabi aadmi,1,hi-roman
tu matlabi insaan,1,hi-roman
tu matlabi saale,1,hi-roman
tu matlabi kutte,1,hi-roman
tu matlabi yaar,1,hi-roman
tum matlabi,1,hi-roman
tum matlabi hai,1,hi-roman
tum matlabi ho,1,hi-roman
tum matlabi tha,1,hi-roman
tum matlabi hain,1,hi-roman
tum matlabi aadmi,1,hi-roman
tum matlabi insaan,1,hi-roman
tum matlabi saale,1,hi-roman
tum matlabi kutte,1,hi-roman
tum matlabi yaar,1,hi-roman
abe matlabi,1,hi-roman
abe matlabi hai,1,hi-roman
abe matlabi ho,1,hi-roman
abe matlabi tha,1,hi-roman
abe matlabi hain,1,hi-roman
abe matlabi aadmi,1,hi-roman
abe matlabi insaan,1,hi-roman
abe matlabi saale,1,hi-roman
abe matlabi kutte,1,hi-roman
abe matlabi yaar,1,hi-roman
oye matlabi,1,hi-roman
oye matlabi hai,1,hi-roman
oye matlabi ho,1,hi-roman
oye matlabi tha,1,hi-roman
oye matlabi hain,1,hi-roman
oye matlabi aadmi,1,hi-roman
oye matlabi insaan,1,hi-roman
oye matlabi saale,1,hi-roman
oye matlabi kutte,1,hi-roman
oye matlabi yaar,1,hi-roman
are matlabi,1,hi-roman
are matlabi hai,1,hi-roman
are matlabi ho,1,hi-roman
are matlabi tha,1,hi-roman
are matlabi hain,1,hi-roman
are matlabi aadmi,1,hi-roman
are matlabi insaan,1,hi-roman
are matlabi saale,1,hi-roman
are matlabi kutte,1,hi-roman
are matlabi yaar,1,hi-roman
sun matlabi,1,hi-roman
sun matlabi hai,1,hi-roman
sun matlabi ho,1,hi-roman
sun matlabi tha,1,hi-roman
sun matlabi hain,1,hi-roman
sun matlabi aadmi,1,hi-roman
sun matlabi insaan,1,hi-roman
sun matlabi saale,1,hi-roman
sun matlabi kutte,1,hi-roman
sun matlabi yaar,1,hi-roman
dekh matlabi,1,hi-roman
dekh matlabi hai,1,hi-roman
dekh matlabi ho,1,hi-roman
dekh matlabi tha,1,hi-roman
dekh matlabi hain,1,hi-roman
dekh matlabi aadmi,1,hi-roman
dekh matlabi insaan,1,hi-roman
dekh matlabi saale,1,hi-roman
dekh matlabi kutte,1,hi-roman
dekh matlabi yaar,1,hi-roman
swarthi,1,hi-roman
swarthi hai,1,hi-roman
swarthi ho,1,hi-roman
swarthi tha,1,hi-roman
swarthi hain,1,hi-roman
swarthi aadmi,1,hi-roman
swarthi insaan,1,hi-roman
swarthi saale,1,hi-roman
swarthi kutte,1,hi-roman
swarthi yaar,1,hi-roman
tu swarthi,1,hi-roman
tu swarthi hai,1,hi-roman
tu swarthi ho,1,hi-roman
tu swarthi tha,1,hi-roman
tu swarthi hain,1,hi-roman
tu swarthi aadmi,1,hi-roman
tu swarthi insaan,1,hi-roman
tu swarthi saale,1,hi-roman
tu swarthi kutte,1,hi-roman
tu swarthi yaar,1,hi-roman
tum swarthi,1,hi-roman
tum swarthi hai,1,hi-roman
tum swarthi ho,1,hi-roman
tum swarthi tha,1,hi-roman
tum swarthi hain,1,hi-roman
tum swarthi aadmi,1,hi-roman
tum swarthi insaan,1,hi-roman
tum swarthi saale,1,hi-roman
tum swarthi kutte,1,hi-roman
tum swarthi yaar,1,hi-roman
abe swarthi,1,hi-roman
abe swarthi hai,1,hi-roman
abe swarthi ho,1,hi-roman
abe swarthi tha,1,hi-roman
abe swarthi hain,1,hi-roman
abe swarthi aadmi,1,hi-roman
abe swarthi insaan,1,hi-roman
abe swarthi saale,1,hi-roman
abe swarthi kutte,1,hi-roman
abe swarthi yaar,1,hi-roman
oye swarthi,1,hi-roman
oye swarthi hai,1,hi-roman
oye swarthi ho,1,hi-roman
oye swarthi tha,1,hi-roman
oye swarthi hain,1,hi-roman
oye swarthi aadmi,1,hi-roman
oye swarthi insaan,1,hi-roman
oye swarthi saale,1,hi-roman
oye swarthi kutte,1,hi-roman
oye swarthi yaar,1,hi-roman
are swarthi,1,hi-roman
are swarthi hai,1,hi-roman
are swarthi ho,1,hi-roman
are swarthi tha,1,hi-roman
are swarthi hain,1,hi-roman
are swarthi aadmi,1,hi-roman
are swarthi insaan,1,hi-roman
are swarthi saale,1,hi-roman
are swarthi kutte,1,hi-roman
are swarthi yaar,1,hi-roman
sun swarthi,1,hi-roman
sun swarthi hai,1,hi-roman
sun swarthi ho,1,hi-roman
sun swarthi tha,1,hi-roman
sun swarthi hain,1,hi-roman
sun swarthi aadmi,1,hi-roman
sun swarthi insaan,1,hi-roman
sun swarthi saale,1,hi-roman
sun swarthi kutte,1,hi-roman
sun swarthi yaar,1,hi-roman
dekh swarthi,1,hi-roman
dekh swarthi hai,1,hi-roman
dekh swarthi ho,1,hi-roman
dekh swarthi tha,1,hi-roman
dekh swarthi hain,1,hi-roman
dekh swarthi aadmi,1,hi-roman
dekh swarthi insaan,1,hi-roman
dekh swarthi saale,1,hi-roman
dekh swarthi kutte,1,hi-roman
dekh swarthi yaar,1,hi-roman
lalchi,1,hi-roman
lalchi hai,1,hi-roman
lalchi ho,1,hi-roman
lalchi tha,1,hi-roman
lalchi hain,1,hi-roman
lalchi aadmi,1,hi-roman
lalchi insaan,1,hi-roman
lalchi saale,1,hi-roman
lalchi kutte,1,hi-roman
lalchi yaar,1,hi-roman
tu lalchi,1,hi-roman
tu lalchi hai,1,hi-roman
tu lalchi ho,1,hi-roman
tu lalchi tha,1,hi-roman
tu lalchi hain,1,hi-roman
tu lalchi aadmi,1,hi-roman
tu lalchi insaan,1,hi-roman
tu lalchi saale,1,hi-roman
tu lalchi kutte,1,hi-roman
tu lalchi yaar,1,hi-roman
tum lalchi,1,hi-roman
tum lalchi hai,1,hi-roman
tum lalchi ho,1,hi-roman
tum lalchi tha,1,hi-roman
tum lalchi hain,1,hi-roman
tum lalchi aadmi,1,hi-roman
tum lalchi insaan,1,hi-roman
tum lalchi saale,1,hi-roman
tum lalchi kutte,1,hi-roman
tum lalchi yaar,1,hi-roman
abe lalchi,1,hi-roman
abe lalchi hai,1,hi-roman
abe lalchi ho,1,hi-roman
abe lalchi tha,1,hi-roman
abe lalchi hain,1,hi-roman
abe lalchi aadmi,1,hi-roman
abe lalchi insaan,1,hi-roman
abe lalchi saale,1,hi-roman
abe lalchi kutte,1,hi-roman
abe lalchi yaar,1,hi-roman
oye lalchi,1,hi-roman
oye lalchi hai,1,hi-roman
oye lalchi ho,1,hi-roman
oye lalchi tha,1,hi-roman
oye lalchi hain,1,hi-roman
oye lalchi aadmi,1,hi-roman
oye lalchi insaan,1,hi-roman
oye lalchi saale,1,hi-roman
oye lalchi kutte,1,hi-roman
oye lalchi yaar,1,hi-roman
are lalchi,1,hi-roman
are lalchi hai,1,hi-roman
are lalchi ho,1,hi-roman
are lalchi tha,1,hi-roman
are lalchi hain,1,hi-roman
are lalchi aadmi,1,hi-roman
are lalchi insaan,1,hi-roman
are lalchi saale,1,hi-roman
are lalchi kutte,1,hi-roman
are lalchi yaar,1,hi-roman
sun lalchi,1,hi-roman
sun lalchi hai,1,hi-roman
sun lalchi ho,1,hi-roman
sun lalchi tha,1,hi-roman
sun lalchi hain,1,hi-roman
sun lalchi aadmi,1,hi-roman
sun lalchi insaan,1,hi-roman
sun lalchi saale,1,hi-roman
sun lalchi kutte,1,hi-roman
sun lalchi yaar,1,hi-roman
dekh lalchi,1,hi-roman
dekh lalchi hai,1,hi-roman
dekh lalchi ho,1,hi-roman
dekh lalchi tha,1,hi-roman
dekh lalchi hain,1,hi-roman
dekh lalchi aadmi,1,hi-roman
dekh lalchi insaan,1,hi-roman
dekh lalchi saale,1,hi-roman
dekh lalchi kutte,1,hi-roman
dekh lalchi yaar,1,hi-roman
ghamandi,1,hi-roman
ghamandi hai,1,hi-roman
ghamandi ho,1,hi-roman
ghamandi tha,1,hi-roman
ghamandi hain,1,hi-roman
ghamandi aadmi,1,hi-roman
ghamandi insaan,1,hi-roman
ghamandi saale,1,hi-roman
ghamandi kutte,1,hi-roman
ghamandi yaar,1,hi-roman
tu ghamandi,1,hi-roman
tu ghamandi hai,1,hi-roman
tu ghamandi ho,1,hi-roman
tu ghamandi tha,1,hi-roman
tu ghamandi hain,1,hi-roman
tu ghamandi aadmi,1,hi-roman
tu ghamandi insaan,1,hi-roman
tu ghamandi saale,1,hi-roman
tu ghamandi kutte,1,hi-roman
tu ghamandi yaar,1,hi-roman
tum ghamandi,1,hi-roman
tum ghamandi hai,1,hi-roman
tum ghamandi ho,1,hi-roman
tum ghamandi tha,1,hi-roman
tum ghamandi hain,1,hi-roman
tum ghamandi aadmi,1,hi-roman
tum ghamandi insaan,1,hi-roman
tum ghamandi saale,1,hi-roman
tum ghamandi kutte,1,hi-roman
tum ghamandi yaar,1,hi-roman
abe ghamandi,1,hi-roman
abe ghamandi hai,1,hi-roman
abe ghamandi ho,1,hi-roman
abe ghamandi tha,1,hi-roman
abe ghamandi hain,1,hi-roman
abe ghamandi aadmi,1,hi-roman
abe ghamandi insaan,1,hi-roman
abe ghamandi saale,1,hi-roman
abe ghamandi kutte,1,hi-roman
abe ghamandi yaar,1,hi-roman
oye ghamandi,1,hi-roman
oye ghamandi hai,1,hi-roman
oye ghamandi ho,1,hi-roman
oye ghamandi tha,1,hi-roman
oye ghamandi hain,1,hi-roman
oye ghamandi aadmi,1,hi-roman
oye ghamandi insaan,1,hi-roman
oye ghamandi saale,1,hi-roman
oye ghamandi kutte,1,hi-roman
oye ghamandi yaar,1,hi-roman
are ghamandi,1,hi-roman
are ghamandi hai,1,hi-roman
are ghamandi ho,1,hi-roman
are ghamandi tha,1,hi-roman
are ghamandi hain,1,hi-roman
are ghamandi aadmi,1,hi-roman
are ghamandi insaan,1,hi-roman
are ghamandi saale,1,hi-roman
are ghamandi kutte,1,hi-roman
are ghamandi yaar,1,hi-roman
sun ghamandi,1,hi-roman
sun ghamandi hai,1,hi-roman
sun ghamandi ho,1,hi-roman
sun ghamandi tha,1,hi-roman
sun ghamandi hain,1,hi-roman
sun ghamandi aadmi,1,hi-roman
sun ghamandi insaan,1,hi-roman
sun ghamandi saale,1,hi-roman
sun ghamandi kutte,1,hi-roman
sun ghamandi yaar,1,hi-roman
dekh ghamandi,1,hi-roman
dekh ghamandi hai,1,hi-roman
dekh ghamandi ho,1,hi-roman
dekh ghamandi tha,1,hi-roman
dekh ghamandi hain,1,hi-roman
dekh ghamandi aadmi,1,hi-roman
dekh ghamandi insaan,1,hi-roman
dekh ghamandi saale,1,hi-roman
dekh ghamandi kutte,1,hi-roman
dekh ghamandi yaar,1,hi-roman
akaddu,1,hi-roman
akaddu hai,1,hi-roman
akaddu ho,1,hi-roman
akaddu tha,1,hi-roman
akaddu hain,1,hi-roman
akaddu aadmi,1,hi-roman
akaddu insaan,1,hi-roman
akaddu saale,1,hi-roman
akaddu kutte,1,hi-roman
akaddu yaar,1,hi-roman
tu akaddu,1,hi-roman
tu akaddu hai,1,hi-roman
tu akaddu ho,1,hi-roman
tu akaddu tha,1,hi-roman
tu akaddu hain,1,hi-roman
tu akaddu aadmi,1,hi-roman
tu akaddu insaan,1,hi-roman
tu akaddu saale,1,hi-roman
tu akaddu kutte,1,hi-roman
tu akaddu yaar,1,hi-roman
tum akaddu,1,hi-roman
tum akaddu hai,1,hi-roman
tum akaddu ho,1,hi-roman
tum akaddu tha,1,hi-roman
tum akaddu hain,1,hi-roman
tum akaddu aadmi,1,hi-roman
tum akaddu insaan,1,hi-roman
tum akaddu saale,1,hi-roman
tum akaddu kutte,1,hi-roman
tum akaddu yaar,1,hi-roman
abe akaddu,1,hi-roman
abe akaddu hai,1,hi-roman
abe akaddu ho,1,hi-roman
abe akaddu tha,1,hi-roman
abe akaddu hain,1,hi-roman
abe akaddu aadmi,1,hi-roman
abe akaddu insaan,1,hi-roman
abe akaddu saale,1,hi-roman
abe akaddu kutte,1,hi-roman
abe akaddu yaar,1,hi-roman
oye akaddu,1,hi-roman
oye akaddu hai,1,hi-roman
oye akaddu ho,1,hi-roman
oye akaddu tha,1,hi-roman
oye akaddu hain,1,hi-roman
oye akaddu aadmi,1,hi-roman
oye akaddu insaan,1,hi-roman
oye akaddu saale,1,hi-roman
oye akaddu kutte,1,hi-roman
oye akaddu yaar,1,hi-roman
are akaddu,1,hi-roman
are akaddu hai,1,hi-roman
are akaddu ho,1,hi-roman
are akaddu tha,1,hi-roman
are akaddu hain,1,hi-roman
are akaddu aadmi,1,hi-roman
are akaddu insaan,1,hi-roman
are akaddu saale,1,hi-roman
are akaddu kutte,1,hi-roman
are akaddu yaar,1,hi-roman
sun akaddu,1,hi-roman
sun akaddu hai,1,hi-roman
sun akaddu ho,1,hi-roman
sun akaddu tha,1,hi-roman
sun akaddu hain,1,hi-roman
sun akaddu aadmi,1,hi-roman
sun akaddu insaan,1,hi-roman
sun akaddu saale,1,hi-roman
sun akaddu kutte,1,hi-roman
sun akaddu yaar,1,hi-roman
dekh akaddu,1,hi-roman
dekh akaddu hai,1,hi-roman
dekh akaddu ho,1,hi-roman
dekh akaddu tha,1,hi-roman
dekh akaddu hain,1,hi-roman
dekh akaddu aadmi,1,hi-roman
dekh akaddu insaan,1,hi-roman
dekh akaddu saale,1,hi-roman
dekh akaddu kutte,1,hi-roman
dekh akaddu yaar,1,hi-roman
akadbaaz,1,hi-roman
akadbaaz hai,1,hi-roman
akadbaaz ho,1,hi-roman
akadbaaz tha,1,hi-roman
akadbaaz hain,1,hi-roman
akadbaaz aadmi,1,hi-roman
akadbaaz insaan,1,hi-roman
akadbaaz saale,1,hi-roman
akadbaaz kutte,1,hi-roman
akadbaaz yaar,1,hi-roman
tu akadbaaz,1,hi-roman
tu akadbaaz hai,1,hi-roman
tu akadbaaz ho,1,hi-roman
tu akadbaaz tha,1,hi-roman
tu akadbaaz hain,1,hi-roman
tu akadbaaz aadmi,1,hi-roman
tu akadbaaz insaan,1,hi-roman
tu akadbaaz saale,1,hi-roman
tu akadbaaz kutte,1,hi-roman
tu akadbaaz yaar,1,hi-roman
tum akadbaaz,1,hi-roman
tum akadbaaz hai,1,hi-roman
tum akadbaaz ho,1,hi-roman
tum akadbaaz tha,1,hi-roman
tum akadbaaz hain,1,hi-roman
tum akadbaaz aadmi,1,hi-roman
tum akadbaaz insaan,1,hi-roman
tum akadbaaz saale,1,hi-roman
tum akadbaaz kutte,1,hi-roman
tum akadbaaz yaar,1,hi-roman
abe akadbaaz,1,hi-roman
abe akadbaaz hai,1,hi-roman
abe akadbaaz ho,1,hi-roman
abe akadbaaz tha,1,hi-roman
abe akadbaaz hain,1,hi-roman
abe akadbaaz aadmi,1,hi-roman
abe akadbaaz insaan,1,hi-roman
abe akadbaaz saale,1,hi-roman
abe akadbaaz kutte,1,hi-roman
abe akadbaaz yaar,1,hi-roman
oye akadbaaz,1,hi-roman
oye akadbaaz hai,1,hi-roman
oye akadbaaz ho,1,hi-roman
oye akadbaaz tha,1,hi-roman
oye akadbaaz hain,1,hi-roman
oye akadbaaz aadmi,1,hi-roman
oye akadbaaz insaan,1,hi-roman
oye akadbaaz saale,1,hi-roman
oye akadbaaz kutte,1,hi-roman
oye akadbaaz yaar,1,hi-roman
are akadbaaz,1,hi-roman
are akadbaaz hai,1,hi-roman
are akadbaaz ho,1,hi-roman
are akadbaaz tha,1,hi-roman
are akadbaaz hain,1,hi-roman
are akadbaaz aadmi,1,hi-roman
are akadbaaz insaan,1,hi-roman
are akadbaaz saale,1,hi-roman
are akadbaaz kutte,1,hi-roman
are akadbaaz yaar,1,hi-roman
sun akadbaaz,1,hi-roman
sun akadbaaz hai,1,hi-roman
sun akadbaaz ho,1,hi-roman
sun akadbaaz tha,1,hi-roman
sun akadbaaz hain,1,hi-roman
sun akadbaaz aadmi,1,hi-roman
sun akadbaaz insaan,1,hi-roman
sun akadbaaz saale,1,hi-roman
sun akadbaaz kutte,1,hi-roman
sun akadbaaz yaar,1,hi-roman
dekh akadbaaz,1,hi-roman
dekh akadbaaz hai,1,hi-roman
dekh akadbaaz ho,1,hi-roman
dekh akadbaaz tha,1,hi-roman
dekh akadbaaz hain,1,hi-roman
dekh akadbaaz aadmi,1,hi-roman
dekh akadbaaz insaan,1,hi-roman
dekh akadbaaz saale,1,hi-roman
dekh akadbaaz kutte,1,hi-roman
dekh akadbaaz yaar,1,hi-roman
dhongi,1,hi-roman
dhongi hai,1,hi-roman
dhongi ho,1,hi-roman
dhongi tha,1,hi-roman
dhongi hain,1,hi-roman
dhongi aadmi,1,hi-roman
dhongi insaan,1,hi-roman
dhongi saale,1,hi-roman
dhongi kutte,1,hi-roman
dhongi yaar,1,hi-roman
tu dhongi,1,hi-roman
tu dhongi hai,1,hi-roman
tu dhongi ho,1,hi-roman
tu dhongi tha,1,hi-roman
tu dhongi hain,1,hi-roman
tu dhongi aadmi,1,hi-roman
tu dhongi insaan,1,hi-roman
tu dhongi saale,1,hi-roman
tu dhongi kutte,1,hi-roman
tu dhongi yaar,1,hi-roman
tum dhongi,1,hi-roman
tum dhongi hai,1,hi-roman
tum dhongi ho,1,hi-roman
tum dhongi tha,1,hi-roman
tum dhongi hain,1,hi-roman
tum dhongi aadmi,1,hi-roman
tum dhongi insaan,1,hi-roman
tum dhongi saale,1,hi-roman
tum dhongi kutte,1,hi-roman
tum dhongi yaar,1,hi-roman
abe dhongi,1,hi-roman
abe dhongi hai,1,hi-roman
abe dhongi ho,1,hi-roman
abe dhongi tha,1,hi-roman
abe dhongi hain,1,hi-roman
abe dhongi aadmi,1,hi-roman
abe dhongi insaan,1,hi-roman
abe dhongi saale,1,hi-roman
abe dhongi kutte,1,hi-roman
abe dhongi yaar,1,hi-roman
oye dhongi,1,hi-roman
oye dhongi hai,1,hi-roman
oye dhongi ho,1,hi-roman
oye dhongi tha,1,hi-roman
oye dhongi hain,1,hi-roman
oye dhongi aadmi,1,hi-roman
oye dhongi insaan,1,hi-roman
oye dhongi saale,1,hi-roman
oye dhongi kutte,1,hi-roman
oye dhongi yaar,1,hi-roman
are dhongi,1,hi-roman
are dhongi hai,1,hi-roman
are dhongi ho,1,hi-roman
are dhongi tha,1,hi-roman
are dhongi hain,1,hi-roman
are dhongi aadmi,1,hi-roman
are dhongi insaan,1,hi-roman
are dhongi saale,1,hi-roman
are dhongi kutte,1,hi-roman
are dhongi yaar,1,hi-roman
sun dhongi,1,hi-roman
sun dhongi hai,1,hi-roman
sun dhongi ho,1,hi-roman
sun dhongi tha,1,hi-roman
sun dhongi hain,1,hi-roman
sun dhongi aadmi,1,hi-roman
sun dhongi insaan,1,hi-roman
sun dhongi saale,1,hi-roman
sun dhongi kutte,1,hi-roman
sun dhongi yaar,1,hi-roman
dekh dhongi,1,hi-roman
dekh dhongi hai,1,hi-roman
dekh dhongi ho,1,hi-roman
dekh dhongi tha,1,hi-roman
dekh dhongi hain,1,hi-roman
dekh dhongi aadmi,1,hi-roman
dekh dhongi insaan,1,hi-roman
dekh dhongi saale,1,hi-roman
dekh dhongi kutte,1,hi-roman
dekh dhongi yaar,1,hi-roman
pakhandi,1,hi-roman
pakhandi hai,1,hi-roman
pakhandi ho,1,hi-roman
pakhandi tha,1,hi-roman
pakhandi hain,1,hi-roman
pakhandi aadmi,1,hi-roman
pakhandi insaan,1,hi-roman
pakhandi saale,1,hi-roman
pakhandi kutte,1,hi-roman
pakhandi yaar,1,hi-roman
tu pakhandi,1,hi-roman
tu pakhandi hai,1,hi-roman
tu pakhandi ho,1,hi-roman
tu pakhandi tha,1,hi-roman
tu pakhandi hain,1,hi-roman
tu pakhandi aadmi,1,hi-roman
tu pakhandi insaan,1,hi-roman
tu pakhandi saale,1,hi-roman
tu pakhandi kutte,1,hi-roman
tu pakhandi yaar,1,hi-roman
tum pakhandi,1,hi-roman
tum pakhandi hai,1,hi-roman
tum pakhandi ho,1,hi-roman
tum pakhandi tha,1,hi-roman
tum pakhandi hain,1,hi-roman
tum pakhandi aadmi,1,hi-roman
tum pakhandi insaan,1,hi-roman
tum pakhandi saale,1,hi-roman
tum pakhandi kutte,1,hi-roman
tum pakhandi yaar,1,hi-roman
abe pakhandi,1,hi-roman
abe pakhandi hai,1,hi-roman
abe pakhandi ho,1,hi-roman
abe pakhandi tha,1,hi-roman
abe pakhandi hain,1,hi-roman
abe pakhandi aadmi,1,hi-roman
abe pakhandi insaan,1,hi-roman
abe pakhandi saale,1,hi-roman
abe pakhandi kutte,1,hi-roman
abe pakhandi yaar,1,hi-roman
oye pakhandi,1,hi-roman
oye pakhandi hai,1,hi-roman
oye pakhandi ho,1,hi-roman
oye pakhandi tha,1,hi-roman
oye pakhandi hain,1,hi-roman
oye pakhandi aadmi,1,hi-roman
oye pakhandi insaan,1,hi-roman
oye pakhandi saale,1,hi-roman
oye pakhandi kutte,1,hi-roman
oye pakhandi yaar,1,hi-roman
are pakhandi,1,hi-roman
are pakhandi hai,1,hi-roman
are pakhandi ho,1,hi-roman
are pakhandi tha,1,hi-roman
are pakhandi hain,1,hi-roman
are pakhandi aadmi,1,hi-roman
are pakhandi insaan,1,hi-roman
are pakhandi saale,1,hi-roman
are pakhandi kutte,1,hi-roman
are pakhandi yaar,1,hi-roman
sun pakhandi,1,hi-roman
sun pakhandi hai,1,hi-roman
sun pakhandi ho,1,hi-roman
sun pakhandi tha,1,hi-roman
sun pakhandi hain,1,hi-roman
sun pakhandi aadmi,1,hi-roman
sun pakhandi insaan,1,hi-roman
sun pakhandi saale,1,hi-roman
sun pakhandi kutte,1,hi-roman
sun pakhandi yaar,1,hi-roman
dekh pakhandi,1,hi-roman
dekh pakhandi hai,1,hi-roman
dekh pakhandi ho,1,hi-roman
dekh pakhandi tha,1,hi-roman
dekh pakhandi hain,1,hi-roman
dekh pakhandi aadmi,1,hi-roman
dekh pakhandi insaan,1,hi-roman
dekh pakhandi saale,1,hi-roman
dekh pakhandi kutte,1,hi-roman
dekh pakhandi yaar,1,hi-roman
dhurt,1,hi-roman
dhurt hai,1,hi-roman
dhurt ho,1,hi-roman
dhurt tha,1,hi-roman
dhurt hain,1,hi-roman
dhurt aadmi,1,hi-roman
dhurt insaan,1,hi-roman
dhurt saale,1,hi-roman
dhurt kutte,1,hi-roman
dhurt yaar,1,hi-roman
tu dhurt,1,hi-roman
tu dhurt hai,1,hi-roman
tu dhurt ho,1,hi-roman
tu dhurt tha,1,hi-roman
tu dhurt hain,1,hi-roman
tu dhurt aadmi,1,hi-roman
tu dhurt insaan,1,hi-roman
tu dhurt saale,1,hi-roman
tu dhurt kutte,1,hi-roman
tu dhurt yaar,1,hi-roman
tum dhurt,1,hi-roman
tum dhurt hai,1,hi-roman
tum dhurt ho,1,hi-roman
tum dhurt tha,1,hi-roman
tum dhurt hain,1,hi-roman
tum dhurt aadmi,1,hi-roman
tum dhurt insaan,1,hi-roman
tum dhurt saale,1,hi-roman
tum dhurt kutte,1,hi-roman
tum dhurt yaar,1,hi-roman
abe dhurt,1,hi-roman
abe dhurt hai,1,hi-roman
abe dhurt ho,1,hi-roman
abe dhurt tha,1,hi-roman
abe dhurt hain,1,hi-roman
abe dhurt aadmi,1,hi-roman
abe dhurt insaan,1,hi-roman
abe dhurt saale,1,hi-roman
abe dhurt kutte,1,hi-roman
abe dhurt yaar,1,hi-roman
oye dhurt,1,hi-roman
oye dhurt hai,1,hi-roman
oye dhurt ho,1,hi-roman
oye dhurt tha,1,hi-roman
oye dhurt hain,1,hi-roman
oye dhurt aadmi,1,hi-roman
oye dhurt insaan,1,hi-roman
oye dhurt saale,1,hi-roman
oye dhurt kutte,1,hi-roman
oye dhurt yaar,1,hi-roman
are dhurt,1,hi-roman
are dhurt hai,1,hi-roman
are dhurt ho,1,hi-roman
are dhurt tha,1,hi-roman
are dhurt hain,1,hi-roman
are dhurt aadmi,1,hi-roman
are dhurt insaan,1,hi-roman
are dhurt saale,1,hi-roman
are dhurt kutte,1,hi-roman
are dhurt yaar,1,hi-roman
sun dhurt,1,hi-roman
sun dhurt hai,1,hi-roman
sun dhurt ho,1,hi-roman
sun dhurt tha,1,hi-roman
sun dhurt hain,1,hi-roman
sun dhurt aadmi,1,hi-roman
sun dhurt insaan,1,hi-roman
sun dhurt saale,1,hi-roman
sun dhurt kutte,1,hi-roman
sun dhurt yaar,1,hi-roman
dekh dhurt,1,hi-roman
dekh dhurt hai,1,hi-roman
dekh dhurt ho,1,hi-roman
dekh dhurt tha,1,hi-roman
dekh dhurt hain,1,hi-roman
dekh dhurt aadmi,1,hi-roman
dekh dhurt insaan,1,hi-roman
dekh dhurt saale,1,hi-roman
dekh dhurt kutte,1,hi-roman
dekh dhurt yaar,1,hi-roman
chalbaaz,1,hi-roman
chalbaaz hai,1,hi-roman
chalbaaz ho,1,hi-roman
chalbaaz tha,1,hi-roman
chalbaaz hain,1,hi-roman
chalbaaz aadmi,1,hi-roman
chalbaaz insaan,1,hi-roman
chalbaaz saale,1,hi-roman
chalbaaz kutte,1,hi-roman
chalbaaz yaar,1,hi-roman
tu chalbaaz,1,hi-roman
tu chalbaaz hai,1,hi-roman
tu chalbaaz ho,1,hi-roman
tu chalbaaz tha,1,hi-roman
tu chalbaaz hain,1,hi-roman
tu chalbaaz aadmi,1,hi-roman
tu chalbaaz insaan,1,hi-roman
tu chalbaaz saale,1,hi-roman
tu chalbaaz kutte,1,hi-roman
tu chalbaaz yaar,1,hi-roman
tum chalbaaz,1,hi-roman
tum chalbaaz hai,1,hi-roman
tum chalbaaz ho,1,hi-roman
tum chalbaaz tha,1,hi-roman
tum chalbaaz hain,1,hi-roman
tum chalbaaz aadmi,1,hi-roman
tum chalbaaz insaan,1,hi-roman
tum chalbaaz saale,1,hi-roman
tum chalbaaz kutte,1,hi-roman
tum chalbaaz yaar,1,hi-roman
abe chalbaaz,1,hi-roman
abe chalbaaz hai,1,hi-roman
abe chalbaaz ho,1,hi-roman
abe chalbaaz tha,1,hi-roman
abe chalbaaz hain,1,hi-roman
abe chalbaaz aadmi,1,hi-roman
abe chalbaaz insaan,1,hi-roman
abe chalbaaz saale,1,hi-roman
abe chalbaaz kutte,1,hi-roman
abe chalbaaz yaar,1,hi-roman
oye chalbaaz,1,hi-roman
oye chalbaaz hai,1,hi-roman
oye chalbaaz ho,1,hi-roman
oye chalbaaz tha,1,hi-roman
oye chalbaaz hain,1,hi-roman
oye chalbaaz aadmi,1,hi-roman
oye chalbaaz insaan,1,hi-roman
oye chalbaaz saale,1,hi-roman
oye chalbaaz kutte,1,hi-roman
oye chalbaaz yaar,1,hi-roman
are chalbaaz,1,hi-roman
are chalbaaz hai,1,hi-roman
are chalbaaz ho,1,hi-roman
are chalbaaz tha,1,hi-roman
are chalbaaz hain,1,hi-roman
are chalbaaz aadmi,1,hi-roman
are chalbaaz insaan,1,hi-roman
are chalbaaz saale,1,hi-roman
are chalbaaz kutte,1,hi-roman
are chalbaaz yaar,1,hi-roman
sun chalbaaz,1,hi-roman
sun chalbaaz hai,1,hi-roman
sun chalbaaz ho,1,hi-roman
sun chalbaaz tha,1,hi-roman
sun chalbaaz hain,1,hi-roman
sun chalbaaz aadmi,1,hi-roman
sun chalbaaz insaan,1,hi-roman
sun chalbaaz saale,1,hi-roman
sun chalbaaz kutte,1,hi-roman
sun chalbaaz yaar,1,hi-roman
dekh chalbaaz,1,hi-roman
dekh chalbaaz hai,1,hi-roman
dekh chalbaaz ho,1,hi-roman
dekh chalbaaz tha,1,hi-roman
dekh chalbaaz hain,1,hi-roman
dekh chalbaaz aadmi,1,hi-roman
dekh chalbaaz insaan,1,hi-roman
dekh chalbaaz saale,1,hi-roman
dekh chalbaaz kutte,1,hi-roman
dekh chalbaaz yaar,1,hi-roman
fattu,1,hi-roman
fattu hai,1,hi-roman
fattu ho,1,hi-roman
fattu tha,1,hi-roman
fattu hain,1,hi-roman
fattu aadmi,1,hi-roman
fattu insaan,1,hi-roman
fattu saale,1,hi-roman
fattu kutte,1,hi-roman
fattu yaar,1,hi-roman
tu fattu,1,hi-roman
tu fattu hai,1,hi-roman
tu fattu ho,1,hi-roman
tu fattu tha,1,hi-roman
tu fattu hain,1,hi-roman
tu fattu aadmi,1,hi-roman
tu fattu insaan,1,hi-roman
tu fattu saale,1,hi-roman
tu fattu kutte,1,hi-roman
tu fattu yaar,1,hi-roman
tum fattu,1,hi-roman
tum fattu hai,1,hi-roman
tum fattu ho,1,hi-roman
tum fattu tha,1,hi-roman
tum fattu hain,1,hi-roman
tum fattu aadmi,1,hi-roman
tum fattu insaan,1,hi-roman
tum fattu saale,1,hi-roman
tum fattu kutte,1,hi-roman
tum fattu yaar,1,hi-roman
abe fattu,1,hi-roman
abe fattu hai,1,hi-roman
abe fattu ho,1,hi-roman
abe fattu tha,1,hi-roman
abe fattu hain,1,hi-roman
abe fattu aadmi,1,hi-roman
abe fattu insaan,1,hi-roman
abe fattu saale,1,hi-roman
abe fattu kutte,1,hi-roman
abe fattu yaar,1,hi-roman
oye fattu,1,hi-roman
oye fattu hai,1,hi-roman
oye fattu ho,1,hi-roman
oye fattu tha,1,hi-roman
oye fattu hain,1,hi-roman
oye fattu aadmi,1,hi-roman
oye fattu insaan,1,hi-roman
oye fattu saale,1,hi-roman
oye fattu kutte,1,hi-roman
oye fattu yaar,1,hi-roman
are fattu,1,hi-roman
are fattu hai,1,hi-roman
are fattu ho,1,hi-roman
are fattu tha,1,hi-roman
are fattu hain,1,hi-roman
are fattu aadmi,1,hi-roman
are fattu insaan,1,hi-roman
are fattu saale,1,hi-roman
are fattu kutte,1,hi-roman
are fattu yaar,1,hi-roman
sun fattu,1,hi-roman
sun fattu hai,1,hi-roman
sun fattu ho,1,hi-roman
sun fattu tha,1,hi-roman
sun fattu hain,1,hi-roman
sun fattu aadmi,1,hi-roman
sun fattu insaan,1,hi-roman
sun fattu saale,1,hi-roman
sun fattu kutte,1,hi-roman
sun fattu yaar,1,hi-roman
dekh fattu,1,hi-roman
dekh fattu hai,1,hi-roman
dekh fattu ho,1,hi-roman
dekh fattu tha,1,hi-roman
dekh fattu hain,1,hi-roman
dekh fattu aadmi,1,hi-roman
dekh fattu insaan,1,hi-roman
dekh fattu saale,1,hi-roman
dekh fattu kutte,1,hi-roman
dekh fattu yaar,1,hi-roman
bekaar,1,hi-roman
bekaar hai,1,hi-roman
bekaar ho,1,hi-roman
bekaar tha,1,hi-roman
bekaar hain,1,hi-roman
bekaar aadmi,1,hi-roman
bekaar insaan,1,hi-roman
bekaar saale,1,hi-roman
bekaar kutte,1,hi-roman
bekaar yaar,1,hi-roman
tu bekaar,1,hi-roman
tu bekaar hai,1,hi-roman
tu bekaar ho,1,hi-roman
tu bekaar tha,1,hi-roman
tu bekaar hain,1,hi-roman
tu bekaar aadmi,1,hi-roman
tu bekaar insaan,1,hi-roman
tu bekaar saale,1,hi-roman
tu bekaar kutte,1,hi-roman
tu bekaar yaar,1,hi-roman
tum bekaar,1,hi-roman
tum bekaar hai,1,hi-roman
tum bekaar ho,1,hi-roman
tum bekaar tha,1,hi-roman
tum bekaar hain,1,hi-roman
tum bekaar aadmi,1,hi-roman
tum bekaar insaan,1,hi-roman
tum bekaar saale,1,hi-roman
tum bekaar kutte,1,hi-roman
tum bekaar yaar,1,hi-roman
abe bekaar,1,hi-roman
abe bekaar hai,1,hi-roman
abe bekaar ho,1,hi-roman
abe bekaar tha,1,hi-roman
abe bekaar hain,1,hi-roman
abe bekaar aadmi,1,hi-roman
abe bekaar insaan,1,hi-roman
abe bekaar saale,1,hi-roman
abe bekaar kutte,1,hi-roman
abe bekaar yaar,1,hi-roman
oye bekaar,1,hi-roman
oye bekaar hai,1,hi-roman
oye bekaar ho,1,hi-roman
oye bekaar tha,1,hi-roman
oye bekaar hain,1,hi-roman
oye bekaar aadmi,1,hi-roman
oye bekaar insaan,1,hi-roman
oye bekaar saale,1,hi-roman
oye bekaar kutte,1,hi-roman
oye bekaar yaar,1,hi-roman
are bekaar,1,hi-roman
are bekaar hai,1,hi-roman
are bekaar ho,1,hi-roman
are bekaar tha,1,hi-roman
are bekaar hain,1,hi-roman
are bekaar aadmi,1,hi-roman
are bekaar insaan,1,hi-roman
are bekaar saale,1,hi-roman
are bekaar kutte,1,hi-roman
are bekaar yaar,1,hi-roman
sun bekaar,1,hi-roman
sun bekaar hai,1,hi-roman
sun bekaar ho,1,hi-roman
sun bekaar tha,1,hi-roman
sun bekaar hain,1,hi-roman
sun bekaar aadmi,1,hi-roman
sun bekaar insaan,1,hi-roman
sun bekaar saale,1,hi-roman
sun bekaar kutte,1,hi-roman
sun bekaar yaar,1,hi-roman
dekh bekaar,1,hi-roman
dekh bekaar hai,1,hi-roman
dekh bekaar ho,1,hi-roman
dekh bekaar tha,1,hi-roman
dekh bekaar hain,1,hi-roman
dekh bekaar aadmi,1,hi-roman
dekh bekaar insaan,1,hi-roman
dekh bekaar saale,1,hi-roman
dekh bekaar kutte,1,hi-roman
dekh bekaar yaar,1,hi-roman
bekaar aadmi hai,1,hi-roman
bekaar aadmi ho,1,hi-roman
bekaar aadmi tha,1,hi-roman
bekaar aadmi hain,1,hi-roman
bekaar aadmi aadmi,1,hi-roman
bekaar aadmi insaan,1,hi-roman
bekaar aadmi saale,1,hi-roman
bekaar aadmi kutte,1,hi-roman
bekaar aadmi yaar,1,hi-roman
tu bekaar aadmi hai,1,hi-roman
tu bekaar aadmi ho,1,hi-roman
tu bekaar aadmi tha,1,hi-roman
tu bekaar aadmi hain,1,hi-roman
tu bekaar aadmi aadmi,1,hi-roman
tu bekaar aadmi insaan,1,hi-roman
tu bekaar aadmi saale,1,hi-roman
tu bekaar aadmi kutte,1,hi-roman
tu bekaar aadmi yaar,1,hi-roman
tum bekaar aadmi hai,1,hi-roman
tum bekaar aadmi ho,1,hi-roman
tum bekaar aadmi tha,1,hi-roman
tum bekaar aadmi hain,1,hi-roman
tum bekaar aadmi aadmi,1,hi-roman
tum bekaar aadmi insaan,1,hi-roman
tum bekaar aadmi saale,1,hi-roman
tum bekaar aadmi kutte,1,hi-roman
tum bekaar aadmi yaar,1,hi-roman
abe bekaar aadmi hai,1,hi-roman
abe bekaar aadmi ho,1,hi-roman
abe bekaar aadmi tha,1,hi-roman
abe bekaar aadmi hain,1,hi-roman
abe bekaar aadmi aadmi,1,hi-roman
abe bekaar aadmi insaan,1,hi-roman
abe bekaar aadmi saale,1,hi-roman
abe bekaar aadmi kutte,1,hi-roman
abe bekaar aadmi yaar,1,hi-roman
oye bekaar aadmi hai,1,hi-roman
oye bekaar aadmi ho,1,hi-roman
oye bekaar aadmi tha,1,hi-roman
oye bekaar aadmi hain,1,hi-roman
oye bekaar aadmi aadmi,1,hi-roman
oye bekaar aadmi insaan,1,hi-roman
oye bekaar aadmi saale,1,hi-roman
oye bekaar aadmi kutte,1,hi-roman
oye bekaar aadmi yaar,1,hi-roman
are bekaar aadmi hai,1,hi-roman
are bekaar aadmi ho,1,hi-roman
are bekaar aadmi tha,1,hi-roman
are bekaar aadmi hain,1,hi-roman
are bekaar aadmi aadmi,1,hi-roman
are bekaar aadmi insaan,1,hi-roman
are bekaar aadmi saale,1,hi-roman
are bekaar aadmi kutte,1,hi-roman
are bekaar aadmi yaar,1,hi-roman
sun bekaar aadmi hai,1,hi-roman
sun bekaar aadmi ho,1,hi-roman
sun bekaar aadmi tha,1,hi-roman
sun bekaar aadmi hain,1,hi-roman
sun bekaar aadmi aadmi,1,hi-roman
sun bekaar aadmi insaan,1,hi-roman
sun bekaar aadmi saale,1,hi-roman
sun bekaar aadmi kutte,1,hi-roman
sun bekaar aadmi yaar,1,hi-roman
dekh bekaar aadmi hai,1,hi-roman
dekh bekaar aadmi ho,1,hi-roman
dekh bekaar aadmi tha,1,hi-roman
dekh bekaar aadmi hain,1,hi-roman
dekh bekaar aadmi aadmi,1,hi-roman
dekh bekaar aadmi insaan,1,hi-roman
dekh bekaar aadmi saale,1,hi-roman
dekh bekaar aadmi kutte,1,hi-roman
dekh bekaar aadmi yaar,1,hi-roman
faltu,1,hi-roman
faltu hai,1,hi-roman
faltu ho,1,hi-roman
faltu tha,1,hi-roman
faltu hain,1,hi-roman
faltu aadmi,1,hi-roman
faltu insaan,1,hi-roman
faltu saale,1,hi-roman
faltu kutte,1,hi-roman
faltu yaar,1,hi-roman
tu faltu,1,hi-roman
tu faltu hai,1,hi-roman
tu faltu ho,1,hi-roman
tu faltu tha,1,hi-roman
tu faltu hain,1,hi-roman
tu faltu aadmi,1,hi-roman
tu faltu insaan,1,hi-roman
tu faltu saale,1,hi-roman
tu faltu kutte,1,hi-roman
tu faltu yaar,1,hi-roman
tum faltu,1,hi-roman
tum faltu hai,1,hi-roman
tum faltu ho,1,hi-roman
tum faltu tha,1,hi-roman
tum faltu hain,1,hi-roman
tum faltu aadmi,1,hi-roman
tum faltu insaan,1,hi-roman
tum faltu saale,1,hi-roman
tum faltu kutte,1,hi-roman
tum faltu yaar,1,hi-roman
abe faltu,1,hi-roman
abe faltu hai,1,hi-roman
abe faltu ho,1,hi-roman
abe faltu tha,1,hi-roman
abe faltu hain,1,hi-roman
abe faltu aadmi,1,hi-roman
abe faltu insaan,1,hi-roman
abe faltu saale,1,hi-roman
abe faltu kutte,1,hi-roman
abe faltu yaar,1,hi-roman
oye faltu,1,hi-roman
oye faltu hai,1,hi-roman
oye faltu ho,1,hi-roman
oye faltu tha,1,hi-roman
oye faltu hain,1,hi-roman
oye faltu aadmi,1,hi-roman
oye faltu insaan,1,hi-roman
oye faltu saale,1,hi-roman
oye faltu kutte,1,hi-roman
oye faltu yaar,1,hi-roman
are faltu,1,hi-roman
are faltu hai,1,hi-roman
are faltu ho,1,hi-roman
are faltu tha,1,hi-roman
are faltu hain,1,hi-roman
are faltu aadmi,1,hi-roman
are faltu insaan,1,hi-roman
are faltu saale,1,hi-roman
are faltu kutte,1,hi-roman
are faltu yaar,1,hi-roman
sun faltu,1,hi-roman
sun faltu hai,1,hi-roman
sun faltu ho,1,hi-roman
sun faltu tha,1,hi-roman
sun faltu hain,1,hi-roman
sun faltu aadmi,1,hi-roman
sun faltu insaan,1,hi-roman
sun faltu saale,1,hi-roman
sun faltu kutte,1,hi-roman
sun faltu yaar,1,hi-roman
dekh faltu,1,hi-roman
dekh faltu hai,1,hi-roman
dekh faltu ho,1,hi-roman
dekh faltu tha,1,hi-roman
dekh faltu hain,1,hi-roman
dekh faltu aadmi,1,hi-roman
dekh faltu insaan,1,hi-roman
dekh faltu saale,1,hi-roman
dekh faltu kutte,1,hi-roman
dekh faltu yaar,1,hi-roman
faltu aadmi hai,1,hi-roman
faltu aadmi ho,1,hi-roman
faltu aadmi tha,1,hi-roman
faltu aadmi hain,1,hi-roman
faltu aadmi aadmi,1,hi-roman
faltu aadmi insaan,1,hi-roman
faltu aadmi saale,1,hi-roman
faltu aadmi kutte,1,hi-roman
faltu aadmi yaar,1,hi-roman
tu faltu aadmi hai,1,hi-roman
tu faltu aadmi ho,1,hi-roman
tu faltu aadmi tha,1,hi-roman
tu faltu aadmi hain,1,hi-roman
tu faltu aadmi aadmi,1,hi-roman
tu faltu aadmi insaan,1,hi-roman
tu faltu aadmi saale,1,hi-roman
tu faltu aadmi kutte,1,hi-roman
tu faltu aadmi yaar,1,hi-roman
tum faltu aadmi hai,1,hi-roman
tum faltu aadmi ho,1,hi-roman
tum faltu aadmi tha,1,hi-roman
tum faltu aadmi hain,1,hi-roman
tum faltu aadmi aadmi,1,hi-roman
tum faltu aadmi insaan,1,hi-roman
tum faltu aadmi saale,1,hi-roman
tum faltu aadmi kutte,1,hi-roman
tum faltu aadmi yaar,1,hi-roman
abe faltu aadmi hai,1,hi-roman
abe faltu aadmi ho,1,hi-roman
abe faltu aadmi tha,1,hi-roman
abe faltu aadmi hain,1,hi-roman
abe faltu aadmi aadmi,1,hi-roman
abe faltu aadmi insaan,1,hi-roman
abe faltu aadmi saale,1,hi-roman
abe faltu aadmi kutte,1,hi-roman
abe faltu aadmi yaar,1,hi-roman
oye faltu aadmi hai,1,hi-roman
oye faltu aadmi ho,1,hi-roman
oye faltu aadmi tha,1,hi-roman
oye faltu aadmi hain,1,hi-roman
oye faltu aadmi aadmi,1,hi-roman
oye faltu aadmi insaan,1,hi-roman
oye faltu aadmi saale,1,hi-roman
oye faltu aadmi kutte,1,hi-roman
oye faltu aadmi yaar,1,hi-roman
are faltu aadmi hai,1,hi-roman
are faltu aadmi ho,1,hi-roman
are faltu aadmi tha,1,hi-roman
are faltu aadmi hain,1,hi-roman
are faltu aadmi aadmi,1,hi-roman
are faltu aadmi insaan,1,hi-roman
are faltu aadmi saale,1,hi-roman
are faltu aadmi kutte,1,hi-roman
are faltu aadmi yaar,1,hi-roman
sun faltu aadmi hai,1,hi-roman
sun faltu aadmi ho,1,hi-roman
sun faltu aadmi tha,1,hi-roman
sun faltu aadmi hain,1,hi-roman
sun faltu aadmi aadmi,1,hi-roman
sun faltu aadmi insaan,1,hi-roman
sun faltu aadmi saale,1,hi-roman
sun faltu aadmi kutte,1,hi-roman
sun faltu aadmi yaar,1,hi-roman
dekh faltu aadmi hai,1,hi-roman
dekh faltu aadmi ho,1,hi-roman
dekh faltu aadmi tha,1,hi-roman
dekh faltu aadmi hain,1,hi-roman
dekh faltu aadmi aadmi,1,hi-roman
dekh faltu aadmi insaan,1,hi-roman
dekh faltu aadmi saale,1,hi-roman
dekh faltu aadmi kutte,1,hi-roman
dekh faltu aadmi yaar,1,hi-roman
kachra,1,hi-roman
kachra hai,1,hi-roman
kachra ho,1,hi-roman
kachra tha,1,hi-roman
kachra hain,1,hi-roman
kachra aadmi,1,hi-roman
kachra insaan,1,hi-roman
kachra saale,1,hi-roman
kachra kutte,1,hi-roman
kachra yaar,1,hi-roman
tu kachra,1,hi-roman
tu kachra hai,1,hi-roman
tu kachra ho,1,hi-roman
tu kachra tha,1,hi-roman
tu kachra hain,1,hi-roman
tu kachra aadmi,1,hi-roman
tu kachra insaan,1,hi-roman
tu kachra saale,1,hi-roman
tu kachra kutte,1,hi-roman
tu kachra yaar,1,hi-roman
tum kachra,1,hi-roman
tum kachra hai,1,hi-roman
tum kachra ho,1,hi-roman
tum kachra tha,1,hi-roman
tum kachra hain,1,hi-roman
tum kachra aadmi,1,hi-roman
tum kachra insaan,1,hi-roman
tum kachra saale,1,hi-roman
tum kachra kutte,1,hi-roman
tum kachra yaar,1,hi-roman
abe kachra,1,hi-roman
abe kachra hai,1,hi-roman
abe kachra ho,1,hi-roman
abe kachra tha,1,hi-roman
abe kachra hain,1,hi-roman
abe kachra aadmi,1,hi-roman
abe kachra insaan,1,hi-roman
abe kachra saale,1,hi-roman
abe kachra kutte,1,hi-roman
abe kachra yaar,1,hi-roman
oye kachra,1,hi-roman
oye kachra hai,1,hi-roman
oye kachra ho,1,hi-roman
oye kachra tha,1,hi-roman
oye kachra hain,1,hi-roman
oye kachra aadmi,1,hi-roman
oye kachra insaan,1,hi-roman
oye kachra saale,1,hi-roman
oye kachra kutte,1,hi-roman
oye kachra yaar,1,hi-roman
are kachra,1,hi-roman
are kachra hai,1,hi-roman
are kachra ho,1,hi-roman
are kachra tha,1,hi-roman
are kachra hain,1,hi-roman
are kachra aadmi,1,hi-roman
are kachra insaan,1,hi-roman
are kachra saale,1,hi-roman
are kachra kutte,1,hi-roman
are kachra yaar,1,hi-roman
sun kachra,1,hi-roman
sun kachra hai,1,hi-roman
sun kachra ho,1,hi-roman
sun kachra tha,1,hi-roman
sun kachra hain,1,hi-roman
sun kachra aadmi,1,hi-roman
sun kachra insaan,1,hi-roman
sun kachra saale,1,hi-roman
sun kachra kutte,1,hi-roman
sun kachra yaar,1,hi-roman
dekh kachra,1,hi-roman
dekh kachra hai,1,hi-roman
dekh kachra ho,1,hi-roman
dekh kachra tha,1,hi-roman
dekh kachra hain,1,hi-roman
dekh kachra aadmi,1,hi-roman
dekh kachra insaan,1,hi-roman
dekh kachra saale,1,hi-roman
dekh kachra kutte,1,hi-roman
dekh kachra yaar,1,hi-roman
insani kachra,1,hi-roman
insani kachra hai,1,hi-roman
insani kachra ho,1,hi-roman
insani kachra tha,1,hi-roman
insani kachra hain,1,hi-roman
insani kachra aadmi,1,hi-roman
insani kachra insaan,1,hi-roman
insani kachra saale,1,hi-roman
insani kachra kutte,1,hi-roman
insani kachra yaar,1,hi-roman
tu insani kachra,1,hi-roman
tu insani kachra hai,1,hi-roman
tu insani kachra ho,1,hi-roman
tu insani kachra tha,1,hi-roman
tu insani kachra hain,1,hi-roman
tu insani kachra aadmi,1,hi-roman
tu insani kachra insaan,1,hi-roman
tu insani kachra saale,1,hi-roman
tu insani kachra kutte,1,hi-roman
tu insani kachra yaar,1,hi-roman
tum insani kachra,1,hi-roman
tum insani kachra hai,1,hi-roman
tum insani kachra ho,1,hi-roman
tum insani kachra tha,1,hi-roman
tum insani kachra hain,1,hi-roman
tum insani kachra aadmi,1,hi-roman
tum insani kachra insaan,1,hi-roman
tum insani kachra saale,1,hi-roman
tum insani kachra kutte,1,hi-roman
tum insani kachra yaar,1,hi-roman
abe insani kachra,1,hi-roman
abe insani kachra hai,1,hi-roman
abe insani kachra ho,1,hi-roman
abe insani kachra tha,1,hi-roman
abe insani kachra hain,1,hi-roman
abe insani kachra aadmi,1,hi-roman
abe insani kachra insaan,1,hi-roman
abe insani kachra saale,1,hi-roman
abe insani kachra kutte,1,hi-roman
abe insani kachra yaar,1,hi-roman
oye insani kachra,1,hi-roman
oye insani kachra hai,1,hi-roman
oye insani kachra ho,1,hi-roman
oye insani kachra tha,1,hi-roman
oye insani kachra hain,1,hi-roman
oye insani kachra aadmi,1,hi-roman
oye insani kachra insaan,1,hi-roman
oye insani kachra saale,1,hi-roman
oye insani kachra kutte,1,hi-roman
oye insani kachra yaar,1,hi-roman
are insani kachra,1,hi-roman
are insani kachra hai,1,hi-roman
are insani kachra ho,1,hi-roman
are insani kachra tha,1,hi-roman
are insani kachra hain,1,hi-roman
are insani kachra aadmi,1,hi-roman
are insani kachra insaan,1,hi-roman
are insani kachra saale,1,hi-roman
are insani kachra kutte,1,hi-roman
are insani kachra yaar,1,hi-roman
sun insani kachra,1,hi-roman
sun insani kachra hai,1,hi-roman
sun insani kachra ho,1,hi-roman
sun insani kachra tha,1,hi-roman
sun insani kachra hain,1,hi-roman
sun insani kachra aadmi,1,hi-roman
sun insani kachra insaan,1,hi-roman
sun insani kachra saale,1,hi-roman
sun insani kachra kutte,1,hi-roman
sun insani kachra yaar,1,hi-roman
dekh insani kachra,1,hi-roman
dekh insani kachra hai,1,hi-roman
dekh insani kachra ho,1,hi-roman
dekh insani kachra tha,1,hi-roman
dekh insani kachra hain,1,hi-roman
dekh insani kachra aadmi,1,hi-roman
dekh insani kachra insaan,1,hi-roman
dekh insani kachra saale,1,hi-roman
dekh insani kachra kutte,1,hi-roman
dekh insani kachra yaar,1,hi-roman
gandi soch,1,hi-roman
gandi soch hai,1,hi-roman
gandi soch ho,1,hi-roman
gandi soch tha,1,hi-roman
gandi soch hain,1,hi-roman
gandi soch aadmi,1,hi-roman
gandi soch insaan,1,hi-roman
gandi soch saale,1,hi-roman
gandi soch kutte,1,hi-roman
gandi soch yaar,1,hi-roman
tu gandi soch,1,hi-roman
tu gandi soch hai,1,hi-roman
tu gandi soch ho,1,hi-roman
tu gandi soch tha,1,hi-roman
tu gandi soch hain,1,hi-roman
tu gandi soch aadmi,1,hi-roman
tu gandi soch insaan,1,hi-roman
tu gandi soch saale,1,hi-roman
tu gandi soch kutte,1,hi-roman
tu gandi soch yaar,1,hi-roman
tum gandi soch,1,hi-roman
tum gandi soch hai,1,hi-roman
tum gandi soch ho,1,hi-roman
tum gandi soch tha,1,hi-roman
tum gandi soch hain,1,hi-roman
tum gandi soch aadmi,1,hi-roman
tum gandi soch insaan,1,hi-roman
tum gandi soch saale,1,hi-roman
tum gandi soch kutte,1,hi-roman
tum gandi soch yaar,1,hi-roman
abe gandi soch,1,hi-roman
abe gandi soch hai,1,hi-roman
abe gandi soch ho,1,hi-roman
abe gandi soch tha,1,hi-roman
abe gandi soch hain,1,hi-roman
abe gandi soch aadmi,1,hi-roman
abe gandi soch insaan,1,hi-roman
abe gandi soch saale,1,hi-roman
abe gandi soch kutte,1,hi-roman
abe gandi soch yaar,1,hi-roman
oye gandi soch,1,hi-roman
oye gandi soch hai,1,hi-roman
oye gandi soch ho,1,hi-roman
oye gandi soch tha,1,hi-roman
oye gandi soch hain,1,hi-roman
oye gandi soch aadmi,1,hi-roman
oye gandi soch insaan,1,hi-roman
oye gandi soch saale,1,hi-roman
oye gandi soch kutte,1,hi-roman
oye gandi soch yaar,1,hi-roman
are gandi soch,1,hi-roman
are gandi soch hai,1,hi-roman
are gandi soch ho,1,hi-roman
are gandi soch tha,1,hi-roman
are gandi soch hain,1,hi-roman
are gandi soch aadmi,1,hi-roman
are gandi soch insaan,1,hi-roman
are gandi soch saale,1,hi-roman
are gandi soch kutte,1,hi-roman
are gandi soch yaar,1,hi-roman
sun gandi soch,1,hi-roman
sun gandi soch hai,1,hi-roman
sun gandi soch ho,1,hi-roman
sun gandi soch tha,1,hi-roman
sun gandi soch hain,1,hi-roman
sun gandi soch aadmi,1,hi-roman
sun gandi soch insaan,1,hi-roman
sun gandi soch saale,1,hi-roman
sun gandi soch kutte,1,hi-roman
sun gandi soch yaar,1,hi-roman
dekh gandi soch,1,hi-roman
dekh gandi soch hai,1,hi-roman
dekh gandi soch ho,1,hi-roman
dekh gandi soch tha,1,hi-roman
dekh gandi soch hain,1,hi-roman
dekh gandi soch aadmi,1,hi-roman
dekh gandi soch insaan,1,hi-roman
dekh gandi soch saale,1,hi-roman
dekh gandi soch kutte,1,hi-roman
dekh gandi soch yaar,1,hi-roman
ganda insaan,1,hi-roman
ganda insaan hai,1,hi-roman
ganda insaan ho,1,hi-roman
ganda insaan tha,1,hi-roman
ganda insaan hain,1,hi-roman
ganda insaan aadmi,1,hi-roman
ganda insaan insaan,1,hi-roman
ganda insaan saale,1,hi-roman
ganda insaan kutte,1,hi-roman
ganda insaan yaar,1,hi-roman
tu ganda insaan,1,hi-roman
tu ganda insaan hai,1,hi-roman
tu ganda insaan ho,1,hi-roman
tu ganda insaan tha,1,hi-roman
tu ganda insaan hain,1,hi-roman
tu ganda insaan aadmi,1,hi-roman
tu ganda insaan insaan,1,hi-roman
tu ganda insaan saale,1,hi-roman
tu ganda insaan kutte,1,hi-roman
tu ganda insaan yaar,1,hi-roman
tum ganda insaan,1,hi-roman
tum ganda insaan hai,1,hi-roman
tum ganda insaan ho,1,hi-roman
tum ganda insaan tha,1,hi-roman
tum ganda insaan hain,1,hi-roman
tum ganda insaan aadmi,1,hi-roman
tum ganda insaan insaan,1,hi-roman
tum ganda insaan saale,1,hi-roman
tum ganda insaan kutte,1,hi-roman
tum ganda insaan yaar,1,hi-roman
abe ganda insaan,1,hi-roman
abe ganda insaan hai,1,hi-roman
abe ganda insaan ho,1,hi-roman
abe ganda insaan tha,1,hi-roman
abe ganda insaan hain,1,hi-roman
abe ganda insaan aadmi,1,hi-roman
abe ganda insaan insaan,1,hi-roman
abe ganda insaan saale,1,hi-roman
abe ganda insaan kutte,1,hi-roman
abe ganda insaan yaar,1,hi-roman
oye ganda insaan,1,hi-roman
oye ganda insaan hai,1,hi-roman
oye ganda insaan ho,1,hi-roman
oye ganda insaan tha,1,hi-roman
oye ganda insaan hain,1,hi-roman
oye ganda insaan aadmi,1,hi-roman
oye ganda insaan insaan,1,hi-roman
oye ganda insaan saale,1,hi-roman
oye ganda insaan kutte,1,hi-roman
oye ganda insaan yaar,1,hi-roman
are ganda insaan,1,hi-roman
are ganda insaan hai,1,hi-roman
are ganda insaan ho,1,hi-roman
are ganda insaan tha,1,hi-roman
are ganda insaan hain,1,hi-roman
are ganda insaan aadmi,1,hi-roman
are ganda insaan insaan,1,hi-roman
are ganda insaan saale,1,hi-roman
are ganda insaan kutte,1,hi-roman
are ganda insaan yaar,1,hi-roman
sun ganda insaan,1,hi-roman
sun ganda insaan hai,1,hi-roman
sun ganda insaan ho,1,hi-roman
sun ganda insaan tha,1,hi-roman
sun ganda insaan hain,1,hi-roman
sun ganda insaan aadmi,1,hi-roman
sun ganda insaan insaan,1,hi-roman
sun ganda insaan saale,1,hi-roman
sun ganda insaan kutte,1,hi-roman
sun ganda insaan yaar,1,hi-roman
dekh ganda insaan,1,hi-roman
dekh ganda insaan hai,1,hi-roman
dekh ganda insaan ho,1,hi-roman
dekh ganda insaan tha,1,hi-roman
dekh ganda insaan hain,1,hi-roman
dekh ganda insaan aadmi,1,hi-roman
dekh ganda insaan insaan,1,hi-roman
dekh ganda insaan saale,1,hi-roman
dekh ganda insaan kutte,1,hi-roman
dekh ganda insaan yaar,1,hi-roman
ghinona,1,hi-roman
ghinona hai,1,hi-roman
ghinona ho,1,hi-roman
ghinona tha,1,hi-roman
ghinona hain,1,hi-roman
ghinona aadmi,1,hi-roman
ghinona insaan,1,hi-roman
ghinona saale,1,hi-roman
ghinona kutte,1,hi-roman
ghinona yaar,1,hi-roman
tu ghinona,1,hi-roman
tu ghinona hai,1,hi-roman
tu ghinona ho,1,hi-roman
tu ghinona tha,1,hi-roman
tu ghinona hain,1,hi-roman
tu ghinona aadmi,1,hi-roman
tu ghinona insaan,1,hi-roman
tu ghinona saale,1,hi-roman
tu ghinona kutte,1,hi-roman
tu ghinona yaar,1,hi-roman
tum ghinona,1,hi-roman
tum ghinona hai,1,hi-roman
tum ghinona ho,1,hi-roman
tum ghinona tha,1,hi-roman
tum ghinona hain,1,hi-roman
tum ghinona aadmi,1,hi-roman
tum ghinona insaan,1,hi-roman
tum ghinona saale,1,hi-roman
tum ghinona kutte,1,hi-roman
tum ghinona yaar,1,hi-roman
abe ghinona,1,hi-roman
abe ghinona hai,1,hi-roman
abe ghinona ho,1,hi-roman
abe ghinona tha,1,hi-roman
abe ghinona hain,1,hi-roman
abe ghinona aadmi,1,hi-roman
abe ghinona insaan,1,hi-roman
abe ghinona saale,1,hi-roman
abe ghinona kutte,1,hi-roman
abe ghinona yaar,1,hi-roman
oye ghinona,1,hi-roman
oye ghinona hai,1,hi-roman
oye ghinona ho,1,hi-roman
oye ghinona tha,1,hi-roman
oye ghinona hain,1,hi-roman
oye ghinona aadmi,1,hi-roman
oye ghinona insaan,1,hi-roman
oye ghinona saale,1,hi-roman
oye ghinona kutte,1,hi-roman
oye ghinona yaar,1,hi-roman
are ghinona,1,hi-roman
are ghinona hai,1,hi-roman
are ghinona ho,1,hi-roman
are ghinona tha,1,hi-roman
are ghinona hain,1,hi-roman
are ghinona aadmi,1,hi-roman
are ghinona insaan,1,hi-roman
are ghinona saale,1,hi-roman
are ghinona kutte,1,hi-roman
are ghinona yaar,1,hi-roman
sun ghinona,1,hi-roman
sun ghinona hai,1,hi-roman
sun ghinona ho,1,hi-roman
sun ghinona tha,1,hi-roman
sun ghinona hain,1,hi-roman
sun ghinona aadmi,1,hi-roman
sun ghinona insaan,1,hi-roman
sun ghinona saale,1,hi-roman
sun ghinona kutte,1,hi-roman
sun ghinona yaar,1,hi-roman
dekh ghinona,1,hi-roman
dekh ghinona hai,1,hi-roman
dekh ghinona ho,1,hi-roman
dekh ghinona tha,1,hi-roman
dekh ghinona hain,1,hi-roman
dekh ghinona aadmi,1,hi-roman
dekh ghinona insaan,1,hi-roman
dekh ghinona saale,1,hi-roman
dekh ghinona kutte,1,hi-roman
dekh ghinona yaar,1,hi-roman
ghinoni harkat,1,hi-roman
ghinoni harkat hai,1,hi-roman
ghinoni harkat ho,1,hi-roman
ghinoni harkat tha,1,hi-roman
ghinoni harkat hain,1,hi-roman
ghinoni harkat aadmi,1,hi-roman
ghinoni harkat insaan,1,hi-roman
ghinoni harkat saale,1,hi-roman
ghinoni harkat kutte,1,hi-roman
ghinoni harkat yaar,1,hi-roman
tu ghinoni harkat,1,hi-roman
tu ghinoni harkat hai,1,hi-roman
tu ghinoni harkat ho,1,hi-roman
tu ghinoni harkat tha,1,hi-roman
tu ghinoni harkat hain,1,hi-roman
tu ghinoni harkat aadmi,1,hi-roman
tu ghinoni harkat insaan,1,hi-roman
tu ghinoni harkat saale,1,hi-roman
tu ghinoni harkat kutte,1,hi-roman
tu ghinoni harkat yaar,1,hi-roman
tum ghinoni harkat,1,hi-roman
tum ghinoni harkat hai,1,hi-roman
tum ghinoni harkat ho,1,hi-roman
tum ghinoni harkat tha,1,hi-roman
tum ghinoni harkat hain,1,hi-roman
tum ghinoni harkat aadmi,1,hi-roman
tum ghinoni harkat insaan,1,hi-roman
tum ghinoni harkat saale,1,hi-roman
tum ghinoni harkat kutte,1,hi-roman
tum ghinoni harkat yaar,1,hi-roman
abe ghinoni harkat,1,hi-roman
abe ghinoni harkat hai,1,hi-roman
abe ghinoni harkat ho,1,hi-roman
abe ghinoni harkat tha,1,hi-roman
abe ghinoni harkat hain,1,hi-roman
abe ghinoni harkat aadmi,1,hi-roman
abe ghinoni harkat insaan,1,hi-roman
abe ghinoni harkat saale,1,hi-roman
abe ghinoni harkat kutte,1,hi-roman
abe ghinoni harkat yaar,1,hi-roman
oye ghinoni harkat,1,hi-roman
oye ghinoni harkat hai,1,hi-roman
oye ghinoni harkat ho,1,hi-roman
oye ghinoni harkat tha,1,hi-roman
oye ghinoni harkat hain,1,hi-roman
oye ghinoni harkat aadmi,1,hi-roman
oye ghinoni harkat insaan,1,hi-roman
oye ghinoni harkat saale,1,hi-roman
oye ghinoni harkat kutte,1,hi-roman
oye ghinoni harkat yaar,1,hi-roman
are ghinoni harkat,1,hi-roman
are ghinoni harkat hai,1,hi-roman
are ghinoni harkat ho,1,hi-roman
are ghinoni harkat tha,1,hi-roman
are ghinoni harkat hain,1,hi-roman
are ghinoni harkat aadmi,1,hi-roman
are ghinoni harkat insaan,1,hi-roman
are ghinoni harkat saale,1,hi-roman
are ghinoni harkat kutte,1,hi-roman
are ghinoni harkat yaar,1,hi-roman
sun ghinoni harkat,1,hi-roman
sun ghinoni harkat hai,1,hi-roman
sun ghinoni harkat ho,1,hi-roman
sun ghinoni harkat tha,1,hi-roman
sun ghinoni harkat hain,1,hi-roman
sun ghinoni harkat aadmi,1,hi-roman
sun ghinoni harkat insaan,1,hi-roman
sun ghinoni harkat saale,1,hi-roman
sun ghinoni harkat kutte,1,hi-roman
sun ghinoni harkat yaar,1,hi-roman
dekh ghinoni harkat,1,hi-roman
dekh ghinoni harkat hai,1,hi-roman
dekh ghinoni harkat ho,1,hi-roman
dekh ghinoni harkat tha,1,hi-roman
dekh ghinoni harkat hain,1,hi-roman
dekh ghinoni harkat aadmi,1,hi-roman
dekh ghinoni harkat insaan,1,hi-roman
dekh ghinoni harkat saale,1,hi-roman
dekh ghinoni harkat kutte,1,hi-roman
dekh ghinoni harkat yaar,1,hi-roman
sharmnaak,1,hi-roman
sharmnaak hai,1,hi-roman
sharmnaak ho,1,hi-roman
sharmnaak tha,1,hi-roman
sharmnaak hain,1,hi-roman
sharmnaak aadmi,1,hi-roman
sharmnaak insaan,1,hi-roman
sharmnaak saale,1,hi-roman
sharmnaak kutte,1,hi-roman
sharmnaak yaar,1,hi-roman
tu sharmnaak,1,hi-roman
tu sharmnaak hai,1,hi-roman
tu sharmnaak ho,1,hi-roman
tu sharmnaak tha,1,hi-roman
tu sharmnaak hain,1,hi-roman
tu sharmnaak aadmi,1,hi-roman
tu sharmnaak insaan,1,hi-roman
tu sharmnaak saale,1,hi-roman
tu sharmnaak kutte,1,hi-roman
tu sharmnaak yaar,1,hi-roman
tum sharmnaak,1,hi-roman
tum sharmnaak hai,1,hi-roman
tum sharmnaak ho,1,hi-roman
tum sharmnaak tha,1,hi-roman
tum sharmnaak hain,1,hi-roman
tum sharmnaak aadmi,1,hi-roman
tum sharmnaak insaan,1,hi-roman
tum sharmnaak saale,1,hi-roman
tum sharmnaak kutte,1,hi-roman
tum sharmnaak yaar,1,hi-roman
abe sharmnaak,1,hi-roman
abe sharmnaak hai,1,hi-roman
abe sharmnaak ho,1,hi-roman
abe sharmnaak tha,1,hi-roman
abe sharmnaak hain,1,hi-roman
abe sharmnaak aadmi,1,hi-roman
abe sharmnaak insaan,1,hi-roman
abe sharmnaak saale,1,hi-roman
abe sharmnaak kutte,1,hi-roman
abe sharmnaak yaar,1,hi-roman
oye sharmnaak,1,hi-roman
oye sharmnaak hai,1,hi-roman
oye sharmnaak ho,1,hi-roman
oye sharmnaak tha,1,hi-roman
oye sharmnaak hain,1,hi-roman
oye sharmnaak aadmi,1,hi-roman
oye sharmnaak insaan,1,hi-roman
oye sharmnaak saale,1,hi-roman
oye sharmnaak kutte,1,hi-roman
oye sharmnaak yaar,1,hi-roman
are sharmnaak,1,hi-roman
are sharmnaak hai,1,hi-roman
are sharmnaak ho,1,hi-roman
are sharmnaak tha,1,hi-roman
are sharmnaak hain,1,hi-roman
are sharmnaak aadmi,1,hi-roman
are sharmnaak insaan,1,hi-roman
are sharmnaak saale,1,hi-roman
are sharmnaak kutte,1,hi-roman
are sharmnaak yaar,1,hi-roman
sun sharmnaak,1,hi-roman
sun sharmnaak hai,1,hi-roman
sun sharmnaak ho,1,hi-roman
sun sharmnaak tha,1,hi-roman
sun sharmnaak hain,1,hi-roman
sun sharmnaak aadmi,1,hi-roman
sun sharmnaak insaan,1,hi-roman
sun sharmnaak saale,1,hi-roman
sun sharmnaak kutte,1,hi-roman
sun sharmnaak yaar,1,hi-roman
dekh sharmnaak,1,hi-roman
dekh sharmnaak hai,1,hi-roman
dekh sharmnaak ho,1,hi-roman
dekh sharmnaak tha,1,hi-roman
dekh sharmnaak hain,1,hi-roman
dekh sharmnaak aadmi,1,hi-roman
dekh sharmnaak insaan,1,hi-roman
dekh sharmnaak saale,1,hi-roman
dekh sharmnaak kutte,1,hi-roman
dekh sharmnaak yaar,1,hi-roman
asabhya,1,hi-roman
asabhya hai,1,hi-roman
asabhya ho,1,hi-roman
asabhya tha,1,hi-roman
asabhya hain,1,hi-roman
asabhya aadmi,1,hi-roman
asabhya insaan,1,hi-roman
asabhya saale,1,hi-roman
asabhya kutte,1,hi-roman
asabhya yaar,1,hi-roman
tu asabhya,1,hi-roman
tu asabhya hai,1,hi-roman
tu asabhya ho,1,hi-roman
tu asabhya tha,1,hi-roman
tu asabhya hain,1,hi-roman
tu asabhya aadmi,1,hi-roman
tu asabhya insaan,1,hi-roman
tu asabhya saale,1,hi-roman
tu asabhya kutte,1,hi-roman
tu asabhya yaar,1,hi-roman
tum asabhya,1,hi-roman
tum asabhya hai,1,hi-roman
tum asabhya ho,1,hi-roman
tum asabhya tha,1,hi-roman
tum asabhya hain,1,hi-roman
tum asabhya aadmi,1,hi-roman
tum asabhya insaan,1,hi-roman
tum asabhya saale,1,hi-roman
tum asabhya kutte,1,hi-roman
tum asabhya yaar,1,hi-roman
abe asabhya,1,hi-roman
abe asabhya hai,1,hi-roman
abe asabhya ho,1,hi-roman
abe asabhya tha,1,hi-roman
abe asabhya hain,1,hi-roman
abe asabhya aadmi,1,hi-roman
abe asabhya insaan,1,hi-roman
abe asabhya saale,1,hi-roman
abe asabhya kutte,1,hi-roman
abe asabhya yaar,1,hi-roman
oye asabhya,1,hi-roman
oye asabhya hai,1,hi-roman
oye asabhya ho,1,hi-roman
oye asabhya tha,1,hi-roman
oye asabhya hain,1,hi-roman
oye asabhya aadmi,1,hi-roman
oye asabhya insaan,1,hi-roman
oye asabhya saale,1,hi-roman
oye asabhya kutte,1,hi-roman
oye asabhya yaar,1,hi-roman
are asabhya,1,hi-roman
are asabhya hai,1,hi-roman
are asabhya ho,1,hi-roman
are asabhya tha,1,hi-roman
are asabhya hain,1,hi-roman
are asabhya aadmi,1,hi-roman
are asabhya insaan,1,hi-roman
are asabhya saale,1,hi-roman
are asabhya kutte,1,hi-roman
are asabhya yaar,1,hi-roman
sun asabhya,1,hi-roman
sun asabhya hai,1,hi-roman
sun asabhya ho,1,hi-roman
sun asabhya tha,1,hi-roman
sun asabhya hain,1,hi-roman
sun asabhya aadmi,1,hi-roman
sun asabhya insaan,1,hi-roman
sun asabhya saale,1,hi-roman
sun asabhya kutte,1,hi-roman
sun asabhya yaar,1,hi-roman
dekh asabhya,1,hi-roman
dekh asabhya hai,1,hi-roman
dekh asabhya ho,1,hi-roman
dekh asabhya tha,1,hi-roman
dekh asabhya hain,1,hi-roman
dekh asabhya aadmi,1,hi-roman
dekh asabhya insaan,1,hi-roman
dekh asabhya saale,1,hi-roman
dekh asabhya kutte,1,hi-roman
dekh asabhya yaar,1,hi-roman
anpadh,1,hi-roman
anpadh hai,1,hi-roman
anpadh ho,1,hi-roman
anpadh tha,1,hi-roman
anpadh hain,1,hi-roman
anpadh aadmi,1,hi-roman
anpadh insaan,1,hi-roman
anpadh saale,1,hi-roman
anpadh kutte,1,hi-roman
anpadh yaar,1,hi-roman
tu anpadh,1,hi-roman
tu anpadh hai,1,hi-roman
tu anpadh ho,1,hi-roman
tu anpadh tha,1,hi-roman
tu anpadh hain,1,hi-roman
tu anpadh aadmi,1,hi-roman
tu anpadh insaan,1,hi-roman
tu anpadh saale,1,hi-roman
tu anpadh kutte,1,hi-roman
tu anpadh yaar,1,hi-roman
tum anpadh,1,hi-roman
tum anpadh hai,1,hi-roman
tum anpadh ho,1,hi-roman
tum anpadh tha,1,hi-roman
tum anpadh hain,1,hi-roman
tum anpadh aadmi,1,hi-roman
tum anpadh insaan,1,hi-roman
tum anpadh saale,1,hi-roman
tum anpadh kutte,1,hi-roman
tum anpadh yaar,1,hi-roman
abe anpadh,1,hi-roman
abe anpadh hai,1,hi-roman
abe anpadh ho,1,hi-roman
abe anpadh tha,1,hi-roman
abe anpadh hain,1,hi-roman
abe anpadh aadmi,1,hi-roman
abe anpadh insaan,1,hi-roman
abe anpadh saale,1,hi-roman
abe anpadh kutte,1,hi-roman
abe anpadh yaar,1,hi-roman
oye anpadh,1,hi-roman
oye anpadh hai,1,hi-roman
oye anpadh ho,1,hi-roman
oye anpadh tha,1,hi-roman
oye anpadh hain,1,hi-roman
oye anpadh aadmi,1,hi-roman
oye anpadh insaan,1,hi-roman
oye anpadh saale,1,hi-roman
oye anpadh kutte,1,hi-roman
oye anpadh yaar,1,hi-roman
are anpadh,1,hi-roman
are anpadh hai,1,hi-roman
are anpadh ho,1,hi-roman
are anpadh tha,1,hi-roman
are anpadh hain,1,hi-roman
are anpadh aadmi,1,hi-roman
are anpadh insaan,1,hi-roman
are anpadh saale,1,hi-roman
are anpadh kutte,1,hi-roman
are anpadh yaar,1,hi-roman
sun anpadh,1,hi-roman
sun anpadh hai,1,hi-roman
sun anpadh ho,1,hi-roman
sun anpadh tha,1,hi-roman
sun anpadh hain,1,hi-roman
sun anpadh aadmi,1,hi-roman
sun anpadh insaan,1,hi-roman
sun anpadh saale,1,hi-roman
sun anpadh kutte,1,hi-roman
sun anpadh yaar,1,hi-roman
dekh anpadh,1,hi-roman
dekh anpadh hai,1,hi-roman
dekh anpadh ho,1,hi-roman
dekh anpadh tha,1,hi-roman
dekh anpadh hain,1,hi-roman
dekh anpadh aadmi,1,hi-roman
dekh anpadh insaan,1,hi-roman
dekh anpadh saale,1,hi-roman
dekh anpadh kutte,1,hi-roman
dekh anpadh yaar,1,hi-roman
jaahil,1,hi-roman
jaahil hai,1,hi-roman
jaahil ho,1,hi-roman
jaahil tha,1,hi-roman
jaahil hain,1,hi-roman
jaahil aadmi,1,hi-roman
jaahil insaan,1,hi-roman
jaahil saale,1,hi-roman
jaahil kutte,1,hi-roman
jaahil yaar,1,hi-roman
tu jaahil,1,hi-roman
tu jaahil hai,1,hi-roman
tu jaahil ho,1,hi-roman
tu jaahil tha,1,hi-roman
tu jaahil hain,1,hi-roman
tu jaahil aadmi,1,hi-roman
tu jaahil insaan,1,hi-roman
tu jaahil saale,1,hi-roman
tu jaahil kutte,1,hi-roman
tu jaahil yaar,1,hi-roman
tum jaahil,1,hi-roman
tum jaahil hai,1,hi-roman
tum jaahil ho,1,hi-roman
tum jaahil tha,1,hi-roman
tum jaahil hain,1,hi-roman
tum jaahil aadmi,1,hi-roman
tum jaahil insaan,1,hi-roman
tum jaahil saale,1,hi-roman
tum jaahil kutte,1,hi-roman
tum jaahil yaar,1,hi-roman
abe jaahil,1,hi-roman
abe jaahil hai,1,hi-roman
abe jaahil ho,1,hi-roman
abe jaahil tha,1,hi-roman
abe jaahil hain,1,hi-roman
abe jaahil aadmi,1,hi-roman
abe jaahil insaan,1,hi-roman
abe jaahil saale,1,hi-roman
abe jaahil kutte,1,hi-roman
abe jaahil yaar,1,hi-roman
oye jaahil,1,hi-roman
oye jaahil hai,1,hi-roman
oye jaahil ho,1,hi-roman
oye jaahil tha,1,hi-roman
oye jaahil hain,1,hi-roman
oye jaahil aadmi,1,hi-roman
oye jaahil insaan,1,hi-roman
oye jaahil saale,1,hi-roman
oye jaahil kutte,1,hi-roman
oye jaahil yaar,1,hi-roman
are jaahil,1,hi-roman
are jaahil hai,1,hi-roman
are jaahil ho,1,hi-roman
are jaahil tha,1,hi-roman
are jaahil hain,1,hi-roman
are jaahil aadmi,1,hi-roman
are jaahil insaan,1,hi-roman
are jaahil saale,1,hi-roman
are jaahil kutte,1,hi-roman
are jaahil yaar,1,hi-roman
sun jaahil,1,hi-roman
sun jaahil hai,1,hi-roman
sun jaahil ho,1,hi-roman
sun jaahil tha,1,hi-roman
sun jaahil hain,1,hi-roman
sun jaahil aadmi,1,hi-roman
sun jaahil insaan,1,hi-roman
sun jaahil saale,1,hi-roman
sun jaahil kutte,1,hi-roman
sun jaahil yaar,1,hi-roman
dekh jaahil,1,hi-roman
dekh jaahil hai,1,hi-roman
dekh jaahil ho,1,hi-roman
dekh jaahil tha,1,hi-roman
dekh jaahil hain,1,hi-roman
dekh jaahil aadmi,1,hi-roman
dekh jaahil insaan,1,hi-roman
dekh jaahil saale,1,hi-roman
dekh jaahil kutte,1,hi-roman
dekh jaahil yaar,1,hi-roman
ganwaar,1,hi-roman
ganwaar hai,1,hi-roman
ganwaar ho,1,hi-roman
ganwaar tha,1,hi-roman
ganwaar hain,1,hi-roman
ganwaar aadmi,1,hi-roman
ganwaar insaan,1,hi-roman
ganwaar saale,1,hi-roman
ganwaar kutte,1,hi-roman
ganwaar yaar,1,hi-roman
tu ganwaar,1,hi-roman
tu ganwaar hai,1,hi-roman
tu ganwaar ho,1,hi-roman
tu ganwaar tha,1,hi-roman
tu ganwaar hain,1,hi-roman
tu ganwaar aadmi,1,hi-roman
tu ganwaar insaan,1,hi-roman
tu ganwaar saale,1,hi-roman
tu ganwaar kutte,1,hi-roman
tu ganwaar yaar,1,hi-roman
tum ganwaar,1,hi-roman
tum ganwaar hai,1,hi-roman
tum ganwaar ho,1,hi-roman
tum ganwaar tha,1,hi-roman
tum ganwaar hain,1,hi-roman
tum ganwaar aadmi,1,hi-roman
tum ganwaar insaan,1,hi-roman
tum ganwaar saale,1,hi-roman
tum ganwaar kutte,1,hi-roman
tum ganwaar yaar,1,hi-roman
abe ganwaar,1,hi-roman
abe ganwaar hai,1,hi-roman
abe ganwaar ho,1,hi-roman
abe ganwaar tha,1,hi-roman
abe ganwaar hain,1,hi-roman
abe ganwaar aadmi,1,hi-roman
abe ganwaar insaan,1,hi-roman
abe ganwaar saale,1,hi-roman
abe ganwaar kutte,1,hi-roman
abe ganwaar yaar,1,hi-roman
oye ganwaar,1,hi-roman
oye ganwaar hai,1,hi-roman
oye ganwaar ho,1,hi-roman
oye ganwaar tha,1,hi-roman
oye ganwaar hain,1,hi-roman
oye ganwaar aadmi,1,hi-roman
oye ganwaar insaan,1,hi-roman
oye ganwaar saale,1,hi-roman
oye ganwaar kutte,1,hi-roman
oye ganwaar yaar,1,hi-roman
are ganwaar,1,hi-roman
are ganwaar hai,1,hi-roman
are ganwaar ho,1,hi-roman
are ganwaar tha,1,hi-roman
are ganwaar hain,1,hi-roman
are ganwaar aadmi,1,hi-roman
are ganwaar insaan,1,hi-roman
are ganwaar saale,1,hi-roman
are ganwaar kutte,1,hi-roman
are ganwaar yaar,1,hi-roman
sun ganwaar,1,hi-roman
sun ganwaar hai,1,hi-roman
sun ganwaar ho,1,hi-roman
sun ganwaar tha,1,hi-roman
sun ganwaar hain,1,hi-roman
sun ganwaar aadmi,1,hi-roman
sun ganwaar insaan,1,hi-roman
sun ganwaar saale,1,hi-roman
sun ganwaar kutte,1,hi-roman
sun ganwaar yaar,1,hi-roman
dekh ganwaar,1,hi-roman
dekh ganwaar hai,1,hi-roman
dekh ganwaar ho,1,hi-roman
dekh ganwaar tha,1,hi-roman
dekh ganwaar hain,1,hi-roman
dekh ganwaar aadmi,1,hi-roman
dekh ganwaar insaan,1,hi-roman
dekh ganwaar saale,1,hi-roman
dekh ganwaar kutte,1,hi-roman
dekh ganwaar yaar,1,hi-roman
chhichhora,1,hi-roman
chhichhora hai,1,hi-roman
chhichhora ho,1,hi-roman
chhichhora tha,1,hi-roman
chhichhora hain,1,hi-roman
chhichhora aadmi,1,hi-roman
chhichhora insaan,1,hi-roman
chhichhora saale,1,hi-roman
chhichhora kutte,1,hi-roman
chhichhora yaar,1,hi-roman
tu chhichhora,1,hi-roman
tu chhichhora hai,1,hi-roman
tu chhichhora ho,1,hi-roman
tu chhichhora tha,1,hi-roman
tu chhichhora hain,1,hi-roman
tu chhichhora aadmi,1,hi-roman
tu chhichhora insaan,1,hi-roman
tu chhichhora saale,1,hi-roman
tu chhichhora kutte,1,hi-roman
tu chhichhora yaar,1,hi-roman
tum chhichhora,1,hi-roman
tum chhichhora hai,1,hi-roman
tum chhichhora ho,1,hi-roman
tum chhichhora tha,1,hi-roman
tum chhichhora hain,1,hi-roman
tum chhichhora aadmi,1,hi-roman
tum chhichhora insaan,1,hi-roman
tum chhichhora saale,1,hi-roman
tum chhichhora kutte,1,hi-roman
tum chhichhora yaar,1,hi-roman
abe chhichhora,1,hi-roman
abe chhichhora hai,1,hi-roman
abe chhichhora ho,1,hi-roman
abe chhichhora tha,1,hi-roman
abe chhichhora hain,1,hi-roman
abe chhichhora aadmi,1,hi-roman
abe chhichhora insaan,1,hi-roman
abe chhichhora saale,1,hi-roman
abe chhichhora kutte,1,hi-roman
abe chhichhora yaar,1,hi-roman
oye chhichhora,1,hi-roman
oye chhichhora hai,1,hi-roman
oye chhichhora ho,1,hi-roman
oye chhichhora tha,1,hi-roman
oye chhichhora hain,1,hi-roman
oye chhichhora aadmi,1,hi-roman
oye chhichhora insaan,1,hi-roman
oye chhichhora saale,1,hi-roman
oye chhichhora kutte,1,hi-roman
oye chhichhora yaar,1,hi-roman
are chhichhora,1,hi-roman
are chhichhora hai,1,hi-roman
are chhichhora ho,1,hi-roman
are chhichhora tha,1,hi-roman
are chhichhora hain,1,hi-roman
are chhichhora aadmi,1,hi-roman
are chhichhora insaan,1,hi-roman
are chhichhora saale,1,hi-roman
are chhichhora kutte,1,hi-roman
are chhichhora yaar,1,hi-roman
sun chhichhora,1,hi-roman
sun chhichhora hai,1,hi-roman
sun chhichhora ho,1,hi-roman
sun chhichhora tha,1,hi-roman
sun chhichhora hain,1,hi-roman
sun chhichhora aadmi,1,hi-roman
sun chhichhora insaan,1,hi-roman
sun chhichhora saale,1,hi-roman
sun chhichhora kutte,1,hi-roman
sun chhichhora yaar,1,hi-roman
dekh chhichhora,1,hi-roman
dekh chhichhora hai,1,hi-roman
dekh chhichhora ho,1,hi-roman
dekh chhichhora tha,1,hi-roman
dekh chhichhora hain,1,hi-roman
dekh chhichhora aadmi,1,hi-roman
dekh chhichhora insaan,1,hi-roman
dekh chhichhora saale,1,hi-roman
dekh chhichhora kutte,1,hi-roman
dekh chhichhora yaar,1,hi-roman
chhichhori,1,hi-roman
chhichhori hai,1,hi-roman
chhichhori ho,1,hi-roman
chhichhori tha,1,hi-roman
chhichhori hain,1,hi-roman
chhichhori aadmi,1,hi-roman
chhichhori insaan,1,hi-roman
chhichhori saale,1,hi-roman
chhichhori kutte,1,hi-roman
chhichhori yaar,1,hi-roman
tu chhichhori,1,hi-roman
tu chhichhori hai,1,hi-roman
tu chhichhori ho,1,hi-roman
tu chhichhori tha,1,hi-roman
tu chhichhori hain,1,hi-roman
tu chhichhori aadmi,1,hi-roman
tu chhichhori insaan,1,hi-roman
tu chhichhori saale,1,hi-roman
tu chhichhori kutte,1,hi-roman
tu chhichhori yaar,1,hi-roman
tum chhichhori,1,hi-roman
tum chhichhori hai,1,hi-roman
tum chhichhori ho,1,hi-roman
tum chhichhori tha,1,hi-roman
tum chhichhori hain,1,hi-roman
tum chhichhori aadmi,1,hi-roman
tum chhichhori insaan,1,hi-roman
tum chhichhori saale,1,hi-roman
tum chhichhori kutte,1,hi-roman
tum chhichhori yaar,1,hi-roman
abe chhichhori,1,hi-roman
abe chhichhori hai,1,hi-roman
abe chhichhori ho,1,hi-roman
abe chhichhori tha,1,hi-roman
abe chhichhori hain,1,hi-roman
abe chhichhori aadmi,1,hi-roman
abe chhichhori insaan,1,hi-roman
abe chhichhori saale,1,hi-roman
abe chhichhori kutte,1,hi-roman
abe chhichhori yaar,1,hi-roman
oye chhichhori,1,hi-roman
oye chhichhori hai,1,hi-roman
oye chhichhori ho,1,hi-roman
oye chhichhori tha,1,hi-roman
oye chhichhori hain,1,hi-roman
oye chhichhori aadmi,1,hi-roman
oye chhichhori insaan,1,hi-roman
oye chhichhori saale,1,hi-roman
oye chhichhori kutte,1,hi-roman
oye chhichhori yaar,1,hi-roman
are chhichhori,1,hi-roman
are chhichhori hai,1,hi-roman
are chhichhori ho,1,hi-roman
are chhichhori tha,1,hi-roman
are chhichhori hain,1,hi-roman
are chhichhori aadmi,1,hi-roman
are chhichhori insaan,1,hi-roman
are chhichhori saale,1,hi-roman
are chhichhori kutte,1,hi-roman
are chhichhori yaar,1,hi-roman
sun chhichhori,1,hi-roman
sun chhichhori hai,1,hi-roman
sun chhichhori ho,1,hi-roman
sun chhichhori tha,1,hi-roman
sun chhichhori hain,1,hi-roman
sun chhichhori aadmi,1,hi-roman
sun chhichhori insaan,1,hi-roman
sun chhichhori saale,1,hi-roman
sun chhichhori kutte,1,hi-roman
sun chhichhori yaar,1,hi-roman
dekh chhichhori,1,hi-roman
dekh chhichhori hai,1,hi-roman
dekh chhichhori ho,1,hi-roman
dekh chhichhori tha,1,hi-roman
dekh chhichhori hain,1,hi-roman
dekh chhichhori aadmi,1,hi-roman
dekh chhichhori insaan,1,hi-roman
dekh chhichhori saale,1,hi-roman
dekh chhichhori kutte,1,hi-roman
dekh chhichhori yaar,1,hi-roman
fuhad,1,hi-roman
fuhad hai,1,hi-roman
fuhad ho,1,hi-roman
fuhad tha,1,hi-roman
fuhad hain,1,hi-roman
fuhad aadmi,1,hi-roman
fuhad insaan,1,hi-roman
fuhad saale,1,hi-roman
fuhad kutte,1,hi-roman
fuhad yaar,1,hi-roman
tu fuhad,1,hi-roman
tu fuhad hai,1,hi-roman
tu fuhad ho,1,hi-roman
tu fuhad tha,1,hi-roman
tu fuhad hain,1,hi-roman
tu fuhad aadmi,1,hi-roman
tu fuhad insaan,1,hi-roman
tu fuhad saale,1,hi-roman
tu fuhad kutte,1,hi-roman
tu fuhad yaar,1,hi-roman
tum fuhad,1,hi-roman
tum fuhad hai,1,hi-roman
tum fuhad ho,1,hi-roman
tum fuhad tha,1,hi-roman
tum fuhad hain,1,hi-roman
tum fuhad aadmi,1,hi-roman
tum fuhad insaan,1,hi-roman
tum fuhad saale,1,hi-roman
tum fuhad kutte,1,hi-roman
tum fuhad yaar,1,hi-roman
abe fuhad,1,hi-roman
abe fuhad hai,1,hi-roman
abe fuhad ho,1,hi-roman
abe fuhad tha,1,hi-roman
abe fuhad hain,1,hi-roman
abe fuhad aadmi,1,hi-roman
abe fuhad insaan,1,hi-roman
abe fuhad saale,1,hi-roman
abe fuhad kutte,1,hi-roman
abe fuhad yaar,1,hi-roman
oye fuhad,1,hi-roman
oye fuhad hai,1,hi-roman
oye fuhad ho,1,hi-roman
oye fuhad tha,1,hi-roman
oye fuhad hain,1,hi-roman
oye fuhad aadmi,1,hi-roman
oye fuhad insaan,1,hi-roman
oye fuhad saale,1,hi-roman
oye fuhad kutte,1,hi-roman
oye fuhad yaar,1,hi-roman
are fuhad,1,hi-roman
are fuhad hai,1,hi-roman
are fuhad ho,1,hi-roman
are fuhad tha,1,hi-roman
are fuhad hain,1,hi-roman
are fuhad aadmi,1,hi-roman
are fuhad insaan,1,hi-roman
are fuhad saale,1,hi-roman
are fuhad kutte,1,hi-roman
are fuhad yaar,1,hi-roman
sun fuhad,1,hi-roman
sun fuhad hai,1,hi-roman
sun fuhad ho,1,hi-roman
sun fuhad tha,1,hi-roman
sun fuhad hain,1,hi-roman
sun fuhad aadmi,1,hi-roman
sun fuhad insaan,1,hi-roman
sun fuhad saale,1,hi-roman
sun fuhad kutte,1,hi-roman
sun fuhad yaar,1,hi-roman
dekh fuhad,1,hi-roman
dekh fuhad hai,1,hi-roman
dekh fuhad ho,1,hi-roman
dekh fuhad tha,1,hi-roman
dekh fuhad hain,1,hi-roman
dekh fuhad aadmi,1,hi-roman
dekh fuhad insaan,1,hi-roman
dekh fuhad saale,1,hi-roman
dekh fuhad kutte,1,hi-roman
dekh fuhad yaar,1,hi-roman
luchcha,1,hi-roman
luchcha hai,1,hi-roman
luchcha ho,1,hi-roman
luchcha tha,1,hi-roman
luchcha hain,1,hi-roman
luchcha aadmi,1,hi-roman
luchcha insaan,1,hi-roman
luchcha saale,1,hi-roman
luchcha kutte,1,hi-roman
luchcha yaar,1,hi-roman
tu luchcha,1,hi-roman
tu luchcha hai,1,hi-roman
tu luchcha ho,1,hi-roman
tu luchcha tha,1,hi-roman
tu luchcha hain,1,hi-roman
tu luchcha aadmi,1,hi-roman
tu luchcha insaan,1,hi-roman
tu luchcha saale,1,hi-roman
tu luchcha kutte,1,hi-roman
tu luchcha yaar,1,hi-roman
tum luchcha,1,hi-roman
tum luchcha hai,1,hi-roman
tum luchcha ho,1,hi-roman
tum luchcha tha,1,hi-roman
tum luchcha hain,1,hi-roman
tum luchcha aadmi,1,hi-roman
tum luchcha insaan,1,hi-roman
tum luchcha saale,1,hi-roman
tum luchcha kutte,1,hi-roman
tum luchcha yaar,1,hi-roman
abe luchcha,1,hi-roman
abe luchcha hai,1,hi-roman
abe luchcha ho,1,hi-roman
abe luchcha tha,1,hi-roman
abe luchcha hain,1,hi-roman
abe luchcha aadmi,1,hi-roman
abe luchcha insaan,1,hi-roman
abe luchcha saale,1,hi-roman
abe luchcha kutte,1,hi-roman
abe luchcha yaar,1,hi-roman
oye luchcha,1,hi-roman
oye luchcha hai,1,hi-roman
oye luchcha ho,1,hi-roman
oye luchcha tha,1,hi-roman
oye luchcha hain,1,hi-roman
oye luchcha aadmi,1,hi-roman
oye luchcha insaan,1,hi-roman
oye luchcha saale,1,hi-roman
oye luchcha kutte,1,hi-roman
oye luchcha yaar,1,hi-roman
are luchcha,1,hi-roman
are luchcha hai,1,hi-roman
are luchcha ho,1,hi-roman
are luchcha tha,1,hi-roman
are luchcha hain,1,hi-roman
are luchcha aadmi,1,hi-roman
are luchcha insaan,1,hi-roman
are luchcha saale,1,hi-roman
are luchcha kutte,1,hi-roman
are luchcha yaar,1,hi-roman
sun luchcha,1,hi-roman
sun luchcha hai,1,hi-roman
sun luchcha ho,1,hi-roman
sun luchcha tha,1,hi-roman
sun luchcha hain,1,hi-roman
sun luchcha aadmi,1,hi-roman
sun luchcha insaan,1,hi-roman
sun luchcha saale,1,hi-roman
sun luchcha kutte,1,hi-roman
sun luchcha yaar,1,hi-roman
dekh luchcha,1,hi-roman
dekh luchcha hai,1,hi-roman
dekh luchcha ho,1,hi-roman
dekh luchcha tha,1,hi-roman
dekh luchcha hain,1,hi-roman
dekh luchcha aadmi,1,hi-roman
dekh luchcha insaan,1,hi-roman
dekh luchcha saale,1,hi-roman
dekh luchcha kutte,1,hi-roman
dekh luchcha yaar,1,hi-roman
luchchi,1,hi-roman
luchchi hai,1,hi-roman
luchchi ho,1,hi-roman
luchchi tha,1,hi-roman
luchchi hain,1,hi-roman
luchchi aadmi,1,hi-roman
luchchi insaan,1,hi-roman
luchchi saale,1,hi-roman
luchchi kutte,1,hi-roman
luchchi yaar,1,hi-roman
tu luchchi,1,hi-roman
tu luchchi hai,1,hi-roman
tu luchchi ho,1,hi-roman
tu luchchi tha,1,hi-roman
tu luchchi hain,1,hi-roman
tu luchchi aadmi,1,hi-roman
tu luchchi insaan,1,hi-roman
tu luchchi saale,1,hi-roman
tu luchchi kutte,1,hi-roman
tu luchchi yaar,1,hi-roman
tum luchchi,1,hi-roman
tum luchchi hai,1,hi-roman
tum luchchi ho,1,hi-roman
tum luchchi tha,1,hi-roman
tum luchchi hain,1,hi-roman
tum luchchi aadmi,1,hi-roman
tum luchchi insaan,1,hi-roman
tum luchchi saale,1,hi-roman
tum luchchi kutte,1,hi-roman
tum luchchi yaar,1,hi-roman
abe luchchi,1,hi-roman
abe luchchi hai,1,hi-roman
abe luchchi ho,1,hi-roman
abe luchchi tha,1,hi-roman
abe luchchi hain,1,hi-roman
abe luchchi aadmi,1,hi-roman
abe luchchi insaan,1,hi-roman
abe luchchi saale,1,hi-roman
abe luchchi kutte,1,hi-roman
abe luchchi yaar,1,hi-roman
oye luchchi,1,hi-roman
oye luchchi hai,1,hi-roman
oye luchchi ho,1,hi-roman
oye luchchi tha,1,hi-roman
oye luchchi hain,1,hi-roman
oye luchchi aadmi,1,hi-roman
oye luchchi insaan,1,hi-roman
oye luchchi saale,1,hi-roman
oye luchchi kutte,1,hi-roman
oye luchchi yaar,1,hi-roman
are luchchi,1,hi-roman
are luchchi hai,1,hi-roman
are luchchi ho,1,hi-roman
are luchchi tha,1,hi-roman
are luchchi hain,1,hi-roman
are luchchi aadmi,1,hi-roman
are luchchi insaan,1,hi-roman
are luchchi saale,1,hi-roman
are luchchi kutte,1,hi-roman
are luchchi yaar,1,hi-roman
sun luchchi,1,hi-roman
sun luchchi hai,1,hi-roman
sun luchchi ho,1,hi-roman
sun luchchi tha,1,hi-roman
sun luchchi hain,1,hi-roman
sun luchchi aadmi,1,hi-roman
sun luchchi insaan,1,hi-roman
sun luchchi saale,1,hi-roman
sun luchchi kutte,1,hi-roman
sun luchchi yaar,1,hi-roman
dekh luchchi,1,hi-roman
dekh luchchi hai,1,hi-roman
dekh luchchi ho,1,hi-roman
dekh luchchi tha,1,hi-roman
dekh luchchi hain,1,hi-roman
dekh luchchi aadmi,1,hi-roman
dekh luchchi insaan,1,hi-roman
dekh luchchi saale,1,hi-roman
dekh luchchi kutte,1,hi-roman
dekh luchchi yaar,1,hi-roman
luchchapan,1,hi-roman
luchchapan hai,1,hi-roman
luchchapan ho,1,hi-roman
luchchapan tha,1,hi-roman
luchchapan hain,1,hi-roman
luchchapan aadmi,1,hi-roman
luchchapan insaan,1,hi-roman
luchchapan saale,1,hi-roman
luchchapan kutte,1,hi-roman
luchchapan yaar,1,hi-roman
tu luchchapan,1,hi-roman
tu luchchapan hai,1,hi-roman
tu luchchapan ho,1,hi-roman
tu luchchapan tha,1,hi-roman
tu luchchapan hain,1,hi-roman
tu luchchapan aadmi,1,hi-roman
tu luchchapan insaan,1,hi-roman
tu luchchapan saale,1,hi-roman
tu luchchapan kutte,1,hi-roman
tu luchchapan yaar,1,hi-roman
tum luchchapan,1,hi-roman
tum luchchapan hai,1,hi-roman
tum luchchapan ho,1,hi-roman
tum luchchapan tha,1,hi-roman
tum luchchapan hain,1,hi-roman
tum luchchapan aadmi,1,hi-roman
tum luchchapan insaan,1,hi-roman
tum luchchapan saale,1,hi-roman
tum luchchapan kutte,1,hi-roman
tum luchchapan yaar,1,hi-roman
abe luchchapan,1,hi-roman
abe luchchapan hai,1,hi-roman
abe luchchapan ho,1,hi-roman
abe luchchapan tha,1,hi-roman
abe luchchapan hain,1,hi-roman
abe luchchapan aadmi,1,hi-roman
abe luchchapan insaan,1,hi-roman
abe luchchapan saale,1,hi-roman
abe luchchapan kutte,1,hi-roman
abe luchchapan yaar,1,hi-roman
oye luchchapan,1,hi-roman
oye luchchapan hai,1,hi-roman
oye luchchapan ho,1,hi-roman
oye luchchapan tha,1,hi-roman
oye luchchapan hain,1,hi-roman
oye luchchapan aadmi,1,hi-roman
oye luchchapan insaan,1,hi-roman
oye luchchapan saale,1,hi-roman
oye luchchapan kutte,1,hi-roman
oye luchchapan yaar,1,hi-roman
are luchchapan,1,hi-roman
are luchchapan hai,1,hi-roman
are luchchapan ho,1,hi-roman
are luchchapan tha,1,hi-roman
are luchchapan hain,1,hi-roman
are luchchapan aadmi,1,hi-roman
are luchchapan insaan,1,hi-roman
are luchchapan saale,1,hi-roman
are luchchapan kutte,1,hi-roman
are luchchapan yaar,1,hi-roman
sun luchchapan,1,hi-roman
sun luchchapan hai,1,hi-roman
sun luchchapan ho,1,hi-roman
sun luchchapan tha,1,hi-roman
sun luchchapan hain,1,hi-roman
sun luchchapan aadmi,1,hi-roman
sun luchchapan insaan,1,hi-roman
sun luchchapan saale,1,hi-roman
sun luchchapan kutte,1,hi-roman
sun luchchapan yaar,1,hi-roman
dekh luchchapan,1,hi-roman
dekh luchchapan hai,1,hi-roman
dekh luchchapan ho,1,hi-roman
dekh luchchapan tha,1,hi-roman
dekh luchchapan hain,1,hi-roman
dekh luchchapan aadmi,1,hi-roman
dekh luchchapan insaan,1,hi-roman
dekh luchchapan saale,1,hi-roman
dekh luchchapan kutte,1,hi-roman
dekh luchchapan yaar,1,hi-roman
badmash aadmi hai,1,hi-roman
badmash aadmi ho,1,hi-roman
badmash aadmi tha,1,hi-roman
badmash aadmi hain,1,hi-roman
badmash aadmi aadmi,1,hi-roman
badmash aadmi insaan,1,hi-roman
badmash aadmi saale,1,hi-roman
badmash aadmi kutte,1,hi-roman
badmash aadmi yaar,1,hi-roman
tu badmash aadmi hai,1,hi-roman
tu badmash aadmi ho,1,hi-roman
tu badmash aadmi tha,1,hi-roman
tu badmash aadmi hain,1,hi-roman
tu badmash aadmi aadmi,1,hi-roman
tu badmash aadmi insaan,1,hi-roman
tu badmash aadmi saale,1,hi-roman
tu badmash aadmi kutte,1,hi-roman
tu badmash aadmi yaar,1,hi-roman
tum badmash aadmi hai,1,hi-roman
tum badmash aadmi ho,1,hi-roman
tum badmash aadmi tha,1,hi-roman
tum badmash aadmi hain,1,hi-roman
tum badmash aadmi aadmi,1,hi-roman
tum badmash aadmi insaan,1,hi-roman
tum badmash aadmi saale,1,hi-roman
tum badmash aadmi kutte,1,hi-roman
tum badmash aadmi yaar,1,hi-roman
abe badmash aadmi hai,1,hi-roman
abe badmash aadmi ho,1,hi-roman
abe badmash aadmi tha,1,hi-roman
abe badmash aadmi hain,1,hi-roman
abe badmash aadmi aadmi,1,hi-roman
abe badmash aadmi insaan,1,hi-roman
abe badmash aadmi saale,1,hi-roman
abe badmash aadmi kutte,1,hi-roman
abe badmash aadmi yaar,1,hi-roman
oye badmash aadmi hai,1,hi-roman
oye badmash aadmi ho,1,hi-roman
oye badmash aadmi tha,1,hi-roman
oye badmash aadmi hain,1,hi-roman
oye badmash aadmi aadmi,1,hi-roman
oye badmash aadmi insaan,1,hi-roman
oye badmash aadmi saale,1,hi-roman
oye badmash aadmi kutte,1,hi-roman
oye badmash aadmi yaar,1,hi-roman
are badmash aadmi hai,1,hi-roman
are badmash aadmi ho,1,hi-roman
are badmash aadmi tha,1,hi-roman
are badmash aadmi hain,1,hi-roman
are badmash aadmi aadmi,1,hi-roman
are badmash aadmi insaan,1,hi-roman
are badmash aadmi saale,1,hi-roman
are badmash aadmi kutte,1,hi-roman
are badmash aadmi yaar,1,hi-roman
sun badmash aadmi hai,1,hi-roman
sun badmash aadmi ho,1,hi-roman
sun badmash aadmi tha,1,hi-roman
sun badmash aadmi hain,1,hi-roman
sun badmash aadmi aadmi,1,hi-roman
sun badmash aadmi insaan,1,hi-roman
sun badmash aadmi saale,1,hi-roman
sun badmash aadmi kutte,1,hi-roman
sun badmash aadmi yaar,1,hi-roman
dekh badmash aadmi hai,1,hi-roman
dekh badmash aadmi ho,1,hi-roman
dekh badmash aadmi tha,1,hi-roman
dekh badmash aadmi hain,1,hi-roman
dekh badmash aadmi aadmi,1,hi-roman
dekh badmash aadmi insaan,1,hi-roman
dekh badmash aadmi saale,1,hi-roman
dekh badmash aadmi kutte,1,hi-roman
dekh badmash aadmi yaar,1,hi-roman
upadravi,1,hi-roman
upadravi hai,1,hi-roman
upadravi ho,1,hi-roman
upadravi tha,1,hi-roman
upadravi hain,1,hi-roman
upadravi aadmi,1,hi-roman
upadravi insaan,1,hi-roman
upadravi saale,1,hi-roman
upadravi kutte,1,hi-roman
upadravi yaar,1,hi-roman
tu upadravi,1,hi-roman
tu upadravi hai,1,hi-roman
tu upadravi ho,1,hi-roman
tu upadravi tha,1,hi-roman
tu upadravi hain,1,hi-roman
tu upadravi aadmi,1,hi-roman
tu upadravi insaan,1,hi-roman
tu upadravi saale,1,hi-roman
tu upadravi kutte,1,hi-roman
tu upadravi yaar,1,hi-roman
tum upadravi,1,hi-roman
tum upadravi hai,1,hi-roman
tum upadravi ho,1,hi-roman
tum upadravi tha,1,hi-roman
tum upadravi hain,1,hi-roman
tum upadravi aadmi,1,hi-roman
tum upadravi insaan,1,hi-roman
tum upadravi saale,1,hi-roman
tum upadravi kutte,1,hi-roman
tum upadravi yaar,1,hi-roman
abe upadravi,1,hi-roman
abe upadravi hai,1,hi-roman
abe upadravi ho,1,hi-roman
abe upadravi tha,1,hi-roman
abe upadravi hain,1,hi-roman
abe upadravi aadmi,1,hi-roman
abe upadravi insaan,1,hi-roman
abe upadravi saale,1,hi-roman
abe upadravi kutte,1,hi-roman
abe upadravi yaar,1,hi-roman
oye upadravi,1,hi-roman
oye upadravi hai,1,hi-roman
oye upadravi ho,1,hi-roman
oye upadravi tha,1,hi-roman
oye upadravi hain,1,hi-roman
oye upadravi aadmi,1,hi-roman
oye upadravi insaan,1,hi-roman
oye upadravi saale,1,hi-roman
oye upadravi kutte,1,hi-roman
oye upadravi yaar,1,hi-roman
are upadravi,1,hi-roman
are upadravi hai,1,hi-roman
are upadravi ho,1,hi-roman
are upadravi tha,1,hi-roman
are upadravi hain,1,hi-roman
are upadravi aadmi,1,hi-roman
are upadravi insaan,1,hi-roman
are upadravi saale,1,hi-roman
are upadravi kutte,1,hi-roman
are upadravi yaar,1,hi-roman
sun upadravi,1,hi-roman
sun upadravi hai,1,hi-roman
sun upadravi ho,1,hi-roman
sun upadravi tha,1,hi-roman
sun upadravi hain,1,hi-roman
sun upadravi aadmi,1,hi-roman
sun upadravi insaan,1,hi-roman
sun upadravi saale,1,hi-roman
sun upadravi kutte,1,hi-roman
sun upadravi yaar,1,hi-roman
dekh upadravi,1,hi-roman
dekh upadravi hai,1,hi-roman
dekh upadravi ho,1,hi-roman
dekh upadravi tha,1,hi-roman
dekh upadravi hain,1,hi-roman
dekh upadravi aadmi,1,hi-roman
dekh upadravi insaan,1,hi-roman
dekh upadravi saale,1,hi-roman
dekh upadravi kutte,1,hi-roman
dekh upadravi yaar,1,hi-roman
jhagdaalu,1,hi-roman
jhagdaalu hai,1,hi-roman
jhagdaalu ho,1,hi-roman
jhagdaalu tha,1,hi-roman
jhagdaalu hain,1,hi-roman
jhagdaalu aadmi,1,hi-roman
jhagdaalu insaan,1,hi-roman
jhagdaalu saale,1,hi-roman
jhagdaalu kutte,1,hi-roman
jhagdaalu yaar,1,hi-roman
tu jhagdaalu,1,hi-roman
tu jhagdaalu hai,1,hi-roman
tu jhagdaalu ho,1,hi-roman
tu jhagdaalu tha,1,hi-roman
tu jhagdaalu hain,1,hi-roman
tu jhagdaalu aadmi,1,hi-roman
tu jhagdaalu insaan,1,hi-roman
tu jhagdaalu saale,1,hi-roman
tu jhagdaalu kutte,1,hi-roman
tu jhagdaalu yaar,1,hi-roman
tum jhagdaalu,1,hi-roman
tum jhagdaalu hai,1,hi-roman
tum jhagdaalu ho,1,hi-roman
tum jhagdaalu tha,1,hi-roman
tum jhagdaalu hain,1,hi-roman
tum jhagdaalu aadmi,1,hi-roman
tum jhagdaalu insaan,1,hi-roman
tum jhagdaalu saale,1,hi-roman
tum jhagdaalu kutte,1,hi-roman
tum jhagdaalu yaar,1,hi-roman
abe jhagdaalu,1,hi-roman
abe jhagdaalu hai,1,hi-roman
abe jhagdaalu ho,1,hi-roman
abe jhagdaalu tha,1,hi-roman
abe jhagdaalu hain,1,hi-roman
abe jhagdaalu aadmi,1,hi-roman
abe jhagdaalu insaan,1,hi-roman
abe jhagdaalu saale,1,hi-roman
abe jhagdaalu kutte,1,hi-roman
abe jhagdaalu yaar,1,hi-roman
oye jhagdaalu,1,hi-roman
oye jhagdaalu hai,1,hi-roman
oye jhagdaalu ho,1,hi-roman
oye jhagdaalu tha,1,hi-roman
oye jhagdaalu hain,1,hi-roman
oye jhagdaalu aadmi,1,hi-roman
oye jhagdaalu insaan,1,hi-roman
oye jhagdaalu saale,1,hi-roman
oye jhagdaalu kutte,1,hi-roman
oye jhagdaalu yaar,1,hi-roman
are jhagdaalu,1,hi-roman
are jhagdaalu hai,1,hi-roman
are jhagdaalu ho,1,hi-roman
are jhagdaalu tha,1,hi-roman
are jhagdaalu hain,1,hi-roman
are jhagdaalu aadmi,1,hi-roman
are jhagdaalu insaan,1,hi-roman
are jhagdaalu saale,1,hi-roman
are jhagdaalu kutte,1,hi-roman
are jhagdaalu yaar,1,hi-roman
sun jhagdaalu,1,hi-roman
sun jhagdaalu hai,1,hi-roman
sun jhagdaalu ho,1,hi-roman
sun jhagdaalu tha,1,hi-roman
sun jhagdaalu hain,1,hi-roman
sun jhagdaalu aadmi,1,hi-roman
sun jhagdaalu insaan,1,hi-roman
sun jhagdaalu saale,1,hi-roman
sun jhagdaalu kutte,1,hi-roman
sun jhagdaalu yaar,1,hi-roman
dekh jhagdaalu,1,hi-roman
dekh jhagdaalu hai,1,hi-roman
dekh jhagdaalu ho,1,hi-roman
dekh jhagdaalu tha,1,hi-roman
dekh jhagdaalu hain,1,hi-roman
dekh jhagdaalu aadmi,1,hi-roman
dekh jhagdaalu insaan,1,hi-roman
dekh jhagdaalu saale,1,hi-roman
dekh jhagdaalu kutte,1,hi-roman
dekh jhagdaalu yaar,1,hi-roman
fasadi,1,hi-roman
fasadi hai,1,hi-roman
fasadi ho,1,hi-roman
fasadi tha,1,hi-roman
fasadi hain,1,hi-roman
fasadi aadmi,1,hi-roman
fasadi insaan,1,hi-roman
fasadi saale,1,hi-roman
fasadi kutte,1,hi-roman
fasadi yaar,1,hi-roman
tu fasadi,1,hi-roman
tu fasadi hai,1,hi-roman
tu fasadi ho,1,hi-roman
tu fasadi tha,1,hi-roman
tu fasadi hain,1,hi-roman
tu fasadi aadmi,1,hi-roman
tu fasadi insaan,1,hi-roman
tu fasadi saale,1,hi-roman
tu fasadi kutte,1,hi-roman
tu fasadi yaar,1,hi-roman
tum fasadi,1,hi-roman
tum fasadi hai,1,hi-roman
tum fasadi ho,1,hi-roman
tum fasadi tha,1,hi-roman
tum fasadi hain,1,hi-roman
tum fasadi aadmi,1,hi-roman
tum fasadi insaan,1,hi-roman
tum fasadi saale,1,hi-roman
tum fasadi kutte,1,hi-roman
tum fasadi yaar,1,hi-roman
abe fasadi,1,hi-roman
abe fasadi hai,1,hi-roman
abe fasadi ho,1,hi-roman
abe fasadi tha,1,hi-roman
abe fasadi hain,1,hi-roman
abe fasadi aadmi,1,hi-roman
abe fasadi insaan,1,hi-roman
abe fasadi saale,1,hi-roman
abe fasadi kutte,1,hi-roman
abe fasadi yaar,1,hi-roman
oye fasadi,1,hi-roman
oye fasadi hai,1,hi-roman
oye fasadi ho,1,hi-roman
oye fasadi tha,1,hi-roman
oye fasadi hain,1,hi-roman
oye fasadi aadmi,1,hi-roman
oye fasadi insaan,1,hi-roman
oye fasadi saale,1,hi-roman
oye fasadi kutte,1,hi-roman
oye fasadi yaar,1,hi-roman
are fasadi,1,hi-roman
are fasadi hai,1,hi-roman
are fasadi ho,1,hi-roman
are fasadi tha,1,hi-roman
are fasadi hain,1,hi-roman
are fasadi aadmi,1,hi-roman
are fasadi insaan,1,hi-roman
are fasadi saale,1,hi-roman
are fasadi kutte,1,hi-roman
are fasadi yaar,1,hi-roman
sun fasadi,1,hi-roman
sun fasadi hai,1,hi-roman
sun fasadi ho,1,hi-roman
sun fasadi tha,1,hi-roman
sun fasadi hain,1,hi-roman
sun fasadi aadmi,1,hi-roman
sun fasadi insaan,1,hi-roman
sun fasadi saale,1,hi-roman
sun fasadi kutte,1,hi-roman
sun fasadi yaar,1,hi-roman
dekh fasadi,1,hi-roman
dekh fasadi hai,1,hi-roman
dekh fasadi ho,1,hi-roman
dekh fasadi tha,1,hi-roman
dekh fasadi hain,1,hi-roman
dekh fasadi aadmi,1,hi-roman
dekh fasadi insaan,1,hi-roman
dekh fasadi saale,1,hi-roman
dekh fasadi kutte,1,hi-roman
dekh fasadi yaar,1,hi-roman
dangaai,1,hi-roman
dangaai hai,1,hi-roman
dangaai ho,1,hi-roman
dangaai tha,1,hi-roman
dangaai hain,1,hi-roman
dangaai aadmi,1,hi-roman
dangaai insaan,1,hi-roman
dangaai saale,1,hi-roman
dangaai kutte,1,hi-roman
dangaai yaar,1,hi-roman
tu dangaai,1,hi-roman
tu dangaai hai,1,hi-roman
tu dangaai ho,1,hi-roman
tu dangaai tha,1,hi-roman
tu dangaai hain,1,hi-roman
tu dangaai aadmi,1,hi-roman
tu dangaai insaan,1,hi-roman
tu dangaai saale,1,hi-roman
tu dangaai kutte,1,hi-roman
tu dangaai yaar,1,hi-roman
tum dangaai,1,hi-roman
tum dangaai hai,1,hi-roman
tum dangaai ho,1,hi-roman
tum dangaai tha,1,hi-roman
tum dangaai hain,1,hi-roman
tum dangaai aadmi,1,hi-roman
tum dangaai insaan,1,hi-roman
tum dangaai saale,1,hi-roman
tum dangaai kutte,1,hi-roman
tum dangaai yaar,1,hi-roman
abe dangaai,1,hi-roman
abe dangaai hai,1,hi-roman
abe dangaai ho,1,hi-roman
abe dangaai tha,1,hi-roman
abe dangaai hain,1,hi-roman
abe dangaai aadmi,1,hi-roman
abe dangaai insaan,1,hi-roman
abe dangaai saale,1,hi-roman
abe dangaai kutte,1,hi-roman
abe dangaai yaar,1,hi-roman
oye dangaai,1,hi-roman
oye dangaai hai,1,hi-roman
oye dangaai ho,1,hi-roman
oye dangaai tha,1,hi-roman
oye dangaai hain,1,hi-roman
oye dangaai aadmi,1,hi-roman
oye dangaai insaan,1,hi-roman
oye dangaai saale,1,hi-roman
oye dangaai kutte,1,hi-roman
oye dangaai yaar,1,hi-roman
are dangaai,1,hi-roman
are dangaai hai,1,hi-roman
are dangaai ho,1,hi-roman
are dangaai tha,1,hi-roman
are dangaai hain,1,hi-roman
are dangaai aadmi,1,hi-roman
are dangaai insaan,1,hi-roman
are dangaai saale,1,hi-roman
are dangaai kutte,1,hi-roman
are dangaai yaar,1,hi-roman
sun dangaai,1,hi-roman
sun dangaai hai,1,hi-roman
sun dangaai ho,1,hi-roman
sun dangaai tha,1,hi-roman
sun dangaai hain,1,hi-roman
sun dangaai aadmi,1,hi-roman
sun dangaai insaan,1,hi-roman
sun dangaai saale,1,hi-roman
sun dangaai kutte,1,hi-roman
sun dangaai yaar,1,hi-roman
dekh dangaai,1,hi-roman
dekh dangaai hai,1,hi-roman
dekh dangaai ho,1,hi-roman
dekh dangaai tha,1,hi-roman
dekh dangaai hain,1,hi-roman
dekh dangaai aadmi,1,hi-roman
dekh dangaai insaan,1,hi-roman
dekh dangaai saale,1,hi-roman
dekh dangaai kutte,1,hi-roman
dekh dangaai yaar,1,hi-roman
badtameez aadmi hai,1,hi-roman
badtameez aadmi ho,1,hi-roman
badtameez aadmi tha,1,hi-roman
badtameez aadmi hain,1,hi-roman
badtameez aadmi aadmi,1,hi-roman
badtameez aadmi insaan,1,hi-roman
badtameez aadmi saale,1,hi-roman
badtameez aadmi kutte,1,hi-roman
badtameez aadmi yaar,1,hi-roman
tu badtameez aadmi hai,1,hi-roman
tu badtameez aadmi ho,1,hi-roman
tu badtameez aadmi tha,1,hi-roman
tu badtameez aadmi hain,1,hi-roman
tu badtameez aadmi aadmi,1,hi-roman
tu badtameez aadmi insaan,1,hi-roman
tu badtameez aadmi saale,1,hi-roman
tu badtameez aadmi kutte,1,hi-roman
tu badtameez aadmi yaar,1,hi-roman
tum badtameez aadmi hai,1,hi-roman
tum badtameez aadmi ho,1,hi-roman
tum badtameez aadmi tha,1,hi-roman
tum badtameez aadmi hain,1,hi-roman
tum badtameez aadmi aadmi,1,hi-roman
tum badtameez aadmi insaan,1,hi-roman
tum badtameez aadmi saale,1,hi-roman
tum badtameez aadmi kutte,1,hi-roman
tum badtameez aadmi yaar,1,hi-roman
abe badtameez aadmi hai,1,hi-roman
abe badtameez aadmi ho,1,hi-roman
abe badtameez aadmi tha,1,hi-roman
abe badtameez aadmi hain,1,hi-roman
abe badtameez aadmi aadmi,1,hi-roman
abe badtameez aadmi insaan,1,hi-roman
abe badtameez aadmi saale,1,hi-roman
abe badtameez aadmi kutte,1,hi-roman
abe badtameez aadmi yaar,1,hi-roman
oye badtameez aadmi hai,1,hi-roman
oye badtameez aadmi ho,1,hi-roman
oye badtameez aadmi tha,1,hi-roman
oye badtameez aadmi hain,1,hi-roman
oye badtameez aadmi aadmi,1,hi-roman
oye badtameez aadmi insaan,1,hi-roman
oye badtameez aadmi saale,1,hi-roman
oye badtameez aadmi kutte,1,hi-roman
oye badtameez aadmi yaar,1,hi-roman
are badtameez aadmi hai,1,hi-roman
are badtameez aadmi ho,1,hi-roman
are badtameez aadmi tha,1,hi-roman
are badtameez aadmi hain,1,hi-roman
are badtameez aadmi aadmi,1,hi-roman
are badtameez aadmi insaan,1,hi-roman
are badtameez aadmi saale,1,hi-roman
are badtameez aadmi kutte,1,hi-roman
are badtameez aadmi yaar,1,hi-roman
sun badtameez aadmi hai,1,hi-roman
sun badtameez aadmi ho,1,hi-roman
sun badtameez aadmi tha,1,hi-roman
sun badtameez aadmi hain,1,hi-roman
sun badtameez aadmi aadmi,1,hi-roman
sun badtameez aadmi insaan,1,hi-roman
sun badtameez aadmi saale,1,hi-roman
sun badtameez aadmi kutte,1,hi-roman
sun badtameez aadmi yaar,1,hi-roman
dekh badtameez aadmi hai,1,hi-roman
dekh badtameez aadmi ho,1,hi-roman
dekh badtameez aadmi tha,1,hi-roman
dekh badtameez aadmi hain,1,hi-roman
dekh badtameez aadmi aadmi,1,hi-roman
dekh badtameez aadmi insaan,1,hi-roman
dekh badtameez aadmi saale,1,hi-roman
dekh badtameez aadmi kutte,1,hi-roman
dekh badtameez aadmi yaar,1,hi-roman
haramkhor aadmi hai,1,hi-roman
haramkhor aadmi ho,1,hi-roman
haramkhor aadmi tha,1,hi-roman
haramkhor aadmi hain,1,hi-roman
haramkhor aadmi aadmi,1,hi-roman
haramkhor aadmi insaan,1,hi-roman
haramkhor aadmi saale,1,hi-roman
haramkhor aadmi kutte,1,hi-roman
haramkhor aadmi yaar,1,hi-roman
tu haramkhor aadmi hai,1,hi-roman
tu haramkhor aadmi ho,1,hi-roman
tu haramkhor aadmi tha,1,hi-roman
tu haramkhor aadmi hain,1,hi-roman
tu haramkhor aadmi aadmi,1,hi-roman
tu haramkhor aadmi insaan,1,hi-roman
tu haramkhor aadmi saale,1,hi-roman
tu haramkhor aadmi kutte,1,hi-roman
tu haramkhor aadmi yaar,1,hi-roman
tum haramkhor aadmi hai,1,hi-roman
tum haramkhor aadmi ho,1,hi-roman
tum haramkhor aadmi tha,1,hi-roman
tum haramkhor aadmi hain,1,hi-roman
tum haramkhor aadmi aadmi,1,hi-roman
tum haramkhor aadmi insaan,1,hi-roman
tum haramkhor aadmi saale,1,hi-roman
tum haramkhor aadmi kutte,1,hi-roman
tum haramkhor aadmi yaar,1,hi-roman
abe haramkhor aadmi hai,1,hi-roman
abe haramkhor aadmi ho,1,hi-roman
abe haramkhor aadmi tha,1,hi-roman
abe haramkhor aadmi hain,1,hi-roman
abe haramkhor aadmi aadmi,1,hi-roman
abe haramkhor aadmi insaan,1,hi-roman
abe haramkhor aadmi saale,1,hi-roman
abe haramkhor aadmi kutte,1,hi-roman
abe haramkhor aadmi yaar,1,hi-roman
oye haramkhor aadmi hai,1,hi-roman
oye haramkhor aadmi ho,1,hi-roman
oye haramkhor aadmi tha,1,hi-roman
oye haramkhor aadmi hain,1,hi-roman
oye haramkhor aadmi aadmi,1,hi-roman
oye haramkhor aadmi insaan,1,hi-roman
oye haramkhor aadmi saale,1,hi-roman
oye haramkhor aadmi kutte,1,hi-roman
oye haramkhor aadmi yaar,1,hi-roman
are haramkhor aadmi hai,1,hi-roman
are haramkhor aadmi ho,1,hi-roman
are haramkhor aadmi tha,1,hi-roman
are haramkhor aadmi hain,1,hi-roman
are haramkhor aadmi aadmi,1,hi-roman
are haramkhor aadmi insaan,1,hi-roman
are haramkhor aadmi saale,1,hi-roman
are haramkhor aadmi kutte,1,hi-roman
are haramkhor aadmi yaar,1,hi-roman
sun haramkhor aadmi hai,1,hi-roman
sun haramkhor aadmi ho,1,hi-roman
sun haramkhor aadmi tha,1,hi-roman
sun haramkhor aadmi hain,1,hi-roman
sun haramkhor aadmi aadmi,1,hi-roman
sun haramkhor aadmi insaan,1,hi-roman
sun haramkhor aadmi saale,1,hi-roman
sun haramkhor aadmi kutte,1,hi-roman
sun haramkhor aadmi yaar,1,hi-roman
dekh haramkhor aadmi hai,1,hi-roman
dekh haramkhor aadmi ho,1,hi-roman
dekh haramkhor aadmi tha,1,hi-roman
dekh haramkhor aadmi hain,1,hi-roman
dekh haramkhor aadmi aadmi,1,hi-roman
dekh haramkhor aadmi insaan,1,hi-roman
dekh haramkhor aadmi saale,1,hi-roman
dekh haramkhor aadmi kutte,1,hi-roman
dekh haramkhor aadmi yaar,1,hi-roman
harami aadmi hai,1,hi-roman
harami aadmi ho,1,hi-roman
harami aadmi tha,1,hi-roman
harami aadmi hain,1,hi-roman
harami aadmi aadmi,1,hi-roman
harami aadmi insaan,1,hi-roman
harami aadmi saale,1,hi-roman
harami aadmi kutte,1,hi-roman
harami aadmi yaar,1,hi-roman
tu harami aadmi hai,1,hi-roman
tu harami aadmi ho,1,hi-roman
tu harami aadmi tha,1,hi-roman
tu harami aadmi hain,1,hi-roman
tu harami aadmi aadmi,1,hi-roman
tu harami aadmi insaan,1,hi-roman
tu harami aadmi saale,1,hi-roman
tu harami aadmi kutte,1,hi-roman
tu harami aadmi yaar,1,hi-roman
tum harami aadmi hai,1,hi-roman
tum harami aadmi ho,1,hi-roman
tum harami aadmi tha,1,hi-roman
tum harami aadmi hain,1,hi-roman
tum harami aadmi aadmi,1,hi-roman
tum harami aadmi insaan,1,hi-roman
tum harami aadmi saale,1,hi-roman
tum harami aadmi kutte,1,hi-roman
tum harami aadmi yaar,1,hi-roman
abe harami aadmi hai,1,hi-roman
abe harami aadmi ho,1,hi-roman
abe harami aadmi tha,1,hi-roman
abe harami aadmi hain,1,hi-roman
abe harami aadmi aadmi,1,hi-roman
abe harami aadmi insaan,1,hi-roman
abe harami aadmi saale,1,hi-roman
abe harami aadmi kutte,1,hi-roman
abe harami aadmi yaar,1,hi-roman
oye harami aadmi hai,1,hi-roman
oye harami aadmi ho,1,hi-roman
oye harami aadmi tha,1,hi-roman
oye harami aadmi hain,1,hi-roman
oye harami aadmi aadmi,1,hi-roman
oye harami aadmi insaan,1,hi-roman
oye harami aadmi saale,1,hi-roman
oye harami aadmi kutte,1,hi-roman
oye harami aadmi yaar,1,hi-roman
are harami aadmi hai,1,hi-roman
are harami aadmi ho,1,hi-roman
are harami aadmi tha,1,hi-roman
are harami aadmi hain,1,hi-roman
are harami aadmi aadmi,1,hi-roman
are harami aadmi insaan,1,hi-roman
are harami aadmi saale,1,hi-roman
are harami aadmi kutte,1,hi-roman
are harami aadmi yaar,1,hi-roman
sun harami aadmi hai,1,hi-roman
sun harami aadmi ho,1,hi-roman
sun harami aadmi tha,1,hi-roman
sun harami aadmi hain,1,hi-roman
sun harami aadmi aadmi,1,hi-roman
sun harami aadmi insaan,1,hi-roman
sun harami aadmi saale,1,hi-roman
sun harami aadmi kutte,1,hi-roman
sun harami aadmi yaar,1,hi-roman
dekh harami aadmi hai,1,hi-roman
dekh harami aadmi ho,1,hi-roman
dekh harami aadmi tha,1,hi-roman
dekh harami aadmi hain,1,hi-roman
dekh harami aadmi aadmi,1,hi-roman
dekh harami aadmi insaan,1,hi-roman
dekh harami aadmi saale,1,hi-roman
dekh harami aadmi kutte,1,hi-roman
dekh harami aadmi yaar,1,hi-roman
kamina aadmi hai,1,hi-roman
kamina aadmi ho,1,hi-roman
kamina aadmi tha,1,hi-roman
kamina aadmi hain,1,hi-roman
kamina aadmi aadmi,1,hi-roman
kamina aadmi insaan,1,hi-roman
kamina aadmi saale,1,hi-roman
kamina aadmi kutte,1,hi-roman
kamina aadmi yaar,1,hi-roman
tu kamina aadmi hai,1,hi-roman
tu kamina aadmi ho,1,hi-roman
tu kamina aadmi tha,1,hi-roman
tu kamina aadmi hain,1,hi-roman
tu kamina aadmi aadmi,1,hi-roman
tu kamina aadmi insaan,1,hi-roman
tu kamina aadmi saale,1,hi-roman
tu kamina aadmi kutte,1,hi-roman
tu kamina aadmi yaar,1,hi-roman
tum kamina aadmi hai,1,hi-roman
tum kamina aadmi ho,1,hi-roman
tum kamina aadmi tha,1,hi-roman
tum kamina aadmi hain,1,hi-roman
tum kamina aadmi aadmi,1,hi-roman
tum kamina aadmi insaan,1,hi-roman
tum kamina aadmi saale,1,hi-roman
tum kamina aadmi kutte,1,hi-roman
tum kamina aadmi yaar,1,hi-roman
abe kamina aadmi hai,1,hi-roman
abe kamina aadmi ho,1,hi-roman
abe kamina aadmi tha,1,hi-roman
abe kamina aadmi hain,1,hi-roman
abe kamina aadmi aadmi,1,hi-roman
abe kamina aadmi insaan,1,hi-roman
abe kamina aadmi saale,1,hi-roman
abe kamina aadmi kutte,1,hi-roman
abe kamina aadmi yaar,1,hi-roman
oye kamina aadmi hai,1,hi-roman
oye kamina aadmi ho,1,hi-roman
oye kamina aadmi tha,1,hi-roman
oye kamina aadmi hain,1,hi-roman
oye kamina aadmi aadmi,1,hi-roman
oye kamina aadmi insaan,1,hi-roman
oye kamina aadmi saale,1,hi-roman
oye kamina aadmi kutte,1,hi-roman
oye kamina aadmi yaar,1,hi-roman
are kamina aadmi hai,1,hi-roman
are kamina aadmi ho,1,hi-roman
are kamina aadmi tha,1,hi-roman
are kamina aadmi hain,1,hi-roman
are kamina aadmi aadmi,1,hi-roman
are kamina aadmi insaan,1,hi-roman
are kamina aadmi saale,1,hi-roman
are kamina aadmi kutte,1,hi-roman
are kamina aadmi yaar,1,hi-roman
sun kamina aadmi hai,1,hi-roman
sun kamina aadmi ho,1,hi-roman
sun kamina aadmi tha,1,hi-roman
sun kamina aadmi hain,1,hi-roman
sun kamina aadmi aadmi,1,hi-roman
sun kamina aadmi insaan,1,hi-roman
sun kamina aadmi saale,1,hi-roman
sun kamina aadmi kutte,1,hi-roman
sun kamina aadmi yaar,1,hi-roman
dekh kamina aadmi hai,1,hi-roman
dekh kamina aadmi ho,1,hi-roman
dekh kamina aadmi tha,1,hi-roman
dekh kamina aadmi hain,1,hi-roman
dekh kamina aadmi aadmi,1,hi-roman
dekh kamina aadmi insaan,1,hi-roman
dekh kamina aadmi saale,1,hi-roman
dekh kamina aadmi kutte,1,hi-roman
dekh kamina aadmi yaar,1,hi-roman
kameena aadmi hai,1,hi-roman
kameena aadmi ho,1,hi-roman
kameena aadmi tha,1,hi-roman
kameena aadmi hain,1,hi-roman
kameena aadmi aadmi,1,hi-roman
kameena aadmi insaan,1,hi-roman
kameena aadmi saale,1,hi-roman
kameena aadmi kutte,1,hi-roman
kameena aadmi yaar,1,hi-roman
tu kameena aadmi hai,1,hi-roman
tu kameena aadmi ho,1,hi-roman
tu kameena aadmi tha,1,hi-roman
tu kameena aadmi hain,1,hi-roman
tu kameena aadmi aadmi,1,hi-roman
tu kameena aadmi insaan,1,hi-roman
tu kameena aadmi saale,1,hi-roman
tu kameena aadmi kutte,1,hi-roman
tu kameena aadmi yaar,1,hi-roman
tum kameena aadmi hai,1,hi-roman
tum kameena aadmi ho,1,hi-roman
tum kameena aadmi tha,1,hi-roman
tum kameena aadmi hain,1,hi-roman
tum kameena aadmi aadmi,1,hi-roman
tum kameena aadmi insaan,1,hi-roman
tum kameena aadmi saale,1,hi-roman
tum kameena aadmi kutte,1,hi-roman
tum kameena aadmi yaar,1,hi-roman
abe kameena aadmi hai,1,hi-roman
abe kameena aadmi ho,1,hi-roman
abe kameena aadmi tha,1,hi-roman
abe kameena aadmi hain,1,hi-roman
abe kameena aadmi aadmi,1,hi-roman
abe kameena aadmi insaan,1,hi-roman
abe kameena aadmi saale,1,hi-roman
abe kameena aadmi kutte,1,hi-roman
abe kameena aadmi yaar,1,hi-roman
oye kameena aadmi hai,1,hi-roman
oye kameena aadmi ho,1,hi-roman
oye kameena aadmi tha,1,hi-roman
oye kameena aadmi hain,1,hi-roman
oye kameena aadmi aadmi,1,hi-roman
oye kameena aadmi insaan,1,hi-roman
oye kameena aadmi saale,1,hi-roman
oye kameena aadmi kutte,1,hi-roman
oye kameena aadmi yaar,1,hi-roman
are kameena aadmi hai,1,hi-roman
are kameena aadmi ho,1,hi-roman
are kameena aadmi tha,1,hi-roman
are kameena aadmi hain,1,hi-roman
are kameena aadmi aadmi,1,hi-roman
are kameena aadmi insaan,1,hi-roman
are kameena aadmi saale,1,hi-roman
are kameena aadmi kutte,1,hi-roman
are kameena aadmi yaar,1,hi-roman
sun kameena aadmi hai,1,hi-roman
sun kameena aadmi ho,1,hi-roman
sun kameena aadmi tha,1,hi-roman
sun kameena aadmi hain,1,hi-roman
sun kameena aadmi aadmi,1,hi-roman
sun kameena aadmi insaan,1,hi-roman
sun kameena aadmi saale,1,hi-roman
sun kameena aadmi kutte,1,hi-roman
sun kameena aadmi yaar,1,hi-roman
dekh kameena aadmi hai,1,hi-roman
dekh kameena aadmi ho,1,hi-roman
dekh kameena aadmi tha,1,hi-roman
dekh kameena aadmi hain,1,hi-roman
dekh kameena aadmi aadmi,1,hi-roman
dekh kameena aadmi insaan,1,hi-roman
dekh kameena aadmi saale,1,hi-roman
dekh kameena aadmi kutte,1,hi-roman
dekh kameena aadmi yaar,1,hi-roman
chutiya aadmi hai,1,hi-roman
chutiya aadmi ho,1,hi-roman
chutiya aadmi tha,1,hi-roman
chutiya aadmi hain,1,hi-roman
chutiya aadmi aadmi,1,hi-roman
chutiya aadmi insaan,1,hi-roman
chutiya aadmi saale,1,hi-roman
chutiya aadmi kutte,1,hi-roman
chutiya aadmi yaar,1,hi-roman
tu chutiya aadmi hai,1,hi-roman
tu chutiya aadmi ho,1,hi-roman
tu chutiya aadmi tha,1,hi-roman
tu chutiya aadmi hain,1,hi-roman
tu chutiya aadmi aadmi,1,hi-roman
tu chutiya aadmi insaan,1,hi-roman
tu chutiya aadmi saale,1,hi-roman
tu chutiya aadmi kutte,1,hi-roman
tu chutiya aadmi yaar,1,hi-roman
tum chutiya aadmi hai,1,hi-roman
tum chutiya aadmi ho,1,hi-roman
tum chutiya aadmi tha,1,hi-roman
tum chutiya aadmi hain,1,hi-roman
tum chutiya aadmi aadmi,1,hi-roman
tum chutiya aadmi insaan,1,hi-roman
tum chutiya aadmi saale,1,hi-roman
tum chutiya aadmi kutte,1,hi-roman
tum chutiya aadmi yaar,1,hi-roman
abe chutiya aadmi hai,1,hi-roman
abe chutiya aadmi ho,1,hi-roman
abe chutiya aadmi tha,1,hi-roman
abe chutiya aadmi hain,1,hi-roman
abe chutiya aadmi aadmi,1,hi-roman
abe chutiya aadmi insaan,1,hi-roman
abe chutiya aadmi saale,1,hi-roman
abe chutiya aadmi kutte,1,hi-roman
abe chutiya aadmi yaar,1,hi-roman
oye chutiya aadmi hai,1,hi-roman
oye chutiya aadmi ho,1,hi-roman
oye chutiya aadmi tha,1,hi-roman
oye chutiya aadmi hain,1,hi-roman
oye chutiya aadmi aadmi,1,hi-roman
oye chutiya aadmi insaan,1,hi-roman
oye chutiya aadmi saale,1,hi-roman
oye chutiya aadmi kutte,1,hi-roman
oye chutiya aadmi yaar,1,hi-roman
are chutiya aadmi hai,1,hi-roman
are chutiya aadmi ho,1,hi-roman
are chutiya aadmi tha,1,hi-roman
are chutiya aadmi hain,1,hi-roman
are chutiya aadmi aadmi,1,hi-roman
are chutiya aadmi insaan,1,hi-roman
are chutiya aadmi saale,1,hi-roman
are chutiya aadmi kutte,1,hi-roman
are chutiya aadmi yaar,1,hi-roman
sun chutiya aadmi hai,1,hi-roman
sun chutiya aadmi ho,1,hi-roman
sun chutiya aadmi tha,1,hi-roman
sun chutiya aadmi hain,1,hi-roman
sun chutiya aadmi aadmi,1,hi-roman
sun chutiya aadmi insaan,1,hi-roman
sun chutiya aadmi saale,1,hi-roman
sun chutiya aadmi kutte,1,hi-roman
sun chutiya aadmi yaar,1,hi-roman
dekh chutiya aadmi hai,1,hi-roman
dekh chutiya aadmi ho,1,hi-roman
dekh chutiya aadmi tha,1,hi-roman
dekh chutiya aadmi hain,1,hi-roman
dekh chutiya aadmi aadmi,1,hi-roman
dekh chutiya aadmi insaan,1,hi-roman
dekh chutiya aadmi saale,1,hi-roman
dekh chutiya aadmi kutte,1,hi-roman
dekh chutiya aadmi yaar,1,hi-roman
chutiya ladka,1,hi-roman
chutiya ladka hai,1,hi-roman
chutiya ladka ho,1,hi-roman
chutiya ladka tha,1,hi-roman
chutiya ladka hain,1,hi-roman
chutiya ladka aadmi,1,hi-roman
chutiya ladka insaan,1,hi-roman
chutiya ladka saale,1,hi-roman
chutiya ladka kutte,1,hi-roman
chutiya ladka yaar,1,hi-roman
tu chutiya ladka,1,hi-roman
tu chutiya ladka hai,1,hi-roman
tu chutiya ladka ho,1,hi-roman
tu chutiya ladka tha,1,hi-roman
tu chutiya ladka hain,1,hi-roman
tu chutiya ladka aadmi,1,hi-roman
tu chutiya ladka insaan,1,hi-roman
tu chutiya ladka saale,1,hi-roman
tu chutiya ladka kutte,1,hi-roman
tu chutiya ladka yaar,1,hi-roman
tum chutiya ladka,1,hi-roman
tum chutiya ladka hai,1,hi-roman
tum chutiya ladka ho,1,hi-roman
tum chutiya ladka tha,1,hi-roman
tum chutiya ladka hain,1,hi-roman
tum chutiya ladka aadmi,1,hi-roman
tum chutiya ladka insaan,1,hi-roman
tum chutiya ladka saale,1,hi-roman
tum chutiya ladka kutte,1,hi-roman
tum chutiya ladka yaar,1,hi-roman
abe chutiya ladka,1,hi-roman
abe chutiya ladka hai,1,hi-roman
abe chutiya ladka ho,1,hi-roman
abe chutiya ladka tha,1,hi-roman
abe chutiya ladka hain,1,hi-roman
abe chutiya ladka aadmi,1,hi-roman
abe chutiya ladka insaan,1,hi-roman
abe chutiya ladka saale,1,hi-roman
abe chutiya ladka kutte,1,hi-roman
abe chutiya ladka yaar,1,hi-roman
oye chutiya ladka,1,hi-roman
oye chutiya ladka hai,1,hi-roman
oye chutiya ladka ho,1,hi-roman
oye chutiya ladka tha,1,hi-roman
oye chutiya ladka hain,1,hi-roman
oye chutiya ladka aadmi,1,hi-roman
oye chutiya ladka insaan,1,hi-roman
oye chutiya ladka saale,1,hi-roman
oye chutiya ladka kutte,1,hi-roman
oye chutiya ladka yaar,1,hi-roman
are chutiya ladka,1,hi-roman
are chutiya ladka hai,1,hi-roman
are chutiya ladka ho,1,hi-roman
are chutiya ladka tha,1,hi-roman
are chutiya ladka hain,1,hi-roman
are chutiya ladka aadmi,1,hi-roman
are chutiya ladka insaan,1,hi-roman
are chutiya ladka saale,1,hi-roman
are chutiya ladka kutte,1,hi-roman
are chutiya ladka yaar,1,hi-roman
sun chutiya ladka,1,hi-roman
sun chutiya ladka hai,1,hi-roman
sun chutiya ladka ho,1,hi-roman
sun chutiya ladka tha,1,hi-roman
sun chutiya ladka hain,1,hi-roman
sun chutiya ladka aadmi,1,hi-roman
sun chutiya ladka insaan,1,hi-roman
sun chutiya ladka saale,1,hi-roman
sun chutiya ladka kutte,1,hi-roman
sun chutiya ladka yaar,1,hi-roman
dekh chutiya ladka,1,hi-roman
dekh chutiya ladka hai,1,hi-roman
dekh chutiya ladka ho,1,hi-roman
dekh chutiya ladka tha,1,hi-roman
dekh chutiya ladka hain,1,hi-roman
dekh chutiya ladka aadmi,1,hi-roman
dekh chutiya ladka insaan,1,hi-roman
dekh chutiya ladka saale,1,hi-roman
dekh chutiya ladka kutte,1,hi-roman
dekh chutiya ladka yaar,1,hi-roman
chutiya ladki,1,hi-roman
chutiya ladki hai,1,hi-roman
chutiya ladki ho,1,hi-roman
chutiya ladki tha,1,hi-roman
chutiya ladki hain,1,hi-roman
chutiya ladki aadmi,1,hi-roman
chutiya ladki insaan,1,hi-roman
chutiya ladki saale,1,hi-roman
chutiya ladki kutte,1,hi-roman
chutiya ladki yaar,1,hi-roman
tu chutiya ladki,1,hi-roman
tu chutiya ladki hai,1,hi-roman
tu chutiya ladki ho,1,hi-roman
tu chutiya ladki tha,1,hi-roman
tu chutiya ladki hain,1,hi-roman
tu chutiya ladki aadmi,1,hi-roman
tu chutiya ladki insaan,1,hi-roman
tu chutiya ladki saale,1,hi-roman
tu chutiya ladki kutte,1,hi-roman
tu chutiya ladki yaar,1,hi-roman
tum chutiya ladki,1,hi-roman
tum chutiya ladki hai,1,hi-roman
tum chutiya ladki ho,1,hi-roman
tum chutiya ladki tha,1,hi-roman
tum chutiya ladki hain,1,hi-roman
tum chutiya ladki aadmi,1,hi-roman
tum chutiya ladki insaan,1,hi-roman
tum chutiya ladki saale,1,hi-roman
tum chutiya ladki kutte,1,hi-roman
tum chutiya ladki yaar,1,hi-roman
abe chutiya ladki,1,hi-roman
abe chutiya ladki hai,1,hi-roman
abe chutiya ladki ho,1,hi-roman
abe chutiya ladki tha,1,hi-roman
abe chutiya ladki hain,1,hi-roman
abe chutiya ladki aadmi,1,hi-roman
abe chutiya ladki insaan,1,hi-roman
abe chutiya ladki saale,1,hi-roman
abe chutiya ladki kutte,1,hi-roman
abe chutiya ladki yaar,1,hi-roman
oye chutiya ladki,1,hi-roman
oye chutiya ladki hai,1,hi-roman
oye chutiya ladki ho,1,hi-roman
oye chutiya ladki tha,1,hi-roman
oye chutiya ladki hain,1,hi-roman
oye chutiya ladki aadmi,1,hi-roman
oye chutiya ladki insaan,1,hi-roman
oye chutiya ladki saale,1,hi-roman
oye chutiya ladki kutte,1,hi-roman
oye chutiya ladki yaar,1,hi-roman
are chutiya ladki,1,hi-roman
are chutiya ladki hai,1,hi-roman
are chutiya ladki ho,1,hi-roman
are chutiya ladki tha,1,hi-roman
are chutiya ladki hain,1,hi-roman
are chutiya ladki aadmi,1,hi-roman
are chutiya ladki insaan,1,hi-roman
are chutiya ladki saale,1,hi-roman
are chutiya ladki kutte,1,hi-roman
are chutiya ladki yaar,1,hi-roman
sun chutiya ladki,1,hi-roman
sun chutiya ladki hai,1,hi-roman
sun chutiya ladki ho,1,hi-roman
sun chutiya ladki tha,1,hi-roman
sun chutiya ladki hain,1,hi-roman
sun chutiya ladki aadmi,1,hi-roman
sun chutiya ladki insaan,1,hi-roman
sun chutiya ladki saale,1,hi-roman
sun chutiya ladki kutte,1,hi-roman
sun chutiya ladki yaar,1,hi-roman
dekh chutiya ladki,1,hi-roman
dekh chutiya ladki hai,1,hi-roman
dekh chutiya ladki ho,1,hi-roman
dekh chutiya ladki tha,1,hi-roman
dekh chutiya ladki hain,1,hi-roman
dekh chutiya ladki aadmi,1,hi-roman
dekh chutiya ladki insaan,1,hi-roman
dekh chutiya ladki saale,1,hi-roman
dekh chutiya ladki kutte,1,hi-roman
dekh chutiya ladki yaar,1,hi-roman
madarchod saala,1,hi-roman
madarchod saala hai,1,hi-roman
madarchod saala ho,1,hi-roman
madarchod saala tha,1,hi-roman
madarchod saala hain,1,hi-roman
madarchod saala aadmi,1,hi-roman
madarchod saala insaan,1,hi-roman
madarchod saala saale,1,hi-roman
madarchod saala kutte,1,hi-roman
madarchod saala yaar,1,hi-roman
tu madarchod saala,1,hi-roman
tu madarchod saala hai,1,hi-roman
tu madarchod saala ho,1,hi-roman
tu madarchod saala tha,1,hi-roman
tu madarchod saala hain,1,hi-roman
tu madarchod saala aadmi,1,hi-roman
tu madarchod saala insaan,1,hi-roman
tu madarchod saala saale,1,hi-roman
tu madarchod saala kutte,1,hi-roman
tu madarchod saala yaar,1,hi-roman
tum madarchod saala,1,hi-roman
tum madarchod saala hai,1,hi-roman
tum madarchod saala ho,1,hi-roman
tum madarchod saala tha,1,hi-roman
tum madarchod saala hain,1,hi-roman
tum madarchod saala aadmi,1,hi-roman
tum madarchod saala insaan,1,hi-roman
tum madarchod saala saale,1,hi-roman
tum madarchod saala kutte,1,hi-roman
tum madarchod saala yaar,1,hi-roman
abe madarchod saala,1,hi-roman
abe madarchod saala hai,1,hi-roman
abe madarchod saala ho,1,hi-roman
abe madarchod saala tha,1,hi-roman
abe madarchod saala hain,1,hi-roman
abe madarchod saala aadmi,1,hi-roman
abe madarchod saala insaan,1,hi-roman
abe madarchod saala saale,1,hi-roman
abe madarchod saala kutte,1,hi-roman
abe madarchod saala yaar,1,hi-roman
oye madarchod saala,1,hi-roman
oye madarchod saala hai,1,hi-roman
oye madarchod saala ho,1,hi-roman
oye madarchod saala tha,1,hi-roman
oye madarchod saala hain,1,hi-roman
oye madarchod saala aadmi,1,hi-roman
oye madarchod saala insaan,1,hi-roman
oye madarchod saala saale,1,hi-roman
oye madarchod saala kutte,1,hi-roman
oye madarchod saala yaar,1,hi-roman
are madarchod saala,1,hi-roman
are madarchod saala hai,1,hi-roman
are madarchod saala ho,1,hi-roman
are madarchod saala tha,1,hi-roman
are madarchod saala hain,1,hi-roman
are madarchod saala aadmi,1,hi-roman
are madarchod saala insaan,1,hi-roman
are madarchod saala saale,1,hi-roman
are madarchod saala kutte,1,hi-roman
are madarchod saala yaar,1,hi-roman
sun madarchod saala,1,hi-roman
sun madarchod saala hai,1,hi-roman
sun madarchod saala ho,1,hi-roman
sun madarchod saala tha,1,hi-roman
sun madarchod saala hain,1,hi-roman
sun madarchod saala aadmi,1,hi-roman
sun madarchod saala insaan,1,hi-roman
sun madarchod saala saale,1,hi-roman
sun madarchod saala kutte,1,hi-roman
sun madarchod saala yaar,1,hi-roman
dekh madarchod saala,1,hi-roman
dekh madarchod saala hai,1,hi-roman
dekh madarchod saala ho,1,hi-roman
dekh madarchod saala tha,1,hi-roman
dekh madarchod saala hain,1,hi-roman
dekh madarchod saala aadmi,1,hi-roman
dekh madarchod saala insaan,1,hi-roman
dekh madarchod saala saale,1,hi-roman
dekh madarchod saala kutte,1,hi-roman
dekh madarchod saala yaar,1,hi-roman
madarchod kutta,1,hi-roman
madarchod kutta hai,1,hi-roman
madarchod kutta ho,1,hi-roman
madarchod kutta tha,1,hi-roman
madarchod kutta hain,1,hi-roman
madarchod kutta aadmi,1,hi-roman
madarchod kutta insaan,1,hi-roman
madarchod kutta saale,1,hi-roman
madarchod kutta kutte,1,hi-roman
madarchod kutta yaar,1,hi-roman
tu madarchod kutta,1,hi-roman
tu madarchod kutta hai,1,hi-roman
tu madarchod kutta ho,1,hi-roman
tu madarchod kutta tha,1,hi-roman
tu madarchod kutta hain,1,hi-roman
tu madarchod kutta aadmi,1,hi-roman
tu madarchod kutta insaan,1,hi-roman
tu madarchod kutta saale,1,hi-roman
tu madarchod kutta kutte,1,hi-roman
tu madarchod kutta yaar,1,hi-roman
tum madarchod kutta,1,hi-roman
tum madarchod kutta hai,1,hi-roman
tum madarchod kutta ho,1,hi-roman
tum madarchod kutta tha,1,hi-roman
tum madarchod kutta hain,1,hi-roman
tum madarchod kutta aadmi,1,hi-roman
tum madarchod kutta insaan,1,hi-roman
tum madarchod kutta saale,1,hi-roman
tum madarchod kutta kutte,1,hi-roman
tum madarchod kutta yaar,1,hi-roman
abe madarchod kutta,1,hi-roman
abe madarchod kutta hai,1,hi-roman
abe madarchod kutta ho,1,hi-roman
abe madarchod kutta tha,1,hi-roman
abe madarchod kutta hain,1,hi-roman
abe madarchod kutta aadmi,1,hi-roman
abe madarchod kutta insaan,1,hi-roman
abe madarchod kutta saale,1,hi-roman
abe madarchod kutta kutte,1,hi-roman
abe madarchod kutta yaar,1,hi-roman
oye madarchod kutta,1,hi-roman
oye madarchod kutta hai,1,hi-roman
oye madarchod kutta ho,1,hi-roman
oye madarchod kutta tha,1,hi-roman
oye madarchod kutta hain,1,hi-roman
oye madarchod kutta aadmi,1,hi-roman
oye madarchod kutta insaan,1,hi-roman
oye madarchod kutta saale,1,hi-roman
oye madarchod kutta kutte,1,hi-roman
oye madarchod kutta yaar,1,hi-roman
are madarchod kutta,1,hi-roman
are madarchod kutta hai,1,hi-roman
are madarchod kutta ho,1,hi-roman
are madarchod kutta tha,1,hi-roman
are madarchod kutta hain,1,hi-roman
are madarchod kutta aadmi,1,hi-roman
are madarchod kutta insaan,1,hi-roman
are madarchod kutta saale,1,hi-roman
are madarchod kutta kutte,1,hi-roman
are madarchod kutta yaar,1,hi-roman
sun madarchod kutta,1,hi-roman
sun madarchod kutta hai,1,hi-roman
sun madarchod kutta ho,1,hi-roman
sun madarchod kutta tha,1,hi-roman
sun madarchod kutta hain,1,hi-roman
sun madarchod kutta aadmi,1,hi-roman
sun madarchod kutta insaan,1,hi-roman
sun madarchod kutta saale,1,hi-roman
sun madarchod kutta kutte,1,hi-roman
sun madarchod kutta yaar,1,hi-roman
dekh madarchod kutta,1,hi-roman
dekh madarchod kutta hai,1,hi-roman
dekh madarchod kutta ho,1,hi-roman
dekh madarchod kutta tha,1,hi-roman
dekh madarchod kutta hain,1,hi-roman
dekh madarchod kutta aadmi,1,hi-roman
dekh madarchod kutta insaan,1,hi-roman
dekh madarchod kutta saale,1,hi-roman
dekh madarchod kutta kutte,1,hi-roman
dekh madarchod kutta yaar,1,hi-roman
bhosdike saale hai,1,hi-roman
bhosdike saale ho,1,hi-roman
bhosdike saale tha,1,hi-roman
bhosdike saale hain,1,hi-roman
bhosdike saale aadmi,1,hi-roman
bhosdike saale insaan,1,hi-roman
bhosdike saale saale,1,hi-roman
bhosdike saale kutte,1,hi-roman
bhosdike saale yaar,1,hi-roman
tu bhosdike saale hai,1,hi-roman
tu bhosdike saale ho,1,hi-roman
tu bhosdike saale tha,1,hi-roman
tu bhosdike saale hain,1,hi-roman
tu bhosdike saale aadmi,1,hi-roman
tu bhosdike saale insaan,1,hi-roman
tu bhosdike saale saale,1,hi-roman
tu bhosdike saale kutte,1,hi-roman
tu bhosdike saale yaar,1,hi-roman
tum bhosdike saale hai,1,hi-roman
tum bhosdike saale ho,1,hi-roman
tum bhosdike saale tha,1,hi-roman
tum bhosdike saale hain,1,hi-roman
tum bhosdike saale aadmi,1,hi-roman
tum bhosdike saale insaan,1,hi-roman
tum bhosdike saale saale,1,hi-roman
tum bhosdike saale kutte,1,hi-roman
tum bhosdike saale yaar,1,hi-roman
abe bhosdike saale hai,1,hi-roman
abe bhosdike saale ho,1,hi-roman
abe bhosdike saale tha,1,hi-roman
abe bhosdike saale hain,1,hi-roman
abe bhosdike saale aadmi,1,hi-roman
abe bhosdike saale insaan,1,hi-roman
abe bhosdike saale saale,1,hi-roman
abe bhosdike saale kutte,1,hi-roman
abe bhosdike saale yaar,1,hi-roman
oye bhosdike saale hai,1,hi-roman
oye bhosdike saale ho,1,hi-roman
oye bhosdike saale tha,1,hi-roman
oye bhosdike saale hain,1,hi-roman
oye bhosdike saale aadmi,1,hi-roman
oye bhosdike saale insaan,1,hi-roman
oye bhosdike saale saale,1,hi-roman
oye bhosdike saale kutte,1,hi-roman
oye bhosdike saale yaar,1,hi-roman
are bhosdike saale hai,1,hi-roman
are bhosdike saale ho,1,hi-roman
are bhosdike saale tha,1,hi-roman
are bhosdike saale hain,1,hi-roman
are bhosdike saale aadmi,1,hi-roman
are bhosdike saale insaan,1,hi-roman
are bhosdike saale saale,1,hi-roman
are bhosdike saale kutte,1,hi-roman
are bhosdike saale yaar,1,hi-roman
sun bhosdike saale hai,1,hi-roman
sun bhosdike saale ho,1,hi-roman
sun bhosdike saale tha,1,hi-roman
sun bhosdike saale hain,1,hi-roman
sun bhosdike saale aadmi,1,hi-roman
sun bhosdike saale insaan,1,hi-roman
sun bhosdike saale saale,1,hi-roman
sun bhosdike saale kutte,1,hi-roman
sun bhosdike saale yaar,1,hi-roman
dekh bhosdike saale hai,1,hi-roman
dekh bhosdike saale ho,1,hi-roman
dekh bhosdike saale tha,1,hi-roman
dekh bhosdike saale hain,1,hi-roman
dekh bhosdike saale aadmi,1,hi-roman
dekh bhosdike saale insaan,1,hi-roman
dekh bhosdike saale saale,1,hi-roman
dekh bhosdike saale kutte,1,hi-roman
dekh bhosdike saale yaar,1,hi-roman
bhosdike kutte hai,1,hi-roman
bhosdike kutte ho,1,hi-roman
bhosdike kutte tha,1,hi-roman
bhosdike kutte hain,1,hi-roman
bhosdike kutte aadmi,1,hi-roman
bhosdike kutte insaan,1,hi-roman
bhosdike kutte saale,1,hi-roman
bhosdike kutte kutte,1,hi-roman
bhosdike kutte yaar,1,hi-roman
tu bhosdike kutte hai,1,hi-roman
tu bhosdike kutte ho,1,hi-roman
tu bhosdike kutte tha,1,hi-roman
tu bhosdike kutte hain,1,hi-roman
tu bhosdike kutte aadmi,1,hi-roman
tu bhosdike kutte insaan,1,hi-roman
tu bhosdike kutte saale,1,hi-roman
tu bhosdike kutte kutte,1,hi-roman
tu bhosdike kutte yaar,1,hi-roman
tum bhosdike kutte hai,1,hi-roman
tum bhosdike kutte ho,1,hi-roman
tum bhosdike kutte tha,1,hi-roman
tum bhosdike kutte hain,1,hi-roman
tum bhosdike kutte aadmi,1,hi-roman
tum bhosdike kutte insaan,1,hi-roman
tum bhosdike kutte saale,1,hi-roman
tum bhosdike kutte kutte,1,hi-roman
tum bhosdike kutte yaar,1,hi-roman
abe bhosdike kutte hai,1,hi-roman
abe bhosdike kutte ho,1,hi-roman
abe bhosdike kutte tha,1,hi-roman
abe bhosdike kutte hain,1,hi-roman
abe bhosdike kutte aadmi,1,hi-roman
abe bhosdike kutte insaan,1,hi-roman
abe bhosdike kutte saale,1,hi-roman
abe bhosdike kutte kutte,1,hi-roman
abe bhosdike kutte yaar,1,hi-roman
oye bhosdike kutte hai,1,hi-roman
oye bhosdike kutte ho,1,hi-roman
oye bhosdike kutte tha,1,hi-roman
oye bhosdike kutte hain,1,hi-roman
oye bhosdike kutte aadmi,1,hi-roman
oye bhosdike kutte insaan,1,hi-roman
oye bhosdike kutte saale,1,hi-roman
oye bhosdike kutte kutte,1,hi-roman
oye bhosdike kutte yaar,1,hi-roman
are bhosdike kutte hai,1,hi-roman
are bhosdike kutte ho,1,hi-roman
are bhosdike kutte tha,1,hi-roman
are bhosdike kutte hain,1,hi-roman
are bhosdike kutte aadmi,1,hi-roman
are bhosdike kutte insaan,1,hi-roman
are bhosdike kutte saale,1,hi-roman
are bhosdike kutte kutte,1,hi-roman
are bhosdike kutte yaar,1,hi-roman
sun bhosdike kutte hai,1,hi-roman
sun bhosdike kutte ho,1,hi-roman
sun bhosdike kutte tha,1,hi-roman
sun bhosdike kutte hain,1,hi-roman
sun bhosdike kutte aadmi,1,hi-roman
sun bhosdike kutte insaan,1,hi-roman
sun bhosdike kutte saale,1,hi-roman
sun bhosdike kutte kutte,1,hi-roman
sun bhosdike kutte yaar,1,hi-roman
dekh bhosdike kutte hai,1,hi-roman
dekh bhosdike kutte ho,1,hi-roman
dekh bhosdike kutte tha,1,hi-roman
dekh bhosdike kutte hain,1,hi-roman
dekh bhosdike kutte aadmi,1,hi-roman
dekh bhosdike kutte insaan,1,hi-roman
dekh bhosdike kutte saale,1,hi-roman
dekh bhosdike kutte kutte,1,hi-roman
dekh bhosdike kutte yaar,1,hi-roman
bakchod saala,1,hi-roman
bakchod saala hai,1,hi-roman
bakchod saala ho,1,hi-roman
bakchod saala tha,1,hi-roman
bakchod saala hain,1,hi-roman
bakchod saala aadmi,1,hi-roman
bakchod saala insaan,1,hi-roman
bakchod saala saale,1,hi-roman
bakchod saala kutte,1,hi-roman
bakchod saala yaar,1,hi-roman
tu bakchod saala,1,hi-roman
tu bakchod saala hai,1,hi-roman
tu bakchod saala ho,1,hi-roman
tu bakchod saala tha,1,hi-roman
tu bakchod saala hain,1,hi-roman
tu bakchod saala aadmi,1,hi-roman
tu bakchod saala insaan,1,hi-roman
tu bakchod saala saale,1,hi-roman
tu bakchod saala kutte,1,hi-roman
tu bakchod saala yaar,1,hi-roman
tum bakchod saala,1,hi-roman
tum bakchod saala hai,1,hi-roman
tum bakchod saala ho,1,hi-roman
tum bakchod saala tha,1,hi-roman
tum bakchod saala hain,1,hi-roman
tum bakchod saala aadmi,1,hi-roman
tum bakchod saala insaan,1,hi-roman
tum bakchod saala saale,1,hi-roman
tum bakchod saala kutte,1,hi-roman
tum bakchod saala yaar,1,hi-roman
abe bakchod saala,1,hi-roman
abe bakchod saala hai,1,hi-roman
abe bakchod saala ho,1,hi-roman
abe bakchod saala tha,1,hi-roman
abe bakchod saala hain,1,hi-roman
abe bakchod saala aadmi,1,hi-roman
abe bakchod saala insaan,1,hi-roman
abe bakchod saala saale,1,hi-roman
abe bakchod saala kutte,1,hi-roman
abe bakchod saala yaar,1,hi-roman
oye bakchod saala,1,hi-roman
oye bakchod saala hai,1,hi-roman
oye bakchod saala ho,1,hi-roman
oye bakchod saala tha,1,hi-roman
oye bakchod saala hain,1,hi-roman
oye bakchod saala aadmi,1,hi-roman
oye bakchod saala insaan,1,hi-roman
oye bakchod saala saale,1,hi-roman
oye bakchod saala kutte,1,hi-roman
oye bakchod saala yaar,1,hi-roman
are bakchod saala,1,hi-roman
are bakchod saala hai,1,hi-roman
are bakchod saala ho,1,hi-roman
are bakchod saala tha,1,hi-roman
are bakchod saala hain,1,hi-roman
are bakchod saala aadmi,1,hi-roman
are bakchod saala insaan,1,hi-roman
are bakchod saala saale,1,hi-roman
are bakchod saala kutte,1,hi-roman
are bakchod saala yaar,1,hi-roman
sun bakchod saala,1,hi-roman
sun bakchod saala hai,1,hi-roman
sun bakchod saala ho,1,hi-roman
sun bakchod saala tha,1,hi-roman
sun bakchod saala hain,1,hi-roman
sun bakchod saala aadmi,1,hi-roman
sun bakchod saala insaan,1,hi-roman
sun bakchod saala saale,1,hi-roman
sun bakchod saala kutte,1,hi-roman
sun bakchod saala yaar,1,hi-roman
dekh bakchod saala,1,hi-roman
dekh bakchod saala hai,1,hi-roman
dekh bakchod saala ho,1,hi-roman
dekh bakchod saala tha,1,hi-roman
dekh bakchod saala hain,1,hi-roman
dekh bakchod saala aadmi,1,hi-roman
dekh bakchod saala insaan,1,hi-roman
dekh bakchod saala saale,1,hi-roman
dekh bakchod saala kutte,1,hi-roman
dekh bakchod saala yaar,1,hi-roman
haramkhor saala,1,hi-roman
haramkhor saala hai,1,hi-roman
haramkhor saala ho,1,hi-roman
haramkhor saala tha,1,hi-roman
haramkhor saala hain,1,hi-roman
haramkhor saala aadmi,1,hi-roman
haramkhor saala insaan,1,hi-roman
haramkhor saala saale,1,hi-roman
haramkhor saala kutte,1,hi-roman
haramkhor saala yaar,1,hi-roman
tu haramkhor saala,1,hi-roman
tu haramkhor saala hai,1,hi-roman
tu haramkhor saala ho,1,hi-roman
tu haramkhor saala tha,1,hi-roman
tu haramkhor saala hain,1,hi-roman
tu haramkhor saala aadmi,1,hi-roman
tu haramkhor saala insaan,1,hi-roman
tu haramkhor saala saale,1,hi-roman
tu haramkhor saala kutte,1,hi-roman
tu haramkhor saala yaar,1,hi-roman
tum haramkhor saala,1,hi-roman
tum haramkhor saala hai,1,hi-roman
tum haramkhor saala ho,1,hi-roman
tum haramkhor saala tha,1,hi-roman
tum haramkhor saala hain,1,hi-roman
tum haramkhor saala aadmi,1,hi-roman
tum haramkhor saala insaan,1,hi-roman
tum haramkhor saala saale,1,hi-roman
tum haramkhor saala kutte,1,hi-roman
tum haramkhor saala yaar,1,hi-roman
abe haramkhor saala,1,hi-roman
abe haramkhor saala hai,1,hi-roman
abe haramkhor saala ho,1,hi-roman
abe haramkhor saala tha,1,hi-roman
abe haramkhor saala hain,1,hi-roman
abe haramkhor saala aadmi,1,hi-roman
abe haramkhor saala insaan,1,hi-roman
abe haramkhor saala saale,1,hi-roman
abe haramkhor saala kutte,1,hi-roman
abe haramkhor saala yaar,1,hi-roman
oye haramkhor saala,1,hi-roman
oye haramkhor saala hai,1,hi-roman
oye haramkhor saala ho,1,hi-roman
oye haramkhor saala tha,1,hi-roman
oye haramkhor saala hain,1,hi-roman
oye haramkhor saala aadmi,1,hi-roman
oye haramkhor saala insaan,1,hi-roman
oye haramkhor saala saale,1,hi-roman
oye haramkhor saala kutte,1,hi-roman
oye haramkhor saala yaar,1,hi-roman
are haramkhor saala,1,hi-roman
are haramkhor saala hai,1,hi-roman
are haramkhor saala ho,1,hi-roman
are haramkhor saala tha,1,hi-roman
are haramkhor saala hain,1,hi-roman
are haramkhor saala aadmi,1,hi-roman
are haramkhor saala insaan,1,hi-roman
are haramkhor saala saale,1,hi-roman
are haramkhor saala kutte,1,hi-roman
are haramkhor saala yaar,1,hi-roman
sun haramkhor saala,1,hi-roman
sun haramkhor saala hai,1,hi-roman
sun haramkhor saala ho,1,hi-roman
sun haramkhor saala tha,1,hi-roman
sun haramkhor saala hain,1,hi-roman
sun haramkhor saala aadmi,1,hi-roman
sun haramkhor saala insaan,1,hi-roman
sun haramkhor saala saale,1,hi-roman
sun haramkhor saala kutte,1,hi-roman
sun haramkhor saala yaar,1,hi-roman
dekh haramkhor saala,1,hi-roman
dekh haramkhor saala hai,1,hi-roman
dekh haramkhor saala ho,1,hi-roman
dekh haramkhor saala tha,1,hi-roman
dekh haramkhor saala hain,1,hi-roman
dekh haramkhor saala aadmi,1,hi-roman
dekh haramkhor saala insaan,1,hi-roman
dekh haramkhor saala saale,1,hi-roman
dekh haramkhor saala kutte,1,hi-roman
dekh haramkhor saala yaar,1,hi-roman
randi saali,1,hi-roman
randi saali hai,1,hi-roman
randi saali ho,1,hi-roman
randi saali tha,1,hi-roman
randi saali hain,1,hi-roman
randi saali aadmi,1,hi-roman
randi saali insaan,1,hi-roman
randi saali saale,1,hi-roman
randi saali kutte,1,hi-roman
randi saali yaar,1,hi-roman
tu randi saali,1,hi-roman
tu randi saali hai,1,hi-roman
tu randi saali ho,1,hi-roman
tu randi saali tha,1,hi-roman
tu randi saali hain,1,hi-roman
tu randi saali aadmi,1,hi-roman
tu randi saali insaan,1,hi-roman
tu randi saali saale,1,hi-roman
tu randi saali kutte,1,hi-roman
tu randi saali yaar,1,hi-roman
tum randi saali,1,hi-roman
tum randi saali hai,1,hi-roman
tum randi saali ho,1,hi-roman
tum randi saali tha,1,hi-roman
tum randi saali hain,1,hi-roman
tum randi saali aadmi,1,hi-roman
tum randi saali insaan,1,hi-roman
tum randi saali saale,1,hi-roman
tum randi saali kutte,1,hi-roman
tum randi saali yaar,1,hi-roman
abe randi saali,1,hi-roman
abe randi saali hai,1,hi-roman
abe randi saali ho,1,hi-roman
abe randi saali tha,1,hi-roman
abe randi saali hain,1,hi-roman
abe randi saali aadmi,1,hi-roman
abe randi saali insaan,1,hi-roman
abe randi saali saale,1,hi-roman
abe randi saali kutte,1,hi-roman
abe randi saali yaar,1,hi-roman
oye randi saali,1,hi-roman
oye randi saali hai,1,hi-roman
oye randi saali ho,1,hi-roman
oye randi saali tha,1,hi-roman
oye randi saali hain,1,hi-roman
oye randi saali aadmi,1,hi-roman
oye randi saali insaan,1,hi-roman
oye randi saali saale,1,hi-roman
oye randi saali kutte,1,hi-roman
oye randi saali yaar,1,hi-roman
are randi saali,1,hi-roman
are randi saali hai,1,hi-roman
are randi saali ho,1,hi-roman
are randi saali tha,1,hi-roman
are randi saali hain,1,hi-roman
are randi saali aadmi,1,hi-roman
are randi saali insaan,1,hi-roman
are randi saali saale,1,hi-roman
are randi saali kutte,1,hi-roman
are randi saali yaar,1,hi-roman
sun randi saali,1,hi-roman
sun randi saali hai,1,hi-roman
sun randi saali ho,1,hi-roman
sun randi saali tha,1,hi-roman
sun randi saali hain,1,hi-roman
sun randi saali aadmi,1,hi-roman
sun randi saali insaan,1,hi-roman
sun randi saali saale,1,hi-roman
sun randi saali kutte,1,hi-roman
sun randi saali yaar,1,hi-roman
dekh randi saali,1,hi-roman
dekh randi saali hai,1,hi-roman
dekh randi saali ho,1,hi-roman
dekh randi saali tha,1,hi-roman
dekh randi saali hain,1,hi-roman
dekh randi saali aadmi,1,hi-roman
dekh randi saali insaan,1,hi-roman
dekh randi saali saale,1,hi-roman
dekh randi saali kutte,1,hi-roman
dekh randi saali yaar,1,hi-roman
bhadwa saala,1,hi-roman
bhadwa saala hai,1,hi-roman
bhadwa saala ho,1,hi-roman
bhadwa saala tha,1,hi-roman
bhadwa saala hain,1,hi-roman
bhadwa saala aadmi,1,hi-roman
bhadwa saala insaan,1,hi-roman
bhadwa saala saale,1,hi-roman
bhadwa saala kutte,1,hi-roman
bhadwa saala yaar,1,hi-roman
tu bhadwa saala,1,hi-roman
tu bhadwa saala hai,1,hi-roman
tu bhadwa saala ho,1,hi-roman
tu bhadwa saala tha,1,hi-roman
tu bhadwa saala hain,1,hi-roman
tu bhadwa saala aadmi,1,hi-roman
tu bhadwa saala insaan,1,hi-roman
tu bhadwa saala saale,1,hi-roman
tu bhadwa saala kutte,1,hi-roman
tu bhadwa saala yaar,1,hi-roman
tum bhadwa saala,1,hi-roman
tum bhadwa saala hai,1,hi-roman
tum bhadwa saala ho,1,hi-roman
tum bhadwa saala tha,1,hi-roman
tum bhadwa saala hain,1,hi-roman
tum bhadwa saala aadmi,1,hi-roman
tum bhadwa saala insaan,1,hi-roman
tum bhadwa saala saale,1,hi-roman
tum bhadwa saala kutte,1,hi-roman
tum bhadwa saala yaar,1,hi-roman
abe bhadwa saala,1,hi-roman
abe bhadwa saala hai,1,hi-roman
abe bhadwa saala ho,1,hi-roman
abe bhadwa saala tha,1,hi-roman
abe bhadwa saala hain,1,hi-roman
abe bhadwa saala aadmi,1,hi-roman
abe bhadwa saala insaan,1,hi-roman
abe bhadwa saala saale,1,hi-roman
abe bhadwa saala kutte,1,hi-roman
abe bhadwa saala yaar,1,hi-roman
oye bhadwa saala,1,hi-roman
oye bhadwa saala hai,1,hi-roman
oye bhadwa saala ho,1,hi-roman
oye bhadwa saala tha,1,hi-roman
oye bhadwa saala hain,1,hi-roman
oye bhadwa saala aadmi,1,hi-roman
oye bhadwa saala insaan,1,hi-roman
oye bhadwa saala saale,1,hi-roman
oye bhadwa saala kutte,1,hi-roman
oye bhadwa saala yaar,1,hi-roman
are bhadwa saala,1,hi-roman
are bhadwa saala hai,1,hi-roman
are bhadwa saala ho,1,hi-roman
are bhadwa saala tha,1,hi-roman
are bhadwa saala hain,1,hi-roman
are bhadwa saala aadmi,1,hi-roman
are bhadwa saala insaan,1,hi-roman
are bhadwa saala saale,1,hi-roman
are bhadwa saala kutte,1,hi-roman
are bhadwa saala yaar,1,hi-roman
sun bhadwa saala,1,hi-roman
sun bhadwa saala hai,1,hi-roman
sun bhadwa saala ho,1,hi-roman
sun bhadwa saala tha,1,hi-roman
sun bhadwa saala hain,1,hi-roman
sun bhadwa saala aadmi,1,hi-roman
sun bhadwa saala insaan,1,hi-roman
sun bhadwa saala saale,1,hi-roman
sun bhadwa saala kutte,1,hi-roman
sun bhadwa saala yaar,1,hi-roman
dekh bhadwa saala,1,hi-roman
dekh bhadwa saala hai,1,hi-roman
dekh bhadwa saala ho,1,hi-roman
dekh bhadwa saala tha,1,hi-roman
dekh bhadwa saala hain,1,hi-roman
dekh bhadwa saala aadmi,1,hi-roman
dekh bhadwa saala insaan,1,hi-roman
dekh bhadwa saala saale,1,hi-roman
dekh bhadwa saala kutte,1,hi-roman
dekh bhadwa saala yaar,1,hi-roman
gadha saala,1,hi-roman
gadha saala hai,1,hi-roman
gadha saala ho,1,hi-roman
gadha saala tha,1,hi-roman
gadha saala hain,1,hi-roman
gadha saala aadmi,1,hi-roman
gadha saala insaan,1,hi-roman
gadha saala saale,1,hi-roman
gadha saala kutte,1,hi-roman
gadha saala yaar,1,hi-roman
tu gadha saala,1,hi-roman
tu gadha saala hai,1,hi-roman
tu gadha saala ho,1,hi-roman
tu gadha saala tha,1,hi-roman
tu gadha saala hain,1,hi-roman
tu gadha saala aadmi,1,hi-roman
tu gadha saala insaan,1,hi-roman
tu gadha saala saale,1,hi-roman
tu gadha saala kutte,1,hi-roman
tu gadha saala yaar,1,hi-roman
tum gadha saala,1,hi-roman
tum gadha saala hai,1,hi-roman
tum gadha saala ho,1,hi-roman
tum gadha saala tha,1,hi-roman
tum gadha saala hain,1,hi-roman
tum gadha saala aadmi,1,hi-roman
tum gadha saala insaan,1,hi-roman
tum gadha saala saale,1,hi-roman
tum gadha saala kutte,1,hi-roman
tum gadha saala yaar,1,hi-roman
abe gadha saala,1,hi-roman
abe gadha saala hai,1,hi-roman
abe gadha saala ho,1,hi-roman
abe gadha saala tha,1,hi-roman
abe gadha saala hain,1,hi-roman
abe gadha saala aadmi,1,hi-roman
abe gadha saala insaan,1,hi-roman
abe gadha saala saale,1,hi-roman
abe gadha saala kutte,1,hi-roman
abe gadha saala yaar,1,hi-roman
oye gadha saala,1,hi-roman
oye gadha saala hai,1,hi-roman
oye gadha saala ho,1,hi-roman
oye gadha saala tha,1,hi-roman
oye gadha saala hain,1,hi-roman
oye gadha saala aadmi,1,hi-roman
oye gadha saala insaan,1,hi-roman
oye gadha saala saale,1,hi-roman
oye gadha saala kutte,1,hi-roman
oye gadha saala yaar,1,hi-roman
are gadha saala,1,hi-roman
are gadha saala hai,1,hi-roman
are gadha saala ho,1,hi-roman
are gadha saala tha,1,hi-roman
are gadha saala hain,1,hi-roman
are gadha saala aadmi,1,hi-roman
are gadha saala insaan,1,hi-roman
are gadha saala saale,1,hi-roman
are gadha saala kutte,1,hi-roman
are gadha saala yaar,1,hi-roman
sun gadha saala,1,hi-roman
sun gadha saala hai,1,hi-roman
sun gadha saala ho,1,hi-roman
sun gadha saala tha,1,hi-roman
sun gadha saala hain,1,hi-roman
sun gadha saala aadmi,1,hi-roman
sun gadha saala insaan,1,hi-roman
sun gadha saala saale,1,hi-roman
sun gadha saala kutte,1,hi-roman
sun gadha saala yaar,1,hi-roman
dekh gadha saala,1,hi-roman
dekh gadha saala hai,1,hi-roman
dekh gadha saala ho,1,hi-roman
dekh gadha saala tha,1,hi-roman
dekh gadha saala hain,1,hi-roman
dekh gadha saala aadmi,1,hi-roman
dekh gadha saala insaan,1,hi-roman
dekh gadha saala saale,1,hi-roman
dekh gadha saala kutte,1,hi-roman
dekh gadha saala yaar,1,hi-roman
nalayak saala,1,hi-roman
nalayak saala hai,1,hi-roman
nalayak saala ho,1,hi-roman
nalayak saala tha,1,hi-roman
nalayak saala hain,1,hi-roman
nalayak saala aadmi,1,hi-roman
nalayak saala insaan,1,hi-roman
nalayak saala saale,1,hi-roman
nalayak saala kutte,1,hi-roman
nalayak saala yaar,1,hi-roman
tu nalayak saala,1,hi-roman
tu nalayak saala hai,1,hi-roman
tu nalayak saala ho,1,hi-roman
tu nalayak saala tha,1,hi-roman
tu nalayak saala hain,1,hi-roman
tu nalayak saala aadmi,1,hi-roman
tu nalayak saala insaan,1,hi-roman
tu nalayak saala saale,1,hi-roman
tu nalayak saala kutte,1,hi-roman
tu nalayak saala yaar,1,hi-roman
tum nalayak saala,1,hi-roman
tum nalayak saala hai,1,hi-roman
tum nalayak saala ho,1,hi-roman
tum nalayak saala tha,1,hi-roman
tum nalayak saala hain,1,hi-roman
tum nalayak saala aadmi,1,hi-roman
tum nalayak saala insaan,1,hi-roman
tum nalayak saala saale,1,hi-roman
tum nalayak saala kutte,1,hi-roman
tum nalayak saala yaar,1,hi-roman
abe nalayak saala,1,hi-roman
abe nalayak saala hai,1,hi-roman
abe nalayak saala ho,1,hi-roman
abe nalayak saala tha,1,hi-roman
abe nalayak saala hain,1,hi-roman
abe nalayak saala aadmi,1,hi-roman
abe nalayak saala insaan,1,hi-roman
abe nalayak saala saale,1,hi-roman
abe nalayak saala kutte,1,hi-roman
abe nalayak saala yaar,1,hi-roman
oye nalayak saala,1,hi-roman
oye nalayak saala hai,1,hi-roman
oye nalayak saala ho,1,hi-roman
oye nalayak saala tha,1,hi-roman
oye nalayak saala hain,1,hi-roman
oye nalayak saala aadmi,1,hi-roman
oye nalayak saala insaan,1,hi-roman
oye nalayak saala saale,1,hi-roman
oye nalayak saala kutte,1,hi-roman
oye nalayak saala yaar,1,hi-roman
are nalayak saala,1,hi-roman
are nalayak saala hai,1,hi-roman
are nalayak saala ho,1,hi-roman
are nalayak saala tha,1,hi-roman
are nalayak saala hain,1,hi-roman
are nalayak saala aadmi,1,hi-roman
are nalayak saala insaan,1,hi-roman
are nalayak saala saale,1,hi-roman
are nalayak saala kutte,1,hi-roman
are nalayak saala yaar,1,hi-roman
sun nalayak saala,1,hi-roman
sun nalayak saala hai,1,hi-roman
sun nalayak saala ho,1,hi-roman
sun nalayak saala tha,1,hi-roman
sun nalayak saala hain,1,hi-roman
sun nalayak saala aadmi,1,hi-roman
sun nalayak saala insaan,1,hi-roman
sun nalayak saala saale,1,hi-roman
sun nalayak saala kutte,1,hi-roman
sun nalayak saala yaar,1,hi-roman
dekh nalayak saala,1,hi-roman
dekh nalayak saala hai,1,hi-roman
dekh nalayak saala ho,1,hi-roman
dekh nalayak saala tha,1,hi-roman
dekh nalayak saala hain,1,hi-roman
dekh nalayak saala aadmi,1,hi-roman
dekh nalayak saala insaan,1,hi-roman
dekh nalayak saala saale,1,hi-roman
dekh nalayak saala kutte,1,hi-roman
dekh nalayak saala yaar,1,hi-roman
nikamma saala,1,hi-roman
nikamma saala hai,1,hi-roman
nikamma saala ho,1,hi-roman
nikamma saala tha,1,hi-roman
nikamma saala hain,1,hi-roman
nikamma saala aadmi,1,hi-roman
nikamma saala insaan,1,hi-roman
nikamma saala saale,1,hi-roman
nikamma saala kutte,1,hi-roman
nikamma saala yaar,1,hi-roman
tu nikamma saala,1,hi-roman
tu nikamma saala hai,1,hi-roman
tu nikamma saala ho,1,hi-roman
tu nikamma saala tha,1,hi-roman
tu nikamma saala hain,1,hi-roman
tu nikamma saala aadmi,1,hi-roman
tu nikamma saala insaan,1,hi-roman
tu nikamma saala saale,1,hi-roman
tu nikamma saala kutte,1,hi-roman
tu nikamma saala yaar,1,hi-roman
tum nikamma saala,1,hi-roman
tum nikamma saala hai,1,hi-roman
tum nikamma saala ho,1,hi-roman
tum nikamma saala tha,1,hi-roman
tum nikamma saala hain,1,hi-roman
tum nikamma saala aadmi,1,hi-roman
tum nikamma saala insaan,1,hi-roman
tum nikamma saala saale,1,hi-roman
tum nikamma saala kutte,1,hi-roman
tum nikamma saala yaar,1,hi-roman
abe nikamma saala,1,hi-roman
abe nikamma saala hai,1,hi-roman
abe nikamma saala ho,1,hi-roman
abe nikamma saala tha,1,hi-roman
abe nikamma saala hain,1,hi-roman
abe nikamma saala aadmi,1,hi-roman
abe nikamma saala insaan,1,hi-roman
abe nikamma saala saale,1,hi-roman
abe nikamma saala kutte,1,hi-roman
abe nikamma saala yaar,1,hi-roman
oye nikamma saala,1,hi-roman
oye nikamma saala hai,1,hi-roman
oye nikamma saala ho,1,hi-roman
oye nikamma saala tha,1,hi-roman
oye nikamma saala hain,1,hi-roman
oye nikamma saala aadmi,1,hi-roman
oye nikamma saala insaan,1,hi-roman
oye nikamma saala saale,1,hi-roman
oye nikamma saala kutte,1,hi-roman
oye nikamma saala yaar,1,hi-roman
are nikamma saala,1,hi-roman
are nikamma saala hai,1,hi-roman
are nikamma saala ho,1,hi-roman
are nikamma saala tha,1,hi-roman
are nikamma saala hain,1,hi-roman
are nikamma saala aadmi,1,hi-roman
are nikamma saala insaan,1,hi-roman
are nikamma saala saale,1,hi-roman
are nikamma saala kutte,1,hi-roman
are nikamma saala yaar,1,hi-roman
sun nikamma saala,1,hi-roman
sun nikamma saala hai,1,hi-roman
sun nikamma saala ho,1,hi-roman
sun nikamma saala tha,1,hi-roman
sun nikamma saala hain,1,hi-roman
sun nikamma saala aadmi,1,hi-roman
sun nikamma saala insaan,1,hi-roman
sun nikamma saala saale,1,hi-roman
sun nikamma saala kutte,1,hi-roman
sun nikamma saala yaar,1,hi-roman
dekh nikamma saala,1,hi-roman
dekh nikamma saala hai,1,hi-roman
dekh nikamma saala ho,1,hi-roman
dekh nikamma saala tha,1,hi-roman
dekh nikamma saala hain,1,hi-roman
dekh nikamma saala aadmi,1,hi-roman
dekh nikamma saala insaan,1,hi-roman
dekh nikamma saala saale,1,hi-roman
dekh nikamma saala kutte,1,hi-roman
dekh nikamma saala yaar,1,hi-roman
aalsee,1,hi-roman
aalsee hai,1,hi-roman
aalsee ho,1,hi-roman
aalsee hain,1,hi-roman
aalsee aadmi,1,hi-roman
aalsee insaan,1,hi-roman
aalsee yaar,1,hi-roman
aalsee bro,1,hi-roman
aalsee bhai,1,hi-roman
aalsee saale,1,hi-roman
tu aalsee,1,hi-roman
tu aalsee hai,1,hi-roman
tu aalsee ho,1,hi-roman
tu aalsee hain,1,hi-roman
tu aalsee aadmi,1,hi-roman
tu aalsee insaan,1,hi-roman
tu aalsee yaar,1,hi-roman
tu aalsee bro,1,hi-roman
tu aalsee bhai,1,hi-roman
tu aalsee saale,1,hi-roman
tum aalsee,1,hi-roman
tum aalsee hai,1,hi-roman
tum aalsee ho,1,hi-roman
tum aalsee hain,1,hi-roman
tum aalsee aadmi,1,hi-roman
tum aalsee insaan,1,hi-roman
tum aalsee yaar,1,hi-roman
tum aalsee bro,1,hi-roman
tum aalsee bhai,1,hi-roman
tum aalsee saale,1,hi-roman
abe aalsee,1,hi-roman
abe aalsee hai,1,hi-roman
abe aalsee ho,1,hi-roman
abe aalsee hain,1,hi-roman
abe aalsee aadmi,1,hi-roman
abe aalsee insaan,1,hi-roman
abe aalsee yaar,1,hi-roman
abe aalsee bro,1,hi-roman
abe aalsee bhai,1,hi-roman
abe aalsee saale,1,hi-roman
oye aalsee,1,hi-roman
oye aalsee hai,1,hi-roman
oye aalsee ho,1,hi-roman
oye aalsee hain,1,hi-roman
oye aalsee aadmi,1,hi-roman
oye aalsee insaan,1,hi-roman
oye aalsee yaar,1,hi-roman
oye aalsee bro,1,hi-roman
oye aalsee bhai,1,hi-roman
oye aalsee saale,1,hi-roman
are aalsee,1,hi-roman
are aalsee hai,1,hi-roman
are aalsee ho,1,hi-roman
are aalsee hain,1,hi-roman
are aalsee aadmi,1,hi-roman
are aalsee insaan,1,hi-roman
are aalsee yaar,1,hi-roman
are aalsee bro,1,hi-roman
are aalsee bhai,1,hi-roman
are aalsee saale,1,hi-roman
sun aalsee,1,hi-roman
sun aalsee hai,1,hi-roman
sun aalsee ho,1,hi-roman
sun aalsee hain,1,hi-roman
sun aalsee aadmi,1,hi-roman
sun aalsee insaan,1,hi-roman
sun aalsee yaar,1,hi-roman
sun aalsee bro,1,hi-roman
sun aalsee bhai,1,hi-roman
sun aalsee saale,1,hi-roman
dekh aalsee,1,hi-roman
dekh aalsee hai,1,hi-roman
dekh aalsee ho,1,hi-roman
dekh aalsee hain,1,hi-roman
dekh aalsee aadmi,1,hi-roman
dekh aalsee insaan,1,hi-roman
dekh aalsee yaar,1,hi-roman
dekh aalsee bro,1,hi-roman
dekh aalsee bhai,1,hi-roman
dekh aalsee saale,1,hi-roman
bhai aalsee,1,hi-roman
bhai aalsee hai,1,hi-roman
bhai aalsee ho,1,hi-roman
bhai aalsee hain,1,hi-roman
bhai aalsee aadmi,1,hi-roman
bhai aalsee insaan,1,hi-roman
bhai aalsee yaar,1,hi-roman
bhai aalsee bro,1,hi-roman
bhai aalsee bhai,1,hi-roman
bhai aalsee saale,1,hi-roman
saale aalsee,1,hi-roman
saale aalsee hai,1,hi-roman
saale aalsee ho,1,hi-roman
saale aalsee hain,1,hi-roman
saale aalsee aadmi,1,hi-roman
saale aalsee insaan,1,hi-roman
saale aalsee yaar,1,hi-roman
saale aalsee bro,1,hi-roman
saale aalsee bhai,1,hi-roman
saale aalsee saale,1,hi-roman
aalsi bro,1,hi-roman
aalsi bhai,1,hi-roman
tu aalsi bro,1,hi-roman
tu aalsi bhai,1,hi-roman
tum aalsi bro,1,hi-roman
tum aalsi bhai,1,hi-roman
abe aalsi bro,1,hi-roman
abe aalsi bhai,1,hi-roman
oye aalsi bro,1,hi-roman
oye aalsi bhai,1,hi-roman
are aalsi bro,1,hi-roman
are aalsi bhai,1,hi-roman
sun aalsi bro,1,hi-roman
sun aalsi bhai,1,hi-roman
dekh aalsi bro,1,hi-roman
dekh aalsi bhai,1,hi-roman
bhai aalsi,1,hi-roman
bhai aalsi hai,1,hi-roman
bhai aalsi ho,1,hi-roman
bhai aalsi hain,1,hi-roman
bhai aalsi aadmi,1,hi-roman
bhai aalsi insaan,1,hi-roman
bhai aalsi yaar,1,hi-roman
bhai aalsi bro,1,hi-roman
bhai aalsi bhai,1,hi-roman
bhai aalsi saale,1,hi-roman
saale aalsi,1,hi-roman
saale aalsi hai,1,hi-roman
saale aalsi ho,1,hi-roman
saale aalsi hain,1,hi-roman
saale aalsi aadmi,1,hi-roman
saale aalsi insaan,1,hi-roman
saale aalsi yaar,1,hi-roman
saale aalsi bro,1,hi-roman
saale aalsi bhai,1,hi-roman
saale aalsi saale,1,hi-roman
aaaalsi,1,hi-roman
aaaalsi hai,1,hi-roman
aaaalsi ho,1,hi-roman
aaaalsi hain,1,hi-roman
aaaalsi aadmi,1,hi-roman
aaaalsi insaan,1,hi-roman
aaaalsi yaar,1,hi-roman
aaaalsi bro,1,hi-roman
aaaalsi bhai,1,hi-roman
aaaalsi saale,1,hi-roman
tu aaaalsi,1,hi-roman
tu aaaalsi hai,1,hi-roman
tu aaaalsi ho,1,hi-roman
tu aaaalsi hain,1,hi-roman
tu aaaalsi aadmi,1,hi-roman
tu aaaalsi insaan,1,hi-roman
tu aaaalsi yaar,1,hi-roman
tu aaaalsi bro,1,hi-roman
tu aaaalsi bhai,1,hi-roman
tu aaaalsi saale,1,hi-roman
tum aaaalsi,1,hi-roman
tum aaaalsi hai,1,hi-roman
tum aaaalsi ho,1,hi-roman
tum aaaalsi hain,1,hi-roman
tum aaaalsi aadmi,1,hi-roman
tum aaaalsi insaan,1,hi-roman
tum aaaalsi yaar,1,hi-roman
tum aaaalsi bro,1,hi-roman
tum aaaalsi bhai,1,hi-roman
tum aaaalsi saale,1,hi-roman
abe aaaalsi,1,hi-roman
abe aaaalsi hai,1,hi-roman
abe aaaalsi ho,1,hi-roman
abe aaaalsi hain,1,hi-roman
abe aaaalsi aadmi,1,hi-roman
abe aaaalsi insaan,1,hi-roman
abe aaaalsi yaar,1,hi-roman
abe aaaalsi bro,1,hi-roman
abe aaaalsi bhai,1,hi-roman
abe aaaalsi saale,1,hi-roman
oye aaaalsi,1,hi-roman
oye aaaalsi hai,1,hi-roman
oye aaaalsi ho,1,hi-roman
oye aaaalsi hain,1,hi-roman
oye aaaalsi aadmi,1,hi-roman
oye aaaalsi insaan,1,hi-roman
oye aaaalsi yaar,1,hi-roman
oye aaaalsi bro,1,hi-roman
oye aaaalsi bhai,1,hi-roman
oye aaaalsi saale,1,hi-roman
are aaaalsi,1,hi-roman
are aaaalsi hai,1,hi-roman
are aaaalsi ho,1,hi-roman
are aaaalsi hain,1,hi-roman
are aaaalsi aadmi,1,hi-roman
are aaaalsi insaan,1,hi-roman
are aaaalsi yaar,1,hi-roman
are aaaalsi bro,1,hi-roman
are aaaalsi bhai,1,hi-roman
are aaaalsi saale,1,hi-roman
sun aaaalsi,1,hi-roman
sun aaaalsi hai,1,hi-roman
sun aaaalsi ho,1,hi-roman
sun aaaalsi hain,1,hi-roman
sun aaaalsi aadmi,1,hi-roman
sun aaaalsi insaan,1,hi-roman
sun aaaalsi yaar,1,hi-roman
sun aaaalsi bro,1,hi-roman
sun aaaalsi bhai,1,hi-roman
sun aaaalsi saale,1,hi-roman
dekh aaaalsi,1,hi-roman
dekh aaaalsi hai,1,hi-roman
dekh aaaalsi ho,1,hi-roman
dekh aaaalsi hain,1,hi-roman
dekh aaaalsi aadmi,1,hi-roman
dekh aaaalsi insaan,1,hi-roman
dekh aaaalsi yaar,1,hi-roman
dekh aaaalsi bro,1,hi-roman
dekh aaaalsi bhai,1,hi-roman
dekh aaaalsi saale,1,hi-roman
bhai aaaalsi,1,hi-roman
bhai aaaalsi hai,1,hi-roman
bhai aaaalsi ho,1,hi-roman
bhai aaaalsi hain,1,hi-roman
bhai aaaalsi aadmi,1,hi-roman
bhai aaaalsi insaan,1,hi-roman
bhai aaaalsi yaar,1,hi-roman
bhai aaaalsi bro,1,hi-roman
bhai aaaalsi bhai,1,hi-roman
bhai aaaalsi saale,1,hi-roman
saale aaaalsi,1,hi-roman
saale aaaalsi hai,1,hi-roman
saale aaaalsi ho,1,hi-roman
saale aaaalsi hain,1,hi-roman
saale aaaalsi aadmi,1,hi-roman
saale aaaalsi insaan,1,hi-roman
saale aaaalsi yaar,1,hi-roman
saale aaaalsi bro,1,hi-roman
saale aaaalsi bhai,1,hi-roman
saale aaaalsi saale,1,hi-roman
alsi,1,hi-roman
alsi hai,1,hi-roman
alsi ho,1,hi-roman
alsi hain,1,hi-roman
alsi aadmi,1,hi-roman
alsi insaan,1,hi-roman
alsi yaar,1,hi-roman
alsi bro,1,hi-roman
alsi bhai,1,hi-roman
alsi saale,1,hi-roman
tu alsi,1,hi-roman
tu alsi hai,1,hi-roman
tu alsi ho,1,hi-roman
tu alsi hain,1,hi-roman
tu alsi aadmi,1,hi-roman
tu alsi insaan,1,hi-roman
tu alsi yaar,1,hi-roman
tu alsi bro,1,hi-roman
tu alsi bhai,1,hi-roman
tu alsi saale,1,hi-roman
tum alsi,1,hi-roman
tum alsi hai,1,hi-roman
tum alsi ho,1,hi-roman
tum alsi hain,1,hi-roman
tum alsi aadmi,1,hi-roman
tum alsi insaan,1,hi-roman
tum alsi yaar,1,hi-roman
tum alsi bro,1,hi-roman
tum alsi bhai,1,hi-roman
tum alsi saale,1,hi-roman
abe alsi,1,hi-roman
abe alsi hai,1,hi-roman
abe alsi ho,1,hi-roman
abe alsi hain,1,hi-roman
abe alsi aadmi,1,hi-roman
abe alsi insaan,1,hi-roman
abe alsi yaar,1,hi-roman
abe alsi bro,1,hi-roman
abe alsi bhai,1,hi-roman
abe alsi saale,1,hi-roman
oye alsi,1,hi-roman
oye alsi hai,1,hi-roman
oye alsi ho,1,hi-roman
oye alsi hain,1,hi-roman
oye alsi aadmi,1,hi-roman
oye alsi insaan,1,hi-roman
oye alsi yaar,1,hi-roman
oye alsi bro,1,hi-roman
oye alsi bhai,1,hi-roman
oye alsi saale,1,hi-roman
are alsi,1,hi-roman
are alsi hai,1,hi-roman
are alsi ho,1,hi-roman
are alsi hain,1,hi-roman
are alsi aadmi,1,hi-roman
are alsi insaan,1,hi-roman
are alsi yaar,1,hi-roman
are alsi bro,1,hi-roman
are alsi bhai,1,hi-roman
are alsi saale,1,hi-roman
sun alsi,1,hi-roman
sun alsi hai,1,hi-roman
sun alsi ho,1,hi-roman
sun alsi hain,1,hi-roman
sun alsi aadmi,1,hi-roman
sun alsi insaan,1,hi-roman
sun alsi yaar,1,hi-roman
sun alsi bro,1,hi-roman
sun alsi bhai,1,hi-roman
sun alsi saale,1,hi-roman
dekh alsi,1,hi-roman
dekh alsi hai,1,hi-roman
dekh alsi ho,1,hi-roman
dekh alsi hain,1,hi-roman
dekh alsi aadmi,1,hi-roman
dekh alsi insaan,1,hi-roman
dekh alsi yaar,1,hi-roman
dekh alsi bro,1,hi-roman
dekh alsi bhai,1,hi-roman
dekh alsi saale,1,hi-roman
bhai alsi,1,hi-roman
bhai alsi hai,1,hi-roman
bhai alsi ho,1,hi-roman
bhai alsi hain,1,hi-roman
bhai alsi aadmi,1,hi-roman
bhai alsi insaan,1,hi-roman
bhai alsi yaar,1,hi-roman
bhai alsi bro,1,hi-roman
bhai alsi bhai,1,hi-roman
bhai alsi saale,1,hi-roman
saale alsi,1,hi-roman
saale alsi hai,1,hi-roman
saale alsi ho,1,hi-roman
saale alsi hain,1,hi-roman
saale alsi aadmi,1,hi-roman
saale alsi insaan,1,hi-roman
saale alsi yaar,1,hi-roman
saale alsi bro,1,hi-roman
saale alsi bhai,1,hi-roman
saale alsi saale,1,hi-roman
alsi admi,1,hi-roman
alsi admi hai,1,hi-roman
alsi admi ho,1,hi-roman
alsi admi hain,1,hi-roman
alsi admi aadmi,1,hi-roman
alsi admi insaan,1,hi-roman
alsi admi yaar,1,hi-roman
alsi admi bro,1,hi-roman
alsi admi bhai,1,hi-roman
alsi admi saale,1,hi-roman
tu alsi admi,1,hi-roman
tu alsi admi hai,1,hi-roman
tu alsi admi ho,1,hi-roman
tu alsi admi hain,1,hi-roman
tu alsi admi aadmi,1,hi-roman
tu alsi admi insaan,1,hi-roman
tu alsi admi yaar,1,hi-roman
tu alsi admi bro,1,hi-roman
tu alsi admi bhai,1,hi-roman
tu alsi admi saale,1,hi-roman
tum alsi admi,1,hi-roman
tum alsi admi hai,1,hi-roman
tum alsi admi ho,1,hi-roman
tum alsi admi hain,1,hi-roman
tum alsi admi aadmi,1,hi-roman
tum alsi admi insaan,1,hi-roman
tum alsi admi yaar,1,hi-roman
tum alsi admi bro,1,hi-roman
tum alsi admi bhai,1,hi-roman
tum alsi admi saale,1,hi-roman
abe alsi admi,1,hi-roman
abe alsi admi hai,1,hi-roman
abe alsi admi ho,1,hi-roman
abe alsi admi hain,1,hi-roman
abe alsi admi aadmi,1,hi-roman
abe alsi admi insaan,1,hi-roman
abe alsi admi yaar,1,hi-roman
abe alsi admi bro,1,hi-roman
abe alsi admi bhai,1,hi-roman
abe alsi admi saale,1,hi-roman
oye alsi admi,1,hi-roman
oye alsi admi hai,1,hi-roman
oye alsi admi ho,1,hi-roman
oye alsi admi hain,1,hi-roman
oye alsi admi aadmi,1,hi-roman
oye alsi admi insaan,1,hi-roman
oye alsi admi yaar,1,hi-roman
oye alsi admi bro,1,hi-roman
oye alsi admi bhai,1,hi-roman
oye alsi admi saale,1,hi-roman
are alsi admi,1,hi-roman
are alsi admi hai,1,hi-roman
are alsi admi ho,1,hi-roman
are alsi admi hain,1,hi-roman
are alsi admi aadmi,1,hi-roman
are alsi admi insaan,1,hi-roman
are alsi admi yaar,1,hi-roman
are alsi admi bro,1,hi-roman
are alsi admi bhai,1,hi-roman
are alsi admi saale,1,hi-roman
sun alsi admi,1,hi-roman
sun alsi admi hai,1,hi-roman
sun alsi admi ho,1,hi-roman
sun alsi admi hain,1,hi-roman
sun alsi admi aadmi,1,hi-roman
sun alsi admi insaan,1,hi-roman
sun alsi admi yaar,1,hi-roman
sun alsi admi bro,1,hi-roman
sun alsi admi bhai,1,hi-roman
sun alsi admi saale,1,hi-roman
dekh alsi admi,1,hi-roman
dekh alsi admi hai,1,hi-roman
dekh alsi admi ho,1,hi-roman
dekh alsi admi hain,1,hi-roman
dekh alsi admi aadmi,1,hi-roman
dekh alsi admi insaan,1,hi-roman
dekh alsi admi yaar,1,hi-roman
dekh alsi admi bro,1,hi-roman
dekh alsi admi bhai,1,hi-roman
dekh alsi admi saale,1,hi-roman
bhai alsi admi,1,hi-roman
bhai alsi admi hai,1,hi-roman
bhai alsi admi ho,1,hi-roman
bhai alsi admi hain,1,hi-roman
bhai alsi admi aadmi,1,hi-roman
bhai alsi admi insaan,1,hi-roman
bhai alsi admi yaar,1,hi-roman
bhai alsi admi bro,1,hi-roman
bhai alsi admi bhai,1,hi-roman
bhai alsi admi saale,1,hi-roman
saale alsi admi,1,hi-roman
saale alsi admi hai,1,hi-roman
saale alsi admi ho,1,hi-roman
saale alsi admi hain,1,hi-roman
saale alsi admi aadmi,1,hi-roman
saale alsi admi insaan,1,hi-roman
saale alsi admi yaar,1,hi-roman
saale alsi admi bro,1,hi-roman
saale alsi admi bhai,1,hi-roman
saale alsi admi saale,1,hi-roman
aaaalsi aaaadmi,1,hi-roman
aaaalsi aaaadmi hai,1,hi-roman
aaaalsi aaaadmi ho,1,hi-roman
aaaalsi aaaadmi hain,1,hi-roman
aaaalsi aaaadmi aadmi,1,hi-roman
aaaalsi aaaadmi insaan,1,hi-roman
aaaalsi aaaadmi yaar,1,hi-roman
aaaalsi aaaadmi bro,1,hi-roman
aaaalsi aaaadmi bhai,1,hi-roman
aaaalsi aaaadmi saale,1,hi-roman
tu aaaalsi aaaadmi,1,hi-roman
tu aaaalsi aaaadmi hai,1,hi-roman
tu aaaalsi aaaadmi ho,1,hi-roman
tu aaaalsi aaaadmi hain,1,hi-roman
tu aaaalsi aaaadmi aadmi,1,hi-roman
tu aaaalsi aaaadmi insaan,1,hi-roman
tu aaaalsi aaaadmi yaar,1,hi-roman
tu aaaalsi aaaadmi bro,1,hi-roman
tu aaaalsi aaaadmi bhai,1,hi-roman
tu aaaalsi aaaadmi saale,1,hi-roman
tum aaaalsi aaaadmi,1,hi-roman
tum aaaalsi aaaadmi hai,1,hi-roman
tum aaaalsi aaaadmi ho,1,hi-roman
tum aaaalsi aaaadmi hain,1,hi-roman
tum aaaalsi aaaadmi aadmi,1,hi-roman
tum aaaalsi aaaadmi insaan,1,hi-roman
tum aaaalsi aaaadmi yaar,1,hi-roman
tum aaaalsi aaaadmi bro,1,hi-roman
tum aaaalsi aaaadmi bhai,1,hi-roman
tum aaaalsi aaaadmi saale,1,hi-roman
abe aaaalsi aaaadmi,1,hi-roman
abe aaaalsi aaaadmi hai,1,hi-roman
abe aaaalsi aaaadmi ho,1,hi-roman
abe aaaalsi aaaadmi hain,1,hi-roman
abe aaaalsi aaaadmi aadmi,1,hi-roman
abe aaaalsi aaaadmi insaan,1,hi-roman
abe aaaalsi aaaadmi yaar,1,hi-roman
abe aaaalsi aaaadmi bro,1,hi-roman
abe aaaalsi aaaadmi bhai,1,hi-roman
abe aaaalsi aaaadmi saale,1,hi-roman
oye aaaalsi aaaadmi,1,hi-roman
oye aaaalsi aaaadmi hai,1,hi-roman
oye aaaalsi aaaadmi ho,1,hi-roman
oye aaaalsi aaaadmi hain,1,hi-roman
oye aaaalsi aaaadmi aadmi,1,hi-roman
oye aaaalsi aaaadmi insaan,1,hi-roman
oye aaaalsi aaaadmi yaar,1,hi-roman
oye aaaalsi aaaadmi bro,1,hi-roman
oye aaaalsi aaaadmi bhai,1,hi-roman
oye aaaalsi aaaadmi saale,1,hi-roman
are aaaalsi aaaadmi,1,hi-roman
are aaaalsi aaaadmi hai,1,hi-roman
are aaaalsi aaaadmi ho,1,hi-roman
are aaaalsi aaaadmi hain,1,hi-roman
are aaaalsi aaaadmi aadmi,1,hi-roman
are aaaalsi aaaadmi insaan,1,hi-roman
are aaaalsi aaaadmi yaar,1,hi-roman
are aaaalsi aaaadmi bro,1,hi-roman
are aaaalsi aaaadmi bhai,1,hi-roman
are aaaalsi aaaadmi saale,1,hi-roman
sun aaaalsi aaaadmi,1,hi-roman
sun aaaalsi aaaadmi hai,1,hi-roman
sun aaaalsi aaaadmi ho,1,hi-roman
sun aaaalsi aaaadmi hain,1,hi-roman
sun aaaalsi aaaadmi aadmi,1,hi-roman
sun aaaalsi aaaadmi insaan,1,hi-roman
sun aaaalsi aaaadmi yaar,1,hi-roman
sun aaaalsi aaaadmi bro,1,hi-roman
sun aaaalsi aaaadmi bhai,1,hi-roman
sun aaaalsi aaaadmi saale,1,hi-roman
dekh aaaalsi aaaadmi,1,hi-roman
dekh aaaalsi aaaadmi hai,1,hi-roman
dekh aaaalsi aaaadmi ho,1,hi-roman
dekh aaaalsi aaaadmi hain,1,hi-roman
dekh aaaalsi aaaadmi aadmi,1,hi-roman
dekh aaaalsi aaaadmi insaan,1,hi-roman
dekh aaaalsi aaaadmi yaar,1,hi-roman
dekh aaaalsi aaaadmi bro,1,hi-roman
dekh aaaalsi aaaadmi bhai,1,hi-roman
dekh aaaalsi aaaadmi saale,1,hi-roman
bhai aaaalsi aaaadmi,1,hi-roman
bhai aaaalsi aaaadmi hai,1,hi-roman
bhai aaaalsi aaaadmi ho,1,hi-roman
bhai aaaalsi aaaadmi hain,1,hi-roman
bhai aaaalsi aaaadmi aadmi,1,hi-roman
bhai aaaalsi aaaadmi insaan,1,hi-roman
bhai aaaalsi aaaadmi yaar,1,hi-roman
bhai aaaalsi aaaadmi bro,1,hi-roman
bhai aaaalsi aaaadmi bhai,1,hi-roman
bhai aaaalsi aaaadmi saale,1,hi-roman
saale aaaalsi aaaadmi,1,hi-roman
saale aaaalsi aaaadmi hai,1,hi-roman
saale aaaalsi aaaadmi ho,1,hi-roman
saale aaaalsi aaaadmi hain,1,hi-roman
saale aaaalsi aaaadmi aadmi,1,hi-roman
saale aaaalsi aaaadmi insaan,1,hi-roman
saale aaaalsi aaaadmi yaar,1,hi-roman
saale aaaalsi aaaadmi bro,1,hi-roman
saale aaaalsi aaaadmi bhai,1,hi-roman
saale aaaalsi aaaadmi saale,1,hi-roman
aalsee aadmee,1,hi-roman
aalsee aadmee hai,1,hi-roman
aalsee aadmee ho,1,hi-roman
aalsee aadmee hain,1,hi-roman
aalsee aadmee aadmi,1,hi-roman
aalsee aadmee insaan,1,hi-roman
aalsee aadmee yaar,1,hi-roman
aalsee aadmee bro,1,hi-roman
aalsee aadmee bhai,1,hi-roman
aalsee aadmee saale,1,hi-roman
tu aalsee aadmee,1,hi-roman
tu aalsee aadmee hai,1,hi-roman
tu aalsee aadmee ho,1,hi-roman
tu aalsee aadmee hain,1,hi-roman
tu aalsee aadmee aadmi,1,hi-roman
tu aalsee aadmee insaan,1,hi-roman
tu aalsee aadmee yaar,1,hi-roman
tu aalsee aadmee bro,1,hi-roman
tu aalsee aadmee bhai,1,hi-roman
tu aalsee aadmee saale,1,hi-roman
tum aalsee aadmee,1,hi-roman
tum aalsee aadmee hai,1,hi-roman
tum aalsee aadmee ho,1,hi-roman
tum aalsee aadmee hain,1,hi-roman
tum aalsee aadmee aadmi,1,hi-roman
tum aalsee aadmee insaan,1,hi-roman
tum aalsee aadmee yaar,1,hi-roman
tum aalsee aadmee bro,1,hi-roman
tum aalsee aadmee bhai,1,hi-roman
tum aalsee aadmee saale,1,hi-roman
abe aalsee aadmee,1,hi-roman
abe aalsee aadmee hai,1,hi-roman
abe aalsee aadmee ho,1,hi-roman
abe aalsee aadmee hain,1,hi-roman
abe aalsee aadmee aadmi,1,hi-roman
abe aalsee aadmee insaan,1,hi-roman
abe aalsee aadmee yaar,1,hi-roman
abe aalsee aadmee bro,1,hi-roman
abe aalsee aadmee bhai,1,hi-roman
abe aalsee aadmee saale,1,hi-roman
oye aalsee aadmee,1,hi-roman
oye aalsee aadmee hai,1,hi-roman
oye aalsee aadmee ho,1,hi-roman
oye aalsee aadmee hain,1,hi-roman
oye aalsee aadmee aadmi,1,hi-roman
oye aalsee aadmee insaan,1,hi-roman
oye aalsee aadmee yaar,1,hi-roman
oye aalsee aadmee bro,1,hi-roman
oye aalsee aadmee bhai,1,hi-roman
oye aalsee aadmee saale,1,hi-roman
are aalsee aadmee,1,hi-roman
are aalsee aadmee hai,1,hi-roman
are aalsee aadmee ho,1,hi-roman
are aalsee aadmee hain,1,hi-roman
are aalsee aadmee aadmi,1,hi-roman
are aalsee aadmee insaan,1,hi-roman
are aalsee aadmee yaar,1,hi-roman
are aalsee aadmee bro,1,hi-roman
are aalsee aadmee bhai,1,hi-roman
are aalsee aadmee saale,1,hi-roman
sun aalsee aadmee,1,hi-roman
sun aalsee aadmee hai,1,hi-roman
sun aalsee aadmee ho,1,hi-roman
sun aalsee aadmee hain,1,hi-roman
sun aalsee aadmee aadmi,1,hi-roman
sun aalsee aadmee insaan,1,hi-roman
sun aalsee aadmee yaar,1,hi-roman
sun aalsee aadmee bro,1,hi-roman
sun aalsee aadmee bhai,1,hi-roman
sun aalsee aadmee saale,1,hi-roman
dekh aalsee aadmee,1,hi-roman
dekh aalsee aadmee hai,1,hi-roman
dekh aalsee aadmee ho,1,hi-roman
dekh aalsee aadmee hain,1,hi-roman
dekh aalsee aadmee aadmi,1,hi-roman
dekh aalsee aadmee insaan,1,hi-roman
dekh aalsee aadmee yaar,1,hi-roman
dekh aalsee aadmee bro,1,hi-roman
dekh aalsee aadmee bhai,1,hi-roman
dekh aalsee aadmee saale,1,hi-roman
bhai aalsee aadmee,1,hi-roman
bhai aalsee aadmee hai,1,hi-roman
bhai aalsee aadmee ho,1,hi-roman
bhai aalsee aadmee hain,1,hi-roman
bhai aalsee aadmee aadmi,1,hi-roman
bhai aalsee aadmee insaan,1,hi-roman
bhai aalsee aadmee yaar,1,hi-roman
bhai aalsee aadmee bro,1,hi-roman
bhai aalsee aadmee bhai,1,hi-roman
bhai aalsee aadmee saale,1,hi-roman
saale aalsee aadmee,1,hi-roman
saale aalsee aadmee hai,1,hi-roman
saale aalsee aadmee ho,1,hi-roman
saale aalsee aadmee hain,1,hi-roman
saale aalsee aadmee aadmi,1,hi-roman
saale aalsee aadmee insaan,1,hi-roman
saale aalsee aadmee yaar,1,hi-roman
saale aalsee aadmee bro,1,hi-roman
saale aalsee aadmee bhai,1,hi-roman
saale aalsee aadmee saale,1,hi-roman
aalsi aadmi bro,1,hi-roman
aalsi aadmi bhai,1,hi-roman
tu aalsi aadmi bro,1,hi-roman
tu aalsi aadmi bhai,1,hi-roman
tum aalsi aadmi bro,1,hi-roman
tum aalsi aadmi bhai,1,hi-roman
abe aalsi aadmi bro,1,hi-roman
abe aalsi aadmi bhai,1,hi-roman
oye aalsi aadmi bro,1,hi-roman
oye aalsi aadmi bhai,1,hi-roman
are aalsi aadmi bro,1,hi-roman
are aalsi aadmi bhai,1,hi-roman
sun aalsi aadmi bro,1,hi-roman
sun aalsi aadmi bhai,1,hi-roman
dekh aalsi aadmi bro,1,hi-roman
dekh aalsi aadmi bhai,1,hi-roman
bhai aalsi aadmi hai,1,hi-roman
bhai aalsi aadmi ho,1,hi-roman
bhai aalsi aadmi hain,1,hi-roman
bhai aalsi aadmi aadmi,1,hi-roman
bhai aalsi aadmi insaan,1,hi-roman
bhai aalsi aadmi yaar,1,hi-roman
bhai aalsi aadmi bro,1,hi-roman
bhai aalsi aadmi bhai,1,hi-roman
bhai aalsi aadmi saale,1,hi-roman
saale aalsi aadmi hai,1,hi-roman
saale aalsi aadmi ho,1,hi-roman
saale aalsi aadmi hain,1,hi-roman
saale aalsi aadmi aadmi,1,hi-roman
saale aalsi aadmi insaan,1,hi-roman
saale aalsi aadmi yaar,1,hi-roman
saale aalsi aadmi bro,1,hi-roman
saale aalsi aadmi bhai,1,hi-roman
saale aalsi aadmi saale,1,hi-roman
aaaalsi aaaadmi aaaadmi,1,hi-roman
aaaalsi aaaadmi aaaadmi hai,1,hi-roman
aaaalsi aaaadmi aaaadmi ho,1,hi-roman
aaaalsi aaaadmi aaaadmi hain,1,hi-roman
aaaalsi aaaadmi aaaadmi aadmi,1,hi-roman
aaaalsi aaaadmi aaaadmi insaan,1,hi-roman
aaaalsi aaaadmi aaaadmi yaar,1,hi-roman
aaaalsi aaaadmi aaaadmi bro,1,hi-roman
aaaalsi aaaadmi aaaadmi bhai,1,hi-roman
aaaalsi aaaadmi aaaadmi saale,1,hi-roman
tu aaaalsi aaaadmi aaaadmi,1,hi-roman
tu aaaalsi aaaadmi aaaadmi hai,1,hi-roman
tu aaaalsi aaaadmi aaaadmi ho,1,hi-roman
tu aaaalsi aaaadmi aaaadmi hain,1,hi-roman
tu aaaalsi aaaadmi aaaadmi aadmi,1,hi-roman
tu aaaalsi aaaadmi aaaadmi insaan,1,hi-roman
tu aaaalsi aaaadmi aaaadmi yaar,1,hi-roman
tu aaaalsi aaaadmi aaaadmi bro,1,hi-roman
tu aaaalsi aaaadmi aaaadmi bhai,1,hi-roman
tu aaaalsi aaaadmi aaaadmi saale,1,hi-roman
tum aaaalsi aaaadmi aaaadmi,1,hi-roman
tum aaaalsi aaaadmi aaaadmi hai,1,hi-roman
tum aaaalsi aaaadmi aaaadmi ho,1,hi-roman
tum aaaalsi aaaadmi aaaadmi hain,1,hi-roman
tum aaaalsi aaaadmi aaaadmi aadmi,1,hi-roman
tum aaaalsi aaaadmi aaaadmi insaan,1,hi-roman
tum aaaalsi aaaadmi aaaadmi yaar,1,hi-roman
tum aaaalsi aaaadmi aaaadmi bro,1,hi-roman
tum aaaalsi aaaadmi aaaadmi bhai,1,hi-roman
tum aaaalsi aaaadmi aaaadmi saale,1,hi-roman
abe aaaalsi aaaadmi aaaadmi,1,hi-roman
abe aaaalsi aaaadmi aaaadmi hai,1,hi-roman
abe aaaalsi aaaadmi aaaadmi ho,1,hi-roman
abe aaaalsi aaaadmi aaaadmi hain,1,hi-roman
abe aaaalsi aaaadmi aaaadmi aadmi,1,hi-roman
abe aaaalsi aaaadmi aaaadmi insaan,1,hi-roman
abe aaaalsi aaaadmi aaaadmi yaar,1,hi-roman
abe aaaalsi aaaadmi aaaadmi bro,1,hi-roman
abe aaaalsi aaaadmi aaaadmi bhai,1,hi-roman
abe aaaalsi aaaadmi aaaadmi saale,1,hi-roman
oye aaaalsi aaaadmi aaaadmi,1,hi-roman
oye aaaalsi aaaadmi aaaadmi hai,1,hi-roman
oye aaaalsi aaaadmi aaaadmi ho,1,hi-roman
oye aaaalsi aaaadmi aaaadmi hain,1,hi-roman
oye aaaalsi aaaadmi aaaadmi aadmi,1,hi-roman
oye aaaalsi aaaadmi aaaadmi insaan,1,hi-roman
oye aaaalsi aaaadmi aaaadmi yaar,1,hi-roman
oye aaaalsi aaaadmi aaaadmi bro,1,hi-roman
oye aaaalsi aaaadmi aaaadmi bhai,1,hi-roman
oye aaaalsi aaaadmi aaaadmi saale,1,hi-roman
are aaaalsi aaaadmi aaaadmi,1,hi-roman
are aaaalsi aaaadmi aaaadmi hai,1,hi-roman
are aaaalsi aaaadmi aaaadmi ho,1,hi-roman
are aaaalsi aaaadmi aaaadmi hain,1,hi-roman
are aaaalsi aaaadmi aaaadmi aadmi,1,hi-roman
are aaaalsi aaaadmi aaaadmi insaan,1,hi-roman
are aaaalsi aaaadmi aaaadmi yaar,1,hi-roman
are aaaalsi aaaadmi aaaadmi bro,1,hi-roman
are aaaalsi aaaadmi aaaadmi bhai,1,hi-roman
are aaaalsi aaaadmi aaaadmi saale,1,hi-roman
sun aaaalsi aaaadmi aaaadmi,1,hi-roman
sun aaaalsi aaaadmi aaaadmi hai,1,hi-roman
sun aaaalsi aaaadmi aaaadmi ho,1,hi-roman
sun aaaalsi aaaadmi aaaadmi hain,1,hi-roman
sun aaaalsi aaaadmi aaaadmi aadmi,1,hi-roman
sun aaaalsi aaaadmi aaaadmi insaan,1,hi-roman
sun aaaalsi aaaadmi aaaadmi yaar,1,hi-roman
sun aaaalsi aaaadmi aaaadmi bro,1,hi-roman
sun aaaalsi aaaadmi aaaadmi bhai,1,hi-roman
sun aaaalsi aaaadmi aaaadmi saale,1,hi-roman
dekh aaaalsi aaaadmi aaaadmi,1,hi-roman
dekh aaaalsi aaaadmi aaaadmi hai,1,hi-roman
dekh aaaalsi aaaadmi aaaadmi ho,1,hi-roman
dekh aaaalsi aaaadmi aaaadmi hain,1,hi-roman
dekh aaaalsi aaaadmi aaaadmi aadmi,1,hi-roman
dekh aaaalsi aaaadmi aaaadmi insaan,1,hi-roman
dekh aaaalsi aaaadmi aaaadmi yaar,1,hi-roman
dekh aaaalsi aaaadmi aaaadmi bro,1,hi-roman
dekh aaaalsi aaaadmi aaaadmi bhai,1,hi-roman
dekh aaaalsi aaaadmi aaaadmi saale,1,hi-roman
bhai aaaalsi aaaadmi aaaadmi,1,hi-roman
bhai aaaalsi aaaadmi aaaadmi hai,1,hi-roman
bhai aaaalsi aaaadmi aaaadmi ho,1,hi-roman
bhai aaaalsi aaaadmi aaaadmi hain,1,hi-roman
bhai aaaalsi aaaadmi aaaadmi aadmi,1,hi-roman
bhai aaaalsi aaaadmi aaaadmi insaan,1,hi-roman
bhai aaaalsi aaaadmi aaaadmi yaar,1,hi-roman
bhai aaaalsi aaaadmi aaaadmi bro,1,hi-roman
bhai aaaalsi aaaadmi aaaadmi bhai,1,hi-roman
bhai aaaalsi aaaadmi aaaadmi saale,1,hi-roman
saale aaaalsi aaaadmi aaaadmi,1,hi-roman
saale aaaalsi aaaadmi aaaadmi hai,1,hi-roman
saale aaaalsi aaaadmi aaaadmi ho,1,hi-roman
saale aaaalsi aaaadmi aaaadmi hain,1,hi-roman
saale aaaalsi aaaadmi aaaadmi aadmi,1,hi-roman
saale aaaalsi aaaadmi aaaadmi insaan,1,hi-roman
saale aaaalsi aaaadmi aaaadmi yaar,1,hi-roman
saale aaaalsi aaaadmi aaaadmi bro,1,hi-roman
saale aaaalsi aaaadmi aaaadmi bhai,1,hi-roman
saale aaaalsi aaaadmi aaaadmi saale,1,hi-roman
aalsi aadmi aadmi hai,1,hi-roman
aalsi aadmi aadmi ho,1,hi-roman
aalsi aadmi aadmi hain,1,hi-roman
aalsi aadmi aadmi aadmi,1,hi-roman
aalsi aadmi aadmi insaan,1,hi-roman
aalsi aadmi aadmi yaar,1,hi-roman
aalsi aadmi aadmi bro,1,hi-roman
aalsi aadmi aadmi bhai,1,hi-roman
aalsi aadmi aadmi saale,1,hi-roman
tu aalsi aadmi aadmi hai,1,hi-roman
tu aalsi aadmi aadmi ho,1,hi-roman
tu aalsi aadmi aadmi hain,1,hi-roman
tu aalsi aadmi aadmi aadmi,1,hi-roman
tu aalsi aadmi aadmi insaan,1,hi-roman
tu aalsi aadmi aadmi yaar,1,hi-roman
tu aalsi aadmi aadmi bro,1,hi-roman
tu aalsi aadmi aadmi bhai,1,hi-roman
tu aalsi aadmi aadmi saale,1,hi-roman
tum aalsi aadmi aadmi hai,1,hi-roman
tum aalsi aadmi aadmi ho,1,hi-roman
tum aalsi aadmi aadmi hain,1,hi-roman
tum aalsi aadmi aadmi aadmi,1,hi-roman
tum aalsi aadmi aadmi insaan,1,hi-roman
tum aalsi aadmi aadmi yaar,1,hi-roman
tum aalsi aadmi aadmi bro,1,hi-roman
tum aalsi aadmi aadmi bhai,1,hi-roman
tum aalsi aadmi aadmi saale,1,hi-roman
abe aalsi aadmi aadmi hai,1,hi-roman
abe aalsi aadmi aadmi ho,1,hi-roman
abe aalsi aadmi aadmi hain,1,hi-roman
abe aalsi aadmi aadmi aadmi,1,hi-roman
abe aalsi aadmi aadmi insaan,1,hi-roman
abe aalsi aadmi aadmi yaar,1,hi-roman
abe aalsi aadmi aadmi bro,1,hi-roman
abe aalsi aadmi aadmi bhai,1,hi-roman
abe aalsi aadmi aadmi saale,1,hi-roman
oye aalsi aadmi aadmi hai,1,hi-roman
oye aalsi aadmi aadmi ho,1,hi-roman
oye aalsi aadmi aadmi hain,1,hi-roman
oye aalsi aadmi aadmi aadmi,1,hi-roman
oye aalsi aadmi aadmi insaan,1,hi-roman
oye aalsi aadmi aadmi yaar,1,hi-roman
oye aalsi aadmi aadmi bro,1,hi-roman
oye aalsi aadmi aadmi bhai,1,hi-roman
oye aalsi aadmi aadmi saale,1,hi-roman
are aalsi aadmi aadmi hai,1,hi-roman
are aalsi aadmi aadmi ho,1,hi-roman
are aalsi aadmi aadmi hain,1,hi-roman
are aalsi aadmi aadmi aadmi,1,hi-roman
are aalsi aadmi aadmi insaan,1,hi-roman
are aalsi aadmi aadmi yaar,1,hi-roman
are aalsi aadmi aadmi bro,1,hi-roman
are aalsi aadmi aadmi bhai,1,hi-roman
are aalsi aadmi aadmi saale,1,hi-roman
sun aalsi aadmi aadmi hai,1,hi-roman
sun aalsi aadmi aadmi ho,1,hi-roman
sun aalsi aadmi aadmi hain,1,hi-roman
sun aalsi aadmi aadmi aadmi,1,hi-roman
sun aalsi aadmi aadmi insaan,1,hi-roman
sun aalsi aadmi aadmi yaar,1,hi-roman
sun aalsi aadmi aadmi bro,1,hi-roman
sun aalsi aadmi aadmi bhai,1,hi-roman
sun aalsi aadmi aadmi saale,1,hi-roman
dekh aalsi aadmi aadmi hai,1,hi-roman
dekh aalsi aadmi aadmi ho,1,hi-roman
dekh aalsi aadmi aadmi hain,1,hi-roman
dekh aalsi aadmi aadmi aadmi,1,hi-roman
dekh aalsi aadmi aadmi insaan,1,hi-roman
dekh aalsi aadmi aadmi yaar,1,hi-roman
dekh aalsi aadmi aadmi bro,1,hi-roman
dekh aalsi aadmi aadmi bhai,1,hi-roman
dekh aalsi aadmi aadmi saale,1,hi-roman
bhai aalsi aadmi aadmi hai,1,hi-roman
bhai aalsi aadmi aadmi ho,1,hi-roman
bhai aalsi aadmi aadmi hain,1,hi-roman
bhai aalsi aadmi aadmi aadmi,1,hi-roman
bhai aalsi aadmi aadmi insaan,1,hi-roman
bhai aalsi aadmi aadmi yaar,1,hi-roman
bhai aalsi aadmi aadmi bro,1,hi-roman
bhai aalsi aadmi aadmi bhai,1,hi-roman
bhai aalsi aadmi aadmi saale,1,hi-roman
saale aalsi aadmi aadmi hai,1,hi-roman
saale aalsi aadmi aadmi ho,1,hi-roman
saale aalsi aadmi aadmi hain,1,hi-roman
saale aalsi aadmi aadmi aadmi,1,hi-roman
saale aalsi aadmi aadmi insaan,1,hi-roman
saale aalsi aadmi aadmi yaar,1,hi-roman
saale aalsi aadmi aadmi bro,1,hi-roman
saale aalsi aadmi aadmi bhai,1,hi-roman
saale aalsi aadmi aadmi saale,1,hi-roman
aalsee aadmee aadmee,1,hi-roman
aalsee aadmee aadmee hai,1,hi-roman
aalsee aadmee aadmee ho,1,hi-roman
aalsee aadmee aadmee hain,1,hi-roman
aalsee aadmee aadmee aadmi,1,hi-roman
aalsee aadmee aadmee insaan,1,hi-roman
aalsee aadmee aadmee yaar,1,hi-roman
aalsee aadmee aadmee bro,1,hi-roman
aalsee aadmee aadmee bhai,1,hi-roman
aalsee aadmee aadmee saale,1,hi-roman
tu aalsee aadmee aadmee,1,hi-roman
tu aalsee aadmee aadmee hai,1,hi-roman
tu aalsee aadmee aadmee ho,1,hi-roman
tu aalsee aadmee aadmee hain,1,hi-roman
tu aalsee aadmee aadmee aadmi,1,hi-roman
tu aalsee aadmee aadmee insaan,1,hi-roman
tu aalsee aadmee aadmee yaar,1,hi-roman
tu aalsee aadmee aadmee bro,1,hi-roman
tu aalsee aadmee aadmee bhai,1,hi-roman
tu aalsee aadmee aadmee saale,1,hi-roman
tum aalsee aadmee aadmee,1,hi-roman
tum aalsee aadmee aadmee hai,1,hi-roman
tum aalsee aadmee aadmee ho,1,hi-roman
tum aalsee aadmee aadmee hain,1,hi-roman
tum aalsee aadmee aadmee aadmi,1,hi-roman
tum aalsee aadmee aadmee insaan,1,hi-roman
tum aalsee aadmee aadmee yaar,1,hi-roman
tum aalsee aadmee aadmee bro,1,hi-roman
tum aalsee aadmee aadmee bhai,1,hi-roman
tum aalsee aadmee aadmee saale,1,hi-roman
abe aalsee aadmee aadmee,1,hi-roman
abe aalsee aadmee aadmee hai,1,hi-roman
abe aalsee aadmee aadmee ho,1,hi-roman
abe aalsee aadmee aadmee hain,1,hi-roman
abe aalsee aadmee aadmee aadmi,1,hi-roman
abe aalsee aadmee aadmee insaan,1,hi-roman
abe aalsee aadmee aadmee yaar,1,hi-roman
abe aalsee aadmee aadmee bro,1,hi-roman
abe aalsee aadmee aadmee bhai,1,hi-roman
abe aalsee aadmee aadmee saale,1,hi-roman
oye aalsee aadmee aadmee,1,hi-roman
oye aalsee aadmee aadmee hai,1,hi-roman
oye aalsee aadmee aadmee ho,1,hi-roman
oye aalsee aadmee aadmee hain,1,hi-roman
oye aalsee aadmee aadmee aadmi,1,hi-roman
oye aalsee aadmee aadmee insaan,1,hi-roman
oye aalsee aadmee aadmee yaar,1,hi-roman
oye aalsee aadmee aadmee bro,1,hi-roman
oye aalsee aadmee aadmee bhai,1,hi-roman
oye aalsee aadmee aadmee saale,1,hi-roman
are aalsee aadmee aadmee,1,hi-roman
are aalsee aadmee aadmee hai,1,hi-roman
are aalsee aadmee aadmee ho,1,hi-roman
are aalsee aadmee aadmee hain,1,hi-roman
are aalsee aadmee aadmee aadmi,1,hi-roman
are aalsee aadmee aadmee insaan,1,hi-roman
are aalsee aadmee aadmee yaar,1,hi-roman
are aalsee aadmee aadmee bro,1,hi-roman
are aalsee aadmee aadmee bhai,1,hi-roman
are aalsee aadmee aadmee saale,1,hi-roman
sun aalsee aadmee aadmee,1,hi-roman
sun aalsee aadmee aadmee hai,1,hi-roman
sun aalsee aadmee aadmee ho,1,hi-roman
sun aalsee aadmee aadmee hain,1,hi-roman
sun aalsee aadmee aadmee aadmi,1,hi-roman
sun aalsee aadmee aadmee insaan,1,hi-roman
sun aalsee aadmee aadmee yaar,1,hi-roman
sun aalsee aadmee aadmee bro,1,hi-roman
sun aalsee aadmee aadmee bhai,1,hi-roman
sun aalsee aadmee aadmee saale,1,hi-roman
dekh aalsee aadmee aadmee,1,hi-roman
dekh aalsee aadmee aadmee hai,1,hi-roman
dekh aalsee aadmee aadmee ho,1,hi-roman
dekh aalsee aadmee aadmee hain,1,hi-roman
dekh aalsee aadmee aadmee aadmi,1,hi-roman
dekh aalsee aadmee aadmee insaan,1,hi-roman
dekh aalsee aadmee aadmee yaar,1,hi-roman
dekh aalsee aadmee aadmee bro,1,hi-roman
dekh aalsee aadmee aadmee bhai,1,hi-roman
dekh aalsee aadmee aadmee saale,1,hi-roman
bhai aalsee aadmee aadmee,1,hi-roman
bhai aalsee aadmee aadmee hai,1,hi-roman
bhai aalsee aadmee aadmee ho,1,hi-roman
bhai aalsee aadmee aadmee hain,1,hi-roman
bhai aalsee aadmee aadmee aadmi,1,hi-roman
bhai aalsee aadmee aadmee insaan,1,hi-roman
bhai aalsee aadmee aadmee yaar,1,hi-roman
bhai aalsee aadmee aadmee bro,1,hi-roman
bhai aalsee aadmee aadmee bhai,1,hi-roman
bhai aalsee aadmee aadmee saale,1,hi-roman
saale aalsee aadmee aadmee,1,hi-roman
saale aalsee aadmee aadmee hai,1,hi-roman
saale aalsee aadmee aadmee ho,1,hi-roman
saale aalsee aadmee aadmee hain,1,hi-roman
saale aalsee aadmee aadmee aadmi,1,hi-roman
saale aalsee aadmee aadmee insaan,1,hi-roman
saale aalsee aadmee aadmee yaar,1,hi-roman
saale aalsee aadmee aadmee bro,1,hi-roman
saale aalsee aadmee aadmee bhai,1,hi-roman
saale aalsee aadmee aadmee saale,1,hi-roman
alsi admi admi,1,hi-roman
alsi admi admi hai,1,hi-roman
alsi admi admi ho,1,hi-roman
alsi admi admi hain,1,hi-roman
alsi admi admi aadmi,1,hi-roman
alsi admi admi insaan,1,hi-roman
alsi admi admi yaar,1,hi-roman
alsi admi admi bro,1,hi-roman
alsi admi admi bhai,1,hi-roman
alsi admi admi saale,1,hi-roman
tu alsi admi admi,1,hi-roman
tu alsi admi admi hai,1,hi-roman
tu alsi admi admi ho,1,hi-roman
tu alsi admi admi hain,1,hi-roman
tu alsi admi admi aadmi,1,hi-roman
tu alsi admi admi insaan,1,hi-roman
tu alsi admi admi yaar,1,hi-roman
tu alsi admi admi bro,1,hi-roman
tu alsi admi admi bhai,1,hi-roman
tu alsi admi admi saale,1,hi-roman
tum alsi admi admi,1,hi-roman
tum alsi admi admi hai,1,hi-roman
tum alsi admi admi ho,1,hi-roman
tum alsi admi admi hain,1,hi-roman
tum alsi admi admi aadmi,1,hi-roman
tum alsi admi admi insaan,1,hi-roman
tum alsi admi admi yaar,1,hi-roman
tum alsi admi admi bro,1,hi-roman
tum alsi admi admi bhai,1,hi-roman
tum alsi admi admi saale,1,hi-roman
abe alsi admi admi,1,hi-roman
abe alsi admi admi hai,1,hi-roman
abe alsi admi admi ho,1,hi-roman
abe alsi admi admi hain,1,hi-roman
abe alsi admi admi aadmi,1,hi-roman
abe alsi admi admi insaan,1,hi-roman
abe alsi admi admi yaar,1,hi-roman
abe alsi admi admi bro,1,hi-roman
abe alsi admi admi bhai,1,hi-roman
abe alsi admi admi saale,1,hi-roman
oye alsi admi admi,1,hi-roman
oye alsi admi admi hai,1,hi-roman
oye alsi admi admi ho,1,hi-roman
oye alsi admi admi hain,1,hi-roman
oye alsi admi admi aadmi,1,hi-roman
oye alsi admi admi insaan,1,hi-roman
oye alsi admi admi yaar,1,hi-roman
oye alsi admi admi bro,1,hi-roman
oye alsi admi admi bhai,1,hi-roman
oye alsi admi admi saale,1,hi-roman
are alsi admi admi,1,hi-roman
are alsi admi admi hai,1,hi-roman
are alsi admi admi ho,1,hi-roman
are alsi admi admi hain,1,hi-roman
are alsi admi admi aadmi,1,hi-roman
are alsi admi admi insaan,1,hi-roman
are alsi admi admi yaar,1,hi-roman
are alsi admi admi bro,1,hi-roman
are alsi admi admi bhai,1,hi-roman
are alsi admi admi saale,1,hi-roman
sun alsi admi admi,1,hi-roman
sun alsi admi admi hai,1,hi-roman
sun alsi admi admi ho,1,hi-roman
sun alsi admi admi hain,1,hi-roman
sun alsi admi admi aadmi,1,hi-roman
sun alsi admi admi insaan,1,hi-roman
sun alsi admi admi yaar,1,hi-roman
sun alsi admi admi bro,1,hi-roman
sun alsi admi admi bhai,1,hi-roman
sun alsi admi admi saale,1,hi-roman
dekh alsi admi admi,1,hi-roman
dekh alsi admi admi hai,1,hi-roman
dekh alsi admi admi ho,1,hi-roman
dekh alsi admi admi hain,1,hi-roman
dekh alsi admi admi aadmi,1,hi-roman
dekh alsi admi admi insaan,1,hi-roman
dekh alsi admi admi yaar,1,hi-roman
dekh alsi admi admi bro,1,hi-roman
dekh alsi admi admi bhai,1,hi-roman
dekh alsi admi admi saale,1,hi-roman
bhai alsi admi admi,1,hi-roman
bhai alsi admi admi hai,1,hi-roman
bhai alsi admi admi ho,1,hi-roman
bhai alsi admi admi hain,1,hi-roman
bhai alsi admi admi aadmi,1,hi-roman
bhai alsi admi admi insaan,1,hi-roman
bhai alsi admi admi yaar,1,hi-roman
bhai alsi admi admi bro,1,hi-roman
bhai alsi admi admi bhai,1,hi-roman
bhai alsi admi admi saale,1,hi-roman
saale alsi admi admi,1,hi-roman
saale alsi admi admi hai,1,hi-roman
saale alsi admi admi ho,1,hi-roman
saale alsi admi admi hain,1,hi-roman
saale alsi admi admi aadmi,1,hi-roman
saale alsi admi admi insaan,1,hi-roman
saale alsi admi admi yaar,1,hi-roman
saale alsi admi admi bro,1,hi-roman
saale alsi admi admi bhai,1,hi-roman
saale alsi admi admi saale,1,hi-roman
alsi admi hai hai,1,hi-roman
alsi admi hai ho,1,hi-roman
alsi admi hai hain,1,hi-roman
alsi admi hai aadmi,1,hi-roman
alsi admi hai insaan,1,hi-roman
alsi admi hai yaar,1,hi-roman
alsi admi hai bro,1,hi-roman
alsi admi hai bhai,1,hi-roman
alsi admi hai saale,1,hi-roman
tu alsi admi hai hai,1,hi-roman
tu alsi admi hai ho,1,hi-roman
tu alsi admi hai hain,1,hi-roman
tu alsi admi hai aadmi,1,hi-roman
tu alsi admi hai insaan,1,hi-roman
tu alsi admi hai yaar,1,hi-roman
tu alsi admi hai bro,1,hi-roman
tu alsi admi hai bhai,1,hi-roman
tu alsi admi hai saale,1,hi-roman
tum alsi admi hai hai,1,hi-roman
tum alsi admi hai ho,1,hi-roman
tum alsi admi hai hain,1,hi-roman
tum alsi admi hai aadmi,1,hi-roman
tum alsi admi hai insaan,1,hi-roman
tum alsi admi hai yaar,1,hi-roman
tum alsi admi hai bro,1,hi-roman
tum alsi admi hai bhai,1,hi-roman
tum alsi admi hai saale,1,hi-roman
abe alsi admi hai hai,1,hi-roman
abe alsi admi hai ho,1,hi-roman
abe alsi admi hai hain,1,hi-roman
abe alsi admi hai aadmi,1,hi-roman
abe alsi admi hai insaan,1,hi-roman
abe alsi admi hai yaar,1,hi-roman
abe alsi admi hai bro,1,hi-roman
abe alsi admi hai bhai,1,hi-roman
abe alsi admi hai saale,1,hi-roman
oye alsi admi hai hai,1,hi-roman
oye alsi admi hai ho,1,hi-roman
oye alsi admi hai hain,1,hi-roman
oye alsi admi hai aadmi,1,hi-roman
oye alsi admi hai insaan,1,hi-roman
oye alsi admi hai yaar,1,hi-roman
oye alsi admi hai bro,1,hi-roman
oye alsi admi hai bhai,1,hi-roman
oye alsi admi hai saale,1,hi-roman
are alsi admi hai hai,1,hi-roman
are alsi admi hai ho,1,hi-roman
are alsi admi hai hain,1,hi-roman
are alsi admi hai aadmi,1,hi-roman
are alsi admi hai insaan,1,hi-roman
are alsi admi hai yaar,1,hi-roman
are alsi admi hai bro,1,hi-roman
are alsi admi hai bhai,1,hi-roman
are alsi admi hai saale,1,hi-roman
sun alsi admi hai hai,1,hi-roman
sun alsi admi hai ho,1,hi-roman
sun alsi admi hai hain,1,hi-roman
sun alsi admi hai aadmi,1,hi-roman
sun alsi admi hai insaan,1,hi-roman
sun alsi admi hai yaar,1,hi-roman
sun alsi admi hai bro,1,hi-roman
sun alsi admi hai bhai,1,hi-roman
sun alsi admi hai saale,1,hi-roman
dekh alsi admi hai hai,1,hi-roman
dekh alsi admi hai ho,1,hi-roman
dekh alsi admi hai hain,1,hi-roman
dekh alsi admi hai aadmi,1,hi-roman
dekh alsi admi hai insaan,1,hi-roman
dekh alsi admi hai yaar,1,hi-roman
dekh alsi admi hai bro,1,hi-roman
dekh alsi admi hai bhai,1,hi-roman
dekh alsi admi hai saale,1,hi-roman
bhai alsi admi hai hai,1,hi-roman
bhai alsi admi hai ho,1,hi-roman
bhai alsi admi hai hain,1,hi-roman
bhai alsi admi hai aadmi,1,hi-roman
bhai alsi admi hai insaan,1,hi-roman
bhai alsi admi hai yaar,1,hi-roman
bhai alsi admi hai bro,1,hi-roman
bhai alsi admi hai bhai,1,hi-roman
bhai alsi admi hai saale,1,hi-roman
saale alsi admi hai hai,1,hi-roman
saale alsi admi hai ho,1,hi-roman
saale alsi admi hai hain,1,hi-roman
saale alsi admi hai aadmi,1,hi-roman
saale alsi admi hai insaan,1,hi-roman
saale alsi admi hai yaar,1,hi-roman
saale alsi admi hai bro,1,hi-roman
saale alsi admi hai bhai,1,hi-roman
saale alsi admi hai saale,1,hi-roman
aalsee aadmee haee,1,hi-roman
aalsee aadmee haee hai,1,hi-roman
aalsee aadmee haee ho,1,hi-roman
aalsee aadmee haee hain,1,hi-roman
aalsee aadmee haee aadmi,1,hi-roman
aalsee aadmee haee insaan,1,hi-roman
aalsee aadmee haee yaar,1,hi-roman
aalsee aadmee haee bro,1,hi-roman
aalsee aadmee haee bhai,1,hi-roman
aalsee aadmee haee saale,1,hi-roman
tu aalsee aadmee haee,1,hi-roman
tu aalsee aadmee haee hai,1,hi-roman
tu aalsee aadmee haee ho,1,hi-roman
tu aalsee aadmee haee hain,1,hi-roman
tu aalsee aadmee haee aadmi,1,hi-roman
tu aalsee aadmee haee insaan,1,hi-roman
tu aalsee aadmee haee yaar,1,hi-roman
tu aalsee aadmee haee bro,1,hi-roman
tu aalsee aadmee haee bhai,1,hi-roman
tu aalsee aadmee haee saale,1,hi-roman
tum aalsee aadmee haee,1,hi-roman
tum aalsee aadmee haee hai,1,hi-roman
tum aalsee aadmee haee ho,1,hi-roman
tum aalsee aadmee haee hain,1,hi-roman
tum aalsee aadmee haee aadmi,1,hi-roman
tum aalsee aadmee haee insaan,1,hi-roman
tum aalsee aadmee haee yaar,1,hi-roman
tum aalsee aadmee haee bro,1,hi-roman
tum aalsee aadmee haee bhai,1,hi-roman
tum aalsee aadmee haee saale,1,hi-roman
abe aalsee aadmee haee,1,hi-roman
abe aalsee aadmee haee hai,1,hi-roman
abe aalsee aadmee haee ho,1,hi-roman
abe aalsee aadmee haee hain,1,hi-roman
abe aalsee aadmee haee aadmi,1,hi-roman
abe aalsee aadmee haee insaan,1,hi-roman
abe aalsee aadmee haee yaar,1,hi-roman
abe aalsee aadmee haee bro,1,hi-roman
abe aalsee aadmee haee bhai,1,hi-roman
abe aalsee aadmee haee saale,1,hi-roman
oye aalsee aadmee haee,1,hi-roman
oye aalsee aadmee haee hai,1,hi-roman
oye aalsee aadmee haee ho,1,hi-roman
oye aalsee aadmee haee hain,1,hi-roman
oye aalsee aadmee haee aadmi,1,hi-roman
oye aalsee aadmee haee insaan,1,hi-roman
oye aalsee aadmee haee yaar,1,hi-roman
oye aalsee aadmee haee bro,1,hi-roman
oye aalsee aadmee haee bhai,1,hi-roman
oye aalsee aadmee haee saale,1,hi-roman
are aalsee aadmee haee,1,hi-roman
are aalsee aadmee haee hai,1,hi-roman
are aalsee aadmee haee ho,1,hi-roman
are aalsee aadmee haee hain,1,hi-roman
are aalsee aadmee haee aadmi,1,hi-roman
are aalsee aadmee haee insaan,1,hi-roman
are aalsee aadmee haee yaar,1,hi-roman
are aalsee aadmee haee bro,1,hi-roman
are aalsee aadmee haee bhai,1,hi-roman
are aalsee aadmee haee saale,1,hi-roman
sun aalsee aadmee haee,1,hi-roman
sun aalsee aadmee haee hai,1,hi-roman
sun aalsee aadmee haee ho,1,hi-roman
sun aalsee aadmee haee hain,1,hi-roman
sun aalsee aadmee haee aadmi,1,hi-roman
sun aalsee aadmee haee insaan,1,hi-roman
sun aalsee aadmee haee yaar,1,hi-roman
sun aalsee aadmee haee bro,1,hi-roman
sun aalsee aadmee haee bhai,1,hi-roman
sun aalsee aadmee haee saale,1,hi-roman
dekh aalsee aadmee haee,1,hi-roman
dekh aalsee aadmee haee hai,1,hi-roman
dekh aalsee aadmee haee ho,1,hi-roman
dekh aalsee aadmee haee hain,1,hi-roman
dekh aalsee aadmee haee aadmi,1,hi-roman
dekh aalsee aadmee haee insaan,1,hi-roman
dekh aalsee aadmee haee yaar,1,hi-roman
dekh aalsee aadmee haee bro,1,hi-roman
dekh aalsee aadmee haee bhai,1,hi-roman
dekh aalsee aadmee haee saale,1,hi-roman
bhai aalsee aadmee haee,1,hi-roman
bhai aalsee aadmee haee hai,1,hi-roman
bhai aalsee aadmee haee ho,1,hi-roman
bhai aalsee aadmee haee hain,1,hi-roman
bhai aalsee aadmee haee aadmi,1,hi-roman
bhai aalsee aadmee haee insaan,1,hi-roman
bhai aalsee aadmee haee yaar,1,hi-roman
bhai aalsee aadmee haee bro,1,hi-roman
bhai aalsee aadmee haee bhai,1,hi-roman
bhai aalsee aadmee haee saale,1,hi-roman
saale aalsee aadmee haee,1,hi-roman
saale aalsee aadmee haee hai,1,hi-roman
saale aalsee aadmee haee ho,1,hi-roman
saale aalsee aadmee haee hain,1,hi-roman
saale aalsee aadmee haee aadmi,1,hi-roman
saale aalsee aadmee haee insaan,1,hi-roman
saale aalsee aadmee haee yaar,1,hi-roman
saale aalsee aadmee haee bro,1,hi-roman
saale aalsee aadmee haee bhai,1,hi-roman
saale aalsee aadmee haee saale,1,hi-roman
aaaalsi aaaadmi haai,1,hi-roman
aaaalsi aaaadmi haai hai,1,hi-roman
aaaalsi aaaadmi haai ho,1,hi-roman
aaaalsi aaaadmi haai hain,1,hi-roman
aaaalsi aaaadmi haai aadmi,1,hi-roman
aaaalsi aaaadmi haai insaan,1,hi-roman
aaaalsi aaaadmi haai yaar,1,hi-roman
aaaalsi aaaadmi haai bro,1,hi-roman
aaaalsi aaaadmi haai bhai,1,hi-roman
aaaalsi aaaadmi haai saale,1,hi-roman
tu aaaalsi aaaadmi haai,1,hi-roman
tu aaaalsi aaaadmi haai hai,1,hi-roman
tu aaaalsi aaaadmi haai ho,1,hi-roman
tu aaaalsi aaaadmi haai hain,1,hi-roman
tu aaaalsi aaaadmi haai aadmi,1,hi-roman
tu aaaalsi aaaadmi haai insaan,1,hi-roman
tu aaaalsi aaaadmi haai yaar,1,hi-roman
tu aaaalsi aaaadmi haai bro,1,hi-roman
tu aaaalsi aaaadmi haai bhai,1,hi-roman
tu aaaalsi aaaadmi haai saale,1,hi-roman
tum aaaalsi aaaadmi haai,1,hi-roman
tum aaaalsi aaaadmi haai hai,1,hi-roman
tum aaaalsi aaaadmi haai ho,1,hi-roman
tum aaaalsi aaaadmi haai hain,1,hi-roman
tum aaaalsi aaaadmi haai aadmi,1,hi-roman
tum aaaalsi aaaadmi haai insaan,1,hi-roman
tum aaaalsi aaaadmi haai yaar,1,hi-roman
tum aaaalsi aaaadmi haai bro,1,hi-roman
tum aaaalsi aaaadmi haai bhai,1,hi-roman
tum aaaalsi aaaadmi haai saale,1,hi-roman
abe aaaalsi aaaadmi haai,1,hi-roman
abe aaaalsi aaaadmi haai hai,1,hi-roman
abe aaaalsi aaaadmi haai ho,1,hi-roman
abe aaaalsi aaaadmi haai hain,1,hi-roman
abe aaaalsi aaaadmi haai aadmi,1,hi-roman
abe aaaalsi aaaadmi haai insaan,1,hi-roman
abe aaaalsi aaaadmi haai yaar,1,hi-roman
abe aaaalsi aaaadmi haai bro,1,hi-roman
abe aaaalsi aaaadmi haai bhai,1,hi-roman
abe aaaalsi aaaadmi haai saale,1,hi-roman
oye aaaalsi aaaadmi haai,1,hi-roman
oye aaaalsi aaaadmi haai hai,1,hi-roman
oye aaaalsi aaaadmi haai ho,1,hi-roman
oye aaaalsi aaaadmi haai hain,1,hi-roman
oye aaaalsi aaaadmi haai aadmi,1,hi-roman
oye aaaalsi aaaadmi haai insaan,1,hi-roman
oye aaaalsi aaaadmi haai yaar,1,hi-roman
oye aaaalsi aaaadmi haai bro,1,hi-roman
oye aaaalsi aaaadmi haai bhai,1,hi-roman
oye aaaalsi aaaadmi haai saale,1,hi-roman
are aaaalsi aaaadmi haai,1,hi-roman
are aaaalsi aaaadmi haai hai,1,hi-roman
are aaaalsi aaaadmi haai ho,1,hi-roman
are aaaalsi aaaadmi haai hain,1,hi-roman
are aaaalsi aaaadmi haai aadmi,1,hi-roman
are aaaalsi aaaadmi haai insaan,1,hi-roman
are aaaalsi aaaadmi haai yaar,1,hi-roman
are aaaalsi aaaadmi haai bro,1,hi-roman
are aaaalsi aaaadmi haai bhai,1,hi-roman
are aaaalsi aaaadmi haai saale,1,hi-roman
sun aaaalsi aaaadmi haai,1,hi-roman
sun aaaalsi aaaadmi haai hai,1,hi-roman
sun aaaalsi aaaadmi haai ho,1,hi-roman
sun aaaalsi aaaadmi haai hain,1,hi-roman
sun aaaalsi aaaadmi haai aadmi,1,hi-roman
sun aaaalsi aaaadmi haai insaan,1,hi-roman
sun aaaalsi aaaadmi haai yaar,1,hi-roman
sun aaaalsi aaaadmi haai bro,1,hi-roman
sun aaaalsi aaaadmi haai bhai,1,hi-roman
sun aaaalsi aaaadmi haai saale,1,hi-roman
dekh aaaalsi aaaadmi haai,1,hi-roman
dekh aaaalsi aaaadmi haai hai,1,hi-roman
dekh aaaalsi aaaadmi haai ho,1,hi-roman
dekh aaaalsi aaaadmi haai hain,1,hi-roman
dekh aaaalsi aaaadmi haai aadmi,1,hi-roman
dekh aaaalsi aaaadmi haai insaan,1,hi-roman
dekh aaaalsi aaaadmi haai yaar,1,hi-roman
dekh aaaalsi aaaadmi haai bro,1,hi-roman
dekh aaaalsi aaaadmi haai bhai,1,hi-roman
dekh aaaalsi aaaadmi haai saale,1,hi-roman
bhai aaaalsi aaaadmi haai,1,hi-roman
bhai aaaalsi aaaadmi haai hai,1,hi-roman
bhai aaaalsi aaaadmi haai ho,1,hi-roman
bhai aaaalsi aaaadmi haai hain,1,hi-roman
bhai aaaalsi aaaadmi haai aadmi,1,hi-roman
bhai aaaalsi aaaadmi haai insaan,1,hi-roman
bhai aaaalsi aaaadmi haai yaar,1,hi-roman
bhai aaaalsi aaaadmi haai bro,1,hi-roman
bhai aaaalsi aaaadmi haai bhai,1,hi-roman
bhai aaaalsi aaaadmi haai saale,1,hi-roman
saale aaaalsi aaaadmi haai,1,hi-roman
saale aaaalsi aaaadmi haai hai,1,hi-roman
saale aaaalsi aaaadmi haai ho,1,hi-roman
saale aaaalsi aaaadmi haai hain,1,hi-roman
saale aaaalsi aaaadmi haai aadmi,1,hi-roman
saale aaaalsi aaaadmi haai insaan,1,hi-roman
saale aaaalsi aaaadmi haai yaar,1,hi-roman
saale aaaalsi aaaadmi haai bro,1,hi-roman
saale aaaalsi aaaadmi haai bhai,1,hi-roman
saale aaaalsi aaaadmi haai saale,1,hi-roman
aalsi aadmi hai hai,1,hi-roman
aalsi aadmi hai ho,1,hi-roman
aalsi aadmi hai hain,1,hi-roman
aalsi aadmi hai aadmi,1,hi-roman
aalsi aadmi hai insaan,1,hi-roman
aalsi aadmi hai yaar,1,hi-roman
aalsi aadmi hai bro,1,hi-roman
aalsi aadmi hai bhai,1,hi-roman
aalsi aadmi hai saale,1,hi-roman
tu aalsi aadmi hai hai,1,hi-roman
tu aalsi aadmi hai ho,1,hi-roman
tu aalsi aadmi hai hain,1,hi-roman
tu aalsi aadmi hai aadmi,1,hi-roman
tu aalsi aadmi hai insaan,1,hi-roman
tu aalsi aadmi hai yaar,1,hi-roman
tu aalsi aadmi hai bro,1,hi-roman
tu aalsi aadmi hai bhai,1,hi-roman
tu aalsi aadmi hai saale,1,hi-roman
tum aalsi aadmi hai hai,1,hi-roman
tum aalsi aadmi hai ho,1,hi-roman
tum aalsi aadmi hai hain,1,hi-roman
tum aalsi aadmi hai aadmi,1,hi-roman
tum aalsi aadmi hai insaan,1,hi-roman
tum aalsi aadmi hai yaar,1,hi-roman
tum aalsi aadmi hai bro,1,hi-roman
tum aalsi aadmi hai bhai,1,hi-roman
tum aalsi aadmi hai saale,1,hi-roman
abe aalsi aadmi hai hai,1,hi-roman
abe aalsi aadmi hai ho,1,hi-roman
abe aalsi aadmi hai hain,1,hi-roman
abe aalsi aadmi hai aadmi,1,hi-roman
abe aalsi aadmi hai insaan,1,hi-roman
abe aalsi aadmi hai yaar,1,hi-roman
abe aalsi aadmi hai bro,1,hi-roman
abe aalsi aadmi hai bhai,1,hi-roman
abe aalsi aadmi hai saale,1,hi-roman
oye aalsi aadmi hai hai,1,hi-roman
oye aalsi aadmi hai ho,1,hi-roman
oye aalsi aadmi hai hain,1,hi-roman
oye aalsi aadmi hai aadmi,1,hi-roman
oye aalsi aadmi hai insaan,1,hi-roman
oye aalsi aadmi hai yaar,1,hi-roman
oye aalsi aadmi hai bro,1,hi-roman
oye aalsi aadmi hai bhai,1,hi-roman
oye aalsi aadmi hai saale,1,hi-roman
are aalsi aadmi hai hai,1,hi-roman
are aalsi aadmi hai ho,1,hi-roman
are aalsi aadmi hai hain,1,hi-roman
are aalsi aadmi hai aadmi,1,hi-roman
are aalsi aadmi hai insaan,1,hi-roman
are aalsi aadmi hai yaar,1,hi-roman
are aalsi aadmi hai bro,1,hi-roman
are aalsi aadmi hai bhai,1,hi-roman
are aalsi aadmi hai saale,1,hi-roman
sun aalsi aadmi hai hai,1,hi-roman
sun aalsi aadmi hai ho,1,hi-roman
sun aalsi aadmi hai hain,1,hi-roman
sun aalsi aadmi hai aadmi,1,hi-roman
sun aalsi aadmi hai insaan,1,hi-roman
sun aalsi aadmi hai yaar,1,hi-roman
sun aalsi aadmi hai bro,1,hi-roman
sun aalsi aadmi hai bhai,1,hi-roman
sun aalsi aadmi hai saale,1,hi-roman
dekh aalsi aadmi hai hai,1,hi-roman
dekh aalsi aadmi hai ho,1,hi-roman
dekh aalsi aadmi hai hain,1,hi-roman
dekh aalsi aadmi hai aadmi,1,hi-roman
dekh aalsi aadmi hai insaan,1,hi-roman
dekh aalsi aadmi hai yaar,1,hi-roman
dekh aalsi aadmi hai bro,1,hi-roman
dekh aalsi aadmi hai bhai,1,hi-roman
dekh aalsi aadmi hai saale,1,hi-roman
bhai aalsi aadmi hai hai,1,hi-roman
bhai aalsi aadmi hai ho,1,hi-roman
bhai aalsi aadmi hai hain,1,hi-roman
bhai aalsi aadmi hai aadmi,1,hi-roman
bhai aalsi aadmi hai insaan,1,hi-roman
bhai aalsi aadmi hai yaar,1,hi-roman
bhai aalsi aadmi hai bro,1,hi-roman
bhai aalsi aadmi hai bhai,1,hi-roman
bhai aalsi aadmi hai saale,1,hi-roman
saale aalsi aadmi hai hai,1,hi-roman
saale aalsi aadmi hai ho,1,hi-roman
saale aalsi aadmi hai hain,1,hi-roman
saale aalsi aadmi hai aadmi,1,hi-roman
saale aalsi aadmi hai insaan,1,hi-roman
saale aalsi aadmi hai yaar,1,hi-roman
saale aalsi aadmi hai bro,1,hi-roman
saale aalsi aadmi hai bhai,1,hi-roman
saale aalsi aadmi hai saale,1,hi-roman
alsi admi hain hai,1,hi-roman
alsi admi hain ho,1,hi-roman
alsi admi hain hain,1,hi-roman
alsi admi hain aadmi,1,hi-roman
alsi admi hain insaan,1,hi-roman
alsi admi hain yaar,1,hi-roman
alsi admi hain bro,1,hi-roman
alsi admi hain bhai,1,hi-roman
alsi admi hain saale,1,hi-roman
tu alsi admi hain hai,1,hi-roman
tu alsi admi hain ho,1,hi-roman
tu alsi admi hain hain,1,hi-roman
tu alsi admi hain aadmi,1,hi-roman
tu alsi admi hain insaan,1,hi-roman
tu alsi admi hain yaar,1,hi-roman
tu alsi admi hain bro,1,hi-roman
tu alsi admi hain bhai,1,hi-roman
tu alsi admi hain saale,1,hi-roman
tum alsi admi hain hai,1,hi-roman
tum alsi admi hain ho,1,hi-roman
tum alsi admi hain hain,1,hi-roman
tum alsi admi hain aadmi,1,hi-roman
tum alsi admi hain insaan,1,hi-roman
tum alsi admi hain yaar,1,hi-roman
tum alsi admi hain bro,1,hi-roman
tum alsi admi hain bhai,1,hi-roman
tum alsi admi hain saale,1,hi-roman
abe alsi admi hain hai,1,hi-roman
abe alsi admi hain ho,1,hi-roman
abe alsi admi hain hain,1,hi-roman
abe alsi admi hain aadmi,1,hi-roman
abe alsi admi hain insaan,1,hi-roman
abe alsi admi hain yaar,1,hi-roman
abe alsi admi hain bro,1,hi-roman
abe alsi admi hain bhai,1,hi-roman
abe alsi admi hain saale,1,hi-roman
oye alsi admi hain hai,1,hi-roman
oye alsi admi hain ho,1,hi-roman
oye alsi admi hain hain,1,hi-roman
oye alsi admi hain aadmi,1,hi-roman
oye alsi admi hain insaan,1,hi-roman
oye alsi admi hain yaar,1,hi-roman
oye alsi admi hain bro,1,hi-roman
oye alsi admi hain bhai,1,hi-roman
oye alsi admi hain saale,1,hi-roman
are alsi admi hain hai,1,hi-roman
are alsi admi hain ho,1,hi-roman
are alsi admi hain hain,1,hi-roman
are alsi admi hain aadmi,1,hi-roman
are alsi admi hain insaan,1,hi-roman
are alsi admi hain yaar,1,hi-roman
are alsi admi hain bro,1,hi-roman
are alsi admi hain bhai,1,hi-roman
are alsi admi hain saale,1,hi-roman
sun alsi admi hain hai,1,hi-roman
sun alsi admi hain ho,1,hi-roman
sun alsi admi hain hain,1,hi-roman
sun alsi admi hain aadmi,1,hi-roman
sun alsi admi hain insaan,1,hi-roman
sun alsi admi hain yaar,1,hi-roman
sun alsi admi hain bro,1,hi-roman
sun alsi admi hain bhai,1,hi-roman
sun alsi admi hain saale,1,hi-roman
dekh alsi admi hain hai,1,hi-roman
dekh alsi admi hain ho,1,hi-roman
dekh alsi admi hain hain,1,hi-roman
dekh alsi admi hain aadmi,1,hi-roman
dekh alsi admi hain insaan,1,hi-roman
dekh alsi admi hain yaar,1,hi-roman
dekh alsi admi hain bro,1,hi-roman
dekh alsi admi hain bhai,1,hi-roman
dekh alsi admi hain saale,1,hi-roman
bhai alsi admi hain hai,1,hi-roman
bhai alsi admi hain ho,1,hi-roman
bhai alsi admi hain hain,1,hi-roman
bhai alsi admi hain aadmi,1,hi-roman
bhai alsi admi hain insaan,1,hi-roman
bhai alsi admi hain yaar,1,hi-roman
bhai alsi admi hain bro,1,hi-roman
bhai alsi admi hain bhai,1,hi-roman
bhai alsi admi hain saale,1,hi-roman
saale alsi admi hain hai,1,hi-roman
saale alsi admi hain ho,1,hi-roman
saale alsi admi hain hain,1,hi-roman
saale alsi admi hain aadmi,1,hi-roman
saale alsi admi hain insaan,1,hi-roman
saale alsi admi hain yaar,1,hi-roman
saale alsi admi hain bro,1,hi-roman
saale alsi admi hain bhai,1,hi-roman
saale alsi admi hain saale,1,hi-roman
aalsi aadmi hain hai,1,hi-roman
aalsi aadmi hain ho,1,hi-roman
aalsi aadmi hain hain,1,hi-roman
aalsi aadmi hain aadmi,1,hi-roman
aalsi aadmi hain insaan,1,hi-roman
aalsi aadmi hain yaar,1,hi-roman
aalsi aadmi hain bro,1,hi-roman
aalsi aadmi hain bhai,1,hi-roman
aalsi aadmi hain saale,1,hi-roman
tu aalsi aadmi hain hai,1,hi-roman
tu aalsi aadmi hain ho,1,hi-roman
tu aalsi aadmi hain hain,1,hi-roman
tu aalsi aadmi hain aadmi,1,hi-roman
tu aalsi aadmi hain insaan,1,hi-roman
tu aalsi aadmi hain yaar,1,hi-roman
tu aalsi aadmi hain bro,1,hi-roman
tu aalsi aadmi hain bhai,1,hi-roman
tu aalsi aadmi hain saale,1,hi-roman
tum aalsi aadmi hain hai,1,hi-roman
tum aalsi aadmi hain ho,1,hi-roman
tum aalsi aadmi hain hain,1,hi-roman
tum aalsi aadmi hain aadmi,1,hi-roman
tum aalsi aadmi hain insaan,1,hi-roman
tum aalsi aadmi hain yaar,1,hi-roman
tum aalsi aadmi hain bro,1,hi-roman
tum aalsi aadmi hain bhai,1,hi-roman
tum aalsi aadmi hain saale,1,hi-roman
abe aalsi aadmi hain hai,1,hi-roman
abe aalsi aadmi hain ho,1,hi-roman
abe aalsi aadmi hain hain,1,hi-roman
abe aalsi aadmi hain aadmi,1,hi-roman
abe aalsi aadmi hain insaan,1,hi-roman
abe aalsi aadmi hain yaar,1,hi-roman
abe aalsi aadmi hain bro,1,hi-roman
abe aalsi aadmi hain bhai,1,hi-roman
abe aalsi aadmi hain saale,1,hi-roman
oye aalsi aadmi hain hai,1,hi-roman
oye aalsi aadmi hain ho,1,hi-roman
oye aalsi aadmi hain hain,1,hi-roman
oye aalsi aadmi hain aadmi,1,hi-roman
oye aalsi aadmi hain insaan,1,hi-roman
oye aalsi aadmi hain yaar,1,hi-roman
oye aalsi aadmi hain bro,1,hi-roman
oye aalsi aadmi hain bhai,1,hi-roman
oye aalsi aadmi hain saale,1,hi-roman
are aalsi aadmi hain hai,1,hi-roman
are aalsi aadmi hain ho,1,hi-roman
are aalsi aadmi hain hain,1,hi-roman
are aalsi aadmi hain aadmi,1,hi-roman
are aalsi aadmi hain insaan,1,hi-roman
are aalsi aadmi hain yaar,1,hi-roman
are aalsi aadmi hain bro,1,hi-roman
are aalsi aadmi hain bhai,1,hi-roman
are aalsi aadmi hain saale,1,hi-roman
sun aalsi aadmi hain hai,1,hi-roman
sun aalsi aadmi hain ho,1,hi-roman
sun aalsi aadmi hain hain,1,hi-roman
sun aalsi aadmi hain aadmi,1,hi-roman
sun aalsi aadmi hain insaan,1,hi-roman
sun aalsi aadmi hain yaar,1,hi-roman
sun aalsi aadmi hain bro,1,hi-roman
sun aalsi aadmi hain bhai,1,hi-roman
sun aalsi aadmi hain saale,1,hi-roman
dekh aalsi aadmi hain hai,1,hi-roman
dekh aalsi aadmi hain ho,1,hi-roman
dekh aalsi aadmi hain hain,1,hi-roman
dekh aalsi aadmi hain aadmi,1,hi-roman
dekh aalsi aadmi hain insaan,1,hi-roman
dekh aalsi aadmi hain yaar,1,hi-roman
dekh aalsi aadmi hain bro,1,hi-roman
dekh aalsi aadmi hain bhai,1,hi-roman
dekh aalsi aadmi hain saale,1,hi-roman
bhai aalsi aadmi hain hai,1,hi-roman
bhai aalsi aadmi hain ho,1,hi-roman
bhai aalsi aadmi hain hain,1,hi-roman
bhai aalsi aadmi hain aadmi,1,hi-roman
bhai aalsi aadmi hain insaan,1,hi-roman
bhai aalsi aadmi hain yaar,1,hi-roman
bhai aalsi aadmi hain bro,1,hi-roman
bhai aalsi aadmi hain bhai,1,hi-roman
bhai aalsi aadmi hain saale,1,hi-roman
saale aalsi aadmi hain hai,1,hi-roman
saale aalsi aadmi hain ho,1,hi-roman
saale aalsi aadmi hain hain,1,hi-roman
saale aalsi aadmi hain aadmi,1,hi-roman
saale aalsi aadmi hain insaan,1,hi-roman
saale aalsi aadmi hain yaar,1,hi-roman
saale aalsi aadmi hain bro,1,hi-roman
saale aalsi aadmi hain bhai,1,hi-roman
saale aalsi aadmi hain saale,1,hi-roman
aaaalsi aaaadmi haain,1,hi-roman
aaaalsi aaaadmi haain hai,1,hi-roman
aaaalsi aaaadmi haain ho,1,hi-roman
aaaalsi aaaadmi haain hain,1,hi-roman
aaaalsi aaaadmi haain aadmi,1,hi-roman
aaaalsi aaaadmi haain insaan,1,hi-roman
aaaalsi aaaadmi haain yaar,1,hi-roman
aaaalsi aaaadmi haain bro,1,hi-roman
aaaalsi aaaadmi haain bhai,1,hi-roman
aaaalsi aaaadmi haain saale,1,hi-roman
tu aaaalsi aaaadmi haain,1,hi-roman
tu aaaalsi aaaadmi haain hai,1,hi-roman
tu aaaalsi aaaadmi haain ho,1,hi-roman
tu aaaalsi aaaadmi haain hain,1,hi-roman
tu aaaalsi aaaadmi haain aadmi,1,hi-roman
tu aaaalsi aaaadmi haain insaan,1,hi-roman
tu aaaalsi aaaadmi haain yaar,1,hi-roman
tu aaaalsi aaaadmi haain bro,1,hi-roman
tu aaaalsi aaaadmi haain bhai,1,hi-roman
tu aaaalsi aaaadmi haain saale,1,hi-roman
tum aaaalsi aaaadmi haain,1,hi-roman
tum aaaalsi aaaadmi haain hai,1,hi-roman
tum aaaalsi aaaadmi haain ho,1,hi-roman
tum aaaalsi aaaadmi haain hain,1,hi-roman
tum aaaalsi aaaadmi haain aadmi,1,hi-roman
tum aaaalsi aaaadmi haain insaan,1,hi-roman
tum aaaalsi aaaadmi haain yaar,1,hi-roman
tum aaaalsi aaaadmi haain bro,1,hi-roman
tum aaaalsi aaaadmi haain bhai,1,hi-roman
tum aaaalsi aaaadmi haain saale,1,hi-roman
abe aaaalsi aaaadmi haain,1,hi-roman
abe aaaalsi aaaadmi haain hai,1,hi-roman
abe aaaalsi aaaadmi haain ho,1,hi-roman
abe aaaalsi aaaadmi haain hain,1,hi-roman
abe aaaalsi aaaadmi haain aadmi,1,hi-roman
abe aaaalsi aaaadmi haain insaan,1,hi-roman
abe aaaalsi aaaadmi haain yaar,1,hi-roman
abe aaaalsi aaaadmi haain bro,1,hi-roman
abe aaaalsi aaaadmi haain bhai,1,hi-roman
abe aaaalsi aaaadmi haain saale,1,hi-roman
oye aaaalsi aaaadmi haain,1,hi-roman
oye aaaalsi aaaadmi haain hai,1,hi-roman
oye aaaalsi aaaadmi haain ho,1,hi-roman
oye aaaalsi aaaadmi haain hain,1,hi-roman
oye aaaalsi aaaadmi haain aadmi,1,hi-roman
oye aaaalsi aaaadmi haain insaan,1,hi-roman
oye aaaalsi aaaadmi haain yaar,1,hi-roman
oye aaaalsi aaaadmi haain bro,1,hi-roman
oye aaaalsi aaaadmi haain bhai,1,hi-roman
oye aaaalsi aaaadmi haain saale,1,hi-roman
are aaaalsi aaaadmi haain,1,hi-roman
are aaaalsi aaaadmi haain hai,1,hi-roman
are aaaalsi aaaadmi haain ho,1,hi-roman
are aaaalsi aaaadmi haain hain,1,hi-roman
are aaaalsi aaaadmi haain aadmi,1,hi-roman
are aaaalsi aaaadmi haain insaan,1,hi-roman
are aaaalsi aaaadmi haain yaar,1,hi-roman
are aaaalsi aaaadmi haain bro,1,hi-roman
are aaaalsi aaaadmi haain bhai,1,hi-roman
are aaaalsi aaaadmi haain saale,1,hi-roman
sun aaaalsi aaaadmi haain,1,hi-roman
sun aaaalsi aaaadmi haain hai,1,hi-roman
sun aaaalsi aaaadmi haain ho,1,hi-roman
sun aaaalsi aaaadmi haain hain,1,hi-roman
sun aaaalsi aaaadmi haain aadmi,1,hi-roman
sun aaaalsi aaaadmi haain insaan,1,hi-roman
sun aaaalsi aaaadmi haain yaar,1,hi-roman
sun aaaalsi aaaadmi haain bro,1,hi-roman
sun aaaalsi aaaadmi haain bhai,1,hi-roman
sun aaaalsi aaaadmi haain saale,1,hi-roman
dekh aaaalsi aaaadmi haain,1,hi-roman
dekh aaaalsi aaaadmi haain hai,1,hi-roman
dekh aaaalsi aaaadmi haain ho,1,hi-roman
dekh aaaalsi aaaadmi haain hain,1,hi-roman
dekh aaaalsi aaaadmi haain aadmi,1,hi-roman
dekh aaaalsi aaaadmi haain insaan,1,hi-roman
dekh aaaalsi aaaadmi haain yaar,1,hi-roman
dekh aaaalsi aaaadmi haain bro,1,hi-roman
dekh aaaalsi aaaadmi haain bhai,1,hi-roman
dekh aaaalsi aaaadmi haain saale,1,hi-roman
bhai aaaalsi aaaadmi haain,1,hi-roman
bhai aaaalsi aaaadmi haain hai,1,hi-roman
bhai aaaalsi aaaadmi haain ho,1,hi-roman
bhai aaaalsi aaaadmi haain hain,1,hi-roman
bhai aaaalsi aaaadmi haain aadmi,1,hi-roman
bhai aaaalsi aaaadmi haain insaan,1,hi-roman
bhai aaaalsi aaaadmi haain yaar,1,hi-roman
bhai aaaalsi aaaadmi haain bro,1,hi-roman
bhai aaaalsi aaaadmi haain bhai,1,hi-roman
bhai aaaalsi aaaadmi haain saale,1,hi-roman
saale aaaalsi aaaadmi haain,1,hi-roman
saale aaaalsi aaaadmi haain hai,1,hi-roman
saale aaaalsi aaaadmi haain ho,1,hi-roman
saale aaaalsi aaaadmi haain hain,1,hi-roman
saale aaaalsi aaaadmi haain aadmi,1,hi-roman
saale aaaalsi aaaadmi haain insaan,1,hi-roman
saale aaaalsi aaaadmi haain yaar,1,hi-roman
saale aaaalsi aaaadmi haain bro,1,hi-roman
saale aaaalsi aaaadmi haain bhai,1,hi-roman
saale aaaalsi aaaadmi haain saale,1,hi-roman
aalsee aadmee haeen,1,hi-roman
aalsee aadmee haeen hai,1,hi-roman
aalsee aadmee haeen ho,1,hi-roman
aalsee aadmee haeen hain,1,hi-roman
aalsee aadmee haeen aadmi,1,hi-roman
aalsee aadmee haeen insaan,1,hi-roman
aalsee aadmee haeen yaar,1,hi-roman
aalsee aadmee haeen bro,1,hi-roman
aalsee aadmee haeen bhai,1,hi-roman
aalsee aadmee haeen saale,1,hi-roman
tu aalsee aadmee haeen,1,hi-roman
tu aalsee aadmee haeen hai,1,hi-roman
tu aalsee aadmee haeen ho,1,hi-roman
tu aalsee aadmee haeen hain,1,hi-roman
tu aalsee aadmee haeen aadmi,1,hi-roman
tu aalsee aadmee haeen insaan,1,hi-roman
tu aalsee aadmee haeen yaar,1,hi-roman
tu aalsee aadmee haeen bro,1,hi-roman
tu aalsee aadmee haeen bhai,1,hi-roman
tu aalsee aadmee haeen saale,1,hi-roman
tum aalsee aadmee haeen,1,hi-roman
tum aalsee aadmee haeen hai,1,hi-roman
tum aalsee aadmee haeen ho,1,hi-roman
tum aalsee aadmee haeen hain,1,hi-roman
tum aalsee aadmee haeen aadmi,1,hi-roman
tum aalsee aadmee haeen insaan,1,hi-roman
tum aalsee aadmee haeen yaar,1,hi-roman
tum aalsee aadmee haeen bro,1,hi-roman
tum aalsee aadmee haeen bhai,1,hi-roman
tum aalsee aadmee haeen saale,1,hi-roman
abe aalsee aadmee haeen,1,hi-roman
abe aalsee aadmee haeen hai,1,hi-roman
abe aalsee aadmee haeen ho,1,hi-roman
abe aalsee aadmee haeen hain,1,hi-roman
abe aalsee aadmee haeen aadmi,1,hi-roman
abe aalsee aadmee haeen insaan,1,hi-roman
abe aalsee aadmee haeen yaar,1,hi-roman
abe aalsee aadmee haeen bro,1,hi-roman
abe aalsee aadmee haeen bhai,1,hi-roman
abe aalsee aadmee haeen saale,1,hi-roman
oye aalsee aadmee haeen,1,hi-roman
oye aalsee aadmee haeen hai,1,hi-roman
oye aalsee aadmee haeen ho,1,hi-roman
oye aalsee aadmee haeen hain,1,hi-roman
oye aalsee aadmee haeen aadmi,1,hi-roman
oye aalsee aadmee haeen insaan,1,hi-roman
oye aalsee aadmee haeen yaar,1,hi-roman
oye aalsee aadmee haeen bro,1,hi-roman
oye aalsee aadmee haeen bhai,1,hi-roman
oye aalsee aadmee haeen saale,1,hi-roman
are aalsee aadmee haeen,1,hi-roman
are aalsee aadmee haeen hai,1,hi-roman
are aalsee aadmee haeen ho,1,hi-roman
are aalsee aadmee haeen hain,1,hi-roman
are aalsee aadmee haeen aadmi,1,hi-roman
are aalsee aadmee haeen insaan,1,hi-roman
are aalsee aadmee haeen yaar,1,hi-roman
are aalsee aadmee haeen bro,1,hi-roman
are aalsee aadmee haeen bhai,1,hi-roman
are aalsee aadmee haeen saale,1,hi-roman
sun aalsee aadmee haeen,1,hi-roman
sun aalsee aadmee haeen hai,1,hi-roman
sun aalsee aadmee haeen ho,1,hi-roman
sun aalsee aadmee haeen hain,1,hi-roman
sun aalsee aadmee haeen aadmi,1,hi-roman
sun aalsee aadmee haeen insaan,1,hi-roman
sun aalsee aadmee haeen yaar,1,hi-roman
sun aalsee aadmee haeen bro,1,hi-roman
sun aalsee aadmee haeen bhai,1,hi-roman
sun aalsee aadmee haeen saale,1,hi-roman
dekh aalsee aadmee haeen,1,hi-roman
dekh aalsee aadmee haeen hai,1,hi-roman
dekh aalsee aadmee haeen ho,1,hi-roman
dekh aalsee aadmee haeen hain,1,hi-roman
dekh aalsee aadmee haeen aadmi,1,hi-roman
dekh aalsee aadmee haeen insaan,1,hi-roman
dekh aalsee aadmee haeen yaar,1,hi-roman
dekh aalsee aadmee haeen bro,1,hi-roman
dekh aalsee aadmee haeen bhai,1,hi-roman
dekh aalsee aadmee haeen saale,1,hi-roman
bhai aalsee aadmee haeen,1,hi-roman
bhai aalsee aadmee haeen hai,1,hi-roman
bhai aalsee aadmee haeen ho,1,hi-roman
bhai aalsee aadmee haeen hain,1,hi-roman
bhai aalsee aadmee haeen aadmi,1,hi-roman
bhai aalsee aadmee haeen insaan,1,hi-roman
bhai aalsee aadmee haeen yaar,1,hi-roman
bhai aalsee aadmee haeen bro,1,hi-roman
bhai aalsee aadmee haeen bhai,1,hi-roman
bhai aalsee aadmee haeen saale,1,hi-roman
saale aalsee aadmee haeen,1,hi-roman
saale aalsee aadmee haeen hai,1,hi-roman
saale aalsee aadmee haeen ho,1,hi-roman
saale aalsee aadmee haeen hain,1,hi-roman
saale aalsee aadmee haeen aadmi,1,hi-roman
saale aalsee aadmee haeen insaan,1,hi-roman
saale aalsee aadmee haeen yaar,1,hi-roman
saale aalsee aadmee haeen bro,1,hi-roman
saale aalsee aadmee haeen bhai,1,hi-roman
saale aalsee aadmee haeen saale,1,hi-roman
aaaalsi aaaadmi ho hai,1,hi-roman
aaaalsi aaaadmi ho ho,1,hi-roman
aaaalsi aaaadmi ho hain,1,hi-roman
aaaalsi aaaadmi ho aadmi,1,hi-roman
aaaalsi aaaadmi ho insaan,1,hi-roman
aaaalsi aaaadmi ho yaar,1,hi-roman
aaaalsi aaaadmi ho bro,1,hi-roman
aaaalsi aaaadmi ho bhai,1,hi-roman
aaaalsi aaaadmi ho saale,1,hi-roman
tu aaaalsi aaaadmi ho hai,1,hi-roman
tu aaaalsi aaaadmi ho ho,1,hi-roman
tu aaaalsi aaaadmi ho hain,1,hi-roman
tu aaaalsi aaaadmi ho aadmi,1,hi-roman
tu aaaalsi aaaadmi ho insaan,1,hi-roman
tu aaaalsi aaaadmi ho yaar,1,hi-roman
tu aaaalsi aaaadmi ho bro,1,hi-roman
tu aaaalsi aaaadmi ho bhai,1,hi-roman
tu aaaalsi aaaadmi ho saale,1,hi-roman
tum aaaalsi aaaadmi ho hai,1,hi-roman
tum aaaalsi aaaadmi ho ho,1,hi-roman
tum aaaalsi aaaadmi ho hain,1,hi-roman
tum aaaalsi aaaadmi ho aadmi,1,hi-roman
tum aaaalsi aaaadmi ho insaan,1,hi-roman
tum aaaalsi aaaadmi ho yaar,1,hi-roman
tum aaaalsi aaaadmi ho bro,1,hi-roman
tum aaaalsi aaaadmi ho bhai,1,hi-roman
tum aaaalsi aaaadmi ho saale,1,hi-roman
abe aaaalsi aaaadmi ho hai,1,hi-roman
abe aaaalsi aaaadmi ho ho,1,hi-roman
abe aaaalsi aaaadmi ho hain,1,hi-roman
abe aaaalsi aaaadmi ho aadmi,1,hi-roman
abe aaaalsi aaaadmi ho insaan,1,hi-roman
abe aaaalsi aaaadmi ho yaar,1,hi-roman
abe aaaalsi aaaadmi ho bro,1,hi-roman
abe aaaalsi aaaadmi ho bhai,1,hi-roman
abe aaaalsi aaaadmi ho saale,1,hi-roman
oye aaaalsi aaaadmi ho hai,1,hi-roman
oye aaaalsi aaaadmi ho ho,1,hi-roman
oye aaaalsi aaaadmi ho hain,1,hi-roman
oye aaaalsi aaaadmi ho aadmi,1,hi-roman
oye aaaalsi aaaadmi ho insaan,1,hi-roman
oye aaaalsi aaaadmi ho yaar,1,hi-roman
oye aaaalsi aaaadmi ho bro,1,hi-roman
oye aaaalsi aaaadmi ho bhai,1,hi-roman
oye aaaalsi aaaadmi ho saale,1,hi-roman
are aaaalsi aaaadmi ho hai,1,hi-roman
are aaaalsi aaaadmi ho ho,1,hi-roman
are aaaalsi aaaadmi ho hain,1,hi-roman
are aaaalsi aaaadmi ho aadmi,1,hi-roman
are aaaalsi aaaadmi ho insaan,1,hi-roman
are aaaalsi aaaadmi ho yaar,1,hi-roman
are aaaalsi aaaadmi ho bro,1,hi-roman
are aaaalsi aaaadmi ho bhai,1,hi-roman
are aaaalsi aaaadmi ho saale,1,hi-roman
sun aaaalsi aaaadmi ho hai,1,hi-roman
sun aaaalsi aaaadmi ho ho,1,hi-roman
sun aaaalsi aaaadmi ho hain,1,hi-roman
sun aaaalsi aaaadmi ho aadmi,1,hi-roman
sun aaaalsi aaaadmi ho insaan,1,hi-roman
sun aaaalsi aaaadmi ho yaar,1,hi-roman
sun aaaalsi aaaadmi ho bro,1,hi-roman
sun aaaalsi aaaadmi ho bhai,1,hi-roman
sun aaaalsi aaaadmi ho saale,1,hi-roman
dekh aaaalsi aaaadmi ho hai,1,hi-roman
dekh aaaalsi aaaadmi ho ho,1,hi-roman
dekh aaaalsi aaaadmi ho hain,1,hi-roman
dekh aaaalsi aaaadmi ho aadmi,1,hi-roman
dekh aaaalsi aaaadmi ho insaan,1,hi-roman
dekh aaaalsi aaaadmi ho yaar,1,hi-roman
dekh aaaalsi aaaadmi ho bro,1,hi-roman
dekh aaaalsi aaaadmi ho bhai,1,hi-roman
dekh aaaalsi aaaadmi ho saale,1,hi-roman
bhai aaaalsi aaaadmi ho hai,1,hi-roman
bhai aaaalsi aaaadmi ho ho,1,hi-roman
bhai aaaalsi aaaadmi ho hain,1,hi-roman
bhai aaaalsi aaaadmi ho aadmi,1,hi-roman
bhai aaaalsi aaaadmi ho insaan,1,hi-roman
bhai aaaalsi aaaadmi ho yaar,1,hi-roman
bhai aaaalsi aaaadmi ho bro,1,hi-roman
bhai aaaalsi aaaadmi ho bhai,1,hi-roman
bhai aaaalsi aaaadmi ho saale,1,hi-roman
saale aaaalsi aaaadmi ho hai,1,hi-roman
saale aaaalsi aaaadmi ho ho,1,hi-roman
saale aaaalsi aaaadmi ho hain,1,hi-roman
saale aaaalsi aaaadmi ho aadmi,1,hi-roman
saale aaaalsi aaaadmi ho insaan,1,hi-roman
saale aaaalsi aaaadmi ho yaar,1,hi-roman
saale aaaalsi aaaadmi ho bro,1,hi-roman
saale aaaalsi aaaadmi ho bhai,1,hi-roman
saale aaaalsi aaaadmi ho saale,1,hi-roman
aalsi aadmi ho hai,1,hi-roman
aalsi aadmi ho ho,1,hi-roman
aalsi aadmi ho hain,1,hi-roman
aalsi aadmi ho aadmi,1,hi-roman
aalsi aadmi ho insaan,1,hi-roman
aalsi aadmi ho yaar,1,hi-roman
aalsi aadmi ho bro,1,hi-roman
aalsi aadmi ho bhai,1,hi-roman
aalsi aadmi ho saale,1,hi-roman
tu aalsi aadmi ho hai,1,hi-roman
tu aalsi aadmi ho ho,1,hi-roman
tu aalsi aadmi ho hain,1,hi-roman
tu aalsi aadmi ho aadmi,1,hi-roman
tu aalsi aadmi ho insaan,1,hi-roman
tu aalsi aadmi ho yaar,1,hi-roman
tu aalsi aadmi ho bro,1,hi-roman
tu aalsi aadmi ho bhai,1,hi-roman
tu aalsi aadmi ho saale,1,hi-roman
tum aalsi aadmi ho hai,1,hi-roman
tum aalsi aadmi ho ho,1,hi-roman
tum aalsi aadmi ho hain,1,hi-roman
tum aalsi aadmi ho aadmi,1,hi-roman
tum aalsi aadmi ho insaan,1,hi-roman
tum aalsi aadmi ho yaar,1,hi-roman
tum aalsi aadmi ho bro,1,hi-roman
tum aalsi aadmi ho bhai,1,hi-roman
tum aalsi aadmi ho saale,1,hi-roman
abe aalsi aadmi ho hai,1,hi-roman
abe aalsi aadmi ho ho,1,hi-roman
abe aalsi aadmi ho hain,1,hi-roman
abe aalsi aadmi ho aadmi,1,hi-roman
abe aalsi aadmi ho insaan,1,hi-roman
abe aalsi aadmi ho yaar,1,hi-roman
abe aalsi aadmi ho bro,1,hi-roman
abe aalsi aadmi ho bhai,1,hi-roman
abe aalsi aadmi ho saale,1,hi-roman
oye aalsi aadmi ho hai,1,hi-roman
oye aalsi aadmi ho ho,1,hi-roman
oye aalsi aadmi ho hain,1,hi-roman
oye aalsi aadmi ho aadmi,1,hi-roman
oye aalsi aadmi ho insaan,1,hi-roman
oye aalsi aadmi ho yaar,1,hi-roman
oye aalsi aadmi ho bro,1,hi-roman
oye aalsi aadmi ho bhai,1,hi-roman
oye aalsi aadmi ho saale,1,hi-roman
are aalsi aadmi ho hai,1,hi-roman
are aalsi aadmi ho ho,1,hi-roman
are aalsi aadmi ho hain,1,hi-roman
are aalsi aadmi ho aadmi,1,hi-roman
are aalsi aadmi ho insaan,1,hi-roman
are aalsi aadmi ho yaar,1,hi-roman
are aalsi aadmi ho bro,1,hi-roman
are aalsi aadmi ho bhai,1,hi-roman
are aalsi aadmi ho saale,1,hi-roman
sun aalsi aadmi ho hai,1,hi-roman
sun aalsi aadmi ho ho,1,hi-roman
sun aalsi aadmi ho hain,1,hi-roman
sun aalsi aadmi ho aadmi,1,hi-roman
sun aalsi aadmi ho insaan,1,hi-roman
sun aalsi aadmi ho yaar,1,hi-roman
sun aalsi aadmi ho bro,1,hi-roman
sun aalsi aadmi ho bhai,1,hi-roman
sun aalsi aadmi ho saale,1,hi-roman
dekh aalsi aadmi ho hai,1,hi-roman
dekh aalsi aadmi ho ho,1,hi-roman
dekh aalsi aadmi ho hain,1,hi-roman
dekh aalsi aadmi ho aadmi,1,hi-roman
dekh aalsi aadmi ho insaan,1,hi-roman
dekh aalsi aadmi ho yaar,1,hi-roman
dekh aalsi aadmi ho bro,1,hi-roman
dekh aalsi aadmi ho bhai,1,hi-roman
dekh aalsi aadmi ho saale,1,hi-roman
bhai aalsi aadmi ho hai,1,hi-roman
bhai aalsi aadmi ho ho,1,hi-roman
bhai aalsi aadmi ho hain,1,hi-roman
bhai aalsi aadmi ho aadmi,1,hi-roman
bhai aalsi aadmi ho insaan,1,hi-roman
bhai aalsi aadmi ho yaar,1,hi-roman
bhai aalsi aadmi ho bro,1,hi-roman
bhai aalsi aadmi ho bhai,1,hi-roman
bhai aalsi aadmi ho saale,1,hi-roman
saale aalsi aadmi ho hai,1,hi-roman
saale aalsi aadmi ho ho,1,hi-roman
saale aalsi aadmi ho hain,1,hi-roman
saale aalsi aadmi ho aadmi,1,hi-roman
saale aalsi aadmi ho insaan,1,hi-roman
saale aalsi aadmi ho yaar,1,hi-roman
saale aalsi aadmi ho bro,1,hi-roman
saale aalsi aadmi ho bhai,1,hi-roman
saale aalsi aadmi ho saale,1,hi-roman
aalsee aadmee ho hai,1,hi-roman
aalsee aadmee ho ho,1,hi-roman
aalsee aadmee ho hain,1,hi-roman
aalsee aadmee ho aadmi,1,hi-roman
aalsee aadmee ho insaan,1,hi-roman
aalsee aadmee ho yaar,1,hi-roman
aalsee aadmee ho bro,1,hi-roman
aalsee aadmee ho bhai,1,hi-roman
aalsee aadmee ho saale,1,hi-roman
tu aalsee aadmee ho hai,1,hi-roman
tu aalsee aadmee ho ho,1,hi-roman
tu aalsee aadmee ho hain,1,hi-roman
tu aalsee aadmee ho aadmi,1,hi-roman
tu aalsee aadmee ho insaan,1,hi-roman
tu aalsee aadmee ho yaar,1,hi-roman
tu aalsee aadmee ho bro,1,hi-roman
tu aalsee aadmee ho bhai,1,hi-roman
tu aalsee aadmee ho saale,1,hi-roman
tum aalsee aadmee ho hai,1,hi-roman
tum aalsee aadmee ho ho,1,hi-roman
tum aalsee aadmee ho hain,1,hi-roman
tum aalsee aadmee ho aadmi,1,hi-roman
tum aalsee aadmee ho insaan,1,hi-roman
tum aalsee aadmee ho yaar,1,hi-roman
tum aalsee aadmee ho bro,1,hi-roman
tum aalsee aadmee ho bhai,1,hi-roman
tum aalsee aadmee ho saale,1,hi-roman
abe aalsee aadmee ho hai,1,hi-roman
abe aalsee aadmee ho ho,1,hi-roman
abe aalsee aadmee ho hain,1,hi-roman
abe aalsee aadmee ho aadmi,1,hi-roman
abe aalsee aadmee ho insaan,1,hi-roman
abe aalsee aadmee ho yaar,1,hi-roman
abe aalsee aadmee ho bro,1,hi-roman
abe aalsee aadmee ho bhai,1,hi-roman
abe aalsee aadmee ho saale,1,hi-roman
oye aalsee aadmee ho hai,1,hi-roman
oye aalsee aadmee ho ho,1,hi-roman
oye aalsee aadmee ho hain,1,hi-roman
oye aalsee aadmee ho aadmi,1,hi-roman
oye aalsee aadmee ho insaan,1,hi-roman
oye aalsee aadmee ho yaar,1,hi-roman
oye aalsee aadmee ho bro,1,hi-roman
oye aalsee aadmee ho bhai,1,hi-roman
oye aalsee aadmee ho saale,1,hi-roman
are aalsee aadmee ho hai,1,hi-roman
are aalsee aadmee ho ho,1,hi-roman
are aalsee aadmee ho hain,1,hi-roman
are aalsee aadmee ho aadmi,1,hi-roman
are aalsee aadmee ho insaan,1,hi-roman
are aalsee aadmee ho yaar,1,hi-roman
are aalsee aadmee ho bro,1,hi-roman
are aalsee aadmee ho bhai,1,hi-roman
are aalsee aadmee ho saale,1,hi-roman
sun aalsee aadmee ho hai,1,hi-roman
sun aalsee aadmee ho ho,1,hi-roman
sun aalsee aadmee ho hain,1,hi-roman
sun aalsee aadmee ho aadmi,1,hi-roman
sun aalsee aadmee ho insaan,1,hi-roman
sun aalsee aadmee ho yaar,1,hi-roman
sun aalsee aadmee ho bro,1,hi-roman
sun aalsee aadmee ho bhai,1,hi-roman
sun aalsee aadmee ho saale,1,hi-roman
dekh aalsee aadmee ho hai,1,hi-roman
dekh aalsee aadmee ho ho,1,hi-roman
dekh aalsee aadmee ho hain,1,hi-roman
dekh aalsee aadmee ho aadmi,1,hi-roman
dekh aalsee aadmee ho insaan,1,hi-roman
dekh aalsee aadmee ho yaar,1,hi-roman
dekh aalsee aadmee ho bro,1,hi-roman
dekh aalsee aadmee ho bhai,1,hi-roman
dekh aalsee aadmee ho saale,1,hi-roman
bhai aalsee aadmee ho hai,1,hi-roman
bhai aalsee aadmee ho ho,1,hi-roman
bhai aalsee aadmee ho hain,1,hi-roman
bhai aalsee aadmee ho aadmi,1,hi-roman
bhai aalsee aadmee ho insaan,1,hi-roman
bhai aalsee aadmee ho yaar,1,hi-roman
bhai aalsee aadmee ho bro,1,hi-roman
bhai aalsee aadmee ho bhai,1,hi-roman
bhai aalsee aadmee ho saale,1,hi-roman
saale aalsee aadmee ho hai,1,hi-roman
saale aalsee aadmee ho ho,1,hi-roman
saale aalsee aadmee ho hain,1,hi-roman
saale aalsee aadmee ho aadmi,1,hi-roman
saale aalsee aadmee ho insaan,1,hi-roman
saale aalsee aadmee ho yaar,1,hi-roman
saale aalsee aadmee ho bro,1,hi-roman
saale aalsee aadmee ho bhai,1,hi-roman
saale aalsee aadmee ho saale,1,hi-roman
alsi admi ho hai,1,hi-roman
alsi admi ho ho,1,hi-roman
alsi admi ho hain,1,hi-roman
alsi admi ho aadmi,1,hi-roman
alsi admi ho insaan,1,hi-roman
alsi admi ho yaar,1,hi-roman
alsi admi ho bro,1,hi-roman
alsi admi ho bhai,1,hi-roman
alsi admi ho saale,1,hi-roman
tu alsi admi ho hai,1,hi-roman
tu alsi admi ho ho,1,hi-roman
tu alsi admi ho hain,1,hi-roman
tu alsi admi ho aadmi,1,hi-roman
tu alsi admi ho insaan,1,hi-roman
tu alsi admi ho yaar,1,hi-roman
tu alsi admi ho bro,1,hi-roman
tu alsi admi ho bhai,1,hi-roman
tu alsi admi ho saale,1,hi-roman
tum alsi admi ho hai,1,hi-roman
tum alsi admi ho ho,1,hi-roman
tum alsi admi ho hain,1,hi-roman
tum alsi admi ho aadmi,1,hi-roman
tum alsi admi ho insaan,1,hi-roman
tum alsi admi ho yaar,1,hi-roman
tum alsi admi ho bro,1,hi-roman
tum alsi admi ho bhai,1,hi-roman
tum alsi admi ho saale,1,hi-roman
abe alsi admi ho hai,1,hi-roman
abe alsi admi ho ho,1,hi-roman
abe alsi admi ho hain,1,hi-roman
abe alsi admi ho aadmi,1,hi-roman
abe alsi admi ho insaan,1,hi-roman
abe alsi admi ho yaar,1,hi-roman
abe alsi admi ho bro,1,hi-roman
abe alsi admi ho bhai,1,hi-roman
abe alsi admi ho saale,1,hi-roman
oye alsi admi ho hai,1,hi-roman
oye alsi admi ho ho,1,hi-roman
oye alsi admi ho hain,1,hi-roman
oye alsi admi ho aadmi,1,hi-roman
oye alsi admi ho insaan,1,hi-roman
oye alsi admi ho yaar,1,hi-roman
oye alsi admi ho bro,1,hi-roman
oye alsi admi ho bhai,1,hi-roman
oye alsi admi ho saale,1,hi-roman
are alsi admi ho hai,1,hi-roman
are alsi admi ho ho,1,hi-roman
are alsi admi ho hain,1,hi-roman
are alsi admi ho aadmi,1,hi-roman
are alsi admi ho insaan,1,hi-roman
are alsi admi ho yaar,1,hi-roman
are alsi admi ho bro,1,hi-roman
are alsi admi ho bhai,1,hi-roman
are alsi admi ho saale,1,hi-roman
sun alsi admi ho hai,1,hi-roman
sun alsi admi ho ho,1,hi-roman
sun alsi admi ho hain,1,hi-roman
sun alsi admi ho aadmi,1,hi-roman
sun alsi admi ho insaan,1,hi-roman
sun alsi admi ho yaar,1,hi-roman
sun alsi admi ho bro,1,hi-roman
sun alsi admi ho bhai,1,hi-roman
sun alsi admi ho saale,1,hi-roman
dekh alsi admi ho hai,1,hi-roman
dekh alsi admi ho ho,1,hi-roman
dekh alsi admi ho hain,1,hi-roman
dekh alsi admi ho aadmi,1,hi-roman
dekh alsi admi ho insaan,1,hi-roman
dekh alsi admi ho yaar,1,hi-roman
dekh alsi admi ho bro,1,hi-roman
dekh alsi admi ho bhai,1,hi-roman
dekh alsi admi ho saale,1,hi-roman
bhai alsi admi ho hai,1,hi-roman
bhai alsi admi ho ho,1,hi-roman
bhai alsi admi ho hain,1,hi-roman
bhai alsi admi ho aadmi,1,hi-roman
bhai alsi admi ho insaan,1,hi-roman
bhai alsi admi ho yaar,1,hi-roman
bhai alsi admi ho bro,1,hi-roman
bhai alsi admi ho bhai,1,hi-roman
bhai alsi admi ho saale,1,hi-roman
saale alsi admi ho hai,1,hi-roman
saale alsi admi ho ho,1,hi-roman
saale alsi admi ho hain,1,hi-roman
saale alsi admi ho aadmi,1,hi-roman
saale alsi admi ho insaan,1,hi-roman
saale alsi admi ho yaar,1,hi-roman
saale alsi admi ho bro,1,hi-roman
saale alsi admi ho bhai,1,hi-roman
saale alsi admi ho saale,1,hi-roman
aaaalsi aaaadmi insaaaan,1,hi-roman
aaaalsi aaaadmi insaaaan hai,1,hi-roman
aaaalsi aaaadmi insaaaan ho,1,hi-roman
aaaalsi aaaadmi insaaaan hain,1,hi-roman
aaaalsi aaaadmi insaaaan aadmi,1,hi-roman
aaaalsi aaaadmi insaaaan insaan,1,hi-roman
aaaalsi aaaadmi insaaaan yaar,1,hi-roman
aaaalsi aaaadmi insaaaan bro,1,hi-roman
aaaalsi aaaadmi insaaaan bhai,1,hi-roman
aaaalsi aaaadmi insaaaan saale,1,hi-roman
tu aaaalsi aaaadmi insaaaan,1,hi-roman
tu aaaalsi aaaadmi insaaaan hai,1,hi-roman
tu aaaalsi aaaadmi insaaaan ho,1,hi-roman
tu aaaalsi aaaadmi insaaaan hain,1,hi-roman
tu aaaalsi aaaadmi insaaaan aadmi,1,hi-roman
tu aaaalsi aaaadmi insaaaan insaan,1,hi-roman
tu aaaalsi aaaadmi insaaaan yaar,1,hi-roman
tu aaaalsi aaaadmi insaaaan bro,1,hi-roman
tu aaaalsi aaaadmi insaaaan bhai,1,hi-roman
tu aaaalsi aaaadmi insaaaan saale,1,hi-roman
tum aaaalsi aaaadmi insaaaan,1,hi-roman
tum aaaalsi aaaadmi insaaaan hai,1,hi-roman
tum aaaalsi aaaadmi insaaaan ho,1,hi-roman
tum aaaalsi aaaadmi insaaaan hain,1,hi-roman
tum aaaalsi aaaadmi insaaaan aadmi,1,hi-roman
tum aaaalsi aaaadmi insaaaan insaan,1,hi-roman
tum aaaalsi aaaadmi insaaaan yaar,1,hi-roman
tum aaaalsi aaaadmi insaaaan bro,1,hi-roman
tum aaaalsi aaaadmi insaaaan bhai,1,hi-roman
tum aaaalsi aaaadmi insaaaan saale,1,hi-roman
abe aaaalsi aaaadmi insaaaan,1,hi-roman
abe aaaalsi aaaadmi insaaaan hai,1,hi-roman
abe aaaalsi aaaadmi insaaaan ho,1,hi-roman
abe aaaalsi aaaadmi insaaaan hain,1,hi-roman
abe aaaalsi aaaadmi insaaaan aadmi,1,hi-roman
abe aaaalsi aaaadmi insaaaan insaan,1,hi-roman
abe aaaalsi aaaadmi insaaaan yaar,1,hi-roman
abe aaaalsi aaaadmi insaaaan bro,1,hi-roman
abe aaaalsi aaaadmi insaaaan bhai,1,hi-roman
abe aaaalsi aaaadmi insaaaan saale,1,hi-roman
oye aaaalsi aaaadmi insaaaan,1,hi-roman
oye aaaalsi aaaadmi insaaaan hai,1,hi-roman
oye aaaalsi aaaadmi insaaaan ho,1,hi-roman
oye aaaalsi aaaadmi insaaaan hain,1,hi-roman
oye aaaalsi aaaadmi insaaaan aadmi,1,hi-roman
oye aaaalsi aaaadmi insaaaan insaan,1,hi-roman
oye aaaalsi aaaadmi insaaaan yaar,1,hi-roman
oye aaaalsi aaaadmi insaaaan bro,1,hi-roman
oye aaaalsi aaaadmi insaaaan bhai,1,hi-roman
oye aaaalsi aaaadmi insaaaan saale,1,hi-roman
are aaaalsi aaaadmi insaaaan,1,hi-roman
are aaaalsi aaaadmi insaaaan hai,1,hi-roman
are aaaalsi aaaadmi insaaaan ho,1,hi-roman
are aaaalsi aaaadmi insaaaan hain,1,hi-roman
are aaaalsi aaaadmi insaaaan aadmi,1,hi-roman
are aaaalsi aaaadmi insaaaan insaan,1,hi-roman
are aaaalsi aaaadmi insaaaan yaar,1,hi-roman
are aaaalsi aaaadmi insaaaan bro,1,hi-roman
are aaaalsi aaaadmi insaaaan bhai,1,hi-roman
are aaaalsi aaaadmi insaaaan saale,1,hi-roman
sun aaaalsi aaaadmi insaaaan,1,hi-roman
sun aaaalsi aaaadmi insaaaan hai,1,hi-roman
sun aaaalsi aaaadmi insaaaan ho,1,hi-roman
sun aaaalsi aaaadmi insaaaan hain,1,hi-roman
sun aaaalsi aaaadmi insaaaan aadmi,1,hi-roman
sun aaaalsi aaaadmi insaaaan insaan,1,hi-roman
sun aaaalsi aaaadmi insaaaan yaar,1,hi-roman
sun aaaalsi aaaadmi insaaaan bro,1,hi-roman
sun aaaalsi aaaadmi insaaaan bhai,1,hi-roman
sun aaaalsi aaaadmi insaaaan saale,1,hi-roman
dekh aaaalsi aaaadmi insaaaan,1,hi-roman
dekh aaaalsi aaaadmi insaaaan hai,1,hi-roman
dekh aaaalsi aaaadmi insaaaan ho,1,hi-roman
dekh aaaalsi aaaadmi insaaaan hain,1,hi-roman
dekh aaaalsi aaaadmi insaaaan aadmi,1,hi-roman
dekh aaaalsi aaaadmi insaaaan insaan,1,hi-roman
dekh aaaalsi aaaadmi insaaaan yaar,1,hi-roman
dekh aaaalsi aaaadmi insaaaan bro,1,hi-roman
dekh aaaalsi aaaadmi insaaaan bhai,1,hi-roman
dekh aaaalsi aaaadmi insaaaan saale,1,hi-roman
bhai aaaalsi aaaadmi insaaaan,1,hi-roman
bhai aaaalsi aaaadmi insaaaan hai,1,hi-roman
bhai aaaalsi aaaadmi insaaaan ho,1,hi-roman
bhai aaaalsi aaaadmi insaaaan hain,1,hi-roman
bhai aaaalsi aaaadmi insaaaan aadmi,1,hi-roman
bhai aaaalsi aaaadmi insaaaan insaan,1,hi-roman
bhai aaaalsi aaaadmi insaaaan yaar,1,hi-roman
bhai aaaalsi aaaadmi insaaaan bro,1,hi-roman
bhai aaaalsi aaaadmi insaaaan bhai,1,hi-roman
bhai aaaalsi aaaadmi insaaaan saale,1,hi-roman
saale aaaalsi aaaadmi insaaaan,1,hi-roman
saale aaaalsi aaaadmi insaaaan hai,1,hi-roman
saale aaaalsi aaaadmi insaaaan ho,1,hi-roman
saale aaaalsi aaaadmi insaaaan hain,1,hi-roman
saale aaaalsi aaaadmi insaaaan aadmi,1,hi-roman
saale aaaalsi aaaadmi insaaaan insaan,1,hi-roman
saale aaaalsi aaaadmi insaaaan yaar,1,hi-roman
saale aaaalsi aaaadmi insaaaan bro,1,hi-roman
saale aaaalsi aaaadmi insaaaan bhai,1,hi-roman
saale aaaalsi aaaadmi insaaaan saale,1,hi-roman
alsi admi insan,1,hi-roman
alsi admi insan hai,1,hi-roman
alsi admi insan ho,1,hi-roman
alsi admi insan hain,1,hi-roman
alsi admi insan aadmi,1,hi-roman
alsi admi insan insaan,1,hi-roman
alsi admi insan yaar,1,hi-roman
alsi admi insan bro,1,hi-roman
alsi admi insan bhai,1,hi-roman
alsi admi insan saale,1,hi-roman
tu alsi admi insan,1,hi-roman
tu alsi admi insan hai,1,hi-roman
tu alsi admi insan ho,1,hi-roman
tu alsi admi insan hain,1,hi-roman
tu alsi admi insan aadmi,1,hi-roman
tu alsi admi insan insaan,1,hi-roman
tu alsi admi insan yaar,1,hi-roman
tu alsi admi insan bro,1,hi-roman
tu alsi admi insan bhai,1,hi-roman
tu alsi admi insan saale,1,hi-roman
tum alsi admi insan,1,hi-roman
tum alsi admi insan hai,1,hi-roman
tum alsi admi insan ho,1,hi-roman
tum alsi admi insan hain,1,hi-roman
tum alsi admi insan aadmi,1,hi-roman
tum alsi admi insan insaan,1,hi-roman
tum alsi admi insan yaar,1,hi-roman
tum alsi admi insan bro,1,hi-roman
tum alsi admi insan bhai,1,hi-roman
tum alsi admi insan saale,1,hi-roman
abe alsi admi insan,1,hi-roman
abe alsi admi insan hai,1,hi-roman
abe alsi admi insan ho,1,hi-roman
abe alsi admi insan hain,1,hi-roman
abe alsi admi insan aadmi,1,hi-roman
abe alsi admi insan insaan,1,hi-roman
abe alsi admi insan yaar,1,hi-roman
abe alsi admi insan bro,1,hi-roman
abe alsi admi insan bhai,1,hi-roman
abe alsi admi insan saale,1,hi-roman
oye alsi admi insan,1,hi-roman
oye alsi admi insan hai,1,hi-roman
oye alsi admi insan ho,1,hi-roman
oye alsi admi insan hain,1,hi-roman
oye alsi admi insan aadmi,1,hi-roman
oye alsi admi insan insaan,1,hi-roman
oye alsi admi insan yaar,1,hi-roman
oye alsi admi insan bro,1,hi-roman
oye alsi admi insan bhai,1,hi-roman
oye alsi admi insan saale,1,hi-roman
are alsi admi insan,1,hi-roman
are alsi admi insan hai,1,hi-roman
are alsi admi insan ho,1,hi-roman
are alsi admi insan hain,1,hi-roman
are alsi admi insan aadmi,1,hi-roman
are alsi admi insan insaan,1,hi-roman
are alsi admi insan yaar,1,hi-roman
are alsi admi insan bro,1,hi-roman
are alsi admi insan bhai,1,hi-roman
are alsi admi insan saale,1,hi-roman
sun alsi admi insan,1,hi-roman
sun alsi admi insan hai,1,hi-roman
sun alsi admi insan ho,1,hi-roman
sun alsi admi insan hain,1,hi-roman
sun alsi admi insan aadmi,1,hi-roman
sun alsi admi insan insaan,1,hi-roman
sun alsi admi insan yaar,1,hi-roman
sun alsi admi insan bro,1,hi-roman
sun alsi admi insan bhai,1,hi-roman
sun alsi admi insan saale,1,hi-roman
dekh alsi admi insan,1,hi-roman
dekh alsi admi insan hai,1,hi-roman
dekh alsi admi insan ho,1,hi-roman
dekh alsi admi insan hain,1,hi-roman
dekh alsi admi insan aadmi,1,hi-roman
dekh alsi admi insan insaan,1,hi-roman
dekh alsi admi insan yaar,1,hi-roman
dekh alsi admi insan bro,1,hi-roman
dekh alsi admi insan bhai,1,hi-roman
dekh alsi admi insan saale,1,hi-roman
bhai alsi admi insan,1,hi-roman
bhai alsi admi insan hai,1,hi-roman
bhai alsi admi insan ho,1,hi-roman
bhai alsi admi insan hain,1,hi-roman
bhai alsi admi insan aadmi,1,hi-roman
bhai alsi admi insan insaan,1,hi-roman
bhai alsi admi insan yaar,1,hi-roman
bhai alsi admi insan bro,1,hi-roman
bhai alsi admi insan bhai,1,hi-roman
bhai alsi admi insan saale,1,hi-roman
saale alsi admi insan,1,hi-roman
saale alsi admi insan hai,1,hi-roman
saale alsi admi insan ho,1,hi-roman
saale alsi admi insan hain,1,hi-roman
saale alsi admi insan aadmi,1,hi-roman
saale alsi admi insan insaan,1,hi-roman
saale alsi admi insan yaar,1,hi-roman
saale alsi admi insan bro,1,hi-roman
saale alsi admi insan bhai,1,hi-roman
saale alsi admi insan saale,1,hi-roman
aalsee aadmee eensaan,1,hi-roman
aalsee aadmee eensaan hai,1,hi-roman
aalsee aadmee eensaan ho,1,hi-roman
aalsee aadmee eensaan hain,1,hi-roman
aalsee aadmee eensaan aadmi,1,hi-roman
aalsee aadmee eensaan insaan,1,hi-roman
aalsee aadmee eensaan yaar,1,hi-roman
aalsee aadmee eensaan bro,1,hi-roman
aalsee aadmee eensaan bhai,1,hi-roman
aalsee aadmee eensaan saale,1,hi-roman
tu aalsee aadmee eensaan,1,hi-roman
tu aalsee aadmee eensaan hai,1,hi-roman
tu aalsee aadmee eensaan ho,1,hi-roman
tu aalsee aadmee eensaan hain,1,hi-roman
tu aalsee aadmee eensaan aadmi,1,hi-roman
tu aalsee aadmee eensaan insaan,1,hi-roman
tu aalsee aadmee eensaan yaar,1,hi-roman
tu aalsee aadmee eensaan bro,1,hi-roman
tu aalsee aadmee eensaan bhai,1,hi-roman
tu aalsee aadmee eensaan saale,1,hi-roman
tum aalsee aadmee eensaan,1,hi-roman
tum aalsee aadmee eensaan hai,1,hi-roman
tum aalsee aadmee eensaan ho,1,hi-roman
tum aalsee aadmee eensaan hain,1,hi-roman
tum aalsee aadmee eensaan aadmi,1,hi-roman
tum aalsee aadmee eensaan insaan,1,hi-roman
tum aalsee aadmee eensaan yaar,1,hi-roman
tum aalsee aadmee eensaan bro,1,hi-roman
tum aalsee aadmee eensaan bhai,1,hi-roman
tum aalsee aadmee eensaan saale,1,hi-roman
abe aalsee aadmee eensaan,1,hi-roman
abe aalsee aadmee eensaan hai,1,hi-roman
abe aalsee aadmee eensaan ho,1,hi-roman
abe aalsee aadmee eensaan hain,1,hi-roman
abe aalsee aadmee eensaan aadmi,1,hi-roman
abe aalsee aadmee eensaan insaan,1,hi-roman
abe aalsee aadmee eensaan yaar,1,hi-roman
abe aalsee aadmee eensaan bro,1,hi-roman
abe aalsee aadmee eensaan bhai,1,hi-roman
abe aalsee aadmee eensaan saale,1,hi-roman
oye aalsee aadmee eensaan,1,hi-roman
oye aalsee aadmee eensaan hai,1,hi-roman
oye aalsee aadmee eensaan ho,1,hi-roman
oye aalsee aadmee eensaan hain,1,hi-roman
oye aalsee aadmee eensaan aadmi,1,hi-roman
oye aalsee aadmee eensaan insaan,1,hi-roman
oye aalsee aadmee eensaan yaar,1,hi-roman
oye aalsee aadmee eensaan bro,1,hi-roman
oye aalsee aadmee eensaan bhai,1,hi-roman
oye aalsee aadmee eensaan saale,1,hi-roman
are aalsee aadmee eensaan,1,hi-roman
are aalsee aadmee eensaan hai,1,hi-roman
are aalsee aadmee eensaan ho,1,hi-roman
are aalsee aadmee eensaan hain,1,hi-roman
are aalsee aadmee eensaan aadmi,1,hi-roman
are aalsee aadmee eensaan insaan,1,hi-roman
are aalsee aadmee eensaan yaar,1,hi-roman
are aalsee aadmee eensaan bro,1,hi-roman
are aalsee aadmee eensaan bhai,1,hi-roman
are aalsee aadmee eensaan saale,1,hi-roman
sun aalsee aadmee eensaan,1,hi-roman
sun aalsee aadmee eensaan hai,1,hi-roman
sun aalsee aadmee eensaan ho,1,hi-roman
sun aalsee aadmee eensaan hain,1,hi-roman
sun aalsee aadmee eensaan aadmi,1,hi-roman
sun aalsee aadmee eensaan insaan,1,hi-roman
sun aalsee aadmee eensaan yaar,1,hi-roman
sun aalsee aadmee eensaan bro,1,hi-roman
sun aalsee aadmee eensaan bhai,1,hi-roman
sun aalsee aadmee eensaan saale,1,hi-roman
dekh aalsee aadmee eensaan,1,hi-roman
dekh aalsee aadmee eensaan hai,1,hi-roman
dekh aalsee aadmee eensaan ho,1,hi-roman
dekh aalsee aadmee eensaan hain,1,hi-roman
dekh aalsee aadmee eensaan aadmi,1,hi-roman
dekh aalsee aadmee eensaan insaan,1,hi-roman
dekh aalsee aadmee eensaan yaar,1,hi-roman
dekh aalsee aadmee eensaan bro,1,hi-roman
dekh aalsee aadmee eensaan bhai,1,hi-roman
dekh aalsee aadmee eensaan saale,1,hi-roman
bhai aalsee aadmee eensaan,1,hi-roman
bhai aalsee aadmee eensaan hai,1,hi-roman
bhai aalsee aadmee eensaan ho,1,hi-roman
bhai aalsee aadmee eensaan hain,1,hi-roman
bhai aalsee aadmee eensaan aadmi,1,hi-roman
bhai aalsee aadmee eensaan insaan,1,hi-roman
bhai aalsee aadmee eensaan yaar,1,hi-roman
bhai aalsee aadmee eensaan bro,1,hi-roman
bhai aalsee aadmee eensaan bhai,1,hi-roman
bhai aalsee aadmee eensaan saale,1,hi-roman
saale aalsee aadmee eensaan,1,hi-roman
saale aalsee aadmee eensaan hai,1,hi-roman
saale aalsee aadmee eensaan ho,1,hi-roman
saale aalsee aadmee eensaan hain,1,hi-roman
saale aalsee aadmee eensaan aadmi,1,hi-roman
saale aalsee aadmee eensaan insaan,1,hi-roman
saale aalsee aadmee eensaan yaar,1,hi-roman
saale aalsee aadmee eensaan bro,1,hi-roman
saale aalsee aadmee eensaan bhai,1,hi-roman
saale aalsee aadmee eensaan saale,1,hi-roman
aalsi aadmi insaan hai,1,hi-roman
aalsi aadmi insaan ho,1,hi-roman
aalsi aadmi insaan hain,1,hi-roman
aalsi aadmi insaan aadmi,1,hi-roman
aalsi aadmi insaan insaan,1,hi-roman
aalsi aadmi insaan yaar,1,hi-roman
aalsi aadmi insaan bro,1,hi-roman
aalsi aadmi insaan bhai,1,hi-roman
aalsi aadmi insaan saale,1,hi-roman
tu aalsi aadmi insaan hai,1,hi-roman
tu aalsi aadmi insaan ho,1,hi-roman
tu aalsi aadmi insaan hain,1,hi-roman
tu aalsi aadmi insaan aadmi,1,hi-roman
tu aalsi aadmi insaan insaan,1,hi-roman
tu aalsi aadmi insaan yaar,1,hi-roman
tu aalsi aadmi insaan bro,1,hi-roman
tu aalsi aadmi insaan bhai,1,hi-roman
tu aalsi aadmi insaan saale,1,hi-roman
tum aalsi aadmi insaan hai,1,hi-roman
tum aalsi aadmi insaan ho,1,hi-roman
tum aalsi aadmi insaan hain,1,hi-roman
tum aalsi aadmi insaan aadmi,1,hi-roman
tum aalsi aadmi insaan insaan,1,hi-roman
tum aalsi aadmi insaan yaar,1,hi-roman
tum aalsi aadmi insaan bro,1,hi-roman
tum aalsi aadmi insaan bhai,1,hi-roman
tum aalsi aadmi insaan saale,1,hi-roman
abe aalsi aadmi insaan hai,1,hi-roman
abe aalsi aadmi insaan ho,1,hi-roman
abe aalsi aadmi insaan hain,1,hi-roman
abe aalsi aadmi insaan aadmi,1,hi-roman
abe aalsi aadmi insaan insaan,1,hi-roman
abe aalsi aadmi insaan yaar,1,hi-roman
abe aalsi aadmi insaan bro,1,hi-roman
abe aalsi aadmi insaan bhai,1,hi-roman
abe aalsi aadmi insaan saale,1,hi-roman
oye aalsi aadmi insaan hai,1,hi-roman
oye aalsi aadmi insaan ho,1,hi-roman
oye aalsi aadmi insaan hain,1,hi-roman
oye aalsi aadmi insaan aadmi,1,hi-roman
oye aalsi aadmi insaan insaan,1,hi-roman
oye aalsi aadmi insaan yaar,1,hi-roman
oye aalsi aadmi insaan bro,1,hi-roman
oye aalsi aadmi insaan bhai,1,hi-roman
oye aalsi aadmi insaan saale,1,hi-roman
are aalsi aadmi insaan hai,1,hi-roman
are aalsi aadmi insaan ho,1,hi-roman
are aalsi aadmi insaan hain,1,hi-roman
are aalsi aadmi insaan aadmi,1,hi-roman
are aalsi aadmi insaan insaan,1,hi-roman
are aalsi aadmi insaan yaar,1,hi-roman
are aalsi aadmi insaan bro,1,hi-roman
are aalsi aadmi insaan bhai,1,hi-roman
are aalsi aadmi insaan saale,1,hi-roman
sun aalsi aadmi insaan hai,1,hi-roman
sun aalsi aadmi insaan ho,1,hi-roman
sun aalsi aadmi insaan hain,1,hi-roman
sun aalsi aadmi insaan aadmi,1,hi-roman
sun aalsi aadmi insaan insaan,1,hi-roman
sun aalsi aadmi insaan yaar,1,hi-roman
sun aalsi aadmi insaan bro,1,hi-roman
sun aalsi aadmi insaan bhai,1,hi-roman
sun aalsi aadmi insaan saale,1,hi-roman
dekh aalsi aadmi insaan hai,1,hi-roman
dekh aalsi aadmi insaan ho,1,hi-roman
dekh aalsi aadmi insaan hain,1,hi-roman
dekh aalsi aadmi insaan aadmi,1,hi-roman
dekh aalsi aadmi insaan insaan,1,hi-roman
dekh aalsi aadmi insaan yaar,1,hi-roman
dekh aalsi aadmi insaan bro,1,hi-roman
dekh aalsi aadmi insaan bhai,1,hi-roman
dekh aalsi aadmi insaan saale,1,hi-roman
bhai aalsi aadmi insaan hai,1,hi-roman
bhai aalsi aadmi insaan ho,1,hi-roman
bhai aalsi aadmi insaan hain,1,hi-roman
bhai aalsi aadmi insaan aadmi,1,hi-roman
bhai aalsi aadmi insaan insaan,1,hi-roman
bhai aalsi aadmi insaan yaar,1,hi-roman
bhai aalsi aadmi insaan bro,1,hi-roman
bhai aalsi aadmi insaan bhai,1,hi-roman
bhai aalsi aadmi insaan saale,1,hi-roman
saale aalsi aadmi insaan hai,1,hi-roman
saale aalsi aadmi insaan ho,1,hi-roman
saale aalsi aadmi insaan hain,1,hi-roman
saale aalsi aadmi insaan aadmi,1,hi-roman
saale aalsi aadmi insaan insaan,1,hi-roman
saale aalsi aadmi insaan yaar,1,hi-roman
saale aalsi aadmi insaan bro,1,hi-roman
saale aalsi aadmi insaan bhai,1,hi-roman
saale aalsi aadmi insaan saale,1,hi-roman
alsi admi kutte,1,hi-roman
alsi admi kutte hai,1,hi-roman
alsi admi kutte ho,1,hi-roman
alsi admi kutte hain,1,hi-roman
alsi admi kutte aadmi,1,hi-roman
alsi admi kutte insaan,1,hi-roman
alsi admi kutte yaar,1,hi-roman
alsi admi kutte bro,1,hi-roman
alsi admi kutte bhai,1,hi-roman
alsi admi kutte saale,1,hi-roman
tu alsi admi kutte,1,hi-roman
tu alsi admi kutte hai,1,hi-roman
tu alsi admi kutte ho,1,hi-roman
tu alsi admi kutte hain,1,hi-roman
tu alsi admi kutte aadmi,1,hi-roman
tu alsi admi kutte insaan,1,hi-roman
tu alsi admi kutte yaar,1,hi-roman
tu alsi admi kutte bro,1,hi-roman
tu alsi admi kutte bhai,1,hi-roman
tu alsi admi kutte saale,1,hi-roman
tum alsi admi kutte,1,hi-roman
tum alsi admi kutte hai,1,hi-roman
tum alsi admi kutte ho,1,hi-roman
tum alsi admi kutte hain,1,hi-roman
tum alsi admi kutte aadmi,1,hi-roman
tum alsi admi kutte insaan,1,hi-roman
tum alsi admi kutte yaar,1,hi-roman
tum alsi admi kutte bro,1,hi-roman
tum alsi admi kutte bhai,1,hi-roman
tum alsi admi kutte saale,1,hi-roman
abe alsi admi kutte,1,hi-roman
abe alsi admi kutte hai,1,hi-roman
abe alsi admi kutte ho,1,hi-roman
abe alsi admi kutte hain,1,hi-roman
abe alsi admi kutte aadmi,1,hi-roman
abe alsi admi kutte insaan,1,hi-roman
abe alsi admi kutte yaar,1,hi-roman
abe alsi admi kutte bro,1,hi-roman
abe alsi admi kutte bhai,1,hi-roman
abe alsi admi kutte saale,1,hi-roman
oye alsi admi kutte,1,hi-roman
oye alsi admi kutte hai,1,hi-roman
oye alsi admi kutte ho,1,hi-roman
oye alsi admi kutte hain,1,hi-roman
oye alsi admi kutte aadmi,1,hi-roman
oye alsi admi kutte insaan,1,hi-roman
oye alsi admi kutte yaar,1,hi-roman
oye alsi admi kutte bro,1,hi-roman
oye alsi admi kutte bhai,1,hi-roman
oye alsi admi kutte saale,1,hi-roman
are alsi admi kutte,1,hi-roman
are alsi admi kutte hai,1,hi-roman
are alsi admi kutte ho,1,hi-roman
are alsi admi kutte hain,1,hi-roman
are alsi admi kutte aadmi,1,hi-roman
are alsi admi kutte insaan,1,hi-roman
are alsi admi kutte yaar,1,hi-roman
are alsi admi kutte bro,1,hi-roman
are alsi admi kutte bhai,1,hi-roman
are alsi admi kutte saale,1,hi-roman
sun alsi admi kutte,1,hi-roman
sun alsi admi kutte hai,1,hi-roman
sun alsi admi kutte ho,1,hi-roman
sun alsi admi kutte hain,1,hi-roman
sun alsi admi kutte aadmi,1,hi-roman
sun alsi admi kutte insaan,1,hi-roman
sun alsi admi kutte yaar,1,hi-roman
sun alsi admi kutte bro,1,hi-roman
sun alsi admi kutte bhai,1,hi-roman
sun alsi admi kutte saale,1,hi-roman
dekh alsi admi kutte,1,hi-roman
dekh alsi admi kutte hai,1,hi-roman
dekh alsi admi kutte ho,1,hi-roman
dekh alsi admi kutte hain,1,hi-roman
dekh alsi admi kutte aadmi,1,hi-roman
dekh alsi admi kutte insaan,1,hi-roman
dekh alsi admi kutte yaar,1,hi-roman
dekh alsi admi kutte bro,1,hi-roman
dekh alsi admi kutte bhai,1,hi-roman
dekh alsi admi kutte saale,1,hi-roman
bhai alsi admi kutte,1,hi-roman
bhai alsi admi kutte hai,1,hi-roman
bhai alsi admi kutte ho,1,hi-roman
bhai alsi admi kutte hain,1,hi-roman
bhai alsi admi kutte aadmi,1,hi-roman
bhai alsi admi kutte insaan,1,hi-roman
bhai alsi admi kutte yaar,1,hi-roman
bhai alsi admi kutte bro,1,hi-roman
bhai alsi admi kutte bhai,1,hi-roman
bhai alsi admi kutte saale,1,hi-roman
saale alsi admi kutte,1,hi-roman
saale alsi admi kutte hai,1,hi-roman
saale alsi admi kutte ho,1,hi-roman
saale alsi admi kutte hain,1,hi-roman
saale alsi admi kutte aadmi,1,hi-roman
saale alsi admi kutte insaan,1,hi-roman
saale alsi admi kutte yaar,1,hi-roman
saale alsi admi kutte bro,1,hi-roman
saale alsi admi kutte bhai,1,hi-roman
saale alsi admi kutte saale,1,hi-roman
aalsee aadmee kutte,1,hi-roman
aalsee aadmee kutte hai,1,hi-roman
aalsee aadmee kutte ho,1,hi-roman
aalsee aadmee kutte hain,1,hi-roman
aalsee aadmee kutte aadmi,1,hi-roman
aalsee aadmee kutte insaan,1,hi-roman
aalsee aadmee kutte yaar,1,hi-roman
aalsee aadmee kutte bro,1,hi-roman
aalsee aadmee kutte bhai,1,hi-roman
aalsee aadmee kutte saale,1,hi-roman
tu aalsee aadmee kutte,1,hi-roman
tu aalsee aadmee kutte hai,1,hi-roman
tu aalsee aadmee kutte ho,1,hi-roman
tu aalsee aadmee kutte hain,1,hi-roman
tu aalsee aadmee kutte aadmi,1,hi-roman
tu aalsee aadmee kutte insaan,1,hi-roman
tu aalsee aadmee kutte yaar,1,hi-roman
tu aalsee aadmee kutte bro,1,hi-roman
tu aalsee aadmee kutte bhai,1,hi-roman
tu aalsee aadmee kutte saale,1,hi-roman
tum aalsee aadmee kutte,1,hi-roman
tum aalsee aadmee kutte hai,1,hi-roman
tum aalsee aadmee kutte ho,1,hi-roman
tum aalsee aadmee kutte hain,1,hi-roman
tum aalsee aadmee kutte aadmi,1,hi-roman
tum aalsee aadmee kutte insaan,1,hi-roman
tum aalsee aadmee kutte yaar,1,hi-roman
tum aalsee aadmee kutte bro,1,hi-roman
tum aalsee aadmee kutte bhai,1,hi-roman
tum aalsee aadmee kutte saale,1,hi-roman
abe aalsee aadmee kutte,1,hi-roman
abe aalsee aadmee kutte hai,1,hi-roman
abe aalsee aadmee kutte ho,1,hi-roman
abe aalsee aadmee kutte hain,1,hi-roman
abe aalsee aadmee kutte aadmi,1,hi-roman
abe aalsee aadmee kutte insaan,1,hi-roman
abe aalsee aadmee kutte yaar,1,hi-roman
abe aalsee aadmee kutte bro,1,hi-roman
abe aalsee aadmee kutte bhai,1,hi-roman
abe aalsee aadmee kutte saale,1,hi-roman
oye aalsee aadmee kutte,1,hi-roman
oye aalsee aadmee kutte hai,1,hi-roman
oye aalsee aadmee kutte ho,1,hi-roman
oye aalsee aadmee kutte hain,1,hi-roman
oye aalsee aadmee kutte aadmi,1,hi-roman
oye aalsee aadmee kutte insaan,1,hi-roman
oye aalsee aadmee kutte yaar,1,hi-roman
oye aalsee aadmee kutte bro,1,hi-roman
oye aalsee aadmee kutte bhai,1,hi-roman
oye aalsee aadmee kutte saale,1,hi-roman
are aalsee aadmee kutte,1,hi-roman
are aalsee aadmee kutte hai,1,hi-roman
are aalsee aadmee kutte ho,1,hi-roman
are aalsee aadmee kutte hain,1,hi-roman
are aalsee aadmee kutte aadmi,1,hi-roman
are aalsee aadmee kutte insaan,1,hi-roman
are aalsee aadmee kutte yaar,1,hi-roman
are aalsee aadmee kutte bro,1,hi-roman
are aalsee aadmee kutte bhai,1,hi-roman
are aalsee aadmee kutte saale,1,hi-roman
sun aalsee aadmee kutte,1,hi-roman
sun aalsee aadmee kutte hai,1,hi-roman
sun aalsee aadmee kutte ho,1,hi-roman
sun aalsee aadmee kutte hain,1,hi-roman
sun aalsee aadmee kutte aadmi,1,hi-roman
sun aalsee aadmee kutte insaan,1,hi-roman
sun aalsee aadmee kutte yaar,1,hi-roman
sun aalsee aadmee kutte bro,1,hi-roman
sun aalsee aadmee kutte bhai,1,hi-roman
sun aalsee aadmee kutte saale,1,hi-roman
dekh aalsee aadmee kutte,1,hi-roman
dekh aalsee aadmee kutte hai,1,hi-roman
dekh aalsee aadmee kutte ho,1,hi-roman
dekh aalsee aadmee kutte hain,1,hi-roman
dekh aalsee aadmee kutte aadmi,1,hi-roman
dekh aalsee aadmee kutte insaan,1,hi-roman
dekh aalsee aadmee kutte yaar,1,hi-roman
dekh aalsee aadmee kutte bro,1,hi-roman
dekh aalsee aadmee kutte bhai,1,hi-roman
dekh aalsee aadmee kutte saale,1,hi-roman
bhai aalsee aadmee kutte,1,hi-roman
bhai aalsee aadmee kutte hai,1,hi-roman
bhai aalsee aadmee kutte ho,1,hi-roman
bhai aalsee aadmee kutte hain,1,hi-roman
bhai aalsee aadmee kutte aadmi,1,hi-roman
bhai aalsee aadmee kutte insaan,1,hi-roman
bhai aalsee aadmee kutte yaar,1,hi-roman
bhai aalsee aadmee kutte bro,1,hi-roman
bhai aalsee aadmee kutte bhai,1,hi-roman
bhai aalsee aadmee kutte saale,1,hi-roman
saale aalsee aadmee kutte,1,hi-roman
saale aalsee aadmee kutte hai,1,hi-roman
saale aalsee aadmee kutte ho,1,hi-roman
saale aalsee aadmee kutte hain,1,hi-roman
saale aalsee aadmee kutte aadmi,1,hi-roman
saale aalsee aadmee kutte insaan,1,hi-roman
saale aalsee aadmee kutte yaar,1,hi-roman
saale aalsee aadmee kutte bro,1,hi-roman
saale aalsee aadmee kutte bhai,1,hi-roman
saale aalsee aadmee kutte saale,1,hi-roman
aaaalsi aaaadmi kutte,1,hi-roman
aaaalsi aaaadmi kutte hai,1,hi-roman
aaaalsi aaaadmi kutte ho,1,hi-roman
aaaalsi aaaadmi kutte hain,1,hi-roman
aaaalsi aaaadmi kutte aadmi,1,hi-roman
aaaalsi aaaadmi kutte insaan,1,hi-roman
aaaalsi aaaadmi kutte yaar,1,hi-roman
aaaalsi aaaadmi kutte bro,1,hi-roman
aaaalsi aaaadmi kutte bhai,1,hi-roman
aaaalsi aaaadmi kutte saale,1,hi-roman
tu aaaalsi aaaadmi kutte,1,hi-roman
tu aaaalsi aaaadmi kutte hai,1,hi-roman
tu aaaalsi aaaadmi kutte ho,1,hi-roman
tu aaaalsi aaaadmi kutte hain,1,hi-roman
tu aaaalsi aaaadmi kutte aadmi,1,hi-roman
tu aaaalsi aaaadmi kutte insaan,1,hi-roman
tu aaaalsi aaaadmi kutte yaar,1,hi-roman
tu aaaalsi aaaadmi kutte bro,1,hi-roman
tu aaaalsi aaaadmi kutte bhai,1,hi-roman
tu aaaalsi aaaadmi kutte saale,1,hi-roman
tum aaaalsi aaaadmi kutte,1,hi-roman
tum aaaalsi aaaadmi kutte hai,1,hi-roman
tum aaaalsi aaaadmi kutte ho,1,hi-roman
tum aaaalsi aaaadmi kutte hain,1,hi-roman
tum aaaalsi aaaadmi kutte aadmi,1,hi-roman
tum aaaalsi aaaadmi kutte insaan,1,hi-roman
tum aaaalsi aaaadmi kutte yaar,1,hi-roman
tum aaaalsi aaaadmi kutte bro,1,hi-roman
tum aaaalsi aaaadmi kutte bhai,1,hi-roman
tum aaaalsi aaaadmi kutte saale,1,hi-roman
abe aaaalsi aaaadmi kutte,1,hi-roman
abe aaaalsi aaaadmi kutte hai,1,hi-roman
abe aaaalsi aaaadmi kutte ho,1,hi-roman
abe aaaalsi aaaadmi kutte hain,1,hi-roman
abe aaaalsi aaaadmi kutte aadmi,1,hi-roman
abe aaaalsi aaaadmi kutte insaan,1,hi-roman
abe aaaalsi aaaadmi kutte yaar,1,hi-roman
abe aaaalsi aaaadmi kutte bro,1,hi-roman
abe aaaalsi aaaadmi kutte bhai,1,hi-roman
abe aaaalsi aaaadmi kutte saale,1,hi-roman
oye aaaalsi aaaadmi kutte,1,hi-roman
oye aaaalsi aaaadmi kutte hai,1,hi-roman
oye aaaalsi aaaadmi kutte ho,1,hi-roman
oye aaaalsi aaaadmi kutte hain,1,hi-roman
oye aaaalsi aaaadmi kutte aadmi,1,hi-roman
oye aaaalsi aaaadmi kutte insaan,1,hi-roman
oye aaaalsi aaaadmi kutte yaar,1,hi-roman
oye aaaalsi aaaadmi kutte bro,1,hi-roman
oye aaaalsi aaaadmi kutte bhai,1,hi-roman
oye aaaalsi aaaadmi kutte saale,1,hi-roman
are aaaalsi aaaadmi kutte,1,hi-roman
are aaaalsi aaaadmi kutte hai,1,hi-roman
are aaaalsi aaaadmi kutte ho,1,hi-roman
are aaaalsi aaaadmi kutte hain,1,hi-roman
are aaaalsi aaaadmi kutte aadmi,1,hi-roman
are aaaalsi aaaadmi kutte insaan,1,hi-roman
are aaaalsi aaaadmi kutte yaar,1,hi-roman
are aaaalsi aaaadmi kutte bro,1,hi-roman
are aaaalsi aaaadmi kutte bhai,1,hi-roman
are aaaalsi aaaadmi kutte saale,1,hi-roman
sun aaaalsi aaaadmi kutte,1,hi-roman
sun aaaalsi aaaadmi kutte hai,1,hi-roman
sun aaaalsi aaaadmi kutte ho,1,hi-roman
sun aaaalsi aaaadmi kutte hain,1,hi-roman
sun aaaalsi aaaadmi kutte aadmi,1,hi-roman
sun aaaalsi aaaadmi kutte insaan,1,hi-roman
sun aaaalsi aaaadmi kutte yaar,1,hi-roman
sun aaaalsi aaaadmi kutte bro,1,hi-roman
sun aaaalsi aaaadmi kutte bhai,1,hi-roman
sun aaaalsi aaaadmi kutte saale,1,hi-roman
dekh aaaalsi aaaadmi kutte,1,hi-roman
dekh aaaalsi aaaadmi kutte hai,1,hi-roman
dekh aaaalsi aaaadmi kutte ho,1,hi-roman
dekh aaaalsi aaaadmi kutte hain,1,hi-roman
dekh aaaalsi aaaadmi kutte aadmi,1,hi-roman
dekh aaaalsi aaaadmi kutte insaan,1,hi-roman
dekh aaaalsi aaaadmi kutte yaar,1,hi-roman
dekh aaaalsi aaaadmi kutte bro,1,hi-roman
dekh aaaalsi aaaadmi kutte bhai,1,hi-roman
dekh aaaalsi aaaadmi kutte saale,1,hi-roman
bhai aaaalsi aaaadmi kutte,1,hi-roman
bhai aaaalsi aaaadmi kutte hai,1,hi-roman
bhai aaaalsi aaaadmi kutte ho,1,hi-roman
bhai aaaalsi aaaadmi kutte hain,1,hi-roman
bhai aaaalsi aaaadmi kutte aadmi,1,hi-roman
bhai aaaalsi aaaadmi kutte insaan,1,hi-roman
bhai aaaalsi aaaadmi kutte yaar,1,hi-roman
bhai aaaalsi aaaadmi kutte bro,1,hi-roman
bhai aaaalsi aaaadmi kutte bhai,1,hi-roman
bhai aaaalsi aaaadmi kutte saale,1,hi-roman
saale aaaalsi aaaadmi kutte,1,hi-roman
saale aaaalsi aaaadmi kutte hai,1,hi-roman
saale aaaalsi aaaadmi kutte ho,1,hi-roman
saale aaaalsi aaaadmi kutte hain,1,hi-roman
saale aaaalsi aaaadmi kutte aadmi,1,hi-roman
saale aaaalsi aaaadmi kutte insaan,1,hi-roman
saale aaaalsi aaaadmi kutte yaar,1,hi-roman
saale aaaalsi aaaadmi kutte bro,1,hi-roman
saale aaaalsi aaaadmi kutte bhai,1,hi-roman
saale aaaalsi aaaadmi kutte saale,1,hi-roman
aalsi aadmi kutte hai,1,hi-roman
aalsi aadmi kutte ho,1,hi-roman
aalsi aadmi kutte hain,1,hi-roman
aalsi aadmi kutte aadmi,1,hi-roman
aalsi aadmi kutte insaan,1,hi-roman
aalsi aadmi kutte yaar,1,hi-roman
aalsi aadmi kutte bro,1,hi-roman
aalsi aadmi kutte bhai,1,hi-roman
aalsi aadmi kutte saale,1,hi-roman
tu aalsi aadmi kutte hai,1,hi-roman
tu aalsi aadmi kutte ho,1,hi-roman
tu aalsi aadmi kutte hain,1,hi-roman
tu aalsi aadmi kutte aadmi,1,hi-roman
tu aalsi aadmi kutte insaan,1,hi-roman
tu aalsi aadmi kutte yaar,1,hi-roman
tu aalsi aadmi kutte bro,1,hi-roman
tu aalsi aadmi kutte bhai,1,hi-roman
tu aalsi aadmi kutte saale,1,hi-roman
tum aalsi aadmi kutte hai,1,hi-roman
tum aalsi aadmi kutte ho,1,hi-roman
tum aalsi aadmi kutte hain,1,hi-roman
tum aalsi aadmi kutte aadmi,1,hi-roman
tum aalsi aadmi kutte insaan,1,hi-roman
tum aalsi aadmi kutte yaar,1,hi-roman
tum aalsi aadmi kutte bro,1,hi-roman
tum aalsi aadmi kutte bhai,1,hi-roman
tum aalsi aadmi kutte saale,1,hi-roman
abe aalsi aadmi kutte hai,1,hi-roman
abe aalsi aadmi kutte ho,1,hi-roman
abe aalsi aadmi kutte hain,1,hi-roman
abe aalsi aadmi kutte aadmi,1,hi-roman
abe aalsi aadmi kutte insaan,1,hi-roman
abe aalsi aadmi kutte yaar,1,hi-roman
abe aalsi aadmi kutte bro,1,hi-roman
abe aalsi aadmi kutte bhai,1,hi-roman
abe aalsi aadmi kutte saale,1,hi-roman
oye aalsi aadmi kutte hai,1,hi-roman
oye aalsi aadmi kutte ho,1,hi-roman
oye aalsi aadmi kutte hain,1,hi-roman
oye aalsi aadmi kutte aadmi,1,hi-roman
oye aalsi aadmi kutte insaan,1,hi-roman
oye aalsi aadmi kutte yaar,1,hi-roman
oye aalsi aadmi kutte bro,1,hi-roman
oye aalsi aadmi kutte bhai,1,hi-roman
oye aalsi aadmi kutte saale,1,hi-roman
are aalsi aadmi kutte hai,1,hi-roman
are aalsi aadmi kutte ho,1,hi-roman
are aalsi aadmi kutte hain,1,hi-roman
are aalsi aadmi kutte aadmi,1,hi-roman
are aalsi aadmi kutte insaan,1,hi-roman
are aalsi aadmi kutte yaar,1,hi-roman
are aalsi aadmi kutte bro,1,hi-roman
are aalsi aadmi kutte bhai,1,hi-roman
are aalsi aadmi kutte saale,1,hi-roman
sun aalsi aadmi kutte hai,1,hi-roman
sun aalsi aadmi kutte ho,1,hi-roman
sun aalsi aadmi kutte hain,1,hi-roman
sun aalsi aadmi kutte aadmi,1,hi-roman
sun aalsi aadmi kutte insaan,1,hi-roman
sun aalsi aadmi kutte yaar,1,hi-roman
sun aalsi aadmi kutte bro,1,hi-roman
sun aalsi aadmi kutte bhai,1,hi-roman
sun aalsi aadmi kutte saale,1,hi-roman
dekh aalsi aadmi kutte hai,1,hi-roman
dekh aalsi aadmi kutte ho,1,hi-roman
dekh aalsi aadmi kutte hain,1,hi-roman
dekh aalsi aadmi kutte aadmi,1,hi-roman
dekh aalsi aadmi kutte insaan,1,hi-roman
dekh aalsi aadmi kutte yaar,1,hi-roman
dekh aalsi aadmi kutte bro,1,hi-roman
dekh aalsi aadmi kutte bhai,1,hi-roman
dekh aalsi aadmi kutte saale,1,hi-roman
bhai aalsi aadmi kutte,1,hi-roman
bhai aalsi aadmi kutte hai,1,hi-roman
bhai aalsi aadmi kutte ho,1,hi-roman
bhai aalsi aadmi kutte hain,1,hi-roman
bhai aalsi aadmi kutte aadmi,1,hi-roman
bhai aalsi aadmi kutte insaan,1,hi-roman
bhai aalsi aadmi kutte yaar,1,hi-roman
bhai aalsi aadmi kutte bro,1,hi-roman
bhai aalsi aadmi kutte bhai,1,hi-roman
bhai aalsi aadmi kutte saale,1,hi-roman
saale aalsi aadmi kutte,1,hi-roman
saale aalsi aadmi kutte hai,1,hi-roman
saale aalsi aadmi kutte ho,1,hi-roman
saale aalsi aadmi kutte hain,1,hi-roman
saale aalsi aadmi kutte aadmi,1,hi-roman
saale aalsi aadmi kutte insaan,1,hi-roman
saale aalsi aadmi kutte yaar,1,hi-roman
saale aalsi aadmi kutte bro,1,hi-roman
saale aalsi aadmi kutte bhai,1,hi-roman
saale aalsi aadmi kutte saale,1,hi-roman
aalsi aadmi kootte,1,hi-roman
aalsi aadmi kootte hai,1,hi-roman
aalsi aadmi kootte ho,1,hi-roman
aalsi aadmi kootte hain,1,hi-roman
aalsi aadmi kootte aadmi,1,hi-roman
aalsi aadmi kootte insaan,1,hi-roman
aalsi aadmi kootte yaar,1,hi-roman
aalsi aadmi kootte bro,1,hi-roman
aalsi aadmi kootte bhai,1,hi-roman
aalsi aadmi kootte saale,1,hi-roman
tu aalsi aadmi kootte,1,hi-roman
tu aalsi aadmi kootte hai,1,hi-roman
tu aalsi aadmi kootte ho,1,hi-roman
tu aalsi aadmi kootte hain,1,hi-roman
tu aalsi aadmi kootte aadmi,1,hi-roman
tu aalsi aadmi kootte insaan,1,hi-roman
tu aalsi aadmi kootte yaar,1,hi-roman
tu aalsi aadmi kootte bro,1,hi-roman
tu aalsi aadmi kootte bhai,1,hi-roman
tu aalsi aadmi kootte saale,1,hi-roman
tum aalsi aadmi kootte,1,hi-roman
tum aalsi aadmi kootte hai,1,hi-roman
tum aalsi aadmi kootte ho,1,hi-roman
tum aalsi aadmi kootte hain,1,hi-roman
tum aalsi aadmi kootte aadmi,1,hi-roman
tum aalsi aadmi kootte insaan,1,hi-roman
tum aalsi aadmi kootte yaar,1,hi-roman
tum aalsi aadmi kootte bro,1,hi-roman
tum aalsi aadmi kootte bhai,1,hi-roman
tum aalsi aadmi kootte saale,1,hi-roman
abe aalsi aadmi kootte,1,hi-roman
abe aalsi aadmi kootte hai,1,hi-roman
abe aalsi aadmi kootte ho,1,hi-roman
abe aalsi aadmi kootte hain,1,hi-roman
abe aalsi aadmi kootte aadmi,1,hi-roman
abe aalsi aadmi kootte insaan,1,hi-roman
abe aalsi aadmi kootte yaar,1,hi-roman
abe aalsi aadmi kootte bro,1,hi-roman
abe aalsi aadmi kootte bhai,1,hi-roman
abe aalsi aadmi kootte saale,1,hi-roman
oye aalsi aadmi kootte,1,hi-roman
oye aalsi aadmi kootte hai,1,hi-roman
oye aalsi aadmi kootte ho,1,hi-roman
oye aalsi aadmi kootte hain,1,hi-roman
oye aalsi aadmi kootte aadmi,1,hi-roman
oye aalsi aadmi kootte insaan,1,hi-roman
oye aalsi aadmi kootte yaar,1,hi-roman
oye aalsi aadmi kootte bro,1,hi-roman
oye aalsi aadmi kootte bhai,1,hi-roman
oye aalsi aadmi kootte saale,1,hi-roman
are aalsi aadmi kootte,1,hi-roman
are aalsi aadmi kootte hai,1,hi-roman
are aalsi aadmi kootte ho,1,hi-roman
are aalsi aadmi kootte hain,1,hi-roman
are aalsi aadmi kootte aadmi,1,hi-roman
are aalsi aadmi kootte insaan,1,hi-roman
are aalsi aadmi kootte yaar,1,hi-roman
are aalsi aadmi kootte bro,1,hi-roman
are aalsi aadmi kootte bhai,1,hi-roman
are aalsi aadmi kootte saale,1,hi-roman
sun aalsi aadmi kootte,1,hi-roman
sun aalsi aadmi kootte hai,1,hi-roman
sun aalsi aadmi kootte ho,1,hi-roman
sun aalsi aadmi kootte hain,1,hi-roman
sun aalsi aadmi kootte aadmi,1,hi-roman
sun aalsi aadmi kootte insaan,1,hi-roman
sun aalsi aadmi kootte yaar,1,hi-roman
sun aalsi aadmi kootte bro,1,hi-roman
sun aalsi aadmi kootte bhai,1,hi-roman
sun aalsi aadmi kootte saale,1,hi-roman
dekh aalsi aadmi kootte,1,hi-roman
dekh aalsi aadmi kootte hai,1,hi-roman
dekh aalsi aadmi kootte ho,1,hi-roman
dekh aalsi aadmi kootte hain,1,hi-roman
dekh aalsi aadmi kootte aadmi,1,hi-roman
dekh aalsi aadmi kootte insaan,1,hi-roman
dekh aalsi aadmi kootte yaar,1,hi-roman
dekh aalsi aadmi kootte bro,1,hi-roman
dekh aalsi aadmi kootte bhai,1,hi-roman
dekh aalsi aadmi kootte saale,1,hi-roman
bhai aalsi aadmi kootte,1,hi-roman
bhai aalsi aadmi kootte hai,1,hi-roman
bhai aalsi aadmi kootte ho,1,hi-roman
bhai aalsi aadmi kootte hain,1,hi-roman
bhai aalsi aadmi kootte aadmi,1,hi-roman
bhai aalsi aadmi kootte insaan,1,hi-roman
bhai aalsi aadmi kootte yaar,1,hi-roman
bhai aalsi aadmi kootte bro,1,hi-roman
bhai aalsi aadmi kootte bhai,1,hi-roman
bhai aalsi aadmi kootte saale,1,hi-roman
saale aalsi aadmi kootte,1,hi-roman
saale aalsi aadmi kootte hai,1,hi-roman
saale aalsi aadmi kootte ho,1,hi-roman
saale aalsi aadmi kootte hain,1,hi-roman
saale aalsi aadmi kootte aadmi,1,hi-roman
saale aalsi aadmi kootte insaan,1,hi-roman
saale aalsi aadmi kootte yaar,1,hi-roman
saale aalsi aadmi kootte bro,1,hi-roman
saale aalsi aadmi kootte bhai,1,hi-roman
saale aalsi aadmi kootte saale,1,hi-roman
aalsi aadmi saale hai,1,hi-roman
aalsi aadmi saale ho,1,hi-roman
aalsi aadmi saale hain,1,hi-roman
aalsi aadmi saale aadmi,1,hi-roman
aalsi aadmi saale insaan,1,hi-roman
aalsi aadmi saale yaar,1,hi-roman
aalsi aadmi saale bro,1,hi-roman
aalsi aadmi saale bhai,1,hi-roman
aalsi aadmi saale saale,1,hi-roman
tu aalsi aadmi saale hai,1,hi-roman
tu aalsi aadmi saale ho,1,hi-roman
tu aalsi aadmi saale hain,1,hi-roman
tu aalsi aadmi saale aadmi,1,hi-roman
tu aalsi aadmi saale insaan,1,hi-roman
tu aalsi aadmi saale yaar,1,hi-roman
tu aalsi aadmi saale bro,1,hi-roman
tu aalsi aadmi saale bhai,1,hi-roman
tu aalsi aadmi saale saale,1,hi-roman
tum aalsi aadmi saale hai,1,hi-roman
tum aalsi aadmi saale ho,1,hi-roman
tum aalsi aadmi saale hain,1,hi-roman
tum aalsi aadmi saale aadmi,1,hi-roman
tum aalsi aadmi saale insaan,1,hi-roman
tum aalsi aadmi saale yaar,1,hi-roman
tum aalsi aadmi saale bro,1,hi-roman
tum aalsi aadmi saale bhai,1,hi-roman
tum aalsi aadmi saale saale,1,hi-roman
abe aalsi aadmi saale hai,1,hi-roman
abe aalsi aadmi saale ho,1,hi-roman
abe aalsi aadmi saale hain,1,hi-roman
abe aalsi aadmi saale aadmi,1,hi-roman
abe aalsi aadmi saale insaan,1,hi-roman
abe aalsi aadmi saale yaar,1,hi-roman
abe aalsi aadmi saale bro,1,hi-roman
abe aalsi aadmi saale bhai,1,hi-roman
abe aalsi aadmi saale saale,1,hi-roman
oye aalsi aadmi saale hai,1,hi-roman
oye aalsi aadmi saale ho,1,hi-roman
oye aalsi aadmi saale hain,1,hi-roman
oye aalsi aadmi saale aadmi,1,hi-roman
oye aalsi aadmi saale insaan,1,hi-roman
oye aalsi aadmi saale yaar,1,hi-roman
oye aalsi aadmi saale bro,1,hi-roman
oye aalsi aadmi saale bhai,1,hi-roman
oye aalsi aadmi saale saale,1,hi-roman
are aalsi aadmi saale hai,1,hi-roman
are aalsi aadmi saale ho,1,hi-roman
are aalsi aadmi saale hain,1,hi-roman
are aalsi aadmi saale aadmi,1,hi-roman
are aalsi aadmi saale insaan,1,hi-roman
are aalsi aadmi saale yaar,1,hi-roman
are aalsi aadmi saale bro,1,hi-roman
are aalsi aadmi saale bhai,1,hi-roman
are aalsi aadmi saale saale,1,hi-roman
sun aalsi aadmi saale hai,1,hi-roman
sun aalsi aadmi saale ho,1,hi-roman
sun aalsi aadmi saale hain,1,hi-roman
sun aalsi aadmi saale aadmi,1,hi-roman
sun aalsi aadmi saale insaan,1,hi-roman
sun aalsi aadmi saale yaar,1,hi-roman
sun aalsi aadmi saale bro,1,hi-roman
sun aalsi aadmi saale bhai,1,hi-roman
sun aalsi aadmi saale saale,1,hi-roman
dekh aalsi aadmi saale hai,1,hi-roman
dekh aalsi aadmi saale ho,1,hi-roman
dekh aalsi aadmi saale hain,1,hi-roman
dekh aalsi aadmi saale aadmi,1,hi-roman
dekh aalsi aadmi saale insaan,1,hi-roman
dekh aalsi aadmi saale yaar,1,hi-roman
dekh aalsi aadmi saale bro,1,hi-roman
dekh aalsi aadmi saale bhai,1,hi-roman
dekh aalsi aadmi saale saale,1,hi-roman
bhai aalsi aadmi saale hai,1,hi-roman
bhai aalsi aadmi saale ho,1,hi-roman
bhai aalsi aadmi saale hain,1,hi-roman
bhai aalsi aadmi saale aadmi,1,hi-roman
bhai aalsi aadmi saale insaan,1,hi-roman
bhai aalsi aadmi saale yaar,1,hi-roman
bhai aalsi aadmi saale bro,1,hi-roman
bhai aalsi aadmi saale bhai,1,hi-roman
bhai aalsi aadmi saale saale,1,hi-roman
saale aalsi aadmi saale hai,1,hi-roman
saale aalsi aadmi saale ho,1,hi-roman
saale aalsi aadmi saale hain,1,hi-roman
saale aalsi aadmi saale aadmi,1,hi-roman
saale aalsi aadmi saale insaan,1,hi-roman
saale aalsi aadmi saale yaar,1,hi-roman
saale aalsi aadmi saale bro,1,hi-roman
saale aalsi aadmi saale bhai,1,hi-roman
saale aalsi aadmi saale saale,1,hi-roman
aalsee aadmee saale hai,1,hi-roman
aalsee aadmee saale ho,1,hi-roman
aalsee aadmee saale hain,1,hi-roman
aalsee aadmee saale aadmi,1,hi-roman
aalsee aadmee saale insaan,1,hi-roman
aalsee aadmee saale yaar,1,hi-roman
aalsee aadmee saale bro,1,hi-roman
aalsee aadmee saale bhai,1,hi-roman
aalsee aadmee saale saale,1,hi-roman
tu aalsee aadmee saale hai,1,hi-roman
tu aalsee aadmee saale ho,1,hi-roman
tu aalsee aadmee saale hain,1,hi-roman
tu aalsee aadmee saale aadmi,1,hi-roman
tu aalsee aadmee saale insaan,1,hi-roman
tu aalsee aadmee saale yaar,1,hi-roman
tu aalsee aadmee saale bro,1,hi-roman
tu aalsee aadmee saale bhai,1,hi-roman
tu aalsee aadmee saale saale,1,hi-roman
tum aalsee aadmee saale hai,1,hi-roman
tum aalsee aadmee saale ho,1,hi-roman
tum aalsee aadmee saale hain,1,hi-roman
tum aalsee aadmee saale aadmi,1,hi-roman
tum aalsee aadmee saale insaan,1,hi-roman
tum aalsee aadmee saale yaar,1,hi-roman
tum aalsee aadmee saale bro,1,hi-roman
tum aalsee aadmee saale bhai,1,hi-roman
tum aalsee aadmee saale saale,1,hi-roman
abe aalsee aadmee saale hai,1,hi-roman
abe aalsee aadmee saale ho,1,hi-roman
abe aalsee aadmee saale hain,1,hi-roman
abe aalsee aadmee saale aadmi,1,hi-roman
abe aalsee aadmee saale insaan,1,hi-roman
abe aalsee aadmee saale yaar,1,hi-roman
abe aalsee aadmee saale bro,1,hi-roman
abe aalsee aadmee saale bhai,1,hi-roman
abe aalsee aadmee saale saale,1,hi-roman
oye aalsee aadmee saale hai,1,hi-roman
oye aalsee aadmee saale ho,1,hi-roman
oye aalsee aadmee saale hain,1,hi-roman
oye aalsee aadmee saale aadmi,1,hi-roman
oye aalsee aadmee saale insaan,1,hi-roman
oye aalsee aadmee saale yaar,1,hi-roman
oye aalsee aadmee saale bro,1,hi-roman
oye aalsee aadmee saale bhai,1,hi-roman
oye aalsee aadmee saale saale,1,hi-roman
are aalsee aadmee saale hai,1,hi-roman
are aalsee aadmee saale ho,1,hi-roman
are aalsee aadmee saale hain,1,hi-roman
are aalsee aadmee saale aadmi,1,hi-roman
are aalsee aadmee saale insaan,1,hi-roman
are aalsee aadmee saale yaar,1,hi-roman
are aalsee aadmee saale bro,1,hi-roman
are aalsee aadmee saale bhai,1,hi-roman
are aalsee aadmee saale saale,1,hi-roman
sun aalsee aadmee saale hai,1,hi-roman
sun aalsee aadmee saale ho,1,hi-roman
sun aalsee aadmee saale hain,1,hi-roman
sun aalsee aadmee saale aadmi,1,hi-roman
sun aalsee aadmee saale insaan,1,hi-roman
sun aalsee aadmee saale yaar,1,hi-roman
sun aalsee aadmee saale bro,1,hi-roman
sun aalsee aadmee saale bhai,1,hi-roman
sun aalsee aadmee saale saale,1,hi-roman
dekh aalsee aadmee saale hai,1,hi-roman
dekh aalsee aadmee saale ho,1,hi-roman
dekh aalsee aadmee saale hain,1,hi-roman
dekh aalsee aadmee saale aadmi,1,hi-roman
dekh aalsee aadmee saale insaan,1,hi-roman
dekh aalsee aadmee saale yaar,1,hi-roman
dekh aalsee aadmee saale bro,1,hi-roman
dekh aalsee aadmee saale bhai,1,hi-roman
dekh aalsee aadmee saale saale,1,hi-roman
bhai aalsee aadmee saale hai,1,hi-roman
bhai aalsee aadmee saale ho,1,hi-roman
bhai aalsee aadmee saale hain,1,hi-roman
bhai aalsee aadmee saale aadmi,1,hi-roman
bhai aalsee aadmee saale insaan,1,hi-roman
bhai aalsee aadmee saale yaar,1,hi-roman
bhai aalsee aadmee saale bro,1,hi-roman
bhai aalsee aadmee saale bhai,1,hi-roman
bhai aalsee aadmee saale saale,1,hi-roman
saale aalsee aadmee saale hai,1,hi-roman
saale aalsee aadmee saale ho,1,hi-roman
saale aalsee aadmee saale hain,1,hi-roman
saale aalsee aadmee saale aadmi,1,hi-roman
saale aalsee aadmee saale insaan,1,hi-roman
saale aalsee aadmee saale yaar,1,hi-roman
saale aalsee aadmee saale bro,1,hi-roman
saale aalsee aadmee saale bhai,1,hi-roman
saale aalsee aadmee saale saale,1,hi-roman
alsi admi sale,1,hi-roman
alsi admi sale hai,1,hi-roman
alsi admi sale ho,1,hi-roman
alsi admi sale hain,1,hi-roman
alsi admi sale aadmi,1,hi-roman
alsi admi sale insaan,1,hi-roman
alsi admi sale yaar,1,hi-roman
alsi admi sale bro,1,hi-roman
alsi admi sale bhai,1,hi-roman
alsi admi sale saale,1,hi-roman
tu alsi admi sale,1,hi-roman
tu alsi admi sale hai,1,hi-roman
tu alsi admi sale ho,1,hi-roman
tu alsi admi sale hain,1,hi-roman
tu alsi admi sale aadmi,1,hi-roman
tu alsi admi sale insaan,1,hi-roman
tu alsi admi sale yaar,1,hi-roman
tu alsi admi sale bro,1,hi-roman
tu alsi admi sale bhai,1,hi-roman
tu alsi admi sale saale,1,hi-roman
tum alsi admi sale,1,hi-roman
tum alsi admi sale hai,1,hi-roman
tum alsi admi sale ho,1,hi-roman
tum alsi admi sale hain,1,hi-roman
tum alsi admi sale aadmi,1,hi-roman
tum alsi admi sale insaan,1,hi-roman
tum alsi admi sale yaar,1,hi-roman
tum alsi admi sale bro,1,hi-roman
tum alsi admi sale bhai,1,hi-roman
tum alsi admi sale saale,1,hi-roman
abe alsi admi sale,1,hi-roman
abe alsi admi sale hai,1,hi-roman
abe alsi admi sale ho,1,hi-roman
abe alsi admi sale hain,1,hi-roman
abe alsi admi sale aadmi,1,hi-roman
abe alsi admi sale insaan,1,hi-roman
abe alsi admi sale yaar,1,hi-roman
abe alsi admi sale bro,1,hi-roman
abe alsi admi sale bhai,1,hi-roman
abe alsi admi sale saale,1,hi-roman
oye alsi admi sale,1,hi-roman
oye alsi admi sale hai,1,hi-roman
oye alsi admi sale ho,1,hi-roman
oye alsi admi sale hain,1,hi-roman
oye alsi admi sale aadmi,1,hi-roman
oye alsi admi sale insaan,1,hi-roman
oye alsi admi sale yaar,1,hi-roman
oye alsi admi sale bro,1,hi-roman
oye alsi admi sale bhai,1,hi-roman
oye alsi admi sale saale,1,hi-roman
are alsi admi sale,1,hi-roman
are alsi admi sale hai,1,hi-roman
are alsi admi sale ho,1,hi-roman
are alsi admi sale hain,1,hi-roman
are alsi admi sale aadmi,1,hi-roman
are alsi admi sale insaan,1,hi-roman
are alsi admi sale yaar,1,hi-roman
are alsi admi sale bro,1,hi-roman
are alsi admi sale bhai,1,hi-roman
are alsi admi sale saale,1,hi-roman
sun alsi admi sale,1,hi-roman
sun alsi admi sale hai,1,hi-roman
sun alsi admi sale ho,1,hi-roman
sun alsi admi sale hain,1,hi-roman
sun alsi admi sale aadmi,1,hi-roman
sun alsi admi sale insaan,1,hi-roman
sun alsi admi sale yaar,1,hi-roman
sun alsi admi sale bro,1,hi-roman
sun alsi admi sale bhai,1,hi-roman
sun alsi admi sale saale,1,hi-roman
dekh alsi admi sale,1,hi-roman
dekh alsi admi sale hai,1,hi-roman
dekh alsi admi sale ho,1,hi-roman
dekh alsi admi sale hain,1,hi-roman
dekh alsi admi sale aadmi,1,hi-roman
dekh alsi admi sale insaan,1,hi-roman
dekh alsi admi sale yaar,1,hi-roman
dekh alsi admi sale bro,1,hi-roman
dekh alsi admi sale bhai,1,hi-roman
dekh alsi admi sale saale,1,hi-roman
bhai alsi admi sale,1,hi-roman
bhai alsi admi sale hai,1,hi-roman
bhai alsi admi sale ho,1,hi-roman
bhai alsi admi sale hain,1,hi-roman
bhai alsi admi sale aadmi,1,hi-roman
bhai alsi admi sale insaan,1,hi-roman
bhai alsi admi sale yaar,1,hi-roman
bhai alsi admi sale bro,1,hi-roman
bhai alsi admi sale bhai,1,hi-roman
bhai alsi admi sale saale,1,hi-roman
saale alsi admi sale,1,hi-roman
saale alsi admi sale hai,1,hi-roman
saale alsi admi sale ho,1,hi-roman
saale alsi admi sale hain,1,hi-roman
saale alsi admi sale aadmi,1,hi-roman
saale alsi admi sale insaan,1,hi-roman
saale alsi admi sale yaar,1,hi-roman
saale alsi admi sale bro,1,hi-roman
saale alsi admi sale bhai,1,hi-roman
saale alsi admi sale saale,1,hi-roman
aaaalsi aaaadmi saaaale,1,hi-roman
aaaalsi aaaadmi saaaale hai,1,hi-roman
aaaalsi aaaadmi saaaale ho,1,hi-roman
aaaalsi aaaadmi saaaale hain,1,hi-roman
aaaalsi aaaadmi saaaale aadmi,1,hi-roman
aaaalsi aaaadmi saaaale insaan,1,hi-roman
aaaalsi aaaadmi saaaale yaar,1,hi-roman
aaaalsi aaaadmi saaaale bro,1,hi-roman
aaaalsi aaaadmi saaaale bhai,1,hi-roman
aaaalsi aaaadmi saaaale saale,1,hi-roman
tu aaaalsi aaaadmi saaaale,1,hi-roman
tu aaaalsi aaaadmi saaaale hai,1,hi-roman
tu aaaalsi aaaadmi saaaale ho,1,hi-roman
tu aaaalsi aaaadmi saaaale hain,1,hi-roman
tu aaaalsi aaaadmi saaaale aadmi,1,hi-roman
tu aaaalsi aaaadmi saaaale insaan,1,hi-roman
tu aaaalsi aaaadmi saaaale yaar,1,hi-roman
tu aaaalsi aaaadmi saaaale bro,1,hi-roman
tu aaaalsi aaaadmi saaaale bhai,1,hi-roman
tu aaaalsi aaaadmi saaaale saale,1,hi-roman
tum aaaalsi aaaadmi saaaale,1,hi-roman
tum aaaalsi aaaadmi saaaale hai,1,hi-roman
tum aaaalsi aaaadmi saaaale ho,1,hi-roman
tum aaaalsi aaaadmi saaaale hain,1,hi-roman
tum aaaalsi aaaadmi saaaale aadmi,1,hi-roman
tum aaaalsi aaaadmi saaaale insaan,1,hi-roman
tum aaaalsi aaaadmi saaaale yaar,1,hi-roman
tum aaaalsi aaaadmi saaaale bro,1,hi-roman
tum aaaalsi aaaadmi saaaale bhai,1,hi-roman
tum aaaalsi aaaadmi saaaale saale,1,hi-roman
abe aaaalsi aaaadmi saaaale,1,hi-roman
abe aaaalsi aaaadmi saaaale hai,1,hi-roman
abe aaaalsi aaaadmi saaaale ho,1,hi-roman
abe aaaalsi aaaadmi saaaale hain,1,hi-roman
abe aaaalsi aaaadmi saaaale aadmi,1,hi-roman
abe aaaalsi aaaadmi saaaale insaan,1,hi-roman
abe aaaalsi aaaadmi saaaale yaar,1,hi-roman
abe aaaalsi aaaadmi saaaale bro,1,hi-roman
abe aaaalsi aaaadmi saaaale bhai,1,hi-roman
abe aaaalsi aaaadmi saaaale saale,1,hi-roman
oye aaaalsi aaaadmi saaaale,1,hi-roman
oye aaaalsi aaaadmi saaaale hai,1,hi-roman
oye aaaalsi aaaadmi saaaale ho,1,hi-roman
oye aaaalsi aaaadmi saaaale hain,1,hi-roman
oye aaaalsi aaaadmi saaaale aadmi,1,hi-roman
oye aaaalsi aaaadmi saaaale insaan,1,hi-roman
oye aaaalsi aaaadmi saaaale yaar,1,hi-roman
oye aaaalsi aaaadmi saaaale bro,1,hi-roman
oye aaaalsi aaaadmi saaaale bhai,1,hi-roman
oye aaaalsi aaaadmi saaaale saale,1,hi-roman
are aaaalsi aaaadmi saaaale,1,hi-roman
are aaaalsi aaaadmi saaaale hai,1,hi-roman
are aaaalsi aaaadmi saaaale ho,1,hi-roman
are aaaalsi aaaadmi saaaale hain,1,hi-roman
are aaaalsi aaaadmi saaaale aadmi,1,hi-roman
are aaaalsi aaaadmi saaaale insaan,1,hi-roman
are aaaalsi aaaadmi saaaale yaar,1,hi-roman
are aaaalsi aaaadmi saaaale bro,1,hi-roman
are aaaalsi aaaadmi saaaale bhai,1,hi-roman
are aaaalsi aaaadmi saaaale saale,1,hi-roman
sun aaaalsi aaaadmi saaaale,1,hi-roman
sun aaaalsi aaaadmi saaaale hai,1,hi-roman
sun aaaalsi aaaadmi saaaale ho,1,hi-roman
sun aaaalsi aaaadmi saaaale hain,1,hi-roman
sun aaaalsi aaaadmi saaaale aadmi,1,hi-roman
sun aaaalsi aaaadmi saaaale insaan,1,hi-roman
sun aaaalsi aaaadmi saaaale yaar,1,hi-roman
sun aaaalsi aaaadmi saaaale bro,1,hi-roman
sun aaaalsi aaaadmi saaaale bhai,1,hi-roman
sun aaaalsi aaaadmi saaaale saale,1,hi-roman
dekh aaaalsi aaaadmi saaaale,1,hi-roman
dekh aaaalsi aaaadmi saaaale hai,1,hi-roman
dekh aaaalsi aaaadmi saaaale ho,1,hi-roman
dekh aaaalsi aaaadmi saaaale hain,1,hi-roman
dekh aaaalsi aaaadmi saaaale aadmi,1,hi-roman
dekh aaaalsi aaaadmi saaaale insaan,1,hi-roman
dekh aaaalsi aaaadmi saaaale yaar,1,hi-roman
dekh aaaalsi aaaadmi saaaale bro,1,hi-roman
dekh aaaalsi aaaadmi saaaale bhai,1,hi-roman
dekh aaaalsi aaaadmi saaaale saale,1,hi-roman
bhai aaaalsi aaaadmi saaaale,1,hi-roman
bhai aaaalsi aaaadmi saaaale hai,1,hi-roman
bhai aaaalsi aaaadmi saaaale ho,1,hi-roman
bhai aaaalsi aaaadmi saaaale hain,1,hi-roman
bhai aaaalsi aaaadmi saaaale aadmi,1,hi-roman
bhai aaaalsi aaaadmi saaaale insaan,1,hi-roman
bhai aaaalsi aaaadmi saaaale yaar,1,hi-roman
bhai aaaalsi aaaadmi saaaale bro,1,hi-roman
bhai aaaalsi aaaadmi saaaale bhai,1,hi-roman
bhai aaaalsi aaaadmi saaaale saale,1,hi-roman
saale aaaalsi aaaadmi saaaale,1,hi-roman
saale aaaalsi aaaadmi saaaale hai,1,hi-roman
saale aaaalsi aaaadmi saaaale ho,1,hi-roman
saale aaaalsi aaaadmi saaaale hain,1,hi-roman
saale aaaalsi aaaadmi saaaale aadmi,1,hi-roman
saale aaaalsi aaaadmi saaaale insaan,1,hi-roman
saale aaaalsi aaaadmi saaaale yaar,1,hi-roman
saale aaaalsi aaaadmi saaaale bro,1,hi-roman
saale aaaalsi aaaadmi saaaale bhai,1,hi-roman
saale aaaalsi aaaadmi saaaale saale,1,hi-roman
aaaalsi aaaadmi thaa,1,hi-roman
aaaalsi aaaadmi thaa hai,1,hi-roman
aaaalsi aaaadmi thaa ho,1,hi-roman
aaaalsi aaaadmi thaa hain,1,hi-roman
aaaalsi aaaadmi thaa aadmi,1,hi-roman
aaaalsi aaaadmi thaa insaan,1,hi-roman
aaaalsi aaaadmi thaa yaar,1,hi-roman
aaaalsi aaaadmi thaa bro,1,hi-roman
aaaalsi aaaadmi thaa bhai,1,hi-roman
aaaalsi aaaadmi thaa saale,1,hi-roman
tu aaaalsi aaaadmi thaa,1,hi-roman
tu aaaalsi aaaadmi thaa hai,1,hi-roman
tu aaaalsi aaaadmi thaa ho,1,hi-roman
tu aaaalsi aaaadmi thaa hain,1,hi-roman
tu aaaalsi aaaadmi thaa aadmi,1,hi-roman
tu aaaalsi aaaadmi thaa insaan,1,hi-roman
tu aaaalsi aaaadmi thaa yaar,1,hi-roman
tu aaaalsi aaaadmi thaa bro,1,hi-roman
tu aaaalsi aaaadmi thaa bhai,1,hi-roman
tu aaaalsi aaaadmi thaa saale,1,hi-roman
tum aaaalsi aaaadmi thaa,1,hi-roman
tum aaaalsi aaaadmi thaa hai,1,hi-roman
tum aaaalsi aaaadmi thaa ho,1,hi-roman
tum aaaalsi aaaadmi thaa hain,1,hi-roman
tum aaaalsi aaaadmi thaa aadmi,1,hi-roman
tum aaaalsi aaaadmi thaa insaan,1,hi-roman
tum aaaalsi aaaadmi thaa yaar,1,hi-roman
tum aaaalsi aaaadmi thaa bro,1,hi-roman
tum aaaalsi aaaadmi thaa bhai,1,hi-roman
tum aaaalsi aaaadmi thaa saale,1,hi-roman
abe aaaalsi aaaadmi thaa,1,hi-roman
abe aaaalsi aaaadmi thaa hai,1,hi-roman
abe aaaalsi aaaadmi thaa ho,1,hi-roman
abe aaaalsi aaaadmi thaa hain,1,hi-roman
abe aaaalsi aaaadmi thaa aadmi,1,hi-roman
abe aaaalsi aaaadmi thaa insaan,1,hi-roman
abe aaaalsi aaaadmi thaa yaar,1,hi-roman
abe aaaalsi aaaadmi thaa bro,1,hi-roman
abe aaaalsi aaaadmi thaa bhai,1,hi-roman
abe aaaalsi aaaadmi thaa saale,1,hi-roman
oye aaaalsi aaaadmi thaa,1,hi-roman
oye aaaalsi aaaadmi thaa hai,1,hi-roman
oye aaaalsi aaaadmi thaa ho,1,hi-roman
oye aaaalsi aaaadmi thaa hain,1,hi-roman
oye aaaalsi aaaadmi thaa aadmi,1,hi-roman
oye aaaalsi aaaadmi thaa insaan,1,hi-roman
oye aaaalsi aaaadmi thaa yaar,1,hi-roman
oye aaaalsi aaaadmi thaa bro,1,hi-roman
oye aaaalsi aaaadmi thaa bhai,1,hi-roman
oye aaaalsi aaaadmi thaa saale,1,hi-roman
are aaaalsi aaaadmi thaa,1,hi-roman
are aaaalsi aaaadmi thaa hai,1,hi-roman
are aaaalsi aaaadmi thaa ho,1,hi-roman
are aaaalsi aaaadmi thaa hain,1,hi-roman
are aaaalsi aaaadmi thaa aadmi,1,hi-roman
are aaaalsi aaaadmi thaa insaan,1,hi-roman
are aaaalsi aaaadmi thaa yaar,1,hi-roman
are aaaalsi aaaadmi thaa bro,1,hi-roman
are aaaalsi aaaadmi thaa bhai,1,hi-roman
are aaaalsi aaaadmi thaa saale,1,hi-roman
sun aaaalsi aaaadmi thaa,1,hi-roman
sun aaaalsi aaaadmi thaa hai,1,hi-roman
sun aaaalsi aaaadmi thaa ho,1,hi-roman
sun aaaalsi aaaadmi thaa hain,1,hi-roman
sun aaaalsi aaaadmi thaa aadmi,1,hi-roman
sun aaaalsi aaaadmi thaa insaan,1,hi-roman
sun aaaalsi aaaadmi thaa yaar,1,hi-roman
sun aaaalsi aaaadmi thaa bro,1,hi-roman
sun aaaalsi aaaadmi thaa bhai,1,hi-roman
sun aaaalsi aaaadmi thaa saale,1,hi-roman
dekh aaaalsi aaaadmi thaa,1,hi-roman
dekh aaaalsi aaaadmi thaa hai,1,hi-roman
dekh aaaalsi aaaadmi thaa ho,1,hi-roman
dekh aaaalsi aaaadmi thaa hain,1,hi-roman
dekh aaaalsi aaaadmi thaa aadmi,1,hi-roman
dekh aaaalsi aaaadmi thaa insaan,1,hi-roman
dekh aaaalsi aaaadmi thaa yaar,1,hi-roman
dekh aaaalsi aaaadmi thaa bro,1,hi-roman
dekh aaaalsi aaaadmi thaa bhai,1,hi-roman
dekh aaaalsi aaaadmi thaa saale,1,hi-roman
bhai aaaalsi aaaadmi thaa,1,hi-roman
bhai aaaalsi aaaadmi thaa hai,1,hi-roman
bhai aaaalsi aaaadmi thaa ho,1,hi-roman
bhai aaaalsi aaaadmi thaa hain,1,hi-roman
bhai aaaalsi aaaadmi thaa aadmi,1,hi-roman
bhai aaaalsi aaaadmi thaa insaan,1,hi-roman
bhai aaaalsi aaaadmi thaa yaar,1,hi-roman
bhai aaaalsi aaaadmi thaa bro,1,hi-roman
bhai aaaalsi aaaadmi thaa bhai,1,hi-roman
bhai aaaalsi aaaadmi thaa saale,1,hi-roman
saale aaaalsi aaaadmi thaa,1,hi-roman
saale aaaalsi aaaadmi thaa hai,1,hi-roman
saale aaaalsi aaaadmi thaa ho,1,hi-roman
saale aaaalsi aaaadmi thaa hain,1,hi-roman
saale aaaalsi aaaadmi thaa aadmi,1,hi-roman
saale aaaalsi aaaadmi thaa insaan,1,hi-roman
saale aaaalsi aaaadmi thaa yaar,1,hi-roman
saale aaaalsi aaaadmi thaa bro,1,hi-roman
saale aaaalsi aaaadmi thaa bhai,1,hi-roman
saale aaaalsi aaaadmi thaa saale,1,hi-roman
aalsee aadmee tha,1,hi-roman
aalsee aadmee tha hai,1,hi-roman
aalsee aadmee tha ho,1,hi-roman
aalsee aadmee tha hain,1,hi-roman
aalsee aadmee tha aadmi,1,hi-roman
aalsee aadmee tha insaan,1,hi-roman
aalsee aadmee tha yaar,1,hi-roman
aalsee aadmee tha bro,1,hi-roman
aalsee aadmee tha bhai,1,hi-roman
aalsee aadmee tha saale,1,hi-roman
tu aalsee aadmee tha,1,hi-roman
tu aalsee aadmee tha hai,1,hi-roman
tu aalsee aadmee tha ho,1,hi-roman
tu aalsee aadmee tha hain,1,hi-roman
tu aalsee aadmee tha aadmi,1,hi-roman
tu aalsee aadmee tha insaan,1,hi-roman
tu aalsee aadmee tha yaar,1,hi-roman
tu aalsee aadmee tha bro,1,hi-roman
tu aalsee aadmee tha bhai,1,hi-roman
tu aalsee aadmee tha saale,1,hi-roman
tum aalsee aadmee tha,1,hi-roman
tum aalsee aadmee tha hai,1,hi-roman
tum aalsee aadmee tha ho,1,hi-roman
tum aalsee aadmee tha hain,1,hi-roman
tum aalsee aadmee tha aadmi,1,hi-roman
tum aalsee aadmee tha insaan,1,hi-roman
tum aalsee aadmee tha yaar,1,hi-roman
tum aalsee aadmee tha bro,1,hi-roman
tum aalsee aadmee tha bhai,1,hi-roman
tum aalsee aadmee tha saale,1,hi-roman
abe aalsee aadmee tha,1,hi-roman
abe aalsee aadmee tha hai,1,hi-roman
abe aalsee aadmee tha ho,1,hi-roman
abe aalsee aadmee tha hain,1,hi-roman
abe aalsee aadmee tha aadmi,1,hi-roman
abe aalsee aadmee tha insaan,1,hi-roman
abe aalsee aadmee tha yaar,1,hi-roman
abe aalsee aadmee tha bro,1,hi-roman
abe aalsee aadmee tha bhai,1,hi-roman
abe aalsee aadmee tha saale,1,hi-roman
oye aalsee aadmee tha,1,hi-roman
oye aalsee aadmee tha hai,1,hi-roman
oye aalsee aadmee tha ho,1,hi-roman
oye aalsee aadmee tha hain,1,hi-roman
oye aalsee aadmee tha aadmi,1,hi-roman
oye aalsee aadmee tha insaan,1,hi-roman
oye aalsee aadmee tha yaar,1,hi-roman
oye aalsee aadmee tha bro,1,hi-roman
oye aalsee aadmee tha bhai,1,hi-roman
oye aalsee aadmee tha saale,1,hi-roman
are aalsee aadmee tha,1,hi-roman
are aalsee aadmee tha hai,1,hi-roman
are aalsee aadmee tha ho,1,hi-roman
are aalsee aadmee tha hain,1,hi-roman
are aalsee aadmee tha aadmi,1,hi-roman
are aalsee aadmee tha insaan,1,hi-roman
are aalsee aadmee tha yaar,1,hi-roman
are aalsee aadmee tha bro,1,hi-roman
are aalsee aadmee tha bhai,1,hi-roman
are aalsee aadmee tha saale,1,hi-roman
sun aalsee aadmee tha,1,hi-roman
sun aalsee aadmee tha hai,1,hi-roman
sun aalsee aadmee tha ho,1,hi-roman
sun aalsee aadmee tha hain,1,hi-roman
sun aalsee aadmee tha aadmi,1,hi-roman
sun aalsee aadmee tha insaan,1,hi-roman
sun aalsee aadmee tha yaar,1,hi-roman
sun aalsee aadmee tha bro,1,hi-roman
sun aalsee aadmee tha bhai,1,hi-roman
sun aalsee aadmee tha saale,1,hi-roman
dekh aalsee aadmee tha,1,hi-roman
dekh aalsee aadmee tha hai,1,hi-roman
dekh aalsee aadmee tha ho,1,hi-roman
dekh aalsee aadmee tha hain,1,hi-roman
dekh aalsee aadmee tha aadmi,1,hi-roman
dekh aalsee aadmee tha insaan,1,hi-roman
dekh aalsee aadmee tha yaar,1,hi-roman
dekh aalsee aadmee tha bro,1,hi-roman
dekh aalsee aadmee tha bhai,1,hi-roman
dekh aalsee aadmee tha saale,1,hi-roman
bhai aalsee aadmee tha,1,hi-roman
bhai aalsee aadmee tha hai,1,hi-roman
bhai aalsee aadmee tha ho,1,hi-roman
bhai aalsee aadmee tha hain,1,hi-roman
bhai aalsee aadmee tha aadmi,1,hi-roman
bhai aalsee aadmee tha insaan,1,hi-roman
bhai aalsee aadmee tha yaar,1,hi-roman
bhai aalsee aadmee tha bro,1,hi-roman
bhai aalsee aadmee tha bhai,1,hi-roman
bhai aalsee aadmee tha saale,1,hi-roman
saale aalsee aadmee tha,1,hi-roman
saale aalsee aadmee tha hai,1,hi-roman
saale aalsee aadmee tha ho,1,hi-roman
saale aalsee aadmee tha hain,1,hi-roman
saale aalsee aadmee tha aadmi,1,hi-roman
saale aalsee aadmee tha insaan,1,hi-roman
saale aalsee aadmee tha yaar,1,hi-roman
saale aalsee aadmee tha bro,1,hi-roman
saale aalsee aadmee tha bhai,1,hi-roman
saale aalsee aadmee tha saale,1,hi-roman
aalsi aadmi tha hai,1,hi-roman
aalsi aadmi tha ho,1,hi-roman
aalsi aadmi tha hain,1,hi-roman
aalsi aadmi tha aadmi,1,hi-roman
aalsi aadmi tha insaan,1,hi-roman
aalsi aadmi tha yaar,1,hi-roman
aalsi aadmi tha bro,1,hi-roman
aalsi aadmi tha bhai,1,hi-roman
aalsi aadmi tha saale,1,hi-roman
tu aalsi aadmi tha hai,1,hi-roman
tu aalsi aadmi tha ho,1,hi-roman
tu aalsi aadmi tha hain,1,hi-roman
tu aalsi aadmi tha aadmi,1,hi-roman
tu aalsi aadmi tha insaan,1,hi-roman
tu aalsi aadmi tha yaar,1,hi-roman
tu aalsi aadmi tha bro,1,hi-roman
tu aalsi aadmi tha bhai,1,hi-roman
tu aalsi aadmi tha saale,1,hi-roman
tum aalsi aadmi tha hai,1,hi-roman
tum aalsi aadmi tha ho,1,hi-roman
tum aalsi aadmi tha hain,1,hi-roman
tum aalsi aadmi tha aadmi,1,hi-roman
tum aalsi aadmi tha insaan,1,hi-roman
tum aalsi aadmi tha yaar,1,hi-roman
tum aalsi aadmi tha bro,1,hi-roman
tum aalsi aadmi tha bhai,1,hi-roman
tum aalsi aadmi tha saale,1,hi-roman
abe aalsi aadmi tha hai,1,hi-roman
abe aalsi aadmi tha ho,1,hi-roman
abe aalsi aadmi tha hain,1,hi-roman
abe aalsi aadmi tha aadmi,1,hi-roman
abe aalsi aadmi tha insaan,1,hi-roman
abe aalsi aadmi tha yaar,1,hi-roman
abe aalsi aadmi tha bro,1,hi-roman
abe aalsi aadmi tha bhai,1,hi-roman
abe aalsi aadmi tha saale,1,hi-roman
oye aalsi aadmi tha hai,1,hi-roman
oye aalsi aadmi tha ho,1,hi-roman
oye aalsi aadmi tha hain,1,hi-roman
oye aalsi aadmi tha aadmi,1,hi-roman
oye aalsi aadmi tha insaan,1,hi-roman
oye aalsi aadmi tha yaar,1,hi-roman
oye aalsi aadmi tha bro,1,hi-roman
oye aalsi aadmi tha bhai,1,hi-roman
oye aalsi aadmi tha saale,1,hi-roman
are aalsi aadmi tha hai,1,hi-roman
are aalsi aadmi tha ho,1,hi-roman
are aalsi aadmi tha hain,1,hi-roman
are aalsi aadmi tha aadmi,1,hi-roman
are aalsi aadmi tha insaan,1,hi-roman
are aalsi aadmi tha yaar,1,hi-roman
are aalsi aadmi tha bro,1,hi-roman
are aalsi aadmi tha bhai,1,hi-roman
are aalsi aadmi tha saale,1,hi-roman
sun aalsi aadmi tha hai,1,hi-roman
sun aalsi aadmi tha ho,1,hi-roman
sun aalsi aadmi tha hain,1,hi-roman
sun aalsi aadmi tha aadmi,1,hi-roman
sun aalsi aadmi tha insaan,1,hi-roman
sun aalsi aadmi tha yaar,1,hi-roman
sun aalsi aadmi tha bro,1,hi-roman
sun aalsi aadmi tha bhai,1,hi-roman
sun aalsi aadmi tha saale,1,hi-roman
dekh aalsi aadmi tha hai,1,hi-roman
dekh aalsi aadmi tha ho,1,hi-roman
dekh aalsi aadmi tha hain,1,hi-roman
dekh aalsi aadmi tha aadmi,1,hi-roman
dekh aalsi aadmi tha insaan,1,hi-roman
dekh aalsi aadmi tha yaar,1,hi-roman
dekh aalsi aadmi tha bro,1,hi-roman
dekh aalsi aadmi tha bhai,1,hi-roman
dekh aalsi aadmi tha saale,1,hi-roman
bhai aalsi aadmi tha,1,hi-roman
bhai aalsi aadmi tha hai,1,hi-roman
bhai aalsi aadmi tha ho,1,hi-roman
bhai aalsi aadmi tha hain,1,hi-roman
bhai aalsi aadmi tha aadmi,1,hi-roman
bhai aalsi aadmi tha insaan,1,hi-roman
bhai aalsi aadmi tha yaar,1,hi-roman
bhai aalsi aadmi tha bro,1,hi-roman
bhai aalsi aadmi tha bhai,1,hi-roman
bhai aalsi aadmi tha saale,1,hi-roman
saale aalsi aadmi tha,1,hi-roman
saale aalsi aadmi tha hai,1,hi-roman
saale aalsi aadmi tha ho,1,hi-roman
saale aalsi aadmi tha hain,1,hi-roman
saale aalsi aadmi tha aadmi,1,hi-roman
saale aalsi aadmi tha insaan,1,hi-roman
saale aalsi aadmi tha yaar,1,hi-roman
saale aalsi aadmi tha bro,1,hi-roman
saale aalsi aadmi tha bhai,1,hi-roman
saale aalsi aadmi tha saale,1,hi-roman
alsi admi tha,1,hi-roman
alsi admi tha hai,1,hi-roman
alsi admi tha ho,1,hi-roman
alsi admi tha hain,1,hi-roman
alsi admi tha aadmi,1,hi-roman
alsi admi tha insaan,1,hi-roman
alsi admi tha yaar,1,hi-roman
alsi admi tha bro,1,hi-roman
alsi admi tha bhai,1,hi-roman
alsi admi tha saale,1,hi-roman
tu alsi admi tha,1,hi-roman
tu alsi admi tha hai,1,hi-roman
tu alsi admi tha ho,1,hi-roman
tu alsi admi tha hain,1,hi-roman
tu alsi admi tha aadmi,1,hi-roman
tu alsi admi tha insaan,1,hi-roman
tu alsi admi tha yaar,1,hi-roman
tu alsi admi tha bro,1,hi-roman
tu alsi admi tha bhai,1,hi-roman
tu alsi admi tha saale,1,hi-roman
tum alsi admi tha,1,hi-roman
tum alsi admi tha hai,1,hi-roman
tum alsi admi tha ho,1,hi-roman
tum alsi admi tha hain,1,hi-roman
tum alsi admi tha aadmi,1,hi-roman
tum alsi admi tha insaan,1,hi-roman
tum alsi admi tha yaar,1,hi-roman
tum alsi admi tha bro,1,hi-roman
tum alsi admi tha bhai,1,hi-roman
tum alsi admi tha saale,1,hi-roman
abe alsi admi tha,1,hi-roman
abe alsi admi tha hai,1,hi-roman
abe alsi admi tha ho,1,hi-roman
abe alsi admi tha hain,1,hi-roman
abe alsi admi tha aadmi,1,hi-roman
abe alsi admi tha insaan,1,hi-roman
abe alsi admi tha yaar,1,hi-roman
abe alsi admi tha bro,1,hi-roman
abe alsi admi tha bhai,1,hi-roman
abe alsi admi tha saale,1,hi-roman
oye alsi admi tha,1,hi-roman
oye alsi admi tha hai,1,hi-roman
oye alsi admi tha ho,1,hi-roman
oye alsi admi tha hain,1,hi-roman
oye alsi admi tha aadmi,1,hi-roman
oye alsi admi tha insaan,1,hi-roman
oye alsi admi tha yaar,1,hi-roman
oye alsi admi tha bro,1,hi-roman
oye alsi admi tha bhai,1,hi-roman
oye alsi admi tha saale,1,hi-roman
are alsi admi tha,1,hi-roman
are alsi admi tha hai,1,hi-roman
are alsi admi tha ho,1,hi-roman
are alsi admi tha hain,1,hi-roman
are alsi admi tha aadmi,1,hi-roman
are alsi admi tha insaan,1,hi-roman
are alsi admi tha yaar,1,hi-roman
are alsi admi tha bro,1,hi-roman
are alsi admi tha bhai,1,hi-roman
are alsi admi tha saale,1,hi-roman
sun alsi admi tha,1,hi-roman
sun alsi admi tha hai,1,hi-roman
sun alsi admi tha ho,1,hi-roman
sun alsi admi tha hain,1,hi-roman
sun alsi admi tha aadmi,1,hi-roman
sun alsi admi tha insaan,1,hi-roman
sun alsi admi tha yaar,1,hi-roman
sun alsi admi tha bro,1,hi-roman
sun alsi admi tha bhai,1,hi-roman
sun alsi admi tha saale,1,hi-roman
dekh alsi admi tha,1,hi-roman
dekh alsi admi tha hai,1,hi-roman
dekh alsi admi tha ho,1,hi-roman
dekh alsi admi tha hain,1,hi-roman
dekh alsi admi tha aadmi,1,hi-roman
dekh alsi admi tha insaan,1,hi-roman
dekh alsi admi tha yaar,1,hi-roman
dekh alsi admi tha bro,1,hi-roman
dekh alsi admi tha bhai,1,hi-roman
dekh alsi admi tha saale,1,hi-roman
bhai alsi admi tha,1,hi-roman
bhai alsi admi tha hai,1,hi-roman
bhai alsi admi tha ho,1,hi-roman
bhai alsi admi tha hain,1,hi-roman
bhai alsi admi tha aadmi,1,hi-roman
bhai alsi admi tha insaan,1,hi-roman
bhai alsi admi tha yaar,1,hi-roman
bhai alsi admi tha bro,1,hi-roman
bhai alsi admi tha bhai,1,hi-roman
bhai alsi admi tha saale,1,hi-roman
saale alsi admi tha,1,hi-roman
saale alsi admi tha hai,1,hi-roman
saale alsi admi tha ho,1,hi-roman
saale alsi admi tha hain,1,hi-roman
saale alsi admi tha aadmi,1,hi-roman
saale alsi admi tha insaan,1,hi-roman
saale alsi admi tha yaar,1,hi-roman
saale alsi admi tha bro,1,hi-roman
saale alsi admi tha bhai,1,hi-roman
saale alsi admi tha saale,1,hi-roman
aalsee aadmee yaar hai,1,hi-roman
aalsee aadmee yaar ho,1,hi-roman
aalsee aadmee yaar hain,1,hi-roman
aalsee aadmee yaar aadmi,1,hi-roman
aalsee aadmee yaar insaan,1,hi-roman
aalsee aadmee yaar yaar,1,hi-roman
aalsee aadmee yaar bro,1,hi-roman
aalsee aadmee yaar bhai,1,hi-roman
aalsee aadmee yaar saale,1,hi-roman
tu aalsee aadmee yaar hai,1,hi-roman
tu aalsee aadmee yaar ho,1,hi-roman
tu aalsee aadmee yaar hain,1,hi-roman
tu aalsee aadmee yaar aadmi,1,hi-roman
tu aalsee aadmee yaar insaan,1,hi-roman
tu aalsee aadmee yaar yaar,1,hi-roman
tu aalsee aadmee yaar bro,1,hi-roman
tu aalsee aadmee yaar bhai,1,hi-roman
tu aalsee aadmee yaar saale,1,hi-roman
tum aalsee aadmee yaar hai,1,hi-roman
tum aalsee aadmee yaar ho,1,hi-roman
tum aalsee aadmee yaar hain,1,hi-roman
tum aalsee aadmee yaar aadmi,1,hi-roman
tum aalsee aadmee yaar insaan,1,hi-roman
tum aalsee aadmee yaar yaar,1,hi-roman
tum aalsee aadmee yaar bro,1,hi-roman
tum aalsee aadmee yaar bhai,1,hi-roman
tum aalsee aadmee yaar saale,1,hi-roman
abe aalsee aadmee yaar hai,1,hi-roman
abe aalsee aadmee yaar ho,1,hi-roman
abe aalsee aadmee yaar hain,1,hi-roman
abe aalsee aadmee yaar aadmi,1,hi-roman
abe aalsee aadmee yaar insaan,1,hi-roman
abe aalsee aadmee yaar yaar,1,hi-roman
abe aalsee aadmee yaar bro,1,hi-roman
abe aalsee aadmee yaar bhai,1,hi-roman
abe aalsee aadmee yaar saale,1,hi-roman
oye aalsee aadmee yaar hai,1,hi-roman
oye aalsee aadmee yaar ho,1,hi-roman
oye aalsee aadmee yaar hain,1,hi-roman
oye aalsee aadmee yaar aadmi,1,hi-roman
oye aalsee aadmee yaar insaan,1,hi-roman
oye aalsee aadmee yaar yaar,1,hi-roman
oye aalsee aadmee yaar bro,1,hi-roman
oye aalsee aadmee yaar bhai,1,hi-roman
oye aalsee aadmee yaar saale,1,hi-roman
are aalsee aadmee yaar hai,1,hi-roman
are aalsee aadmee yaar ho,1,hi-roman
are aalsee aadmee yaar hain,1,hi-roman
are aalsee aadmee yaar aadmi,1,hi-roman
are aalsee aadmee yaar insaan,1,hi-roman
are aalsee aadmee yaar yaar,1,hi-roman
are aalsee aadmee yaar bro,1,hi-roman
are aalsee aadmee yaar bhai,1,hi-roman
are aalsee aadmee yaar saale,1,hi-roman
sun aalsee aadmee yaar hai,1,hi-roman
sun aalsee aadmee yaar ho,1,hi-roman
sun aalsee aadmee yaar hain,1,hi-roman
sun aalsee aadmee yaar aadmi,1,hi-roman
sun aalsee aadmee yaar insaan,1,hi-roman
sun aalsee aadmee yaar yaar,1,hi-roman
sun aalsee aadmee yaar bro,1,hi-roman
sun aalsee aadmee yaar bhai,1,hi-roman
sun aalsee aadmee yaar saale,1,hi-roman
dekh aalsee aadmee yaar hai,1,hi-roman
dekh aalsee aadmee yaar ho,1,hi-roman
dekh aalsee aadmee yaar hain,1,hi-roman
dekh aalsee aadmee yaar aadmi,1,hi-roman
dekh aalsee aadmee yaar insaan,1,hi-roman
dekh aalsee aadmee yaar yaar,1,hi-roman
dekh aalsee aadmee yaar bro,1,hi-roman
dekh aalsee aadmee yaar bhai,1,hi-roman
dekh aalsee aadmee yaar saale,1,hi-roman
bhai aalsee aadmee yaar hai,1,hi-roman
bhai aalsee aadmee yaar ho,1,hi-roman
bhai aalsee aadmee yaar hain,1,hi-roman
bhai aalsee aadmee yaar aadmi,1,hi-roman
bhai aalsee aadmee yaar insaan,1,hi-roman
bhai aalsee aadmee yaar yaar,1,hi-roman
bhai aalsee aadmee yaar bro,1,hi-roman
bhai aalsee aadmee yaar bhai,1,hi-roman
bhai aalsee aadmee yaar saale,1,hi-roman
saale aalsee aadmee yaar hai,1,hi-roman
saale aalsee aadmee yaar ho,1,hi-roman
saale aalsee aadmee yaar hain,1,hi-roman
saale aalsee aadmee yaar aadmi,1,hi-roman
saale aalsee aadmee yaar insaan,1,hi-roman
saale aalsee aadmee yaar yaar,1,hi-roman
saale aalsee aadmee yaar bro,1,hi-roman
saale aalsee aadmee yaar bhai,1,hi-roman
saale aalsee aadmee yaar saale,1,hi-roman
alsi admi yar,1,hi-roman
alsi admi yar hai,1,hi-roman
alsi admi yar ho,1,hi-roman
alsi admi yar hain,1,hi-roman
alsi admi yar aadmi,1,hi-roman
alsi admi yar insaan,1,hi-roman
alsi admi yar yaar,1,hi-roman
alsi admi yar bro,1,hi-roman
alsi admi yar bhai,1,hi-roman
alsi admi yar saale,1,hi-roman
tu alsi admi yar,1,hi-roman
tu alsi admi yar hai,1,hi-roman
tu alsi admi yar ho,1,hi-roman
tu alsi admi yar hain,1,hi-roman
tu alsi admi yar aadmi,1,hi-roman
tu alsi admi yar insaan,1,hi-roman
tu alsi admi yar yaar,1,hi-roman
tu alsi admi yar bro,1,hi-roman
tu alsi admi yar bhai,1,hi-roman
tu alsi admi yar saale,1,hi-roman
tum alsi admi yar,1,hi-roman
tum alsi admi yar hai,1,hi-roman
tum alsi admi yar ho,1,hi-roman
tum alsi admi yar hain,1,hi-roman
tum alsi admi yar aadmi,1,hi-roman
tum alsi admi yar insaan,1,hi-roman
tum alsi admi yar yaar,1,hi-roman
tum alsi admi yar bro,1,hi-roman
tum alsi admi yar bhai,1,hi-roman
tum alsi admi yar saale,1,hi-roman
abe alsi admi yar,1,hi-roman
abe alsi admi yar hai,1,hi-roman
abe alsi admi yar ho,1,hi-roman
abe alsi admi yar hain,1,hi-roman
abe alsi admi yar aadmi,1,hi-roman
abe alsi admi yar insaan,1,hi-roman
abe alsi admi yar yaar,1,hi-roman
abe alsi admi yar bro,1,hi-roman
abe alsi admi yar bhai,1,hi-roman
abe alsi admi yar saale,1,hi-roman
oye alsi admi yar,1,hi-roman
oye alsi admi yar hai,1,hi-roman
oye alsi admi yar ho,1,hi-roman
oye alsi admi yar hain,1,hi-roman
oye alsi admi yar aadmi,1,hi-roman
oye alsi admi yar insaan,1,hi-roman
oye alsi admi yar yaar,1,hi-roman
oye alsi admi yar bro,1,hi-roman
oye alsi admi yar bhai,1,hi-roman
oye alsi admi yar saale,1,hi-roman
are alsi admi yar,1,hi-roman
are alsi admi yar hai,1,hi-roman
are alsi admi yar ho,1,hi-roman
are alsi admi yar hain,1,hi-roman
are alsi admi yar aadmi,1,hi-roman
are alsi admi yar insaan,1,hi-roman
are alsi admi yar yaar,1,hi-roman
are alsi admi yar bro,1,hi-roman
are alsi admi yar bhai,1,hi-roman
are alsi admi yar saale,1,hi-roman
sun alsi admi yar,1,hi-roman
sun alsi admi yar hai,1,hi-roman
sun alsi admi yar ho,1,hi-roman
sun alsi admi yar hain,1,hi-roman
sun alsi admi yar aadmi,1,hi-roman
sun alsi admi yar insaan,1,hi-roman
sun alsi admi yar yaar,1,hi-roman
sun alsi admi yar bro,1,hi-roman
sun alsi admi yar bhai,1,hi-roman
sun alsi admi yar saale,1,hi-roman
dekh alsi admi yar,1,hi-roman
dekh alsi admi yar hai,1,hi-roman
dekh alsi admi yar ho,1,hi-roman
dekh alsi admi yar hain,1,hi-roman
dekh alsi admi yar aadmi,1,hi-roman
dekh alsi admi yar insaan,1,hi-roman
dekh alsi admi yar yaar,1,hi-roman
dekh alsi admi yar bro,1,hi-roman
dekh alsi admi yar bhai,1,hi-roman
dekh alsi admi yar saale,1,hi-roman
bhai alsi admi yar,1,hi-roman
bhai alsi admi yar hai,1,hi-roman
bhai alsi admi yar ho,1,hi-roman
bhai alsi admi yar hain,1,hi-roman
bhai alsi admi yar aadmi,1,hi-roman
bhai alsi admi yar insaan,1,hi-roman
bhai alsi admi yar yaar,1,hi-roman
bhai alsi admi yar bro,1,hi-roman
bhai alsi admi yar bhai,1,hi-roman
bhai alsi admi yar saale,1,hi-roman
saale alsi admi yar,1,hi-roman
saale alsi admi yar hai,1,hi-roman
saale alsi admi yar ho,1,hi-roman
saale alsi admi yar hain,1,hi-roman
saale alsi admi yar aadmi,1,hi-roman
saale alsi admi yar insaan,1,hi-roman
saale alsi admi yar yaar,1,hi-roman
saale alsi admi yar bro,1,hi-roman
saale alsi admi yar bhai,1,hi-roman
saale alsi admi yar saale,1,hi-roman
aaaalsi aaaadmi yaaaar,1,hi-roman
aaaalsi aaaadmi yaaaar hai,1,hi-roman
aaaalsi aaaadmi yaaaar ho,1,hi-roman
aaaalsi aaaadmi yaaaar hain,1,hi-roman
aaaalsi aaaadmi yaaaar aadmi,1,hi-roman
aaaalsi aaaadmi yaaaar insaan,1,hi-roman
aaaalsi aaaadmi yaaaar yaar,1,hi-roman
aaaalsi aaaadmi yaaaar bro,1,hi-roman
aaaalsi aaaadmi yaaaar bhai,1,hi-roman
aaaalsi aaaadmi yaaaar saale,1,hi-roman
tu aaaalsi aaaadmi yaaaar,1,hi-roman
tu aaaalsi aaaadmi yaaaar hai,1,hi-roman
tu aaaalsi aaaadmi yaaaar ho,1,hi-roman
tu aaaalsi aaaadmi yaaaar hain,1,hi-roman
tu aaaalsi aaaadmi yaaaar aadmi,1,hi-roman
tu aaaalsi aaaadmi yaaaar insaan,1,hi-roman
tu aaaalsi aaaadmi yaaaar yaar,1,hi-roman
tu aaaalsi aaaadmi yaaaar bro,1,hi-roman
tu aaaalsi aaaadmi yaaaar bhai,1,hi-roman
tu aaaalsi aaaadmi yaaaar saale,1,hi-roman
tum aaaalsi aaaadmi yaaaar,1,hi-roman
tum aaaalsi aaaadmi yaaaar hai,1,hi-roman
tum aaaalsi aaaadmi yaaaar ho,1,hi-roman
tum aaaalsi aaaadmi yaaaar hain,1,hi-roman
tum aaaalsi aaaadmi yaaaar aadmi,1,hi-roman
tum aaaalsi aaaadmi yaaaar insaan,1,hi-roman
tum aaaalsi aaaadmi yaaaar yaar,1,hi-roman
tum aaaalsi aaaadmi yaaaar bro,1,hi-roman
tum aaaalsi aaaadmi yaaaar bhai,1,hi-roman
tum aaaalsi aaaadmi yaaaar saale,1,hi-roman
abe aaaalsi aaaadmi yaaaar,1,hi-roman
abe aaaalsi aaaadmi yaaaar hai,1,hi-roman
abe aaaalsi aaaadmi yaaaar ho,1,hi-roman
abe aaaalsi aaaadmi yaaaar hain,1,hi-roman
abe aaaalsi aaaadmi yaaaar aadmi,1,hi-roman
abe aaaalsi aaaadmi yaaaar insaan,1,hi-roman
abe aaaalsi aaaadmi yaaaar yaar,1,hi-roman
abe aaaalsi aaaadmi yaaaar bro,1,hi-roman
abe aaaalsi aaaadmi yaaaar bhai,1,hi-roman
abe aaaalsi aaaadmi yaaaar saale,1,hi-roman
oye aaaalsi aaaadmi yaaaar,1,hi-roman
oye aaaalsi aaaadmi yaaaar hai,1,hi-roman
oye aaaalsi aaaadmi yaaaar ho,1,hi-roman
oye aaaalsi aaaadmi yaaaar hain,1,hi-roman
oye aaaalsi aaaadmi yaaaar aadmi,1,hi-roman
oye aaaalsi aaaadmi yaaaar insaan,1,hi-roman
oye aaaalsi aaaadmi yaaaar yaar,1,hi-roman
oye aaaalsi aaaadmi yaaaar bro,1,hi-roman
oye aaaalsi aaaadmi yaaaar bhai,1,hi-roman
oye aaaalsi aaaadmi yaaaar saale,1,hi-roman
are aaaalsi aaaadmi yaaaar,1,hi-roman
are aaaalsi aaaadmi yaaaar hai,1,hi-roman
are aaaalsi aaaadmi yaaaar ho,1,hi-roman
are aaaalsi aaaadmi yaaaar hain,1,hi-roman
are aaaalsi aaaadmi yaaaar aadmi,1,hi-roman
are aaaalsi aaaadmi yaaaar insaan,1,hi-roman
are aaaalsi aaaadmi yaaaar yaar,1,hi-roman
are aaaalsi aaaadmi yaaaar bro,1,hi-roman
are aaaalsi aaaadmi yaaaar bhai,1,hi-roman
are aaaalsi aaaadmi yaaaar saale,1,hi-roman
sun aaaalsi aaaadmi yaaaar,1,hi-roman
sun aaaalsi aaaadmi yaaaar hai,1,hi-roman
sun aaaalsi aaaadmi yaaaar ho,1,hi-roman
sun aaaalsi aaaadmi yaaaar hain,1,hi-roman
sun aaaalsi aaaadmi yaaaar aadmi,1,hi-roman
sun aaaalsi aaaadmi yaaaar insaan,1,hi-roman
sun aaaalsi aaaadmi yaaaar yaar,1,hi-roman
sun aaaalsi aaaadmi yaaaar bro,1,hi-roman
sun aaaalsi aaaadmi yaaaar bhai,1,hi-roman
sun aaaalsi aaaadmi yaaaar saale,1,hi-roman
dekh aaaalsi aaaadmi yaaaar,1,hi-roman
dekh aaaalsi aaaadmi yaaaar hai,1,hi-roman
dekh aaaalsi aaaadmi yaaaar ho,1,hi-roman
dekh aaaalsi aaaadmi yaaaar hain,1,hi-roman
dekh aaaalsi aaaadmi yaaaar aadmi,1,hi-roman
dekh aaaalsi aaaadmi yaaaar insaan,1,hi-roman
dekh aaaalsi aaaadmi yaaaar yaar,1,hi-roman
dekh aaaalsi aaaadmi yaaaar bro,1,hi-roman
dekh aaaalsi aaaadmi yaaaar bhai,1,hi-roman
dekh aaaalsi aaaadmi yaaaar saale,1,hi-roman
bhai aaaalsi aaaadmi yaaaar,1,hi-roman
bhai aaaalsi aaaadmi yaaaar hai,1,hi-roman
bhai aaaalsi aaaadmi yaaaar ho,1,hi-roman
bhai aaaalsi aaaadmi yaaaar hain,1,hi-roman
bhai aaaalsi aaaadmi yaaaar aadmi,1,hi-roman
bhai aaaalsi aaaadmi yaaaar insaan,1,hi-roman
bhai aaaalsi aaaadmi yaaaar yaar,1,hi-roman
bhai aaaalsi aaaadmi yaaaar bro,1,hi-roman
bhai aaaalsi aaaadmi yaaaar bhai,1,hi-roman
bhai aaaalsi aaaadmi yaaaar saale,1,hi-roman
saale aaaalsi aaaadmi yaaaar,1,hi-roman
saale aaaalsi aaaadmi yaaaar hai,1,hi-roman
saale aaaalsi aaaadmi yaaaar ho,1,hi-roman
saale aaaalsi aaaadmi yaaaar hain,1,hi-roman
saale aaaalsi aaaadmi yaaaar aadmi,1,hi-roman
saale aaaalsi aaaadmi yaaaar insaan,1,hi-roman
saale aaaalsi aaaadmi yaaaar yaar,1,hi-roman
saale aaaalsi aaaadmi yaaaar bro,1,hi-roman
saale aaaalsi aaaadmi yaaaar bhai,1,hi-roman
saale aaaalsi aaaadmi yaaaar saale,1,hi-roman
aalsi aadmi yaar hai,1,hi-roman
aalsi aadmi yaar ho,1,hi-roman
aalsi aadmi yaar hain,1,hi-roman
aalsi aadmi yaar aadmi,1,hi-roman
aalsi aadmi yaar insaan,1,hi-roman
aalsi aadmi yaar yaar,1,hi-roman
aalsi aadmi yaar bro,1,hi-roman
aalsi aadmi yaar bhai,1,hi-roman
aalsi aadmi yaar saale,1,hi-roman
tu aalsi aadmi yaar hai,1,hi-roman
tu aalsi aadmi yaar ho,1,hi-roman
tu aalsi aadmi yaar hain,1,hi-roman
tu aalsi aadmi yaar aadmi,1,hi-roman
tu aalsi aadmi yaar insaan,1,hi-roman
tu aalsi aadmi yaar yaar,1,hi-roman
tu aalsi aadmi yaar bro,1,hi-roman
tu aalsi aadmi yaar bhai,1,hi-roman
tu aalsi aadmi yaar saale,1,hi-roman
tum aalsi aadmi yaar hai,1,hi-roman
tum aalsi aadmi yaar ho,1,hi-roman
tum aalsi aadmi yaar hain,1,hi-roman
tum aalsi aadmi yaar aadmi,1,hi-roman
tum aalsi aadmi yaar insaan,1,hi-roman
tum aalsi aadmi yaar yaar,1,hi-roman
tum aalsi aadmi yaar bro,1,hi-roman
tum aalsi aadmi yaar bhai,1,hi-roman
tum aalsi aadmi yaar saale,1,hi-roman
abe aalsi aadmi yaar hai,1,hi-roman
abe aalsi aadmi yaar ho,1,hi-roman
abe aalsi aadmi yaar hain,1,hi-roman
abe aalsi aadmi yaar aadmi,1,hi-roman
abe aalsi aadmi yaar insaan,1,hi-roman
abe aalsi aadmi yaar yaar,1,hi-roman
abe aalsi aadmi yaar bro,1,hi-roman
abe aalsi aadmi yaar bhai,1,hi-roman
abe aalsi aadmi yaar saale,1,hi-roman
oye aalsi aadmi yaar hai,1,hi-roman
oye aalsi aadmi yaar ho,1,hi-roman
oye aalsi aadmi yaar hain,1,hi-roman
oye aalsi aadmi yaar aadmi,1,hi-roman
oye aalsi aadmi yaar insaan,1,hi-roman
oye aalsi aadmi yaar yaar,1,hi-roman
oye aalsi aadmi yaar bro,1,hi-roman
oye aalsi aadmi yaar bhai,1,hi-roman
oye aalsi aadmi yaar saale,1,hi-roman
are aalsi aadmi yaar hai,1,hi-roman
are aalsi aadmi yaar ho,1,hi-roman
are aalsi aadmi yaar hain,1,hi-roman
are aalsi aadmi yaar aadmi,1,hi-roman
are aalsi aadmi yaar insaan,1,hi-roman
are aalsi aadmi yaar yaar,1,hi-roman
are aalsi aadmi yaar bro,1,hi-roman
are aalsi aadmi yaar bhai,1,hi-roman
are aalsi aadmi yaar saale,1,hi-roman
sun aalsi aadmi yaar hai,1,hi-roman
sun aalsi aadmi yaar ho,1,hi-roman
sun aalsi aadmi yaar hain,1,hi-roman
sun aalsi aadmi yaar aadmi,1,hi-roman
sun aalsi aadmi yaar insaan,1,hi-roman
sun aalsi aadmi yaar yaar,1,hi-roman
sun aalsi aadmi yaar bro,1,hi-roman
sun aalsi aadmi yaar bhai,1,hi-roman
sun aalsi aadmi yaar saale,1,hi-roman
dekh aalsi aadmi yaar hai,1,hi-roman
dekh aalsi aadmi yaar ho,1,hi-roman
dekh aalsi aadmi yaar hain,1,hi-roman
dekh aalsi aadmi yaar aadmi,1,hi-roman
dekh aalsi aadmi yaar insaan,1,hi-roman
dekh aalsi aadmi yaar yaar,1,hi-roman
dekh aalsi aadmi yaar bro,1,hi-roman
dekh aalsi aadmi yaar bhai,1,hi-roman
dekh aalsi aadmi yaar saale,1,hi-roman
bhai aalsi aadmi yaar hai,1,hi-roman
bhai aalsi aadmi yaar ho,1,hi-roman
bhai aalsi aadmi yaar hain,1,hi-roman
bhai aalsi aadmi yaar aadmi,1,hi-roman
bhai aalsi aadmi yaar insaan,1,hi-roman
bhai aalsi aadmi yaar yaar,1,hi-roman
bhai aalsi aadmi yaar bro,1,hi-roman
bhai aalsi aadmi yaar bhai,1,hi-roman
bhai aalsi aadmi yaar saale,1,hi-roman
saale aalsi aadmi yaar hai,1,hi-roman
saale aalsi aadmi yaar ho,1,hi-roman
saale aalsi aadmi yaar hain,1,hi-roman
saale aalsi aadmi yaar aadmi,1,hi-roman
saale aalsi aadmi yaar insaan,1,hi-roman
saale aalsi aadmi yaar yaar,1,hi-roman
saale aalsi aadmi yaar bro,1,hi-roman
saale aalsi aadmi yaar bhai,1,hi-roman
saale aalsi aadmi yaar saale,1,hi-roman
aalsi hai hai,1,hi-roman
aalsi hai ho,1,hi-roman
aalsi hai hain,1,hi-roman
aalsi hai aadmi,1,hi-roman
aalsi hai insaan,1,hi-roman
aalsi hai yaar,1,hi-roman
aalsi hai bro,1,hi-roman
aalsi hai bhai,1,hi-roman
aalsi hai saale,1,hi-roman
tu aalsi hai hai,1,hi-roman
tu aalsi hai ho,1,hi-roman
tu aalsi hai hain,1,hi-roman
tu aalsi hai aadmi,1,hi-roman
tu aalsi hai insaan,1,hi-roman
tu aalsi hai yaar,1,hi-roman
tu aalsi hai bro,1,hi-roman
tu aalsi hai bhai,1,hi-roman
tu aalsi hai saale,1,hi-roman
tum aalsi hai hai,1,hi-roman
tum aalsi hai ho,1,hi-roman
tum aalsi hai hain,1,hi-roman
tum aalsi hai aadmi,1,hi-roman
tum aalsi hai insaan,1,hi-roman
tum aalsi hai yaar,1,hi-roman
tum aalsi hai bro,1,hi-roman
tum aalsi hai bhai,1,hi-roman
tum aalsi hai saale,1,hi-roman
abe aalsi hai hai,1,hi-roman
abe aalsi hai ho,1,hi-roman
abe aalsi hai hain,1,hi-roman
abe aalsi hai aadmi,1,hi-roman
abe aalsi hai insaan,1,hi-roman
abe aalsi hai yaar,1,hi-roman
abe aalsi hai bro,1,hi-roman
abe aalsi hai bhai,1,hi-roman
abe aalsi hai saale,1,hi-roman
oye aalsi hai hai,1,hi-roman
oye aalsi hai ho,1,hi-roman
oye aalsi hai hain,1,hi-roman
oye aalsi hai aadmi,1,hi-roman
oye aalsi hai insaan,1,hi-roman
oye aalsi hai yaar,1,hi-roman
oye aalsi hai bro,1,hi-roman
oye aalsi hai bhai,1,hi-roman
oye aalsi hai saale,1,hi-roman
are aalsi hai hai,1,hi-roman
are aalsi hai ho,1,hi-roman
are aalsi hai hain,1,hi-roman
are aalsi hai aadmi,1,hi-roman
are aalsi hai insaan,1,hi-roman
are aalsi hai yaar,1,hi-roman
are aalsi hai bro,1,hi-roman
are aalsi hai bhai,1,hi-roman
are aalsi hai saale,1,hi-roman
sun aalsi hai hai,1,hi-roman
sun aalsi hai ho,1,hi-roman
sun aalsi hai hain,1,hi-roman
sun aalsi hai aadmi,1,hi-roman
sun aalsi hai insaan,1,hi-roman
sun aalsi hai yaar,1,hi-roman
sun aalsi hai bro,1,hi-roman
sun aalsi hai bhai,1,hi-roman
sun aalsi hai saale,1,hi-roman
dekh aalsi hai hai,1,hi-roman
dekh aalsi hai ho,1,hi-roman
dekh aalsi hai hain,1,hi-roman
dekh aalsi hai aadmi,1,hi-roman
dekh aalsi hai insaan,1,hi-roman
dekh aalsi hai yaar,1,hi-roman
dekh aalsi hai bro,1,hi-roman
dekh aalsi hai bhai,1,hi-roman
dekh aalsi hai saale,1,hi-roman
bhai aalsi hai hai,1,hi-roman
bhai aalsi hai ho,1,hi-roman
bhai aalsi hai hain,1,hi-roman
bhai aalsi hai aadmi,1,hi-roman
bhai aalsi hai insaan,1,hi-roman
bhai aalsi hai yaar,1,hi-roman
bhai aalsi hai bro,1,hi-roman
bhai aalsi hai bhai,1,hi-roman
bhai aalsi hai saale,1,hi-roman
saale aalsi hai hai,1,hi-roman
saale aalsi hai ho,1,hi-roman
saale aalsi hai hain,1,hi-roman
saale aalsi hai aadmi,1,hi-roman
saale aalsi hai insaan,1,hi-roman
saale aalsi hai yaar,1,hi-roman
saale aalsi hai bro,1,hi-roman
saale aalsi hai bhai,1,hi-roman
saale aalsi hai saale,1,hi-roman
aalsee haee,1,hi-roman
aalsee haee hai,1,hi-roman
aalsee haee ho,1,hi-roman
aalsee haee hain,1,hi-roman
aalsee haee aadmi,1,hi-roman
aalsee haee insaan,1,hi-roman
aalsee haee yaar,1,hi-roman
aalsee haee bro,1,hi-roman
aalsee haee bhai,1,hi-roman
aalsee haee saale,1,hi-roman
tu aalsee haee,1,hi-roman
tu aalsee haee hai,1,hi-roman
tu aalsee haee ho,1,hi-roman
tu aalsee haee hain,1,hi-roman
tu aalsee haee aadmi,1,hi-roman
tu aalsee haee insaan,1,hi-roman
tu aalsee haee yaar,1,hi-roman
tu aalsee haee bro,1,hi-roman
tu aalsee haee bhai,1,hi-roman
tu aalsee haee saale,1,hi-roman
tum aalsee haee,1,hi-roman
tum aalsee haee hai,1,hi-roman
tum aalsee haee ho,1,hi-roman
tum aalsee haee hain,1,hi-roman
tum aalsee haee aadmi,1,hi-roman
tum aalsee haee insaan,1,hi-roman
tum aalsee haee yaar,1,hi-roman
tum aalsee haee bro,1,hi-roman
tum aalsee haee bhai,1,hi-roman
tum aalsee haee saale,1,hi-roman
abe aalsee haee,1,hi-roman
abe aalsee haee hai,1,hi-roman
abe aalsee haee ho,1,hi-roman
abe aalsee haee hain,1,hi-roman
abe aalsee haee aadmi,1,hi-roman
abe aalsee haee insaan,1,hi-roman
abe aalsee haee yaar,1,hi-roman
abe aalsee haee bro,1,hi-roman
abe aalsee haee bhai,1,hi-roman
abe aalsee haee saale,1,hi-roman
oye aalsee haee,1,hi-roman
oye aalsee haee hai,1,hi-roman
oye aalsee haee ho,1,hi-roman
oye aalsee haee hain,1,hi-roman
oye aalsee haee aadmi,1,hi-roman
oye aalsee haee insaan,1,hi-roman
oye aalsee haee yaar,1,hi-roman
oye aalsee haee bro,1,hi-roman
oye aalsee haee bhai,1,hi-roman
oye aalsee haee saale,1,hi-roman
are aalsee haee,1,hi-roman
are aalsee haee hai,1,hi-roman
are aalsee haee ho,1,hi-roman
are aalsee haee hain,1,hi-roman
are aalsee haee aadmi,1,hi-roman
are aalsee haee insaan,1,hi-roman
are aalsee haee yaar,1,hi-roman
are aalsee haee bro,1,hi-roman
are aalsee haee bhai,1,hi-roman
are aalsee haee saale,1,hi-roman
sun aalsee haee,1,hi-roman
sun aalsee haee hai,1,hi-roman
sun aalsee haee ho,1,hi-roman
sun aalsee haee hain,1,hi-roman
sun aalsee haee aadmi,1,hi-roman
sun aalsee haee insaan,1,hi-roman
sun aalsee haee yaar,1,hi-roman
sun aalsee haee bro,1,hi-roman
sun aalsee haee bhai,1,hi-roman
sun aalsee haee saale,1,hi-roman
dekh aalsee haee,1,hi-roman
dekh aalsee haee hai,1,hi-roman
dekh aalsee haee ho,1,hi-roman
dekh aalsee haee hain,1,hi-roman
dekh aalsee haee aadmi,1,hi-roman
dekh aalsee haee insaan,1,hi-roman
dekh aalsee haee yaar,1,hi-roman
dekh aalsee haee bro,1,hi-roman
dekh aalsee haee bhai,1,hi-roman
dekh aalsee haee saale,1,hi-roman
bhai aalsee haee,1,hi-roman
bhai aalsee haee hai,1,hi-roman
bhai aalsee haee ho,1,hi-roman
bhai aalsee haee hain,1,hi-roman
bhai aalsee haee aadmi,1,hi-roman
bhai aalsee haee insaan,1,hi-roman
bhai aalsee haee yaar,1,hi-roman
bhai aalsee haee bro,1,hi-roman
bhai aalsee haee bhai,1,hi-roman
bhai aalsee haee saale,1,hi-roman
saale aalsee haee,1,hi-roman
saale aalsee haee hai,1,hi-roman
saale aalsee haee ho,1,hi-roman
saale aalsee haee hain,1,hi-roman
saale aalsee haee aadmi,1,hi-roman
saale aalsee haee insaan,1,hi-roman
saale aalsee haee yaar,1,hi-roman
saale aalsee haee bro,1,hi-roman
saale aalsee haee bhai,1,hi-roman
saale aalsee haee saale,1,hi-roman
alsi hai hai,1,hi-roman
alsi hai ho,1,hi-roman
alsi hai hain,1,hi-roman
alsi hai aadmi,1,hi-roman
alsi hai insaan,1,hi-roman
alsi hai yaar,1,hi-roman
alsi hai bro,1,hi-roman
alsi hai bhai,1,hi-roman
alsi hai saale,1,hi-roman
tu alsi hai hai,1,hi-roman
tu alsi hai ho,1,hi-roman
tu alsi hai hain,1,hi-roman
tu alsi hai aadmi,1,hi-roman
tu alsi hai insaan,1,hi-roman
tu alsi hai yaar,1,hi-roman
tu alsi hai bro,1,hi-roman
tu alsi hai bhai,1,hi-roman
tu alsi hai saale,1,hi-roman
tum alsi hai hai,1,hi-roman
tum alsi hai ho,1,hi-roman
tum alsi hai hain,1,hi-roman
tum alsi hai aadmi,1,hi-roman
tum alsi hai insaan,1,hi-roman
tum alsi hai yaar,1,hi-roman
tum alsi hai bro,1,hi-roman
tum alsi hai bhai,1,hi-roman
tum alsi hai saale,1,hi-roman
abe alsi hai hai,1,hi-roman
abe alsi hai ho,1,hi-roman
abe alsi hai hain,1,hi-roman
abe alsi hai aadmi,1,hi-roman
abe alsi hai insaan,1,hi-roman
abe alsi hai yaar,1,hi-roman
abe alsi hai bro,1,hi-roman
abe alsi hai bhai,1,hi-roman
abe alsi hai saale,1,hi-roman
oye alsi hai hai,1,hi-roman
oye alsi hai ho,1,hi-roman
oye alsi hai hain,1,hi-roman
oye alsi hai aadmi,1,hi-roman
oye alsi hai insaan,1,hi-roman
oye alsi hai yaar,1,hi-roman
oye alsi hai bro,1,hi-roman
oye alsi hai bhai,1,hi-roman
oye alsi hai saale,1,hi-roman
are alsi hai hai,1,hi-roman
are alsi hai ho,1,hi-roman
are alsi hai hain,1,hi-roman
are alsi hai aadmi,1,hi-roman
are alsi hai insaan,1,hi-roman
are alsi hai yaar,1,hi-roman
are alsi hai bro,1,hi-roman
are alsi hai bhai,1,hi-roman
are alsi hai saale,1,hi-roman
sun alsi hai hai,1,hi-roman
sun alsi hai ho,1,hi-roman
sun alsi hai hain,1,hi-roman
sun alsi hai aadmi,1,hi-roman
sun alsi hai insaan,1,hi-roman
sun alsi hai yaar,1,hi-roman
sun alsi hai bro,1,hi-roman
sun alsi hai bhai,1,hi-roman
sun alsi hai saale,1,hi-roman
dekh alsi hai hai,1,hi-roman
dekh alsi hai ho,1,hi-roman
dekh alsi hai hain,1,hi-roman
dekh alsi hai aadmi,1,hi-roman
dekh alsi hai insaan,1,hi-roman
dekh alsi hai yaar,1,hi-roman
dekh alsi hai bro,1,hi-roman
dekh alsi hai bhai,1,hi-roman
dekh alsi hai saale,1,hi-roman
bhai alsi hai hai,1,hi-roman
bhai alsi hai ho,1,hi-roman
bhai alsi hai hain,1,hi-roman
bhai alsi hai aadmi,1,hi-roman
bhai alsi hai insaan,1,hi-roman
bhai alsi hai yaar,1,hi-roman
bhai alsi hai bro,1,hi-roman
bhai alsi hai bhai,1,hi-roman
bhai alsi hai saale,1,hi-roman
saale alsi hai hai,1,hi-roman
saale alsi hai ho,1,hi-roman
saale alsi hai hain,1,hi-roman
saale alsi hai aadmi,1,hi-roman
saale alsi hai insaan,1,hi-roman
saale alsi hai yaar,1,hi-roman
saale alsi hai bro,1,hi-roman
saale alsi hai bhai,1,hi-roman
saale alsi hai saale,1,hi-roman
aaaalsi haai,1,hi-roman
aaaalsi haai hai,1,hi-roman
aaaalsi haai ho,1,hi-roman
aaaalsi haai hain,1,hi-roman
aaaalsi haai aadmi,1,hi-roman
aaaalsi haai insaan,1,hi-roman
aaaalsi haai yaar,1,hi-roman
aaaalsi haai bro,1,hi-roman
aaaalsi haai bhai,1,hi-roman
aaaalsi haai saale,1,hi-roman
tu aaaalsi haai,1,hi-roman
tu aaaalsi haai hai,1,hi-roman
tu aaaalsi haai ho,1,hi-roman
tu aaaalsi haai hain,1,hi-roman
tu aaaalsi haai aadmi,1,hi-roman
tu aaaalsi haai insaan,1,hi-roman
tu aaaalsi haai yaar,1,hi-roman
tu aaaalsi haai bro,1,hi-roman
tu aaaalsi haai bhai,1,hi-roman
tu aaaalsi haai saale,1,hi-roman
tum aaaalsi haai,1,hi-roman
tum aaaalsi haai hai,1,hi-roman
tum aaaalsi haai ho,1,hi-roman
tum aaaalsi haai hain,1,hi-roman
tum aaaalsi haai aadmi,1,hi-roman
tum aaaalsi haai insaan,1,hi-roman
tum aaaalsi haai yaar,1,hi-roman
tum aaaalsi haai bro,1,hi-roman
tum aaaalsi haai bhai,1,hi-roman
tum aaaalsi haai saale,1,hi-roman
abe aaaalsi haai,1,hi-roman
abe aaaalsi haai hai,1,hi-roman
abe aaaalsi haai ho,1,hi-roman
abe aaaalsi haai hain,1,hi-roman
abe aaaalsi haai aadmi,1,hi-roman
abe aaaalsi haai insaan,1,hi-roman
abe aaaalsi haai yaar,1,hi-roman
abe aaaalsi haai bro,1,hi-roman
abe aaaalsi haai bhai,1,hi-roman
abe aaaalsi haai saale,1,hi-roman
oye aaaalsi haai,1,hi-roman
oye aaaalsi haai hai,1,hi-roman
oye aaaalsi haai ho,1,hi-roman
oye aaaalsi haai hain,1,hi-roman
oye aaaalsi haai aadmi,1,hi-roman
oye aaaalsi haai insaan,1,hi-roman
oye aaaalsi haai yaar,1,hi-roman
oye aaaalsi haai bro,1,hi-roman
oye aaaalsi haai bhai,1,hi-roman
oye aaaalsi haai saale,1,hi-roman
are aaaalsi haai,1,hi-roman
are aaaalsi haai hai,1,hi-roman
are aaaalsi haai ho,1,hi-roman
are aaaalsi haai hain,1,hi-roman
are aaaalsi haai aadmi,1,hi-roman
are aaaalsi haai insaan,1,hi-roman
are aaaalsi haai yaar,1,hi-roman
are aaaalsi haai bro,1,hi-roman
are aaaalsi haai bhai,1,hi-roman
are aaaalsi haai saale,1,hi-roman
sun aaaalsi haai,1,hi-roman
sun aaaalsi haai hai,1,hi-roman
sun aaaalsi haai ho,1,hi-roman
sun aaaalsi haai hain,1,hi-roman
sun aaaalsi haai aadmi,1,hi-roman
sun aaaalsi haai insaan,1,hi-roman
sun aaaalsi haai yaar,1,hi-roman
sun aaaalsi haai bro,1,hi-roman
sun aaaalsi haai bhai,1,hi-roman
sun aaaalsi haai saale,1,hi-roman
dekh aaaalsi haai,1,hi-roman
dekh aaaalsi haai hai,1,hi-roman
dekh aaaalsi haai ho,1,hi-roman
dekh aaaalsi haai hain,1,hi-roman
dekh aaaalsi haai aadmi,1,hi-roman
dekh aaaalsi haai insaan,1,hi-roman
dekh aaaalsi haai yaar,1,hi-roman
dekh aaaalsi haai bro,1,hi-roman
dekh aaaalsi haai bhai,1,hi-roman
dekh aaaalsi haai saale,1,hi-roman
bhai aaaalsi haai,1,hi-roman
bhai aaaalsi haai hai,1,hi-roman
bhai aaaalsi haai ho,1,hi-roman
bhai aaaalsi haai hain,1,hi-roman
bhai aaaalsi haai aadmi,1,hi-roman
bhai aaaalsi haai insaan,1,hi-roman
bhai aaaalsi haai yaar,1,hi-roman
bhai aaaalsi haai bro,1,hi-roman
bhai aaaalsi haai bhai,1,hi-roman
bhai aaaalsi haai saale,1,hi-roman
saale aaaalsi haai,1,hi-roman
saale aaaalsi haai hai,1,hi-roman
saale aaaalsi haai ho,1,hi-roman
saale aaaalsi haai hain,1,hi-roman
saale aaaalsi haai aadmi,1,hi-roman
saale aaaalsi haai insaan,1,hi-roman
saale aaaalsi haai yaar,1,hi-roman
saale aaaalsi haai bro,1,hi-roman
saale aaaalsi haai bhai,1,hi-roman
saale aaaalsi haai saale,1,hi-roman
aalsee haeen,1,hi-roman
aalsee haeen hai,1,hi-roman
aalsee haeen ho,1,hi-roman
aalsee haeen hain,1,hi-roman
aalsee haeen aadmi,1,hi-roman
aalsee haeen insaan,1,hi-roman
aalsee haeen yaar,1,hi-roman
aalsee haeen bro,1,hi-roman
aalsee haeen bhai,1,hi-roman
aalsee haeen saale,1,hi-roman
tu aalsee haeen,1,hi-roman
tu aalsee haeen hai,1,hi-roman
tu aalsee haeen ho,1,hi-roman
tu aalsee haeen hain,1,hi-roman
tu aalsee haeen aadmi,1,hi-roman
tu aalsee haeen insaan,1,hi-roman
tu aalsee haeen yaar,1,hi-roman
tu aalsee haeen bro,1,hi-roman
tu aalsee haeen bhai,1,hi-roman
tu aalsee haeen saale,1,hi-roman
tum aalsee haeen,1,hi-roman
tum aalsee haeen hai,1,hi-roman
tum aalsee haeen ho,1,hi-roman
tum aalsee haeen hain,1,hi-roman
tum aalsee haeen aadmi,1,hi-roman
tum aalsee haeen insaan,1,hi-roman
tum aalsee haeen yaar,1,hi-roman
tum aalsee haeen bro,1,hi-roman
tum aalsee haeen bhai,1,hi-roman
tum aalsee haeen saale,1,hi-roman
abe aalsee haeen,1,hi-roman
abe aalsee haeen hai,1,hi-roman
abe aalsee haeen ho,1,hi-roman
abe aalsee haeen hain,1,hi-roman
abe aalsee haeen aadmi,1,hi-roman
abe aalsee haeen insaan,1,hi-roman
abe aalsee haeen yaar,1,hi-roman
abe aalsee haeen bro,1,hi-roman
abe aalsee haeen bhai,1,hi-roman
abe aalsee haeen saale,1,hi-roman
oye aalsee haeen,1,hi-roman
oye aalsee haeen hai,1,hi-roman
oye aalsee haeen ho,1,hi-roman
oye aalsee haeen hain,1,hi-roman
oye aalsee haeen aadmi,1,hi-roman
oye aalsee haeen insaan,1,hi-roman
oye aalsee haeen yaar,1,hi-roman
oye aalsee haeen bro,1,hi-roman
oye aalsee haeen bhai,1,hi-roman
oye aalsee haeen saale,1,hi-roman
are aalsee haeen,1,hi-roman
are aalsee haeen hai,1,hi-roman
are aalsee haeen ho,1,hi-roman
are aalsee haeen hain,1,hi-roman
are aalsee haeen aadmi,1,hi-roman
are aalsee haeen insaan,1,hi-roman
are aalsee haeen yaar,1,hi-roman
are aalsee haeen bro,1,hi-roman
are aalsee haeen bhai,1,hi-roman
are aalsee haeen saale,1,hi-roman
sun aalsee haeen,1,hi-roman
sun aalsee haeen hai,1,hi-roman
sun aalsee haeen ho,1,hi-roman
sun aalsee haeen hain,1,hi-roman
sun aalsee haeen aadmi,1,hi-roman
sun aalsee haeen insaan,1,hi-roman
sun aalsee haeen yaar,1,hi-roman
sun aalsee haeen bro,1,hi-roman
sun aalsee haeen bhai,1,hi-roman
sun aalsee haeen saale,1,hi-roman
dekh aalsee haeen,1,hi-roman
dekh aalsee haeen hai,1,hi-roman
dekh aalsee haeen ho,1,hi-roman
dekh aalsee haeen hain,1,hi-roman
dekh aalsee haeen aadmi,1,hi-roman
dekh aalsee haeen insaan,1,hi-roman
dekh aalsee haeen yaar,1,hi-roman
dekh aalsee haeen bro,1,hi-roman
dekh aalsee haeen bhai,1,hi-roman
dekh aalsee haeen saale,1,hi-roman
bhai aalsee haeen,1,hi-roman
bhai aalsee haeen hai,1,hi-roman
bhai aalsee haeen ho,1,hi-roman
bhai aalsee haeen hain,1,hi-roman
bhai aalsee haeen aadmi,1,hi-roman
bhai aalsee haeen insaan,1,hi-roman
bhai aalsee haeen yaar,1,hi-roman
bhai aalsee haeen bro,1,hi-roman
bhai aalsee haeen bhai,1,hi-roman
bhai aalsee haeen saale,1,hi-roman
saale aalsee haeen,1,hi-roman
saale aalsee haeen hai,1,hi-roman
saale aalsee haeen ho,1,hi-roman
saale aalsee haeen hain,1,hi-roman
saale aalsee haeen aadmi,1,hi-roman
saale aalsee haeen insaan,1,hi-roman
saale aalsee haeen yaar,1,hi-roman
saale aalsee haeen bro,1,hi-roman
saale aalsee haeen bhai,1,hi-roman
saale aalsee haeen saale,1,hi-roman
alsi hain hai,1,hi-roman
alsi hain ho,1,hi-roman
alsi hain hain,1,hi-roman
alsi hain aadmi,1,hi-roman
alsi hain insaan,1,hi-roman
alsi hain yaar,1,hi-roman
alsi hain bro,1,hi-roman
alsi hain bhai,1,hi-roman
alsi hain saale,1,hi-roman
tu alsi hain hai,1,hi-roman
tu alsi hain ho,1,hi-roman
tu alsi hain hain,1,hi-roman
tu alsi hain aadmi,1,hi-roman
tu alsi hain insaan,1,hi-roman
tu alsi hain yaar,1,hi-roman
tu alsi hain bro,1,hi-roman
tu alsi hain bhai,1,hi-roman
tu alsi hain saale,1,hi-roman
tum alsi hain hai,1,hi-roman
tum alsi hain ho,1,hi-roman
tum alsi hain hain,1,hi-roman
tum alsi hain aadmi,1,hi-roman
tum alsi hain insaan,1,hi-roman
tum alsi hain yaar,1,hi-roman
tum alsi hain bro,1,hi-roman
tum alsi hain bhai,1,hi-roman
tum alsi hain saale,1,hi-roman
abe alsi hain hai,1,hi-roman
abe alsi hain ho,1,hi-roman
abe alsi hain hain,1,hi-roman
abe alsi hain aadmi,1,hi-roman
abe alsi hain insaan,1,hi-roman
abe alsi hain yaar,1,hi-roman
abe alsi hain bro,1,hi-roman
abe alsi hain bhai,1,hi-roman
abe alsi hain saale,1,hi-roman
oye alsi hain hai,1,hi-roman
oye alsi hain ho,1,hi-roman
oye alsi hain hain,1,hi-roman
oye alsi hain aadmi,1,hi-roman
oye alsi hain insaan,1,hi-roman
oye alsi hain yaar,1,hi-roman
oye alsi hain bro,1,hi-roman
oye alsi hain bhai,1,hi-roman
oye alsi hain saale,1,hi-roman
are alsi hain hai,1,hi-roman
are alsi hain ho,1,hi-roman
are alsi hain hain,1,hi-roman
are alsi hain aadmi,1,hi-roman
are alsi hain insaan,1,hi-roman
are alsi hain yaar,1,hi-roman
are alsi hain bro,1,hi-roman
are alsi hain bhai,1,hi-roman
are alsi hain saale,1,hi-roman
sun alsi hain hai,1,hi-roman
sun alsi hain ho,1,hi-roman
sun alsi hain hain,1,hi-roman
sun alsi hain aadmi,1,hi-roman
sun alsi hain insaan,1,hi-roman
sun alsi hain yaar,1,hi-roman
sun alsi hain bro,1,hi-roman
sun alsi hain bhai,1,hi-roman
sun alsi hain saale,1,hi-roman
dekh alsi hain hai,1,hi-roman
dekh alsi hain ho,1,hi-roman
dekh alsi hain hain,1,hi-roman
dekh alsi hain aadmi,1,hi-roman
dekh alsi hain insaan,1,hi-roman
dekh alsi hain yaar,1,hi-roman
dekh alsi hain bro,1,hi-roman
dekh alsi hain bhai,1,hi-roman
dekh alsi hain saale,1,hi-roman
bhai alsi hain hai,1,hi-roman
bhai alsi hain ho,1,hi-roman
bhai alsi hain hain,1,hi-roman
bhai alsi hain aadmi,1,hi-roman
bhai alsi hain insaan,1,hi-roman
bhai alsi hain yaar,1,hi-roman
bhai alsi hain bro,1,hi-roman
bhai alsi hain bhai,1,hi-roman
bhai alsi hain saale,1,hi-roman
saale alsi hain hai,1,hi-roman
saale alsi hain ho,1,hi-roman
saale alsi hain hain,1,hi-roman
saale alsi hain aadmi,1,hi-roman
saale alsi hain insaan,1,hi-roman
saale alsi hain yaar,1,hi-roman
saale alsi hain bro,1,hi-roman
saale alsi hain bhai,1,hi-roman
saale alsi hain saale,1,hi-roman
aaaalsi haain,1,hi-roman
aaaalsi haain hai,1,hi-roman
aaaalsi haain ho,1,hi-roman
aaaalsi haain hain,1,hi-roman
aaaalsi haain aadmi,1,hi-roman
aaaalsi haain insaan,1,hi-roman
aaaalsi haain yaar,1,hi-roman
aaaalsi haain bro,1,hi-roman
aaaalsi haain bhai,1,hi-roman
aaaalsi haain saale,1,hi-roman
tu aaaalsi haain,1,hi-roman
tu aaaalsi haain hai,1,hi-roman
tu aaaalsi haain ho,1,hi-roman
tu aaaalsi haain hain,1,hi-roman
tu aaaalsi haain aadmi,1,hi-roman
tu aaaalsi haain insaan,1,hi-roman
tu aaaalsi haain yaar,1,hi-roman
tu aaaalsi haain bro,1,hi-roman
tu aaaalsi haain bhai,1,hi-roman
tu aaaalsi haain saale,1,hi-roman
tum aaaalsi haain,1,hi-roman
tum aaaalsi haain hai,1,hi-roman
tum aaaalsi haain ho,1,hi-roman
tum aaaalsi haain hain,1,hi-roman
tum aaaalsi haain aadmi,1,hi-roman
tum aaaalsi haain insaan,1,hi-roman
tum aaaalsi haain yaar,1,hi-roman
tum aaaalsi haain bro,1,hi-roman
tum aaaalsi haain bhai,1,hi-roman
tum aaaalsi haain saale,1,hi-roman
abe aaaalsi haain,1,hi-roman
abe aaaalsi haain hai,1,hi-roman
abe aaaalsi haain ho,1,hi-roman
abe aaaalsi haain hain,1,hi-roman
abe aaaalsi haain aadmi,1,hi-roman
abe aaaalsi haain insaan,1,hi-roman
abe aaaalsi haain yaar,1,hi-roman
abe aaaalsi haain bro,1,hi-roman
abe aaaalsi haain bhai,1,hi-roman
abe aaaalsi haain saale,1,hi-roman
oye aaaalsi haain,1,hi-roman
oye aaaalsi haain hai,1,hi-roman
oye aaaalsi haain ho,1,hi-roman
oye aaaalsi haain hain,1,hi-roman
oye aaaalsi haain aadmi,1,hi-roman
oye aaaalsi haain insaan,1,hi-roman
oye aaaalsi haain yaar,1,hi-roman
oye aaaalsi haain bro,1,hi-roman
oye aaaalsi haain bhai,1,hi-roman
oye aaaalsi haain saale,1,hi-roman
are aaaalsi haain,1,hi-roman
are aaaalsi haain hai,1,hi-roman
are aaaalsi haain ho,1,hi-roman
are aaaalsi haain hain,1,hi-roman
are aaaalsi haain aadmi,1,hi-roman
are aaaalsi haain insaan,1,hi-roman
are aaaalsi haain yaar,1,hi-roman
are aaaalsi haain bro,1,hi-roman
are aaaalsi haain bhai,1,hi-roman
are aaaalsi haain saale,1,hi-roman
sun aaaalsi haain,1,hi-roman
sun aaaalsi haain hai,1,hi-roman
sun aaaalsi haain ho,1,hi-roman
sun aaaalsi haain hain,1,hi-roman
sun aaaalsi haain aadmi,1,hi-roman
sun aaaalsi haain insaan,1,hi-roman
sun aaaalsi haain yaar,1,hi-roman
sun aaaalsi haain bro,1,hi-roman
sun aaaalsi haain bhai,1,hi-roman
sun aaaalsi haain saale,1,hi-roman
dekh aaaalsi haain,1,hi-roman
dekh aaaalsi haain hai,1,hi-roman
dekh aaaalsi haain ho,1,hi-roman
dekh aaaalsi haain hain,1,hi-roman
dekh aaaalsi haain aadmi,1,hi-roman
dekh aaaalsi haain insaan,1,hi-roman
dekh aaaalsi haain yaar,1,hi-roman
dekh aaaalsi haain bro,1,hi-roman
dekh aaaalsi haain bhai,1,hi-roman
dekh aaaalsi haain saale,1,hi-roman
bhai aaaalsi haain,1,hi-roman
bhai aaaalsi haain hai,1,hi-roman
bhai aaaalsi haain ho,1,hi-roman
bhai aaaalsi haain hain,1,hi-roman
bhai aaaalsi haain aadmi,1,hi-roman
bhai aaaalsi haain insaan,1,hi-roman
bhai aaaalsi haain yaar,1,hi-roman
bhai aaaalsi haain bro,1,hi-roman
bhai aaaalsi haain bhai,1,hi-roman
bhai aaaalsi haain saale,1,hi-roman
saale aaaalsi haain,1,hi-roman
saale aaaalsi haain hai,1,hi-roman
saale aaaalsi haain ho,1,hi-roman
saale aaaalsi haain hain,1,hi-roman
saale aaaalsi haain aadmi,1,hi-roman
saale aaaalsi haain insaan,1,hi-roman
saale aaaalsi haain yaar,1,hi-roman
saale aaaalsi haain bro,1,hi-roman
saale aaaalsi haain bhai,1,hi-roman
saale aaaalsi haain saale,1,hi-roman
aalsi hain hai,1,hi-roman
aalsi hain ho,1,hi-roman
aalsi hain hain,1,hi-roman
aalsi hain aadmi,1,hi-roman
aalsi hain insaan,1,hi-roman
aalsi hain yaar,1,hi-roman
aalsi hain bro,1,hi-roman
aalsi hain bhai,1,hi-roman
aalsi hain saale,1,hi-roman
tu aalsi hain hai,1,hi-roman
tu aalsi hain ho,1,hi-roman
tu aalsi hain hain,1,hi-roman
tu aalsi hain aadmi,1,hi-roman
tu aalsi hain insaan,1,hi-roman
tu aalsi hain yaar,1,hi-roman
tu aalsi hain bro,1,hi-roman
tu aalsi hain bhai,1,hi-roman
tu aalsi hain saale,1,hi-roman
tum aalsi hain hai,1,hi-roman
tum aalsi hain ho,1,hi-roman
tum aalsi hain hain,1,hi-roman
tum aalsi hain aadmi,1,hi-roman
tum aalsi hain insaan,1,hi-roman
tum aalsi hain yaar,1,hi-roman
tum aalsi hain bro,1,hi-roman
tum aalsi hain bhai,1,hi-roman
tum aalsi hain saale,1,hi-roman
abe aalsi hain hai,1,hi-roman
abe aalsi hain ho,1,hi-roman
abe aalsi hain hain,1,hi-roman
abe aalsi hain aadmi,1,hi-roman
abe aalsi hain insaan,1,hi-roman
abe aalsi hain yaar,1,hi-roman
abe aalsi hain bro,1,hi-roman
abe aalsi hain bhai,1,hi-roman
abe aalsi hain saale,1,hi-roman
oye aalsi hain hai,1,hi-roman
oye aalsi hain ho,1,hi-roman
oye aalsi hain hain,1,hi-roman
oye aalsi hain aadmi,1,hi-roman
oye aalsi hain insaan,1,hi-roman
oye aalsi hain yaar,1,hi-roman
oye aalsi hain bro,1,hi-roman
oye aalsi hain bhai,1,hi-roman
oye aalsi hain saale,1,hi-roman
are aalsi hain hai,1,hi-roman
are aalsi hain ho,1,hi-roman
are aalsi hain hain,1,hi-roman
are aalsi hain aadmi,1,hi-roman
are aalsi hain insaan,1,hi-roman
are aalsi hain yaar,1,hi-roman
are aalsi hain bro,1,hi-roman
are aalsi hain bhai,1,hi-roman
are aalsi hain saale,1,hi-roman
sun aalsi hain hai,1,hi-roman
sun aalsi hain ho,1,hi-roman
sun aalsi hain hain,1,hi-roman
sun aalsi hain aadmi,1,hi-roman
sun aalsi hain insaan,1,hi-roman
sun aalsi hain yaar,1,hi-roman
sun aalsi hain bro,1,hi-roman
sun aalsi hain bhai,1,hi-roman
sun aalsi hain saale,1,hi-roman
dekh aalsi hain hai,1,hi-roman
dekh aalsi hain ho,1,hi-roman
dekh aalsi hain hain,1,hi-roman
dekh aalsi hain aadmi,1,hi-roman
dekh aalsi hain insaan,1,hi-roman
dekh aalsi hain yaar,1,hi-roman
dekh aalsi hain bro,1,hi-roman
dekh aalsi hain bhai,1,hi-roman
dekh aalsi hain saale,1,hi-roman
bhai aalsi hain hai,1,hi-roman
bhai aalsi hain ho,1,hi-roman
bhai aalsi hain hain,1,hi-roman
bhai aalsi hain aadmi,1,hi-roman
bhai aalsi hain insaan,1,hi-roman
bhai aalsi hain yaar,1,hi-roman
bhai aalsi hain bro,1,hi-roman
bhai aalsi hain bhai,1,hi-roman
bhai aalsi hain saale,1,hi-roman
saale aalsi hain hai,1,hi-roman
saale aalsi hain ho,1,hi-roman
saale aalsi hain hain,1,hi-roman
saale aalsi hain aadmi,1,hi-roman
saale aalsi hain insaan,1,hi-roman
saale aalsi hain yaar,1,hi-roman
saale aalsi hain bro,1,hi-roman
saale aalsi hain bhai,1,hi-roman
saale aalsi hain saale,1,hi-roman
alsi ho hai,1,hi-roman
alsi ho ho,1,hi-roman
alsi ho hain,1,hi-roman
alsi ho aadmi,1,hi-roman
alsi ho insaan,1,hi-roman
alsi ho yaar,1,hi-roman
alsi ho bro,1,hi-roman
alsi ho bhai,1,hi-roman
alsi ho saale,1,hi-roman
tu alsi ho hai,1,hi-roman
tu alsi ho ho,1,hi-roman
tu alsi ho hain,1,hi-roman
tu alsi ho aadmi,1,hi-roman
tu alsi ho insaan,1,hi-roman
tu alsi ho yaar,1,hi-roman
tu alsi ho bro,1,hi-roman
tu alsi ho bhai,1,hi-roman
tu alsi ho saale,1,hi-roman
tum alsi ho hai,1,hi-roman
tum alsi ho ho,1,hi-roman
tum alsi ho hain,1,hi-roman
tum alsi ho aadmi,1,hi-roman
tum alsi ho insaan,1,hi-roman
tum alsi ho yaar,1,hi-roman
tum alsi ho bro,1,hi-roman
tum alsi ho bhai,1,hi-roman
tum alsi ho saale,1,hi-roman
abe alsi ho hai,1,hi-roman
abe alsi ho ho,1,hi-roman
abe alsi ho hain,1,hi-roman
abe alsi ho aadmi,1,hi-roman
abe alsi ho insaan,1,hi-roman
abe alsi ho yaar,1,hi-roman
abe alsi ho bro,1,hi-roman
abe alsi ho bhai,1,hi-roman
abe alsi ho saale,1,hi-roman
oye alsi ho hai,1,hi-roman
oye alsi ho ho,1,hi-roman
oye alsi ho hain,1,hi-roman
oye alsi ho aadmi,1,hi-roman
oye alsi ho insaan,1,hi-roman
oye alsi ho yaar,1,hi-roman
oye alsi ho bro,1,hi-roman
oye alsi ho bhai,1,hi-roman
oye alsi ho saale,1,hi-roman
are alsi ho hai,1,hi-roman
are alsi ho ho,1,hi-roman
are alsi ho hain,1,hi-roman
are alsi ho aadmi,1,hi-roman
are alsi ho insaan,1,hi-roman
are alsi ho yaar,1,hi-roman
are alsi ho bro,1,hi-roman
are alsi ho bhai,1,hi-roman
are alsi ho saale,1,hi-roman
sun alsi ho hai,1,hi-roman
sun alsi ho ho,1,hi-roman
sun alsi ho hain,1,hi-roman
sun alsi ho aadmi,1,hi-roman
sun alsi ho insaan,1,hi-roman
sun alsi ho yaar,1,hi-roman
sun alsi ho bro,1,hi-roman
sun alsi ho bhai,1,hi-roman
sun alsi ho saale,1,hi-roman
dekh alsi ho hai,1,hi-roman
dekh alsi ho ho,1,hi-roman
dekh alsi ho hain,1,hi-roman
dekh alsi ho aadmi,1,hi-roman
dekh alsi ho insaan,1,hi-roman
dekh alsi ho yaar,1,hi-roman
dekh alsi ho bro,1,hi-roman
dekh alsi ho bhai,1,hi-roman
dekh alsi ho saale,1,hi-roman
bhai alsi ho hai,1,hi-roman
bhai alsi ho ho,1,hi-roman
bhai alsi ho hain,1,hi-roman
bhai alsi ho aadmi,1,hi-roman
bhai alsi ho insaan,1,hi-roman
bhai alsi ho yaar,1,hi-roman
bhai alsi ho bro,1,hi-roman
bhai alsi ho bhai,1,hi-roman
bhai alsi ho saale,1,hi-roman
saale alsi ho hai,1,hi-roman
saale alsi ho ho,1,hi-roman
saale alsi ho hain,1,hi-roman
saale alsi ho aadmi,1,hi-roman
saale alsi ho insaan,1,hi-roman
saale alsi ho yaar,1,hi-roman
saale alsi ho bro,1,hi-roman
saale alsi ho bhai,1,hi-roman
saale alsi ho saale,1,hi-roman
aalsee ho hai,1,hi-roman
aalsee ho ho,1,hi-roman
aalsee ho hain,1,hi-roman
aalsee ho aadmi,1,hi-roman
aalsee ho insaan,1,hi-roman
aalsee ho yaar,1,hi-roman
aalsee ho bro,1,hi-roman
aalsee ho bhai,1,hi-roman
aalsee ho saale,1,hi-roman
tu aalsee ho hai,1,hi-roman
tu aalsee ho ho,1,hi-roman
tu aalsee ho hain,1,hi-roman
tu aalsee ho aadmi,1,hi-roman
tu aalsee ho insaan,1,hi-roman
tu aalsee ho yaar,1,hi-roman
tu aalsee ho bro,1,hi-roman
tu aalsee ho bhai,1,hi-roman
tu aalsee ho saale,1,hi-roman
tum aalsee ho hai,1,hi-roman
tum aalsee ho ho,1,hi-roman
tum aalsee ho hain,1,hi-roman
tum aalsee ho aadmi,1,hi-roman
tum aalsee ho insaan,1,hi-roman
tum aalsee ho yaar,1,hi-roman
tum aalsee ho bro,1,hi-roman
tum aalsee ho bhai,1,hi-roman
tum aalsee ho saale,1,hi-roman
abe aalsee ho hai,1,hi-roman
abe aalsee ho ho,1,hi-roman
abe aalsee ho hain,1,hi-roman
abe aalsee ho aadmi,1,hi-roman
abe aalsee ho insaan,1,hi-roman
abe aalsee ho yaar,1,hi-roman
abe aalsee ho bro,1,hi-roman
abe aalsee ho bhai,1,hi-roman
abe aalsee ho saale,1,hi-roman
oye aalsee ho hai,1,hi-roman
oye aalsee ho ho,1,hi-roman
oye aalsee ho hain,1,hi-roman
oye aalsee ho aadmi,1,hi-roman
oye aalsee ho insaan,1,hi-roman
oye aalsee ho yaar,1,hi-roman
oye aalsee ho bro,1,hi-roman
oye aalsee ho bhai,1,hi-roman
oye aalsee ho saale,1,hi-roman
are aalsee ho hai,1,hi-roman
are aalsee ho ho,1,hi-roman
are aalsee ho hain,1,hi-roman
are aalsee ho aadmi,1,hi-roman
are aalsee ho insaan,1,hi-roman
are aalsee ho yaar,1,hi-roman
are aalsee ho bro,1,hi-roman
are aalsee ho bhai,1,hi-roman
are aalsee ho saale,1,hi-roman
sun aalsee ho hai,1,hi-roman
sun aalsee ho ho,1,hi-roman
sun aalsee ho hain,1,hi-roman
sun aalsee ho aadmi,1,hi-roman
sun aalsee ho insaan,1,hi-roman
sun aalsee ho yaar,1,hi-roman
sun aalsee ho bro,1,hi-roman
sun aalsee ho bhai,1,hi-roman
sun aalsee ho saale,1,hi-roman
dekh aalsee ho hai,1,hi-roman
dekh aalsee ho ho,1,hi-roman
dekh aalsee ho hain,1,hi-roman
dekh aalsee ho aadmi,1,hi-roman
dekh aalsee ho insaan,1,hi-roman
dekh aalsee ho yaar,1,hi-roman
dekh aalsee ho bro,1,hi-roman
dekh aalsee ho bhai,1,hi-roman
dekh aalsee ho saale,1,hi-roman
bhai aalsee ho hai,1,hi-roman
bhai aalsee ho ho,1,hi-roman
bhai aalsee ho hain,1,hi-roman
bhai aalsee ho aadmi,1,hi-roman
bhai aalsee ho insaan,1,hi-roman
bhai aalsee ho yaar,1,hi-roman
bhai aalsee ho bro,1,hi-roman
bhai aalsee ho bhai,1,hi-roman
bhai aalsee ho saale,1,hi-roman
saale aalsee ho hai,1,hi-roman
saale aalsee ho ho,1,hi-roman
saale aalsee ho hain,1,hi-roman
saale aalsee ho aadmi,1,hi-roman
saale aalsee ho insaan,1,hi-roman
saale aalsee ho yaar,1,hi-roman
saale aalsee ho bro,1,hi-roman
saale aalsee ho bhai,1,hi-roman
saale aalsee ho saale,1,hi-roman
aaaalsi ho hai,1,hi-roman
aaaalsi ho ho,1,hi-roman
aaaalsi ho hain,1,hi-roman
aaaalsi ho aadmi,1,hi-roman
aaaalsi ho insaan,1,hi-roman
aaaalsi ho yaar,1,hi-roman
aaaalsi ho bro,1,hi-roman
aaaalsi ho bhai,1,hi-roman
aaaalsi ho saale,1,hi-roman
tu aaaalsi ho hai,1,hi-roman
tu aaaalsi ho ho,1,hi-roman
tu aaaalsi ho hain,1,hi-roman
tu aaaalsi ho aadmi,1,hi-roman
tu aaaalsi ho insaan,1,hi-roman
tu aaaalsi ho yaar,1,hi-roman
tu aaaalsi ho bro,1,hi-roman
tu aaaalsi ho bhai,1,hi-roman
tu aaaalsi ho saale,1,hi-roman
tum aaaalsi ho hai,1,hi-roman
tum aaaalsi ho ho,1,hi-roman
tum aaaalsi ho hain,1,hi-roman
tum aaaalsi ho aadmi,1,hi-roman
tum aaaalsi ho insaan,1,hi-roman
tum aaaalsi ho yaar,1,hi-roman
tum aaaalsi ho bro,1,hi-roman
tum aaaalsi ho bhai,1,hi-roman
tum aaaalsi ho saale,1,hi-roman
abe aaaalsi ho hai,1,hi-roman
abe aaaalsi ho ho,1,hi-roman
abe aaaalsi ho hain,1,hi-roman
abe aaaalsi ho aadmi,1,hi-roman
abe aaaalsi ho insaan,1,hi-roman
abe aaaalsi ho yaar,1,hi-roman
abe aaaalsi ho bro,1,hi-roman
abe aaaalsi ho bhai,1,hi-roman
abe aaaalsi ho saale,1,hi-roman
oye aaaalsi ho hai,1,hi-roman
oye aaaalsi ho ho,1,hi-roman
oye aaaalsi ho hain,1,hi-roman
oye aaaalsi ho aadmi,1,hi-roman
oye aaaalsi ho insaan,1,hi-roman
oye aaaalsi ho yaar,1,hi-roman
oye aaaalsi ho bro,1,hi-roman
oye aaaalsi ho bhai,1,hi-roman
oye aaaalsi ho saale,1,hi-roman
are aaaalsi ho hai,1,hi-roman
are aaaalsi ho ho,1,hi-roman
are aaaalsi ho hain,1,hi-roman
are aaaalsi ho aadmi,1,hi-roman
are aaaalsi ho insaan,1,hi-roman
are aaaalsi ho yaar,1,hi-roman
are aaaalsi ho bro,1,hi-roman
are aaaalsi ho bhai,1,hi-roman
are aaaalsi ho saale,1,hi-roman
sun aaaalsi ho hai,1,hi-roman
sun aaaalsi ho ho,1,hi-roman
sun aaaalsi ho hain,1,hi-roman
sun aaaalsi ho aadmi,1,hi-roman
sun aaaalsi ho insaan,1,hi-roman
sun aaaalsi ho yaar,1,hi-roman
sun aaaalsi ho bro,1,hi-roman
sun aaaalsi ho bhai,1,hi-roman
sun aaaalsi ho saale,1,hi-roman
dekh aaaalsi ho hai,1,hi-roman
dekh aaaalsi ho ho,1,hi-roman
dekh aaaalsi ho hain,1,hi-roman
dekh aaaalsi ho aadmi,1,hi-roman
dekh aaaalsi ho insaan,1,hi-roman
dekh aaaalsi ho yaar,1,hi-roman
dekh aaaalsi ho bro,1,hi-roman
dekh aaaalsi ho bhai,1,hi-roman
dekh aaaalsi ho saale,1,hi-roman
bhai aaaalsi ho hai,1,hi-roman
bhai aaaalsi ho ho,1,hi-roman
bhai aaaalsi ho hain,1,hi-roman
bhai aaaalsi ho aadmi,1,hi-roman
bhai aaaalsi ho insaan,1,hi-roman
bhai aaaalsi ho yaar,1,hi-roman
bhai aaaalsi ho bro,1,hi-roman
bhai aaaalsi ho bhai,1,hi-roman
bhai aaaalsi ho saale,1,hi-roman
saale aaaalsi ho hai,1,hi-roman
saale aaaalsi ho ho,1,hi-roman
saale aaaalsi ho hain,1,hi-roman
saale aaaalsi ho aadmi,1,hi-roman
saale aaaalsi ho insaan,1,hi-roman
saale aaaalsi ho yaar,1,hi-roman
saale aaaalsi ho bro,1,hi-roman
saale aaaalsi ho bhai,1,hi-roman
saale aaaalsi ho saale,1,hi-roman
aalsi ho hai,1,hi-roman
aalsi ho ho,1,hi-roman
aalsi ho hain,1,hi-roman
aalsi ho aadmi,1,hi-roman
aalsi ho insaan,1,hi-roman
aalsi ho yaar,1,hi-roman
aalsi ho bro,1,hi-roman
aalsi ho bhai,1,hi-roman
aalsi ho saale,1,hi-roman
tu aalsi ho hai,1,hi-roman
tu aalsi ho ho,1,hi-roman
tu aalsi ho hain,1,hi-roman
tu aalsi ho aadmi,1,hi-roman
tu aalsi ho insaan,1,hi-roman
tu aalsi ho yaar,1,hi-roman
tu aalsi ho bro,1,hi-roman
tu aalsi ho bhai,1,hi-roman
tu aalsi ho saale,1,hi-roman
tum aalsi ho hai,1,hi-roman
tum aalsi ho ho,1,hi-roman
tum aalsi ho hain,1,hi-roman
tum aalsi ho aadmi,1,hi-roman
tum aalsi ho insaan,1,hi-roman
tum aalsi ho yaar,1,hi-roman
tum aalsi ho bro,1,hi-roman
tum aalsi ho bhai,1,hi-roman
tum aalsi ho saale,1,hi-roman
abe aalsi ho hai,1,hi-roman
abe aalsi ho ho,1,hi-roman
abe aalsi ho hain,1,hi-roman
abe aalsi ho aadmi,1,hi-roman
abe aalsi ho insaan,1,hi-roman
abe aalsi ho yaar,1,hi-roman
abe aalsi ho bro,1,hi-roman
abe aalsi ho bhai,1,hi-roman
abe aalsi ho saale,1,hi-roman
oye aalsi ho hai,1,hi-roman
oye aalsi ho ho,1,hi-roman
oye aalsi ho hain,1,hi-roman
oye aalsi ho aadmi,1,hi-roman
oye aalsi ho insaan,1,hi-roman
oye aalsi ho yaar,1,hi-roman
oye aalsi ho bro,1,hi-roman
oye aalsi ho bhai,1,hi-roman
oye aalsi ho saale,1,hi-roman
are aalsi ho hai,1,hi-roman
are aalsi ho ho,1,hi-roman
are aalsi ho hain,1,hi-roman
are aalsi ho aadmi,1,hi-roman
are aalsi ho insaan,1,hi-roman
are aalsi ho yaar,1,hi-roman
are aalsi ho bro,1,hi-roman
are aalsi ho bhai,1,hi-roman
are aalsi ho saale,1,hi-roman
sun aalsi ho hai,1,hi-roman
sun aalsi ho ho,1,hi-roman
sun aalsi ho hain,1,hi-roman
sun aalsi ho aadmi,1,hi-roman
sun aalsi ho insaan,1,hi-roman
sun aalsi ho yaar,1,hi-roman
sun aalsi ho bro,1,hi-roman
sun aalsi ho bhai,1,hi-roman
sun aalsi ho saale,1,hi-roman
dekh aalsi ho hai,1,hi-roman
dekh aalsi ho ho,1,hi-roman
dekh aalsi ho hain,1,hi-roman
dekh aalsi ho aadmi,1,hi-roman
dekh aalsi ho insaan,1,hi-roman
dekh aalsi ho yaar,1,hi-roman
dekh aalsi ho bro,1,hi-roman
dekh aalsi ho bhai,1,hi-roman
dekh aalsi ho saale,1,hi-roman
bhai aalsi ho hai,1,hi-roman
bhai aalsi ho ho,1,hi-roman
bhai aalsi ho hain,1,hi-roman
bhai aalsi ho aadmi,1,hi-roman
bhai aalsi ho insaan,1,hi-roman
bhai aalsi ho yaar,1,hi-roman
bhai aalsi ho bro,1,hi-roman
bhai aalsi ho bhai,1,hi-roman
bhai aalsi ho saale,1,hi-roman
saale aalsi ho hai,1,hi-roman
saale aalsi ho ho,1,hi-roman
saale aalsi ho hain,1,hi-roman
saale aalsi ho aadmi,1,hi-roman
saale aalsi ho insaan,1,hi-roman
saale aalsi ho yaar,1,hi-roman
saale aalsi ho bro,1,hi-roman
saale aalsi ho bhai,1,hi-roman
saale aalsi ho saale,1,hi-roman
alsi insan,1,hi-roman
alsi insan hai,1,hi-roman
alsi insan ho,1,hi-roman
alsi insan hain,1,hi-roman
alsi insan aadmi,1,hi-roman
alsi insan insaan,1,hi-roman
alsi insan yaar,1,hi-roman
alsi insan bro,1,hi-roman
alsi insan bhai,1,hi-roman
alsi insan saale,1,hi-roman
tu alsi insan,1,hi-roman
tu alsi insan hai,1,hi-roman
tu alsi insan ho,1,hi-roman
tu alsi insan hain,1,hi-roman
tu alsi insan aadmi,1,hi-roman
tu alsi insan insaan,1,hi-roman
tu alsi insan yaar,1,hi-roman
tu alsi insan bro,1,hi-roman
tu alsi insan bhai,1,hi-roman
tu alsi insan saale,1,hi-roman
tum alsi insan,1,hi-roman
tum alsi insan hai,1,hi-roman
tum alsi insan ho,1,hi-roman
tum alsi insan hain,1,hi-roman
tum alsi insan aadmi,1,hi-roman
tum alsi insan insaan,1,hi-roman
tum alsi insan yaar,1,hi-roman
tum alsi insan bro,1,hi-roman
tum alsi insan bhai,1,hi-roman
tum alsi insan saale,1,hi-roman
abe alsi insan,1,hi-roman
abe alsi insan hai,1,hi-roman
abe alsi insan ho,1,hi-roman
abe alsi insan hain,1,hi-roman
abe alsi insan aadmi,1,hi-roman
abe alsi insan insaan,1,hi-roman
abe alsi insan yaar,1,hi-roman
abe alsi insan bro,1,hi-roman
abe alsi insan bhai,1,hi-roman
abe alsi insan saale,1,hi-roman
oye alsi insan,1,hi-roman
oye alsi insan hai,1,hi-roman
oye alsi insan ho,1,hi-roman
oye alsi insan hain,1,hi-roman
oye alsi insan aadmi,1,hi-roman
oye alsi insan insaan,1,hi-roman
oye alsi insan yaar,1,hi-roman
oye alsi insan bro,1,hi-roman
oye alsi insan bhai,1,hi-roman
oye alsi insan saale,1,hi-roman
are alsi insan,1,hi-roman
are alsi insan hai,1,hi-roman
are alsi insan ho,1,hi-roman
are alsi insan hain,1,hi-roman
are alsi insan aadmi,1,hi-roman
are alsi insan insaan,1,hi-roman
are alsi insan yaar,1,hi-roman
are alsi insan bro,1,hi-roman
are alsi insan bhai,1,hi-roman
are alsi insan saale,1,hi-roman
sun alsi insan,1,hi-roman
sun alsi insan hai,1,hi-roman
sun alsi insan ho,1,hi-roman
sun alsi insan hain,1,hi-roman
sun alsi insan aadmi,1,hi-roman
sun alsi insan insaan,1,hi-roman
sun alsi insan yaar,1,hi-roman
sun alsi insan bro,1,hi-roman
sun alsi insan bhai,1,hi-roman
sun alsi insan saale,1,hi-roman
dekh alsi insan,1,hi-roman
dekh alsi insan hai,1,hi-roman
dekh alsi insan ho,1,hi-roman
dekh alsi insan hain,1,hi-roman
dekh alsi insan aadmi,1,hi-roman
dekh alsi insan insaan,1,hi-roman
dekh alsi insan yaar,1,hi-roman
dekh alsi insan bro,1,hi-roman
dekh alsi insan bhai,1,hi-roman
dekh alsi insan saale,1,hi-roman
bhai alsi insan,1,hi-roman
bhai alsi insan hai,1,hi-roman
bhai alsi insan ho,1,hi-roman
bhai alsi insan hain,1,hi-roman
bhai alsi insan aadmi,1,hi-roman
bhai alsi insan insaan,1,hi-roman
bhai alsi insan yaar,1,hi-roman
bhai alsi insan bro,1,hi-roman
bhai alsi insan bhai,1,hi-roman
bhai alsi insan saale,1,hi-roman
saale alsi insan,1,hi-roman
saale alsi insan hai,1,hi-roman
saale alsi insan ho,1,hi-roman
saale alsi insan hain,1,hi-roman
saale alsi insan aadmi,1,hi-roman
saale alsi insan insaan,1,hi-roman
saale alsi insan yaar,1,hi-roman
saale alsi insan bro,1,hi-roman
saale alsi insan bhai,1,hi-roman
saale alsi insan saale,1,hi-roman
aaaalsi insaaaan,1,hi-roman
aaaalsi insaaaan hai,1,hi-roman
aaaalsi insaaaan ho,1,hi-roman
aaaalsi insaaaan hain,1,hi-roman
aaaalsi insaaaan aadmi,1,hi-roman
aaaalsi insaaaan insaan,1,hi-roman
aaaalsi insaaaan yaar,1,hi-roman
aaaalsi insaaaan bro,1,hi-roman
aaaalsi insaaaan bhai,1,hi-roman
aaaalsi insaaaan saale,1,hi-roman
tu aaaalsi insaaaan,1,hi-roman
tu aaaalsi insaaaan hai,1,hi-roman
tu aaaalsi insaaaan ho,1,hi-roman
tu aaaalsi insaaaan hain,1,hi-roman
tu aaaalsi insaaaan aadmi,1,hi-roman
tu aaaalsi insaaaan insaan,1,hi-roman
tu aaaalsi insaaaan yaar,1,hi-roman
tu aaaalsi insaaaan bro,1,hi-roman
tu aaaalsi insaaaan bhai,1,hi-roman
tu aaaalsi insaaaan saale,1,hi-roman
tum aaaalsi insaaaan,1,hi-roman
tum aaaalsi insaaaan hai,1,hi-roman
tum aaaalsi insaaaan ho,1,hi-roman
tum aaaalsi insaaaan hain,1,hi-roman
tum aaaalsi insaaaan aadmi,1,hi-roman
tum aaaalsi insaaaan insaan,1,hi-roman
tum aaaalsi insaaaan yaar,1,hi-roman
tum aaaalsi insaaaan bro,1,hi-roman
tum aaaalsi insaaaan bhai,1,hi-roman
tum aaaalsi insaaaan saale,1,hi-roman
abe aaaalsi insaaaan,1,hi-roman
abe aaaalsi insaaaan hai,1,hi-roman
abe aaaalsi insaaaan ho,1,hi-roman
abe aaaalsi insaaaan hain,1,hi-roman
abe aaaalsi insaaaan aadmi,1,hi-roman
abe aaaalsi insaaaan insaan,1,hi-roman
abe aaaalsi insaaaan yaar,1,hi-roman
abe aaaalsi insaaaan bro,1,hi-roman
abe aaaalsi insaaaan bhai,1,hi-roman
abe aaaalsi insaaaan saale,1,hi-roman
oye aaaalsi insaaaan,1,hi-roman
oye aaaalsi insaaaan hai,1,hi-roman
oye aaaalsi insaaaan ho,1,hi-roman
oye aaaalsi insaaaan hain,1,hi-roman
oye aaaalsi insaaaan aadmi,1,hi-roman
oye aaaalsi insaaaan insaan,1,hi-roman
oye aaaalsi insaaaan yaar,1,hi-roman
oye aaaalsi insaaaan bro,1,hi-roman
oye aaaalsi insaaaan bhai,1,hi-roman
oye aaaalsi insaaaan saale,1,hi-roman
are aaaalsi insaaaan,1,hi-roman
are aaaalsi insaaaan hai,1,hi-roman
are aaaalsi insaaaan ho,1,hi-roman
are aaaalsi insaaaan hain,1,hi-roman
are aaaalsi insaaaan aadmi,1,hi-roman
are aaaalsi insaaaan insaan,1,hi-roman
are aaaalsi insaaaan yaar,1,hi-roman
are aaaalsi insaaaan bro,1,hi-roman
are aaaalsi insaaaan bhai,1,hi-roman
are aaaalsi insaaaan saale,1,hi-roman
sun aaaalsi insaaaan,1,hi-roman
sun aaaalsi insaaaan hai,1,hi-roman
sun aaaalsi insaaaan ho,1,hi-roman
sun aaaalsi insaaaan hain,1,hi-roman
sun aaaalsi insaaaan aadmi,1,hi-roman
sun aaaalsi insaaaan insaan,1,hi-roman
sun aaaalsi insaaaan yaar,1,hi-roman
sun aaaalsi insaaaan bro,1,hi-roman
sun aaaalsi insaaaan bhai,1,hi-roman
sun aaaalsi insaaaan saale,1,hi-roman
dekh aaaalsi insaaaan,1,hi-roman
dekh aaaalsi insaaaan hai,1,hi-roman
dekh aaaalsi insaaaan ho,1,hi-roman
dekh aaaalsi insaaaan hain,1,hi-roman
dekh aaaalsi insaaaan aadmi,1,hi-roman
dekh aaaalsi insaaaan insaan,1,hi-roman
dekh aaaalsi insaaaan yaar,1,hi-roman
dekh aaaalsi insaaaan bro,1,hi-roman
dekh aaaalsi insaaaan bhai,1,hi-roman
dekh aaaalsi insaaaan saale,1,hi-roman
bhai aaaalsi insaaaan,1,hi-roman
bhai aaaalsi insaaaan hai,1,hi-roman
bhai aaaalsi insaaaan ho,1,hi-roman
bhai aaaalsi insaaaan hain,1,hi-roman
bhai aaaalsi insaaaan aadmi,1,hi-roman
bhai aaaalsi insaaaan insaan,1,hi-roman
bhai aaaalsi insaaaan yaar,1,hi-roman
bhai aaaalsi insaaaan bro,1,hi-roman
bhai aaaalsi insaaaan bhai,1,hi-roman
bhai aaaalsi insaaaan saale,1,hi-roman
saale aaaalsi insaaaan,1,hi-roman
saale aaaalsi insaaaan hai,1,hi-roman
saale aaaalsi insaaaan ho,1,hi-roman
saale aaaalsi insaaaan hain,1,hi-roman
saale aaaalsi insaaaan aadmi,1,hi-roman
saale aaaalsi insaaaan insaan,1,hi-roman
saale aaaalsi insaaaan yaar,1,hi-roman
saale aaaalsi insaaaan bro,1,hi-roman
saale aaaalsi insaaaan bhai,1,hi-roman
saale aaaalsi insaaaan saale,1,hi-roman
aalsee eensaan,1,hi-roman
aalsee eensaan hai,1,hi-roman
aalsee eensaan ho,1,hi-roman
aalsee eensaan hain,1,hi-roman
aalsee eensaan aadmi,1,hi-roman
aalsee eensaan insaan,1,hi-roman
aalsee eensaan yaar,1,hi-roman
aalsee eensaan bro,1,hi-roman
aalsee eensaan bhai,1,hi-roman
aalsee eensaan saale,1,hi-roman
tu aalsee eensaan,1,hi-roman
tu aalsee eensaan hai,1,hi-roman
tu aalsee eensaan ho,1,hi-roman
tu aalsee eensaan hain,1,hi-roman
tu aalsee eensaan aadmi,1,hi-roman
tu aalsee eensaan insaan,1,hi-roman
tu aalsee eensaan yaar,1,hi-roman
tu aalsee eensaan bro,1,hi-roman
tu aalsee eensaan bhai,1,hi-roman
tu aalsee eensaan saale,1,hi-roman
tum aalsee eensaan,1,hi-roman
tum aalsee eensaan hai,1,hi-roman
tum aalsee eensaan ho,1,hi-roman
tum aalsee eensaan hain,1,hi-roman
tum aalsee eensaan aadmi,1,hi-roman
tum aalsee eensaan insaan,1,hi-roman
tum aalsee eensaan yaar,1,hi-roman
tum aalsee eensaan bro,1,hi-roman
tum aalsee eensaan bhai,1,hi-roman
tum aalsee eensaan saale,1,hi-roman
abe aalsee eensaan,1,hi-roman
abe aalsee eensaan hai,1,hi-roman
abe aalsee eensaan ho,1,hi-roman
abe aalsee eensaan hain,1,hi-roman
abe aalsee eensaan aadmi,1,hi-roman
abe aalsee eensaan insaan,1,hi-roman
abe aalsee eensaan yaar,1,hi-roman
abe aalsee eensaan bro,1,hi-roman
abe aalsee eensaan bhai,1,hi-roman
abe aalsee eensaan saale,1,hi-roman
oye aalsee eensaan,1,hi-roman
oye aalsee eensaan hai,1,hi-roman
oye aalsee eensaan ho,1,hi-roman
oye aalsee eensaan hain,1,hi-roman
oye aalsee eensaan aadmi,1,hi-roman
oye aalsee eensaan insaan,1,hi-roman
oye aalsee eensaan yaar,1,hi-roman
oye aalsee eensaan bro,1,hi-roman
oye aalsee eensaan bhai,1,hi-roman
oye aalsee eensaan saale,1,hi-roman
are aalsee eensaan,1,hi-roman
are aalsee eensaan hai,1,hi-roman
are aalsee eensaan ho,1,hi-roman
are aalsee eensaan hain,1,hi-roman
are aalsee eensaan aadmi,1,hi-roman
are aalsee eensaan insaan,1,hi-roman
are aalsee eensaan yaar,1,hi-roman
are aalsee eensaan bro,1,hi-roman
are aalsee eensaan bhai,1,hi-roman
are aalsee eensaan saale,1,hi-roman
sun aalsee eensaan,1,hi-roman
sun aalsee eensaan hai,1,hi-roman
sun aalsee eensaan ho,1,hi-roman
sun aalsee eensaan hain,1,hi-roman
sun aalsee eensaan aadmi,1,hi-roman
sun aalsee eensaan insaan,1,hi-roman
sun aalsee eensaan yaar,1,hi-roman
sun aalsee eensaan bro,1,hi-roman
sun aalsee eensaan bhai,1,hi-roman
sun aalsee eensaan saale,1,hi-roman
dekh aalsee eensaan,1,hi-roman
dekh aalsee eensaan hai,1,hi-roman
dekh aalsee eensaan ho,1,hi-roman
dekh aalsee eensaan hain,1,hi-roman
dekh aalsee eensaan aadmi,1,hi-roman
dekh aalsee eensaan insaan,1,hi-roman
dekh aalsee eensaan yaar,1,hi-roman
dekh aalsee eensaan bro,1,hi-roman
dekh aalsee eensaan bhai,1,hi-roman
dekh aalsee eensaan saale,1,hi-roman
bhai aalsee eensaan,1,hi-roman
bhai aalsee eensaan hai,1,hi-roman
bhai aalsee eensaan ho,1,hi-roman
bhai aalsee eensaan hain,1,hi-roman
bhai aalsee eensaan aadmi,1,hi-roman
bhai aalsee eensaan insaan,1,hi-roman
bhai aalsee eensaan yaar,1,hi-roman
bhai aalsee eensaan bro,1,hi-roman
bhai aalsee eensaan bhai,1,hi-roman
bhai aalsee eensaan saale,1,hi-roman
saale aalsee eensaan,1,hi-roman
saale aalsee eensaan hai,1,hi-roman
saale aalsee eensaan ho,1,hi-roman
saale aalsee eensaan hain,1,hi-roman
saale aalsee eensaan aadmi,1,hi-roman
saale aalsee eensaan insaan,1,hi-roman
saale aalsee eensaan yaar,1,hi-roman
saale aalsee eensaan bro,1,hi-roman
saale aalsee eensaan bhai,1,hi-roman
saale aalsee eensaan saale,1,hi-roman
aalsi insaan hai,1,hi-roman
aalsi insaan ho,1,hi-roman
aalsi insaan hain,1,hi-roman
aalsi insaan aadmi,1,hi-roman
aalsi insaan insaan,1,hi-roman
aalsi insaan yaar,1,hi-roman
aalsi insaan bro,1,hi-roman
aalsi insaan bhai,1,hi-roman
aalsi insaan saale,1,hi-roman
tu aalsi insaan hai,1,hi-roman
tu aalsi insaan ho,1,hi-roman
tu aalsi insaan hain,1,hi-roman
tu aalsi insaan aadmi,1,hi-roman
tu aalsi insaan insaan,1,hi-roman
tu aalsi insaan yaar,1,hi-roman
tu aalsi insaan bro,1,hi-roman
tu aalsi insaan bhai,1,hi-roman
tu aalsi insaan saale,1,hi-roman
tum aalsi insaan hai,1,hi-roman
tum aalsi insaan ho,1,hi-roman
tum aalsi insaan hain,1,hi-roman
tum aalsi insaan aadmi,1,hi-roman
tum aalsi insaan insaan,1,hi-roman
tum aalsi insaan yaar,1,hi-roman
tum aalsi insaan bro,1,hi-roman
tum aalsi insaan bhai,1,hi-roman
tum aalsi insaan saale,1,hi-roman
abe aalsi insaan hai,1,hi-roman
abe aalsi insaan ho,1,hi-roman
abe aalsi insaan hain,1,hi-roman
abe aalsi insaan aadmi,1,hi-roman
abe aalsi insaan insaan,1,hi-roman
abe aalsi insaan yaar,1,hi-roman
abe aalsi insaan bro,1,hi-roman
abe aalsi insaan bhai,1,hi-roman
abe aalsi insaan saale,1,hi-roman
oye aalsi insaan hai,1,hi-roman
oye aalsi insaan ho,1,hi-roman
oye aalsi insaan hain,1,hi-roman
oye aalsi insaan aadmi,1,hi-roman
oye aalsi insaan insaan,1,hi-roman
oye aalsi insaan yaar,1,hi-roman
oye aalsi insaan bro,1,hi-roman
oye aalsi insaan bhai,1,hi-roman
oye aalsi insaan saale,1,hi-roman
are aalsi insaan hai,1,hi-roman
are aalsi insaan ho,1,hi-roman
are aalsi insaan hain,1,hi-roman
are aalsi insaan aadmi,1,hi-roman
are aalsi insaan insaan,1,hi-roman
are aalsi insaan yaar,1,hi-roman
are aalsi insaan bro,1,hi-roman
are aalsi insaan bhai,1,hi-roman
are aalsi insaan saale,1,hi-roman
sun aalsi insaan hai,1,hi-roman
sun aalsi insaan ho,1,hi-roman
sun aalsi insaan hain,1,hi-roman
sun aalsi insaan aadmi,1,hi-roman
sun aalsi insaan insaan,1,hi-roman
sun aalsi insaan yaar,1,hi-roman
sun aalsi insaan bro,1,hi-roman
sun aalsi insaan bhai,1,hi-roman
sun aalsi insaan saale,1,hi-roman
dekh aalsi insaan hai,1,hi-roman
dekh aalsi insaan ho,1,hi-roman
dekh aalsi insaan hain,1,hi-roman
dekh aalsi insaan aadmi,1,hi-roman
dekh aalsi insaan insaan,1,hi-roman
dekh aalsi insaan yaar,1,hi-roman
dekh aalsi insaan bro,1,hi-roman
dekh aalsi insaan bhai,1,hi-roman
dekh aalsi insaan saale,1,hi-roman
bhai aalsi insaan hai,1,hi-roman
bhai aalsi insaan ho,1,hi-roman
bhai aalsi insaan hain,1,hi-roman
bhai aalsi insaan aadmi,1,hi-roman
bhai aalsi insaan insaan,1,hi-roman
bhai aalsi insaan yaar,1,hi-roman
bhai aalsi insaan bro,1,hi-roman
bhai aalsi insaan bhai,1,hi-roman
bhai aalsi insaan saale,1,hi-roman
saale aalsi insaan hai,1,hi-roman
saale aalsi insaan ho,1,hi-roman
saale aalsi insaan hain,1,hi-roman
saale aalsi insaan aadmi,1,hi-roman
saale aalsi insaan insaan,1,hi-roman
saale aalsi insaan yaar,1,hi-roman
saale aalsi insaan bro,1,hi-roman
saale aalsi insaan bhai,1,hi-roman
saale aalsi insaan saale,1,hi-roman
aaaalsi kutte,1,hi-roman
aaaalsi kutte hai,1,hi-roman
aaaalsi kutte ho,1,hi-roman
aaaalsi kutte hain,1,hi-roman
aaaalsi kutte aadmi,1,hi-roman
aaaalsi kutte insaan,1,hi-roman
aaaalsi kutte yaar,1,hi-roman
aaaalsi kutte bro,1,hi-roman
aaaalsi kutte bhai,1,hi-roman
aaaalsi kutte saale,1,hi-roman
tu aaaalsi kutte,1,hi-roman
tu aaaalsi kutte hai,1,hi-roman
tu aaaalsi kutte ho,1,hi-roman
tu aaaalsi kutte hain,1,hi-roman
tu aaaalsi kutte aadmi,1,hi-roman
tu aaaalsi kutte insaan,1,hi-roman
tu aaaalsi kutte yaar,1,hi-roman
tu aaaalsi kutte bro,1,hi-roman
tu aaaalsi kutte bhai,1,hi-roman
tu aaaalsi kutte saale,1,hi-roman
tum aaaalsi kutte,1,hi-roman
tum aaaalsi kutte hai,1,hi-roman
tum aaaalsi kutte ho,1,hi-roman
tum aaaalsi kutte hain,1,hi-roman
tum aaaalsi kutte aadmi,1,hi-roman
tum aaaalsi kutte insaan,1,hi-roman
tum aaaalsi kutte yaar,1,hi-roman
tum aaaalsi kutte bro,1,hi-roman
tum aaaalsi kutte bhai,1,hi-roman
tum aaaalsi kutte saale,1,hi-roman
abe aaaalsi kutte,1,hi-roman
abe aaaalsi kutte hai,1,hi-roman
abe aaaalsi kutte ho,1,hi-roman
abe aaaalsi kutte hain,1,hi-roman
abe aaaalsi kutte aadmi,1,hi-roman
abe aaaalsi kutte insaan,1,hi-roman
abe aaaalsi kutte yaar,1,hi-roman
abe aaaalsi kutte bro,1,hi-roman
abe aaaalsi kutte bhai,1,hi-roman
abe aaaalsi kutte saale,1,hi-roman
oye aaaalsi kutte,1,hi-roman
oye aaaalsi kutte hai,1,hi-roman
oye aaaalsi kutte ho,1,hi-roman
oye aaaalsi kutte hain,1,hi-roman
oye aaaalsi kutte aadmi,1,hi-roman
oye aaaalsi kutte insaan,1,hi-roman
oye aaaalsi kutte yaar,1,hi-roman
oye aaaalsi kutte bro,1,hi-roman
oye aaaalsi kutte bhai,1,hi-roman
oye aaaalsi kutte saale,1,hi-roman
are aaaalsi kutte,1,hi-roman
are aaaalsi kutte hai,1,hi-roman
are aaaalsi kutte ho,1,hi-roman
are aaaalsi kutte hain,1,hi-roman
are aaaalsi kutte aadmi,1,hi-roman
are aaaalsi kutte insaan,1,hi-roman
are aaaalsi kutte yaar,1,hi-roman
are aaaalsi kutte bro,1,hi-roman
are aaaalsi kutte bhai,1,hi-roman
are aaaalsi kutte saale,1,hi-roman
sun aaaalsi kutte,1,hi-roman
sun aaaalsi kutte hai,1,hi-roman
sun aaaalsi kutte ho,1,hi-roman
sun aaaalsi kutte hain,1,hi-roman
sun aaaalsi kutte aadmi,1,hi-roman
sun aaaalsi kutte insaan,1,hi-roman
sun aaaalsi kutte yaar,1,hi-roman
sun aaaalsi kutte bro,1,hi-roman
sun aaaalsi kutte bhai,1,hi-roman
sun aaaalsi kutte saale,1,hi-roman
dekh aaaalsi kutte,1,hi-roman
dekh aaaalsi kutte hai,1,hi-roman
dekh aaaalsi kutte ho,1,hi-roman
dekh aaaalsi kutte hain,1,hi-roman
dekh aaaalsi kutte aadmi,1,hi-roman
dekh aaaalsi kutte insaan,1,hi-roman
dekh aaaalsi kutte yaar,1,hi-roman
dekh aaaalsi kutte bro,1,hi-roman
dekh aaaalsi kutte bhai,1,hi-roman
dekh aaaalsi kutte saale,1,hi-roman
bhai aaaalsi kutte,1,hi-roman
bhai aaaalsi kutte hai,1,hi-roman
bhai aaaalsi kutte ho,1,hi-roman
bhai aaaalsi kutte hain,1,hi-roman
bhai aaaalsi kutte aadmi,1,hi-roman
bhai aaaalsi kutte insaan,1,hi-roman
bhai aaaalsi kutte yaar,1,hi-roman
bhai aaaalsi kutte bro,1,hi-roman
bhai aaaalsi kutte bhai,1,hi-roman
bhai aaaalsi kutte saale,1,hi-roman
saale aaaalsi kutte,1,hi-roman
saale aaaalsi kutte hai,1,hi-roman
saale aaaalsi kutte ho,1,hi-roman
saale aaaalsi kutte hain,1,hi-roman
saale aaaalsi kutte aadmi,1,hi-roman
saale aaaalsi kutte insaan,1,hi-roman
saale aaaalsi kutte yaar,1,hi-roman
saale aaaalsi kutte bro,1,hi-roman
saale aaaalsi kutte bhai,1,hi-roman
saale aaaalsi kutte saale,1,hi-roman
aalsee kutte,1,hi-roman
aalsee kutte hai,1,hi-roman
aalsee kutte ho,1,hi-roman
aalsee kutte hain,1,hi-roman
aalsee kutte aadmi,1,hi-roman
aalsee kutte insaan,1,hi-roman
aalsee kutte yaar,1,hi-roman
aalsee kutte bro,1,hi-roman
aalsee kutte bhai,1,hi-roman
aalsee kutte saale,1,hi-roman
tu aalsee kutte,1,hi-roman
tu aalsee kutte hai,1,hi-roman
tu aalsee kutte ho,1,hi-roman
tu aalsee kutte hain,1,hi-roman
tu aalsee kutte aadmi,1,hi-roman
tu aalsee kutte insaan,1,hi-roman
tu aalsee kutte yaar,1,hi-roman
tu aalsee kutte bro,1,hi-roman
tu aalsee kutte bhai,1,hi-roman
tu aalsee kutte saale,1,hi-roman
tum aalsee kutte,1,hi-roman
tum aalsee kutte hai,1,hi-roman
tum aalsee kutte ho,1,hi-roman
tum aalsee kutte hain,1,hi-roman
tum aalsee kutte aadmi,1,hi-roman
tum aalsee kutte insaan,1,hi-roman
tum aalsee kutte yaar,1,hi-roman
tum aalsee kutte bro,1,hi-roman
tum aalsee kutte bhai,1,hi-roman
tum aalsee kutte saale,1,hi-roman
abe aalsee kutte,1,hi-roman
abe aalsee kutte hai,1,hi-roman
abe aalsee kutte ho,1,hi-roman
abe aalsee kutte hain,1,hi-roman
abe aalsee kutte aadmi,1,hi-roman
abe aalsee kutte insaan,1,hi-roman
abe aalsee kutte yaar,1,hi-roman
abe aalsee kutte bro,1,hi-roman
abe aalsee kutte bhai,1,hi-roman
abe aalsee kutte saale,1,hi-roman
oye aalsee kutte,1,hi-roman
oye aalsee kutte hai,1,hi-roman
oye aalsee kutte ho,1,hi-roman
oye aalsee kutte hain,1,hi-roman
oye aalsee kutte aadmi,1,hi-roman
oye aalsee kutte insaan,1,hi-roman
oye aalsee kutte yaar,1,hi-roman
oye aalsee kutte bro,1,hi-roman
oye aalsee kutte bhai,1,hi-roman
oye aalsee kutte saale,1,hi-roman
are aalsee kutte,1,hi-roman
are aalsee kutte hai,1,hi-roman
are aalsee kutte ho,1,hi-roman
are aalsee kutte hain,1,hi-roman
are aalsee kutte aadmi,1,hi-roman
are aalsee kutte insaan,1,hi-roman
are aalsee kutte yaar,1,hi-roman
are aalsee kutte bro,1,hi-roman
are aalsee kutte bhai,1,hi-roman
are aalsee kutte saale,1,hi-roman
sun aalsee kutte,1,hi-roman
sun aalsee kutte hai,1,hi-roman
sun aalsee kutte ho,1,hi-roman
sun aalsee kutte hain,1,hi-roman
sun aalsee kutte aadmi,1,hi-roman
sun aalsee kutte insaan,1,hi-roman
sun aalsee kutte yaar,1,hi-roman
sun aalsee kutte bro,1,hi-roman
sun aalsee kutte bhai,1,hi-roman
sun aalsee kutte saale,1,hi-roman
dekh aalsee kutte,1,hi-roman
dekh aalsee kutte hai,1,hi-roman
dekh aalsee kutte ho,1,hi-roman
dekh aalsee kutte hain,1,hi-roman
dekh aalsee kutte aadmi,1,hi-roman
dekh aalsee kutte insaan,1,hi-roman
dekh aalsee kutte yaar,1,hi-roman
dekh aalsee kutte bro,1,hi-roman
dekh aalsee kutte bhai,1,hi-roman
dekh aalsee kutte saale,1,hi-roman
bhai aalsee kutte,1,hi-roman
bhai aalsee kutte hai,1,hi-roman
bhai aalsee kutte ho,1,hi-roman
bhai aalsee kutte hain,1,hi-roman
bhai aalsee kutte aadmi,1,hi-roman
bhai aalsee kutte insaan,1,hi-roman
bhai aalsee kutte yaar,1,hi-roman
bhai aalsee kutte bro,1,hi-roman
bhai aalsee kutte bhai,1,hi-roman
bhai aalsee kutte saale,1,hi-roman
saale aalsee kutte,1,hi-roman
saale aalsee kutte hai,1,hi-roman
saale aalsee kutte ho,1,hi-roman
saale aalsee kutte hain,1,hi-roman
saale aalsee kutte aadmi,1,hi-roman
saale aalsee kutte insaan,1,hi-roman
saale aalsee kutte yaar,1,hi-roman
saale aalsee kutte bro,1,hi-roman
saale aalsee kutte bhai,1,hi-roman
saale aalsee kutte saale,1,hi-roman
alsi kutte,1,hi-roman
alsi kutte hai,1,hi-roman
alsi kutte ho,1,hi-roman
alsi kutte hain,1,hi-roman
alsi kutte aadmi,1,hi-roman
alsi kutte insaan,1,hi-roman
alsi kutte yaar,1,hi-roman
alsi kutte bro,1,hi-roman
alsi kutte bhai,1,hi-roman
alsi kutte saale,1,hi-roman
tu alsi kutte,1,hi-roman
tu alsi kutte hai,1,hi-roman
tu alsi kutte ho,1,hi-roman
tu alsi kutte hain,1,hi-roman
tu alsi kutte aadmi,1,hi-roman
tu alsi kutte insaan,1,hi-roman
tu alsi kutte yaar,1,hi-roman
tu alsi kutte bro,1,hi-roman
tu alsi kutte bhai,1,hi-roman
tu alsi kutte saale,1,hi-roman
tum alsi kutte,1,hi-roman
tum alsi kutte hai,1,hi-roman
tum alsi kutte ho,1,hi-roman
tum alsi kutte hain,1,hi-roman
tum alsi kutte aadmi,1,hi-roman
tum alsi kutte insaan,1,hi-roman
tum alsi kutte yaar,1,hi-roman
tum alsi kutte bro,1,hi-roman
tum alsi kutte bhai,1,hi-roman
tum alsi kutte saale,1,hi-roman
abe alsi kutte,1,hi-roman
abe alsi kutte hai,1,hi-roman
abe alsi kutte ho,1,hi-roman
abe alsi kutte hain,1,hi-roman
abe alsi kutte aadmi,1,hi-roman
abe alsi kutte insaan,1,hi-roman
abe alsi kutte yaar,1,hi-roman
abe alsi kutte bro,1,hi-roman
abe alsi kutte bhai,1,hi-roman
abe alsi kutte saale,1,hi-roman
oye alsi kutte,1,hi-roman
oye alsi kutte hai,1,hi-roman
oye alsi kutte ho,1,hi-roman
oye alsi kutte hain,1,hi-roman
oye alsi kutte aadmi,1,hi-roman
oye alsi kutte insaan,1,hi-roman
oye alsi kutte yaar,1,hi-roman
oye alsi kutte bro,1,hi-roman
oye alsi kutte bhai,1,hi-roman
oye alsi kutte saale,1,hi-roman
are alsi kutte,1,hi-roman
are alsi kutte hai,1,hi-roman
are alsi kutte ho,1,hi-roman
are alsi kutte hain,1,hi-roman
are alsi kutte aadmi,1,hi-roman
are alsi kutte insaan,1,hi-roman
are alsi kutte yaar,1,hi-roman
are alsi kutte bro,1,hi-roman
are alsi kutte bhai,1,hi-roman
are alsi kutte saale,1,hi-roman
sun alsi kutte,1,hi-roman
sun alsi kutte hai,1,hi-roman
sun alsi kutte ho,1,hi-roman
sun alsi kutte hain,1,hi-roman
sun alsi kutte aadmi,1,hi-roman
sun alsi kutte insaan,1,hi-roman
sun alsi kutte yaar,1,hi-roman
sun alsi kutte bro,1,hi-roman
sun alsi kutte bhai,1,hi-roman
sun alsi kutte saale,1,hi-roman
dekh alsi kutte,1,hi-roman
dekh alsi kutte hai,1,hi-roman
dekh alsi kutte ho,1,hi-roman
dekh alsi kutte hain,1,hi-roman
dekh alsi kutte aadmi,1,hi-roman
dekh alsi kutte insaan,1,hi-roman
dekh alsi kutte yaar,1,hi-roman
dekh alsi kutte bro,1,hi-roman
dekh alsi kutte bhai,1,hi-roman
dekh alsi kutte saale,1,hi-roman
bhai alsi kutte,1,hi-roman
bhai alsi kutte hai,1,hi-roman
bhai alsi kutte ho,1,hi-roman
bhai alsi kutte hain,1,hi-roman
bhai alsi kutte aadmi,1,hi-roman
bhai alsi kutte insaan,1,hi-roman
bhai alsi kutte yaar,1,hi-roman
bhai alsi kutte bro,1,hi-roman
bhai alsi kutte bhai,1,hi-roman
bhai alsi kutte saale,1,hi-roman
saale alsi kutte,1,hi-roman
saale alsi kutte hai,1,hi-roman
saale alsi kutte ho,1,hi-roman
saale alsi kutte hain,1,hi-roman
saale alsi kutte aadmi,1,hi-roman
saale alsi kutte insaan,1,hi-roman
saale alsi kutte yaar,1,hi-roman
saale alsi kutte bro,1,hi-roman
saale alsi kutte bhai,1,hi-roman
saale alsi kutte saale,1,hi-roman
aalsi kutte hai,1,hi-roman
aalsi kutte ho,1,hi-roman
aalsi kutte hain,1,hi-roman
aalsi kutte aadmi,1,hi-roman
aalsi kutte insaan,1,hi-roman
aalsi kutte yaar,1,hi-roman
aalsi kutte bro,1,hi-roman
aalsi kutte bhai,1,hi-roman
aalsi kutte saale,1,hi-roman
tu aalsi kutte hai,1,hi-roman
tu aalsi kutte ho,1,hi-roman
tu aalsi kutte hain,1,hi-roman
tu aalsi kutte aadmi,1,hi-roman
tu aalsi kutte insaan,1,hi-roman
tu aalsi kutte yaar,1,hi-roman
tu aalsi kutte bro,1,hi-roman
tu aalsi kutte bhai,1,hi-roman
tu aalsi kutte saale,1,hi-roman
tum aalsi kutte hai,1,hi-roman
tum aalsi kutte ho,1,hi-roman
tum aalsi kutte hain,1,hi-roman
tum aalsi kutte aadmi,1,hi-roman
tum aalsi kutte insaan,1,hi-roman
tum aalsi kutte yaar,1,hi-roman
tum aalsi kutte bro,1,hi-roman
tum aalsi kutte bhai,1,hi-roman
tum aalsi kutte saale,1,hi-roman
abe aalsi kutte hai,1,hi-roman
abe aalsi kutte ho,1,hi-roman
abe aalsi kutte hain,1,hi-roman
abe aalsi kutte aadmi,1,hi-roman
abe aalsi kutte insaan,1,hi-roman
abe aalsi kutte yaar,1,hi-roman
abe aalsi kutte bro,1,hi-roman
abe aalsi kutte bhai,1,hi-roman
abe aalsi kutte saale,1,hi-roman
oye aalsi kutte hai,1,hi-roman
oye aalsi kutte ho,1,hi-roman
oye aalsi kutte hain,1,hi-roman
oye aalsi kutte aadmi,1,hi-roman
oye aalsi kutte insaan,1,hi-roman
oye aalsi kutte yaar,1,hi-roman
oye aalsi kutte bro,1,hi-roman
oye aalsi kutte bhai,1,hi-roman
oye aalsi kutte saale,1,hi-roman
are aalsi kutte hai,1,hi-roman
are aalsi kutte ho,1,hi-roman
are aalsi kutte hain,1,hi-roman
are aalsi kutte aadmi,1,hi-roman
are aalsi kutte insaan,1,hi-roman
are aalsi kutte yaar,1,hi-roman
are aalsi kutte bro,1,hi-roman
are aalsi kutte bhai,1,hi-roman
are aalsi kutte saale,1,hi-roman
sun aalsi kutte hai,1,hi-roman
sun aalsi kutte ho,1,hi-roman
sun aalsi kutte hain,1,hi-roman
sun aalsi kutte aadmi,1,hi-roman
sun aalsi kutte insaan,1,hi-roman
sun aalsi kutte yaar,1,hi-roman
sun aalsi kutte bro,1,hi-roman
sun aalsi kutte bhai,1,hi-roman
sun aalsi kutte saale,1,hi-roman
dekh aalsi kutte hai,1,hi-roman
dekh aalsi kutte ho,1,hi-roman
dekh aalsi kutte hain,1,hi-roman
dekh aalsi kutte aadmi,1,hi-roman
dekh aalsi kutte insaan,1,hi-roman
dekh aalsi kutte yaar,1,hi-roman
dekh aalsi kutte bro,1,hi-roman
dekh aalsi kutte bhai,1,hi-roman
dekh aalsi kutte saale,1,hi-roman
bhai aalsi kutte,1,hi-roman
bhai aalsi kutte hai,1,hi-roman
bhai aalsi kutte ho,1,hi-roman
bhai aalsi kutte hain,1,hi-roman
bhai aalsi kutte aadmi,1,hi-roman
bhai aalsi kutte insaan,1,hi-roman
bhai aalsi kutte yaar,1,hi-roman
bhai aalsi kutte bro,1,hi-roman
bhai aalsi kutte bhai,1,hi-roman
bhai aalsi kutte saale,1,hi-roman
saale aalsi kutte,1,hi-roman
saale aalsi kutte hai,1,hi-roman
saale aalsi kutte ho,1,hi-roman
saale aalsi kutte hain,1,hi-roman
saale aalsi kutte aadmi,1,hi-roman
saale aalsi kutte insaan,1,hi-roman
saale aalsi kutte yaar,1,hi-roman
saale aalsi kutte bro,1,hi-roman
saale aalsi kutte bhai,1,hi-roman
saale aalsi kutte saale,1,hi-roman
aalsi kootte,1,hi-roman
aalsi kootte hai,1,hi-roman
aalsi kootte ho,1,hi-roman
aalsi kootte hain,1,hi-roman
aalsi kootte aadmi,1,hi-roman
aalsi kootte insaan,1,hi-roman
aalsi kootte yaar,1,hi-roman
aalsi kootte bro,1,hi-roman
aalsi kootte bhai,1,hi-roman
aalsi kootte saale,1,hi-roman
tu aalsi kootte,1,hi-roman
tu aalsi kootte hai,1,hi-roman
tu aalsi kootte ho,1,hi-roman
tu aalsi kootte hain,1,hi-roman
tu aalsi kootte aadmi,1,hi-roman
tu aalsi kootte insaan,1,hi-roman
tu aalsi kootte yaar,1,hi-roman
tu aalsi kootte bro,1,hi-roman
tu aalsi kootte bhai,1,hi-roman
tu aalsi kootte saale,1,hi-roman
tum aalsi kootte,1,hi-roman
tum aalsi kootte hai,1,hi-roman
tum aalsi kootte ho,1,hi-roman
tum aalsi kootte hain,1,hi-roman
tum aalsi kootte aadmi,1,hi-roman
tum aalsi kootte insaan,1,hi-roman
tum aalsi kootte yaar,1,hi-roman
tum aalsi kootte bro,1,hi-roman
tum aalsi kootte bhai,1,hi-roman
tum aalsi kootte saale,1,hi-roman
abe aalsi kootte,1,hi-roman
abe aalsi kootte hai,1,hi-roman
abe aalsi kootte ho,1,hi-roman
abe aalsi kootte hain,1,hi-roman
abe aalsi kootte aadmi,1,hi-roman
abe aalsi kootte insaan,1,hi-roman
abe aalsi kootte yaar,1,hi-roman
abe aalsi kootte bro,1,hi-roman
abe aalsi kootte bhai,1,hi-roman
abe aalsi kootte saale,1,hi-roman
oye aalsi kootte,1,hi-roman
oye aalsi kootte hai,1,hi-roman
oye aalsi kootte ho,1,hi-roman
oye aalsi kootte hain,1,hi-roman
oye aalsi kootte aadmi,1,hi-roman
oye aalsi kootte insaan,1,hi-roman
oye aalsi kootte yaar,1,hi-roman
oye aalsi kootte bro,1,hi-roman
oye aalsi kootte bhai,1,hi-roman
oye aalsi kootte saale,1,hi-roman
are aalsi kootte,1,hi-roman
are aalsi kootte hai,1,hi-roman
are aalsi kootte ho,1,hi-roman
are aalsi kootte hain,1,hi-roman
are aalsi kootte aadmi,1,hi-roman
are aalsi kootte insaan,1,hi-roman
are aalsi kootte yaar,1,hi-roman
are aalsi kootte bro,1,hi-roman
are aalsi kootte bhai,1,hi-roman
are aalsi kootte saale,1,hi-roman
sun aalsi kootte,1,hi-roman
sun aalsi kootte hai,1,hi-roman
sun aalsi kootte ho,1,hi-roman
sun aalsi kootte hain,1,hi-roman
sun aalsi kootte aadmi,1,hi-roman
sun aalsi kootte insaan,1,hi-roman
sun aalsi kootte yaar,1,hi-roman
sun aalsi kootte bro,1,hi-roman
sun aalsi kootte bhai,1,hi-roman
sun aalsi kootte saale,1,hi-roman
dekh aalsi kootte,1,hi-roman
dekh aalsi kootte hai,1,hi-roman
dekh aalsi kootte ho,1,hi-roman
dekh aalsi kootte hain,1,hi-roman
dekh aalsi kootte aadmi,1,hi-roman
dekh aalsi kootte insaan,1,hi-roman
dekh aalsi kootte yaar,1,hi-roman
dekh aalsi kootte bro,1,hi-roman
dekh aalsi kootte bhai,1,hi-roman
dekh aalsi kootte saale,1,hi-roman
bhai aalsi kootte,1,hi-roman
bhai aalsi kootte hai,1,hi-roman
bhai aalsi kootte ho,1,hi-roman
bhai aalsi kootte hain,1,hi-roman
bhai aalsi kootte aadmi,1,hi-roman
bhai aalsi kootte insaan,1,hi-roman
bhai aalsi kootte yaar,1,hi-roman
bhai aalsi kootte bro,1,hi-roman
bhai aalsi kootte bhai,1,hi-roman
bhai aalsi kootte saale,1,hi-roman
saale aalsi kootte,1,hi-roman
saale aalsi kootte hai,1,hi-roman
saale aalsi kootte ho,1,hi-roman
saale aalsi kootte hain,1,hi-roman
saale aalsi kootte aadmi,1,hi-roman
saale aalsi kootte insaan,1,hi-roman
saale aalsi kootte yaar,1,hi-roman
saale aalsi kootte bro,1,hi-roman
saale aalsi kootte bhai,1,hi-roman
saale aalsi kootte saale,1,hi-roman
aalsee saale hai,1,hi-roman
aalsee saale ho,1,hi-roman
aalsee saale hain,1,hi-roman
aalsee saale aadmi,1,hi-roman
aalsee saale insaan,1,hi-roman
aalsee saale yaar,1,hi-roman
aalsee saale bro,1,hi-roman
aalsee saale bhai,1,hi-roman
aalsee saale saale,1,hi-roman
tu aalsee saale hai,1,hi-roman
tu aalsee saale ho,1,hi-roman
tu aalsee saale hain,1,hi-roman
tu aalsee saale aadmi,1,hi-roman
tu aalsee saale insaan,1,hi-roman
tu aalsee saale yaar,1,hi-roman
tu aalsee saale bro,1,hi-roman
tu aalsee saale bhai,1,hi-roman
tu aalsee saale saale,1,hi-roman
tum aalsee saale hai,1,hi-roman
tum aalsee saale ho,1,hi-roman
tum aalsee saale hain,1,hi-roman
tum aalsee saale aadmi,1,hi-roman
tum aalsee saale insaan,1,hi-roman
tum aalsee saale yaar,1,hi-roman
tum aalsee saale bro,1,hi-roman
tum aalsee saale bhai,1,hi-roman
tum aalsee saale saale,1,hi-roman
abe aalsee saale hai,1,hi-roman
abe aalsee saale ho,1,hi-roman
abe aalsee saale hain,1,hi-roman
abe aalsee saale aadmi,1,hi-roman
abe aalsee saale insaan,1,hi-roman
abe aalsee saale yaar,1,hi-roman
abe aalsee saale bro,1,hi-roman
abe aalsee saale bhai,1,hi-roman
abe aalsee saale saale,1,hi-roman
oye aalsee saale hai,1,hi-roman
oye aalsee saale ho,1,hi-roman
oye aalsee saale hain,1,hi-roman
oye aalsee saale aadmi,1,hi-roman
oye aalsee saale insaan,1,hi-roman
oye aalsee saale yaar,1,hi-roman
oye aalsee saale bro,1,hi-roman
oye aalsee saale bhai,1,hi-roman
oye aalsee saale saale,1,hi-roman
are aalsee saale hai,1,hi-roman
are aalsee saale ho,1,hi-roman
are aalsee saale hain,1,hi-roman
are aalsee saale aadmi,1,hi-roman
are aalsee saale insaan,1,hi-roman
are aalsee saale yaar,1,hi-roman
are aalsee saale bro,1,hi-roman
are aalsee saale bhai,1,hi-roman
are aalsee saale saale,1,hi-roman
sun aalsee saale hai,1,hi-roman
sun aalsee saale ho,1,hi-roman
sun aalsee saale hain,1,hi-roman
sun aalsee saale aadmi,1,hi-roman
sun aalsee saale insaan,1,hi-roman
sun aalsee saale yaar,1,hi-roman
sun aalsee saale bro,1,hi-roman
sun aalsee saale bhai,1,hi-roman
sun aalsee saale saale,1,hi-roman
dekh aalsee saale hai,1,hi-roman
dekh aalsee saale ho,1,hi-roman
dekh aalsee saale hain,1,hi-roman
dekh aalsee saale aadmi,1,hi-roman
dekh aalsee saale insaan,1,hi-roman
dekh aalsee saale yaar,1,hi-roman
dekh aalsee saale bro,1,hi-roman
dekh aalsee saale bhai,1,hi-roman
dekh aalsee saale saale,1,hi-roman
bhai aalsee saale hai,1,hi-roman
bhai aalsee saale ho,1,hi-roman
bhai aalsee saale hain,1,hi-roman
bhai aalsee saale aadmi,1,hi-roman
bhai aalsee saale insaan,1,hi-roman
bhai aalsee saale yaar,1,hi-roman
bhai aalsee saale bro,1,hi-roman
bhai aalsee saale bhai,1,hi-roman
bhai aalsee saale saale,1,hi-roman
saale aalsee saale hai,1,hi-roman
saale aalsee saale ho,1,hi-roman
saale aalsee saale hain,1,hi-roman
saale aalsee saale aadmi,1,hi-roman
saale aalsee saale insaan,1,hi-roman
saale aalsee saale yaar,1,hi-roman
saale aalsee saale bro,1,hi-roman
saale aalsee saale bhai,1,hi-roman
saale aalsee saale saale,1,hi-roman
aalsi saale hai,1,hi-roman
aalsi saale ho,1,hi-roman
aalsi saale hain,1,hi-roman
aalsi saale aadmi,1,hi-roman
aalsi saale insaan,1,hi-roman
aalsi saale yaar,1,hi-roman
aalsi saale bro,1,hi-roman
aalsi saale bhai,1,hi-roman
aalsi saale saale,1,hi-roman
tu aalsi saale hai,1,hi-roman
tu aalsi saale ho,1,hi-roman
tu aalsi saale hain,1,hi-roman
tu aalsi saale aadmi,1,hi-roman
tu aalsi saale insaan,1,hi-roman
tu aalsi saale yaar,1,hi-roman
tu aalsi saale bro,1,hi-roman
tu aalsi saale bhai,1,hi-roman
tu aalsi saale saale,1,hi-roman
tum aalsi saale hai,1,hi-roman
tum aalsi saale ho,1,hi-roman
tum aalsi saale hain,1,hi-roman
tum aalsi saale aadmi,1,hi-roman
tum aalsi saale insaan,1,hi-roman
tum aalsi saale yaar,1,hi-roman
tum aalsi saale bro,1,hi-roman
tum aalsi saale bhai,1,hi-roman
tum aalsi saale saale,1,hi-roman
abe aalsi saale hai,1,hi-roman
abe aalsi saale ho,1,hi-roman
abe aalsi saale hain,1,hi-roman
abe aalsi saale aadmi,1,hi-roman
abe aalsi saale insaan,1,hi-roman
abe aalsi saale yaar,1,hi-roman
abe aalsi saale bro,1,hi-roman
abe aalsi saale bhai,1,hi-roman
abe aalsi saale saale,1,hi-roman
oye aalsi saale hai,1,hi-roman
oye aalsi saale ho,1,hi-roman
oye aalsi saale hain,1,hi-roman
oye aalsi saale aadmi,1,hi-roman
oye aalsi saale insaan,1,hi-roman
oye aalsi saale yaar,1,hi-roman
oye aalsi saale bro,1,hi-roman
oye aalsi saale bhai,1,hi-roman
oye aalsi saale saale,1,hi-roman
are aalsi saale hai,1,hi-roman
are aalsi saale ho,1,hi-roman
are aalsi saale hain,1,hi-roman
are aalsi saale aadmi,1,hi-roman
are aalsi saale insaan,1,hi-roman
are aalsi saale yaar,1,hi-roman
are aalsi saale bro,1,hi-roman
are aalsi saale bhai,1,hi-roman
are aalsi saale saale,1,hi-roman
sun aalsi saale hai,1,hi-roman
sun aalsi saale ho,1,hi-roman
sun aalsi saale hain,1,hi-roman
sun aalsi saale aadmi,1,hi-roman
sun aalsi saale insaan,1,hi-roman
sun aalsi saale yaar,1,hi-roman
sun aalsi saale bro,1,hi-roman
sun aalsi saale bhai,1,hi-roman
sun aalsi saale saale,1,hi-roman
dekh aalsi saale hai,1,hi-roman
dekh aalsi saale ho,1,hi-roman
dekh aalsi saale hain,1,hi-roman
dekh aalsi saale aadmi,1,hi-roman
dekh aalsi saale insaan,1,hi-roman
dekh aalsi saale yaar,1,hi-roman
dekh aalsi saale bro,1,hi-roman
dekh aalsi saale bhai,1,hi-roman
dekh aalsi saale saale,1,hi-roman
bhai aalsi saale hai,1,hi-roman
bhai aalsi saale ho,1,hi-roman
bhai aalsi saale hain,1,hi-roman
bhai aalsi saale aadmi,1,hi-roman
bhai aalsi saale insaan,1,hi-roman
bhai aalsi saale yaar,1,hi-roman
bhai aalsi saale bro,1,hi-roman
bhai aalsi saale bhai,1,hi-roman
bhai aalsi saale saale,1,hi-roman
saale aalsi saale hai,1,hi-roman
saale aalsi saale ho,1,hi-roman
saale aalsi saale hain,1,hi-roman
saale aalsi saale aadmi,1,hi-roman
saale aalsi saale insaan,1,hi-roman
saale aalsi saale yaar,1,hi-roman
saale aalsi saale bro,1,hi-roman
saale aalsi saale bhai,1,hi-roman
saale aalsi saale saale,1,hi-roman
alsi sale,1,hi-roman
alsi sale hai,1,hi-roman
alsi sale ho,1,hi-roman
alsi sale hain,1,hi-roman
alsi sale aadmi,1,hi-roman
alsi sale insaan,1,hi-roman
alsi sale yaar,1,hi-roman
alsi sale bro,1,hi-roman
alsi sale bhai,1,hi-roman
alsi sale saale,1,hi-roman
tu alsi sale,1,hi-roman
tu alsi sale hai,1,hi-roman
tu alsi sale ho,1,hi-roman
tu alsi sale hain,1,hi-roman
tu alsi sale aadmi,1,hi-roman
tu alsi sale insaan,1,hi-roman
tu alsi sale yaar,1,hi-roman
tu alsi sale bro,1,hi-roman
tu alsi sale bhai,1,hi-roman
tu alsi sale saale,1,hi-roman
tum alsi sale,1,hi-roman
tum alsi sale hai,1,hi-roman
tum alsi sale ho,1,hi-roman
tum alsi sale hain,1,hi-roman
tum alsi sale aadmi,1,hi-roman
tum alsi sale insaan,1,hi-roman
tum alsi sale yaar,1,hi-roman
tum alsi sale bro,1,hi-roman
tum alsi sale bhai,1,hi-roman
tum alsi sale saale,1,hi-roman
abe alsi sale,1,hi-roman
abe alsi sale hai,1,hi-roman
abe alsi sale ho,1,hi-roman
abe alsi sale hain,1,hi-roman
abe alsi sale aadmi,1,hi-roman
abe alsi sale insaan,1,hi-roman
abe alsi sale yaar,1,hi-roman
abe alsi sale bro,1,hi-roman
abe alsi sale bhai,1,hi-roman
abe alsi sale saale,1,hi-roman
oye alsi sale,1,hi-roman
oye alsi sale hai,1,hi-roman
oye alsi sale ho,1,hi-roman
oye alsi sale hain,1,hi-roman
oye alsi sale aadmi,1,hi-roman
oye alsi sale insaan,1,hi-roman
oye alsi sale yaar,1,hi-roman
oye alsi sale bro,1,hi-roman
oye alsi sale bhai,1,hi-roman
oye alsi sale saale,1,hi-roman
are alsi sale,1,hi-roman
are alsi sale hai,1,hi-roman
are alsi sale ho,1,hi-roman
are alsi sale hain,1,hi-roman
are alsi sale aadmi,1,hi-roman
are alsi sale insaan,1,hi-roman
are alsi sale yaar,1,hi-roman
are alsi sale bro,1,hi-roman
are alsi sale bhai,1,hi-roman
are alsi sale saale,1,hi-roman
sun alsi sale,1,hi-roman
sun alsi sale hai,1,hi-roman
sun alsi sale ho,1,hi-roman
sun alsi sale hain,1,hi-roman
sun alsi sale aadmi,1,hi-roman
sun alsi sale insaan,1,hi-roman
sun alsi sale yaar,1,hi-roman
sun alsi sale bro,1,hi-roman
sun alsi sale bhai,1,hi-roman
sun alsi sale saale,1,hi-roman
dekh alsi sale,1,hi-roman
dekh alsi sale hai,1,hi-roman
dekh alsi sale ho,1,hi-roman
dekh alsi sale hain,1,hi-roman
dekh alsi sale aadmi,1,hi-roman
dekh alsi sale insaan,1,hi-roman
dekh alsi sale yaar,1,hi-roman
dekh alsi sale bro,1,hi-roman
dekh alsi sale bhai,1,hi-roman
dekh alsi sale saale,1,hi-roman
bhai alsi sale,1,hi-roman
bhai alsi sale hai,1,hi-roman
bhai alsi sale ho,1,hi-roman
bhai alsi sale hain,1,hi-roman
bhai alsi sale aadmi,1,hi-roman
bhai alsi sale insaan,1,hi-roman
bhai alsi sale yaar,1,hi-roman
bhai alsi sale bro,1,hi-roman
bhai alsi sale bhai,1,hi-roman
bhai alsi sale saale,1,hi-roman
saale alsi sale,1,hi-roman
saale alsi sale hai,1,hi-roman
saale alsi sale ho,1,hi-roman
saale alsi sale hain,1,hi-roman
saale alsi sale aadmi,1,hi-roman
saale alsi sale insaan,1,hi-roman
saale alsi sale yaar,1,hi-roman
saale alsi sale bro,1,hi-roman
saale alsi sale bhai,1,hi-roman
saale alsi sale saale,1,hi-roman
aaaalsi saaaale,1,hi-roman
aaaalsi saaaale hai,1,hi-roman
aaaalsi saaaale ho,1,hi-roman
aaaalsi saaaale hain,1,hi-roman
aaaalsi saaaale aadmi,1,hi-roman
aaaalsi saaaale insaan,1,hi-roman
aaaalsi saaaale yaar,1,hi-roman
aaaalsi saaaale bro,1,hi-roman
aaaalsi saaaale bhai,1,hi-roman
aaaalsi saaaale saale,1,hi-roman
tu aaaalsi saaaale,1,hi-roman
tu aaaalsi saaaale hai,1,hi-roman
tu aaaalsi saaaale ho,1,hi-roman
tu aaaalsi saaaale hain,1,hi-roman
tu aaaalsi saaaale aadmi,1,hi-roman
tu aaaalsi saaaale insaan,1,hi-roman
tu aaaalsi saaaale yaar,1,hi-roman
tu aaaalsi saaaale bro,1,hi-roman
tu aaaalsi saaaale bhai,1,hi-roman
tu aaaalsi saaaale saale,1,hi-roman
tum aaaalsi saaaale,1,hi-roman
tum aaaalsi saaaale hai,1,hi-roman
tum aaaalsi saaaale ho,1,hi-roman
tum aaaalsi saaaale hain,1,hi-roman
tum aaaalsi saaaale aadmi,1,hi-roman
tum aaaalsi saaaale insaan,1,hi-roman
tum aaaalsi saaaale yaar,1,hi-roman
tum aaaalsi saaaale bro,1,hi-roman
tum aaaalsi saaaale bhai,1,hi-roman
tum aaaalsi saaaale saale,1,hi-roman
abe aaaalsi saaaale,1,hi-roman
abe aaaalsi saaaale hai,1,hi-roman
abe aaaalsi saaaale ho,1,hi-roman
abe aaaalsi saaaale hain,1,hi-roman
abe aaaalsi saaaale aadmi,1,hi-roman
abe aaaalsi saaaale insaan,1,hi-roman
abe aaaalsi saaaale yaar,1,hi-roman
abe aaaalsi saaaale bro,1,hi-roman
abe aaaalsi saaaale bhai,1,hi-roman
abe aaaalsi saaaale saale,1,hi-roman
oye aaaalsi saaaale,1,hi-roman
oye aaaalsi saaaale hai,1,hi-roman
oye aaaalsi saaaale ho,1,hi-roman
oye aaaalsi saaaale hain,1,hi-roman
oye aaaalsi saaaale aadmi,1,hi-roman
oye aaaalsi saaaale insaan,1,hi-roman
oye aaaalsi saaaale yaar,1,hi-roman
oye aaaalsi saaaale bro,1,hi-roman
oye aaaalsi saaaale bhai,1,hi-roman
oye aaaalsi saaaale saale,1,hi-roman
are aaaalsi saaaale,1,hi-roman
are aaaalsi saaaale hai,1,hi-roman
are aaaalsi saaaale ho,1,hi-roman
are aaaalsi saaaale hain,1,hi-roman
are aaaalsi saaaale aadmi,1,hi-roman
are aaaalsi saaaale insaan,1,hi-roman
are aaaalsi saaaale yaar,1,hi-roman
are aaaalsi saaaale bro,1,hi-roman
are aaaalsi saaaale bhai,1,hi-roman
are aaaalsi saaaale saale,1,hi-roman
sun aaaalsi saaaale,1,hi-roman
sun aaaalsi saaaale hai,1,hi-roman
sun aaaalsi saaaale ho,1,hi-roman
sun aaaalsi saaaale hain,1,hi-roman
sun aaaalsi saaaale aadmi,1,hi-roman
sun aaaalsi saaaale insaan,1,hi-roman
sun aaaalsi saaaale yaar,1,hi-roman
sun aaaalsi saaaale bro,1,hi-roman
sun aaaalsi saaaale bhai,1,hi-roman
sun aaaalsi saaaale saale,1,hi-roman
dekh aaaalsi saaaale,1,hi-roman
dekh aaaalsi saaaale hai,1,hi-roman
dekh aaaalsi saaaale ho,1,hi-roman
dekh aaaalsi saaaale hain,1,hi-roman
dekh aaaalsi saaaale aadmi,1,hi-roman
dekh aaaalsi saaaale insaan,1,hi-roman
dekh aaaalsi saaaale yaar,1,hi-roman
dekh aaaalsi saaaale bro,1,hi-roman
dekh aaaalsi saaaale bhai,1,hi-roman
dekh aaaalsi saaaale saale,1,hi-roman
bhai aaaalsi saaaale,1,hi-roman
bhai aaaalsi saaaale hai,1,hi-roman
bhai aaaalsi saaaale ho,1,hi-roman
bhai aaaalsi saaaale hain,1,hi-roman
bhai aaaalsi saaaale aadmi,1,hi-roman
bhai aaaalsi saaaale insaan,1,hi-roman
bhai aaaalsi saaaale yaar,1,hi-roman
bhai aaaalsi saaaale bro,1,hi-roman
bhai aaaalsi saaaale bhai,1,hi-roman
bhai aaaalsi saaaale saale,1,hi-roman
saale aaaalsi saaaale,1,hi-roman
saale aaaalsi saaaale hai,1,hi-roman
saale aaaalsi saaaale ho,1,hi-roman
saale aaaalsi saaaale hain,1,hi-roman
saale aaaalsi saaaale aadmi,1,hi-roman
saale aaaalsi saaaale insaan,1,hi-roman
saale aaaalsi saaaale yaar,1,hi-roman
saale aaaalsi saaaale bro,1,hi-roman
saale aaaalsi saaaale bhai,1,hi-roman
saale aaaalsi saaaale saale,1,hi-roman
alsi tha,1,hi-roman
alsi tha hai,1,hi-roman
alsi tha ho,1,hi-roman
alsi tha hain,1,hi-roman
alsi tha aadmi,1,hi-roman
alsi tha insaan,1,hi-roman
alsi tha yaar,1,hi-roman
alsi tha bro,1,hi-roman
alsi tha bhai,1,hi-roman
alsi tha saale,1,hi-roman
tu alsi tha,1,hi-roman
tu alsi tha hai,1,hi-roman
tu alsi tha ho,1,hi-roman
tu alsi tha hain,1,hi-roman
tu alsi tha aadmi,1,hi-roman
tu alsi tha insaan,1,hi-roman
tu alsi tha yaar,1,hi-roman
tu alsi tha bro,1,hi-roman
tu alsi tha bhai,1,hi-roman
tu alsi tha saale,1,hi-roman
tum alsi tha,1,hi-roman
tum alsi tha hai,1,hi-roman
tum alsi tha ho,1,hi-roman
tum alsi tha hain,1,hi-roman
tum alsi tha aadmi,1,hi-roman
tum alsi tha insaan,1,hi-roman
tum alsi tha yaar,1,hi-roman
tum alsi tha bro,1,hi-roman
tum alsi tha bhai,1,hi-roman
tum alsi tha saale,1,hi-roman
abe alsi tha,1,hi-roman
abe alsi tha hai,1,hi-roman
abe alsi tha ho,1,hi-roman
abe alsi tha hain,1,hi-roman
abe alsi tha aadmi,1,hi-roman
abe alsi tha insaan,1,hi-roman
abe alsi tha yaar,1,hi-roman
abe alsi tha bro,1,hi-roman
abe alsi tha bhai,1,hi-roman
abe alsi tha saale,1,hi-roman
oye alsi tha,1,hi-roman
oye alsi tha hai,1,hi-roman
oye alsi tha ho,1,hi-roman
oye alsi tha hain,1,hi-roman
oye alsi tha aadmi,1,hi-roman
oye alsi tha insaan,1,hi-roman
oye alsi tha yaar,1,hi-roman
oye alsi tha bro,1,hi-roman
oye alsi tha bhai,1,hi-roman
oye alsi tha saale,1,hi-roman
are alsi tha,1,hi-roman
are alsi tha hai,1,hi-roman
are alsi tha ho,1,hi-roman
are alsi tha hain,1,hi-roman
are alsi tha aadmi,1,hi-roman
are alsi tha insaan,1,hi-roman
are alsi tha yaar,1,hi-roman
are alsi tha bro,1,hi-roman
are alsi tha bhai,1,hi-roman
are alsi tha saale,1,hi-roman
sun alsi tha,1,hi-roman
sun alsi tha hai,1,hi-roman
sun alsi tha ho,1,hi-roman
sun alsi tha hain,1,hi-roman
sun alsi tha aadmi,1,hi-roman
sun alsi tha insaan,1,hi-roman
sun alsi tha yaar,1,hi-roman
sun alsi tha bro,1,hi-roman
sun alsi tha bhai,1,hi-roman
sun alsi tha saale,1,hi-roman
dekh alsi tha,1,hi-roman
dekh alsi tha hai,1,hi-roman
dekh alsi tha ho,1,hi-roman
dekh alsi tha hain,1,hi-roman
dekh alsi tha aadmi,1,hi-roman
dekh alsi tha insaan,1,hi-roman
dekh alsi tha yaar,1,hi-roman
dekh alsi tha bro,1,hi-roman
dekh alsi tha bhai,1,hi-roman
dekh alsi tha saale,1,hi-roman
bhai alsi tha,1,hi-roman
bhai alsi tha hai,1,hi-roman
bhai alsi tha ho,1,hi-roman
bhai alsi tha hain,1,hi-roman
bhai alsi tha aadmi,1,hi-roman
bhai alsi tha insaan,1,hi-roman
bhai alsi tha yaar,1,hi-roman
bhai alsi tha bro,1,hi-roman
bhai alsi tha bhai,1,hi-roman
bhai alsi tha saale,1,hi-roman
saale alsi tha,1,hi-roman
saale alsi tha hai,1,hi-roman
saale alsi tha ho,1,hi-roman
saale alsi tha hain,1,hi-roman
saale alsi tha aadmi,1,hi-roman
saale alsi tha insaan,1,hi-roman
saale alsi tha yaar,1,hi-roman
saale alsi tha bro,1,hi-roman
saale alsi tha bhai,1,hi-roman
saale alsi tha saale,1,hi-roman
aalsee tha,1,hi-roman
aalsee tha hai,1,hi-roman
aalsee tha ho,1,hi-roman
aalsee tha hain,1,hi-roman
aalsee tha aadmi,1,hi-roman
aalsee tha insaan,1,hi-roman
aalsee tha yaar,1,hi-roman
aalsee tha bro,1,hi-roman
aalsee tha bhai,1,hi-roman
aalsee tha saale,1,hi-roman
tu aalsee tha,1,hi-roman
tu aalsee tha hai,1,hi-roman
tu aalsee tha ho,1,hi-roman
tu aalsee tha hain,1,hi-roman
tu aalsee tha aadmi,1,hi-roman
tu aalsee tha insaan,1,hi-roman
tu aalsee tha yaar,1,hi-roman
tu aalsee tha bro,1,hi-roman
tu aalsee tha bhai,1,hi-roman
tu aalsee tha saale,1,hi-roman
tum aalsee tha,1,hi-roman
tum aalsee tha hai,1,hi-roman
tum aalsee tha ho,1,hi-roman
tum aalsee tha hain,1,hi-roman
tum aalsee tha aadmi,1,hi-roman
tum aalsee tha insaan,1,hi-roman
tum aalsee tha yaar,1,hi-roman
tum aalsee tha bro,1,hi-roman
tum aalsee tha bhai,1,hi-roman
tum aalsee tha saale,1,hi-roman
abe aalsee tha,1,hi-roman
abe aalsee tha hai,1,hi-roman
abe aalsee tha ho,1,hi-roman
abe aalsee tha hain,1,hi-roman
abe aalsee tha aadmi,1,hi-roman
abe aalsee tha insaan,1,hi-roman
abe aalsee tha yaar,1,hi-roman
abe aalsee tha bro,1,hi-roman
abe aalsee tha bhai,1,hi-roman
abe aalsee tha saale,1,hi-roman
oye aalsee tha,1,hi-roman
oye aalsee tha hai,1,hi-roman
oye aalsee tha ho,1,hi-roman
oye aalsee tha hain,1,hi-roman
oye aalsee tha aadmi,1,hi-roman
oye aalsee tha insaan,1,hi-roman
oye aalsee tha yaar,1,hi-roman
oye aalsee tha bro,1,hi-roman
oye aalsee tha bhai,1,hi-roman
oye aalsee tha saale,1,hi-roman
are aalsee tha,1,hi-roman
are aalsee tha hai,1,hi-roman
are aalsee tha ho,1,hi-roman
are aalsee tha hain,1,hi-roman
are aalsee tha aadmi,1,hi-roman
are aalsee tha insaan,1,hi-roman
are aalsee tha yaar,1,hi-roman
are aalsee tha bro,1,hi-roman
are aalsee tha bhai,1,hi-roman
are aalsee tha saale,1,hi-roman
sun aalsee tha,1,hi-roman
sun aalsee tha hai,1,hi-roman
sun aalsee tha ho,1,hi-roman
sun aalsee tha hain,1,hi-roman
sun aalsee tha aadmi,1,hi-roman
sun aalsee tha insaan,1,hi-roman
sun aalsee tha yaar,1,hi-roman
sun aalsee tha bro,1,hi-roman
sun aalsee tha bhai,1,hi-roman
sun aalsee tha saale,1,hi-roman
dekh aalsee tha,1,hi-roman
dekh aalsee tha hai,1,hi-roman
dekh aalsee tha ho,1,hi-roman
dekh aalsee tha hain,1,hi-roman
dekh aalsee tha aadmi,1,hi-roman
dekh aalsee tha insaan,1,hi-roman
dekh aalsee tha yaar,1,hi-roman
dekh aalsee tha bro,1,hi-roman
dekh aalsee tha bhai,1,hi-roman
dekh aalsee tha saale,1,hi-roman
bhai aalsee tha,1,hi-roman
bhai aalsee tha hai,1,hi-roman
bhai aalsee tha ho,1,hi-roman
bhai aalsee tha hain,1,hi-roman
bhai aalsee tha aadmi,1,hi-roman
bhai aalsee tha insaan,1,hi-roman
bhai aalsee tha yaar,1,hi-roman
bhai aalsee tha bro,1,hi-roman
bhai aalsee tha bhai,1,hi-roman
bhai aalsee tha saale,1,hi-roman
saale aalsee tha,1,hi-roman
saale aalsee tha hai,1,hi-roman
saale aalsee tha ho,1,hi-roman
saale aalsee tha hain,1,hi-roman
saale aalsee tha aadmi,1,hi-roman
saale aalsee tha insaan,1,hi-roman
saale aalsee tha yaar,1,hi-roman
saale aalsee tha bro,1,hi-roman
saale aalsee tha bhai,1,hi-roman
saale aalsee tha saale,1,hi-roman
aalsi tha hai,1,hi-roman
aalsi tha ho,1,hi-roman
aalsi tha hain,1,hi-roman
aalsi tha aadmi,1,hi-roman
aalsi tha insaan,1,hi-roman
aalsi tha yaar,1,hi-roman
aalsi tha bro,1,hi-roman
aalsi tha bhai,1,hi-roman
aalsi tha saale,1,hi-roman
tu aalsi tha hai,1,hi-roman
tu aalsi tha ho,1,hi-roman
tu aalsi tha hain,1,hi-roman
tu aalsi tha aadmi,1,hi-roman
tu aalsi tha insaan,1,hi-roman
tu aalsi tha yaar,1,hi-roman
tu aalsi tha bro,1,hi-roman
tu aalsi tha bhai,1,hi-roman
tu aalsi tha saale,1,hi-roman
tum aalsi tha hai,1,hi-roman
tum aalsi tha ho,1,hi-roman
tum aalsi tha hain,1,hi-roman
tum aalsi tha aadmi,1,hi-roman
tum aalsi tha insaan,1,hi-roman
tum aalsi tha yaar,1,hi-roman
tum aalsi tha bro,1,hi-roman
tum aalsi tha bhai,1,hi-roman
tum aalsi tha saale,1,hi-roman
abe aalsi tha hai,1,hi-roman
abe aalsi tha ho,1,hi-roman
abe aalsi tha hain,1,hi-roman
abe aalsi tha aadmi,1,hi-roman
abe aalsi tha insaan,1,hi-roman
abe aalsi tha yaar,1,hi-roman
abe aalsi tha bro,1,hi-roman
abe aalsi tha bhai,1,hi-roman
abe aalsi tha saale,1,hi-roman
oye aalsi tha hai,1,hi-roman
oye aalsi tha ho,1,hi-roman
oye aalsi tha hain,1,hi-roman
oye aalsi tha aadmi,1,hi-roman
oye aalsi tha insaan,1,hi-roman
oye aalsi tha yaar,1,hi-roman
oye aalsi tha bro,1,hi-roman
oye aalsi tha bhai,1,hi-roman
oye aalsi tha saale,1,hi-roman
are aalsi tha hai,1,hi-roman
are aalsi tha ho,1,hi-roman
are aalsi tha hain,1,hi-roman
are aalsi tha aadmi,1,hi-roman
are aalsi tha insaan,1,hi-roman
are aalsi tha yaar,1,hi-roman
are aalsi tha bro,1,hi-roman
are aalsi tha bhai,1,hi-roman
are aalsi tha saale,1,hi-roman
sun aalsi tha hai,1,hi-roman
sun aalsi tha ho,1,hi-roman
sun aalsi tha hain,1,hi-roman
sun aalsi tha aadmi,1,hi-roman
sun aalsi tha insaan,1,hi-roman
sun aalsi tha yaar,1,hi-roman
sun aalsi tha bro,1,hi-roman
sun aalsi tha bhai,1,hi-roman
sun aalsi tha saale,1,hi-roman
dekh aalsi tha hai,1,hi-roman
dekh aalsi tha ho,1,hi-roman
dekh aalsi tha hain,1,hi-roman
dekh aalsi tha aadmi,1,hi-roman
dekh aalsi tha insaan,1,hi-roman
dekh aalsi tha yaar,1,hi-roman
dekh aalsi tha bro,1,hi-roman
dekh aalsi tha bhai,1,hi-roman
dekh aalsi tha saale,1,hi-roman
bhai aalsi tha,1,hi-roman
bhai aalsi tha hai,1,hi-roman
bhai aalsi tha ho,1,hi-roman
bhai aalsi tha hain,1,hi-roman
bhai aalsi tha aadmi,1,hi-roman
bhai aalsi tha insaan,1,hi-roman
bhai aalsi tha yaar,1,hi-roman
bhai aalsi tha bro,1,hi-roman
bhai aalsi tha bhai,1,hi-roman
bhai aalsi tha saale,1,hi-roman
saale aalsi tha,1,hi-roman
saale aalsi tha hai,1,hi-roman
saale aalsi tha ho,1,hi-roman
saale aalsi tha hain,1,hi-roman
saale aalsi tha aadmi,1,hi-roman
saale aalsi tha insaan,1,hi-roman
saale aalsi tha yaar,1,hi-roman
saale aalsi tha bro,1,hi-roman
saale aalsi tha bhai,1,hi-roman
saale aalsi tha saale,1,hi-roman
aaaalsi thaa,1,hi-roman
aaaalsi thaa hai,1,hi-roman
aaaalsi thaa ho,1,hi-roman
aaaalsi thaa hain,1,hi-roman
aaaalsi thaa aadmi,1,hi-roman
aaaalsi thaa insaan,1,hi-roman
aaaalsi thaa yaar,1,hi-roman
aaaalsi thaa bro,1,hi-roman
aaaalsi thaa bhai,1,hi-roman
aaaalsi thaa saale,1,hi-roman
tu aaaalsi thaa,1,hi-roman
tu aaaalsi thaa hai,1,hi-roman
tu aaaalsi thaa ho,1,hi-roman
tu aaaalsi thaa hain,1,hi-roman
tu aaaalsi thaa aadmi,1,hi-roman
tu aaaalsi thaa insaan,1,hi-roman
tu aaaalsi thaa yaar,1,hi-roman
tu aaaalsi thaa bro,1,hi-roman
tu aaaalsi thaa bhai,1,hi-roman
tu aaaalsi thaa saale,1,hi-roman
tum aaaalsi thaa,1,hi-roman
tum aaaalsi thaa hai,1,hi-roman
tum aaaalsi thaa ho,1,hi-roman
tum aaaalsi thaa hain,1,hi-roman
tum aaaalsi thaa aadmi,1,hi-roman
tum aaaalsi thaa insaan,1,hi-roman
tum aaaalsi thaa yaar,1,hi-roman
tum aaaalsi thaa bro,1,hi-roman
tum aaaalsi thaa bhai,1,hi-roman
tum aaaalsi thaa saale,1,hi-roman
abe aaaalsi thaa,1,hi-roman
abe aaaalsi thaa hai,1,hi-roman
abe aaaalsi thaa ho,1,hi-roman
abe aaaalsi thaa hain,1,hi-roman
abe aaaalsi thaa aadmi,1,hi-roman
abe aaaalsi thaa insaan,1,hi-roman
abe aaaalsi thaa yaar,1,hi-roman
abe aaaalsi thaa bro,1,hi-roman
abe aaaalsi thaa bhai,1,hi-roman
abe aaaalsi thaa saale,1,hi-roman
oye aaaalsi thaa,1,hi-roman
oye aaaalsi thaa hai,1,hi-roman
oye aaaalsi thaa ho,1,hi-roman
oye aaaalsi thaa hain,1,hi-roman
oye aaaalsi thaa aadmi,1,hi-roman
oye aaaalsi thaa insaan,1,hi-roman
oye aaaalsi thaa yaar,1,hi-roman
oye aaaalsi thaa bro,1,hi-roman
oye aaaalsi thaa bhai,1,hi-roman
oye aaaalsi thaa saale,1,hi-roman
are aaaalsi thaa,1,hi-roman
are aaaalsi thaa hai,1,hi-roman
are aaaalsi thaa ho,1,hi-roman
are aaaalsi thaa hain,1,hi-roman
are aaaalsi thaa aadmi,1,hi-roman
are aaaalsi thaa insaan,1,hi-roman
are aaaalsi thaa yaar,1,hi-roman
are aaaalsi thaa bro,1,hi-roman
are aaaalsi thaa bhai,1,hi-roman
are aaaalsi thaa saale,1,hi-roman
sun aaaalsi thaa,1,hi-roman
sun aaaalsi thaa hai,1,hi-roman
sun aaaalsi thaa ho,1,hi-roman
sun aaaalsi thaa hain,1,hi-roman
sun aaaalsi thaa aadmi,1,hi-roman
sun aaaalsi thaa insaan,1,hi-roman
sun aaaalsi thaa yaar,1,hi-roman
sun aaaalsi thaa bro,1,hi-roman
sun aaaalsi thaa bhai,1,hi-roman
sun aaaalsi thaa saale,1,hi-roman
dekh aaaalsi thaa,1,hi-roman
dekh aaaalsi thaa hai,1,hi-roman
dekh aaaalsi thaa ho,1,hi-roman
dekh aaaalsi thaa hain,1,hi-roman
dekh aaaalsi thaa aadmi,1,hi-roman
dekh aaaalsi thaa insaan,1,hi-roman
dekh aaaalsi thaa yaar,1,hi-roman
dekh aaaalsi thaa bro,1,hi-roman
dekh aaaalsi thaa bhai,1,hi-roman
dekh aaaalsi thaa saale,1,hi-roman
bhai aaaalsi thaa,1,hi-roman
bhai aaaalsi thaa hai,1,hi-roman
bhai aaaalsi thaa ho,1,hi-roman
bhai aaaalsi thaa hain,1,hi-roman
bhai aaaalsi thaa aadmi,1,hi-roman
bhai aaaalsi thaa insaan,1,hi-roman
bhai aaaalsi thaa yaar,1,hi-roman
bhai aaaalsi thaa bro,1,hi-roman
bhai aaaalsi thaa bhai,1,hi-roman
bhai aaaalsi thaa saale,1,hi-roman
saale aaaalsi thaa,1,hi-roman
saale aaaalsi thaa hai,1,hi-roman
saale aaaalsi thaa ho,1,hi-roman
saale aaaalsi thaa hain,1,hi-roman
saale aaaalsi thaa aadmi,1,hi-roman
saale aaaalsi thaa insaan,1,hi-roman
saale aaaalsi thaa yaar,1,hi-roman
saale aaaalsi thaa bro,1,hi-roman
saale aaaalsi thaa bhai,1,hi-roman
saale aaaalsi thaa saale,1,hi-roman
alsi yar,1,hi-roman
alsi yar hai,1,hi-roman
alsi yar ho,1,hi-roman
alsi yar hain,1,hi-roman
alsi yar aadmi,1,hi-roman
alsi yar insaan,1,hi-roman
alsi yar yaar,1,hi-roman
alsi yar bro,1,hi-roman
alsi yar bhai,1,hi-roman
alsi yar saale,1,hi-roman
tu alsi yar,1,hi-roman
tu alsi yar hai,1,hi-roman
tu alsi yar ho,1,hi-roman
tu alsi yar hain,1,hi-roman
tu alsi yar aadmi,1,hi-roman
tu alsi yar insaan,1,hi-roman
tu alsi yar yaar,1,hi-roman
tu alsi yar bro,1,hi-roman
tu alsi yar bhai,1,hi-roman
tu alsi yar saale,1,hi-roman
tum alsi yar,1,hi-roman
tum alsi yar hai,1,hi-roman
tum alsi yar ho,1,hi-roman
tum alsi yar hain,1,hi-roman
tum alsi yar aadmi,1,hi-roman
tum alsi yar insaan,1,hi-roman
tum alsi yar yaar,1,hi-roman
tum alsi yar bro,1,hi-roman
tum alsi yar bhai,1,hi-roman
tum alsi yar saale,1,hi-roman
abe alsi yar,1,hi-roman
abe alsi yar hai,1,hi-roman
abe alsi yar ho,1,hi-roman
abe alsi yar hain,1,hi-roman
abe alsi yar aadmi,1,hi-roman
abe alsi yar insaan,1,hi-roman
abe alsi yar yaar,1,hi-roman
abe alsi yar bro,1,hi-roman
abe alsi yar bhai,1,hi-roman
abe alsi yar saale,1,hi-roman
oye alsi yar,1,hi-roman
oye alsi yar hai,1,hi-roman
oye alsi yar ho,1,hi-roman
oye alsi yar hain,1,hi-roman
oye alsi yar aadmi,1,hi-roman
oye alsi yar insaan,1,hi-roman
oye alsi yar yaar,1,hi-roman
oye alsi yar bro,1,hi-roman
oye alsi yar bhai,1,hi-roman
oye alsi yar saale,1,hi-roman
are alsi yar,1,hi-roman
are alsi yar hai,1,hi-roman
are alsi yar ho,1,hi-roman
are alsi yar hain,1,hi-roman
are alsi yar aadmi,1,hi-roman
are alsi yar insaan,1,hi-roman
are alsi yar yaar,1,hi-roman
are alsi yar bro,1,hi-roman
are alsi yar bhai,1,hi-roman
are alsi yar saale,1,hi-roman
sun alsi yar,1,hi-roman
sun alsi yar hai,1,hi-roman
sun alsi yar ho,1,hi-roman
sun alsi yar hain,1,hi-roman
sun alsi yar aadmi,1,hi-roman
sun alsi yar insaan,1,hi-roman
sun alsi yar yaar,1,hi-roman
sun alsi yar bro,1,hi-roman
sun alsi yar bhai,1,hi-roman
sun alsi yar saale,1,hi-roman
dekh alsi yar,1,hi-roman
dekh alsi yar hai,1,hi-roman
dekh alsi yar ho,1,hi-roman
dekh alsi yar hain,1,hi-roman
dekh alsi yar aadmi,1,hi-roman
dekh alsi yar insaan,1,hi-roman
dekh alsi yar yaar,1,hi-roman
dekh alsi yar bro,1,hi-roman
dekh alsi yar bhai,1,hi-roman
dekh alsi yar saale,1,hi-roman
bhai alsi yar,1,hi-roman
bhai alsi yar hai,1,hi-roman
bhai alsi yar ho,1,hi-roman
bhai alsi yar hain,1,hi-roman
bhai alsi yar aadmi,1,hi-roman
bhai alsi yar insaan,1,hi-roman
bhai alsi yar yaar,1,hi-roman
bhai alsi yar bro,1,hi-roman
bhai alsi yar bhai,1,hi-roman
bhai alsi yar saale,1,hi-roman
saale alsi yar,1,hi-roman
saale alsi yar hai,1,hi-roman
saale alsi yar ho,1,hi-roman
saale alsi yar hain,1,hi-roman
saale alsi yar aadmi,1,hi-roman
saale alsi yar insaan,1,hi-roman
saale alsi yar yaar,1,hi-roman
saale alsi yar bro,1,hi-roman
saale alsi yar bhai,1,hi-roman
saale alsi yar saale,1,hi-roman
aalsee yaar hai,1,hi-roman
aalsee yaar ho,1,hi-roman
aalsee yaar hain,1,hi-roman
aalsee yaar aadmi,1,hi-roman
aalsee yaar insaan,1,hi-roman
aalsee yaar yaar,1,hi-roman
aalsee yaar bro,1,hi-roman
aalsee yaar bhai,1,hi-roman
aalsee yaar saale,1,hi-roman
tu aalsee yaar hai,1,hi-roman
tu aalsee yaar ho,1,hi-roman
tu aalsee yaar hain,1,hi-roman
tu aalsee yaar aadmi,1,hi-roman
tu aalsee yaar insaan,1,hi-roman
tu aalsee yaar yaar,1,hi-roman
tu aalsee yaar bro,1,hi-roman
tu aalsee yaar bhai,1,hi-roman
tu aalsee yaar saale,1,hi-roman
tum aalsee yaar hai,1,hi-roman
tum aalsee yaar ho,1,hi-roman
tum aalsee yaar hain,1,hi-roman
tum aalsee yaar aadmi,1,hi-roman
tum aalsee yaar insaan,1,hi-roman
tum aalsee yaar yaar,1,hi-roman
tum aalsee yaar bro,1,hi-roman
tum aalsee yaar bhai,1,hi-roman
tum aalsee yaar saale,1,hi-roman
abe aalsee yaar hai,1,hi-roman
abe aalsee yaar ho,1,hi-roman
abe aalsee yaar hain,1,hi-roman
abe aalsee yaar aadmi,1,hi-roman
abe aalsee yaar insaan,1,hi-roman
abe aalsee yaar yaar,1,hi-roman
abe aalsee yaar bro,1,hi-roman
abe aalsee yaar bhai,1,hi-roman
abe aalsee yaar saale,1,hi-roman
oye aalsee yaar hai,1,hi-roman
oye aalsee yaar ho,1,hi-roman
oye aalsee yaar hain,1,hi-roman
oye aalsee yaar aadmi,1,hi-roman
oye aalsee yaar insaan,1,hi-roman
oye aalsee yaar yaar,1,hi-roman
oye aalsee yaar bro,1,hi-roman
oye aalsee yaar bhai,1,hi-roman
oye aalsee yaar saale,1,hi-roman
are aalsee yaar hai,1,hi-roman
are aalsee yaar ho,1,hi-roman
are aalsee yaar hain,1,hi-roman
are aalsee yaar aadmi,1,hi-roman
are aalsee yaar insaan,1,hi-roman
are aalsee yaar yaar,1,hi-roman
are aalsee yaar bro,1,hi-roman
are aalsee yaar bhai,1,hi-roman
are aalsee yaar saale,1,hi-roman
sun aalsee yaar hai,1,hi-roman
sun aalsee yaar ho,1,hi-roman
sun aalsee yaar hain,1,hi-roman
sun aalsee yaar aadmi,1,hi-roman
sun aalsee yaar insaan,1,hi-roman
sun aalsee yaar yaar,1,hi-roman
sun aalsee yaar bro,1,hi-roman
sun aalsee yaar bhai,1,hi-roman
sun aalsee yaar saale,1,hi-roman
dekh aalsee yaar hai,1,hi-roman
dekh aalsee yaar ho,1,hi-roman
dekh aalsee yaar hain,1,hi-roman
dekh aalsee yaar aadmi,1,hi-roman
dekh aalsee yaar insaan,1,hi-roman
dekh aalsee yaar yaar,1,hi-roman
dekh aalsee yaar bro,1,hi-roman
dekh aalsee yaar bhai,1,hi-roman
dekh aalsee yaar saale,1,hi-roman
bhai aalsee yaar hai,1,hi-roman
bhai aalsee yaar ho,1,hi-roman
bhai aalsee yaar hain,1,hi-roman
bhai aalsee yaar aadmi,1,hi-roman
bhai aalsee yaar insaan,1,hi-roman
bhai aalsee yaar yaar,1,hi-roman
bhai aalsee yaar bro,1,hi-roman
bhai aalsee yaar bhai,1,hi-roman
bhai aalsee yaar saale,1,hi-roman
saale aalsee yaar hai,1,hi-roman
saale aalsee yaar ho,1,hi-roman
saale aalsee yaar hain,1,hi-roman
saale aalsee yaar aadmi,1,hi-roman
saale aalsee yaar insaan,1,hi-roman
saale aalsee yaar yaar,1,hi-roman
saale aalsee yaar bro,1,hi-roman
saale aalsee yaar bhai,1,hi-roman
saale aalsee yaar saale,1,hi-roman
aaaalsi yaaaar,1,hi-roman
aaaalsi yaaaar hai,1,hi-roman
aaaalsi yaaaar ho,1,hi-roman
aaaalsi yaaaar hain,1,hi-roman
aaaalsi yaaaar aadmi,1,hi-roman
aaaalsi yaaaar insaan,1,hi-roman
aaaalsi yaaaar yaar,1,hi-roman
aaaalsi yaaaar bro,1,hi-roman
aaaalsi yaaaar bhai,1,hi-roman
aaaalsi yaaaar saale,1,hi-roman
tu aaaalsi yaaaar,1,hi-roman
tu aaaalsi yaaaar hai,1,hi-roman
tu aaaalsi yaaaar ho,1,hi-roman
tu aaaalsi yaaaar hain,1,hi-roman
tu aaaalsi yaaaar aadmi,1,hi-roman
tu aaaalsi yaaaar insaan,1,hi-roman
tu aaaalsi yaaaar yaar,1,hi-roman
tu aaaalsi yaaaar bro,1,hi-roman
tu aaaalsi yaaaar bhai,1,hi-roman
tu aaaalsi yaaaar saale,1,hi-roman
tum aaaalsi yaaaar,1,hi-roman
tum aaaalsi yaaaar hai,1,hi-roman
tum aaaalsi yaaaar ho,1,hi-roman
tum aaaalsi yaaaar hain,1,hi-roman
tum aaaalsi yaaaar aadmi,1,hi-roman
tum aaaalsi yaaaar insaan,1,hi-roman
tum aaaalsi yaaaar yaar,1,hi-roman
tum aaaalsi yaaaar bro,1,hi-roman
tum aaaalsi yaaaar bhai,1,hi-roman
tum aaaalsi yaaaar saale,1,hi-roman
abe aaaalsi yaaaar,1,hi-roman
abe aaaalsi yaaaar hai,1,hi-roman
abe aaaalsi yaaaar ho,1,hi-roman
abe aaaalsi yaaaar hain,1,hi-roman
abe aaaalsi yaaaar aadmi,1,hi-roman
abe aaaalsi yaaaar insaan,1,hi-roman
abe aaaalsi yaaaar yaar,1,hi-roman
abe aaaalsi yaaaar bro,1,hi-roman
abe aaaalsi yaaaar bhai,1,hi-roman
abe aaaalsi yaaaar saale,1,hi-roman
oye aaaalsi yaaaar,1,hi-roman
oye aaaalsi yaaaar hai,1,hi-roman
oye aaaalsi yaaaar ho,1,hi-roman
oye aaaalsi yaaaar hain,1,hi-roman
oye aaaalsi yaaaar aadmi,1,hi-roman
oye aaaalsi yaaaar insaan,1,hi-roman
oye aaaalsi yaaaar yaar,1,hi-roman
oye aaaalsi yaaaar bro,1,hi-roman
oye aaaalsi yaaaar bhai,1,hi-roman
oye aaaalsi yaaaar saale,1,hi-roman
are aaaalsi yaaaar,1,hi-roman
are aaaalsi yaaaar hai,1,hi-roman
are aaaalsi yaaaar ho,1,hi-roman
are aaaalsi yaaaar hain,1,hi-roman
are aaaalsi yaaaar aadmi,1,hi-roman
are aaaalsi yaaaar insaan,1,hi-roman
are aaaalsi yaaaar yaar,1,hi-roman
are aaaalsi yaaaar bro,1,hi-roman
are aaaalsi yaaaar bhai,1,hi-roman
are aaaalsi yaaaar saale,1,hi-roman
sun aaaalsi yaaaar,1,hi-roman
sun aaaalsi yaaaar hai,1,hi-roman
sun aaaalsi yaaaar ho,1,hi-roman
sun aaaalsi yaaaar hain,1,hi-roman
sun aaaalsi yaaaar aadmi,1,hi-roman
sun aaaalsi yaaaar insaan,1,hi-roman
sun aaaalsi yaaaar yaar,1,hi-roman
sun aaaalsi yaaaar bro,1,hi-roman
sun aaaalsi yaaaar bhai,1,hi-roman
sun aaaalsi yaaaar saale,1,hi-roman
dekh aaaalsi yaaaar,1,hi-roman
dekh aaaalsi yaaaar hai,1,hi-roman
dekh aaaalsi yaaaar ho,1,hi-roman
dekh aaaalsi yaaaar hain,1,hi-roman
dekh aaaalsi yaaaar aadmi,1,hi-roman
dekh aaaalsi yaaaar insaan,1,hi-roman
dekh aaaalsi yaaaar yaar,1,hi-roman
dekh aaaalsi yaaaar bro,1,hi-roman
dekh aaaalsi yaaaar bhai,1,hi-roman
dekh aaaalsi yaaaar saale,1,hi-roman
bhai aaaalsi yaaaar,1,hi-roman
bhai aaaalsi yaaaar hai,1,hi-roman
bhai aaaalsi yaaaar ho,1,hi-roman
bhai aaaalsi yaaaar hain,1,hi-roman
bhai aaaalsi yaaaar aadmi,1,hi-roman
bhai aaaalsi yaaaar insaan,1,hi-roman
bhai aaaalsi yaaaar yaar,1,hi-roman
bhai aaaalsi yaaaar bro,1,hi-roman
bhai aaaalsi yaaaar bhai,1,hi-roman
bhai aaaalsi yaaaar saale,1,hi-roman
saale aaaalsi yaaaar,1,hi-roman
saale aaaalsi yaaaar hai,1,hi-roman
saale aaaalsi yaaaar ho,1,hi-roman
saale aaaalsi yaaaar hain,1,hi-roman
saale aaaalsi yaaaar aadmi,1,hi-roman
saale aaaalsi yaaaar insaan,1,hi-roman
saale aaaalsi yaaaar yaar,1,hi-roman
saale aaaalsi yaaaar bro,1,hi-roman
saale aaaalsi yaaaar bhai,1,hi-roman
saale aaaalsi yaaaar saale,1,hi-roman
aalsi yaar hai,1,hi-roman
aalsi yaar ho,1,hi-roman
aalsi yaar hain,1,hi-roman
aalsi yaar aadmi,1,hi-roman
aalsi yaar insaan,1,hi-roman
aalsi yaar yaar,1,hi-roman
aalsi yaar bro,1,hi-roman
aalsi yaar bhai,1,hi-roman
aalsi yaar saale,1,hi-roman
tu aalsi yaar hai,1,hi-roman
tu aalsi yaar ho,1,hi-roman
tu aalsi yaar hain,1,hi-roman
tu aalsi yaar aadmi,1,hi-roman
tu aalsi yaar insaan,1,hi-roman
tu aalsi yaar yaar,1,hi-roman
tu aalsi yaar bro,1,hi-roman
tu aalsi yaar bhai,1,hi-roman
tu aalsi yaar saale,1,hi-roman
tum aalsi yaar hai,1,hi-roman
tum aalsi yaar ho,1,hi-roman
tum aalsi yaar hain,1,hi-roman
tum aalsi yaar aadmi,1,hi-roman
tum aalsi yaar insaan,1,hi-roman
tum aalsi yaar yaar,1,hi-roman
tum aalsi yaar bro,1,hi-roman
tum aalsi yaar bhai,1,hi-roman
tum aalsi yaar saale,1,hi-roman
abe aalsi yaar hai,1,hi-roman
abe aalsi yaar ho,1,hi-roman
abe aalsi yaar hain,1,hi-roman
abe aalsi yaar aadmi,1,hi-roman
abe aalsi yaar insaan,1,hi-roman
abe aalsi yaar yaar,1,hi-roman
abe aalsi yaar bro,1,hi-roman
abe aalsi yaar bhai,1,hi-roman
abe aalsi yaar saale,1,hi-roman
oye aalsi yaar hai,1,hi-roman
oye aalsi yaar ho,1,hi-roman
oye aalsi yaar hain,1,hi-roman
oye aalsi yaar aadmi,1,hi-roman
oye aalsi yaar insaan,1,hi-roman
oye aalsi yaar yaar,1,hi-roman
oye aalsi yaar bro,1,hi-roman
oye aalsi yaar bhai,1,hi-roman
oye aalsi yaar saale,1,hi-roman
are aalsi yaar hai,1,hi-roman
are aalsi yaar ho,1,hi-roman
are aalsi yaar hain,1,hi-roman
are aalsi yaar aadmi,1,hi-roman
are aalsi yaar insaan,1,hi-roman
are aalsi yaar yaar,1,hi-roman
are aalsi yaar bro,1,hi-roman
are aalsi yaar bhai,1,hi-roman
are aalsi yaar saale,1,hi-roman
sun aalsi yaar hai,1,hi-roman
sun aalsi yaar ho,1,hi-roman
sun aalsi yaar hain,1,hi-roman
sun aalsi yaar aadmi,1,hi-roman
sun aalsi yaar insaan,1,hi-roman
sun aalsi yaar yaar,1,hi-roman
sun aalsi yaar bro,1,hi-roman
sun aalsi yaar bhai,1,hi-roman
sun aalsi yaar saale,1,hi-roman
dekh aalsi yaar hai,1,hi-roman
dekh aalsi yaar ho,1,hi-roman
dekh aalsi yaar hain,1,hi-roman
dekh aalsi yaar aadmi,1,hi-roman
dekh aalsi yaar insaan,1,hi-roman
dekh aalsi yaar yaar,1,hi-roman
dekh aalsi yaar bro,1,hi-roman
dekh aalsi yaar bhai,1,hi-roman
dekh aalsi yaar saale,1,hi-roman
bhai aalsi yaar hai,1,hi-roman
bhai aalsi yaar ho,1,hi-roman
bhai aalsi yaar hain,1,hi-roman
bhai aalsi yaar aadmi,1,hi-roman
bhai aalsi yaar insaan,1,hi-roman
bhai aalsi yaar yaar,1,hi-roman
bhai aalsi yaar bro,1,hi-roman
bhai aalsi yaar bhai,1,hi-roman
bhai aalsi yaar saale,1,hi-roman
saale aalsi yaar hai,1,hi-roman
saale aalsi yaar ho,1,hi-roman
saale aalsi yaar hain,1,hi-roman
saale aalsi yaar aadmi,1,hi-roman
saale aalsi yaar insaan,1,hi-roman
saale aalsi yaar yaar,1,hi-roman
saale aalsi yaar bro,1,hi-roman
saale aalsi yaar bhai,1,hi-roman
saale aalsi yaar saale,1,hi-roman
tu abe aalsi,1,hi-roman
tu abe aalsi hai,1,hi-roman
tu abe aalsi ho,1,hi-roman
tu abe aalsi hain,1,hi-roman
tu abe aalsi aadmi,1,hi-roman
tu abe aalsi insaan,1,hi-roman
tu abe aalsi yaar,1,hi-roman
tu abe aalsi bro,1,hi-roman
tu abe aalsi bhai,1,hi-roman
tu abe aalsi saale,1,hi-roman
tum abe aalsi,1,hi-roman
tum abe aalsi hai,1,hi-roman
tum abe aalsi ho,1,hi-roman
tum abe aalsi hain,1,hi-roman
tum abe aalsi aadmi,1,hi-roman
tum abe aalsi insaan,1,hi-roman
tum abe aalsi yaar,1,hi-roman
tum abe aalsi bro,1,hi-roman
tum abe aalsi bhai,1,hi-roman
tum abe aalsi saale,1,hi-roman
abe abe aalsi,1,hi-roman
abe abe aalsi hai,1,hi-roman
abe abe aalsi ho,1,hi-roman
abe abe aalsi hain,1,hi-roman
abe abe aalsi aadmi,1,hi-roman
abe abe aalsi insaan,1,hi-roman
abe abe aalsi yaar,1,hi-roman
abe abe aalsi bro,1,hi-roman
abe abe aalsi bhai,1,hi-roman
abe abe aalsi saale,1,hi-roman
oye abe aalsi,1,hi-roman
oye abe aalsi hai,1,hi-roman
oye abe aalsi ho,1,hi-roman
oye abe aalsi hain,1,hi-roman
oye abe aalsi aadmi,1,hi-roman
oye abe aalsi insaan,1,hi-roman
oye abe aalsi yaar,1,hi-roman
oye abe aalsi bro,1,hi-roman
oye abe aalsi bhai,1,hi-roman
oye abe aalsi saale,1,hi-roman
are abe aalsi,1,hi-roman
are abe aalsi hai,1,hi-roman
are abe aalsi ho,1,hi-roman
are abe aalsi hain,1,hi-roman
are abe aalsi aadmi,1,hi-roman
are abe aalsi insaan,1,hi-roman
are abe aalsi yaar,1,hi-roman
are abe aalsi bro,1,hi-roman
are abe aalsi bhai,1,hi-roman
are abe aalsi saale,1,hi-roman
sun abe aalsi,1,hi-roman
sun abe aalsi hai,1,hi-roman
sun abe aalsi ho,1,hi-roman
sun abe aalsi hain,1,hi-roman
sun abe aalsi aadmi,1,hi-roman
sun abe aalsi insaan,1,hi-roman
sun abe aalsi yaar,1,hi-roman
sun abe aalsi bro,1,hi-roman
sun abe aalsi bhai,1,hi-roman
sun abe aalsi saale,1,hi-roman
dekh abe aalsi,1,hi-roman
dekh abe aalsi hai,1,hi-roman
dekh abe aalsi ho,1,hi-roman
dekh abe aalsi hain,1,hi-roman
dekh abe aalsi aadmi,1,hi-roman
dekh abe aalsi insaan,1,hi-roman
dekh abe aalsi yaar,1,hi-roman
dekh abe aalsi bro,1,hi-roman
dekh abe aalsi bhai,1,hi-roman
dekh abe aalsi saale,1,hi-roman
bhai abe aalsi,1,hi-roman
bhai abe aalsi hai,1,hi-roman
bhai abe aalsi ho,1,hi-roman
bhai abe aalsi hain,1,hi-roman
bhai abe aalsi aadmi,1,hi-roman
bhai abe aalsi insaan,1,hi-roman
bhai abe aalsi yaar,1,hi-roman
bhai abe aalsi bro,1,hi-roman
bhai abe aalsi bhai,1,hi-roman
bhai abe aalsi saale,1,hi-roman
saale abe aalsi,1,hi-roman
saale abe aalsi hai,1,hi-roman
saale abe aalsi ho,1,hi-roman
saale abe aalsi hain,1,hi-roman
saale abe aalsi aadmi,1,hi-roman
saale abe aalsi insaan,1,hi-roman
saale abe aalsi yaar,1,hi-roman
saale abe aalsi bro,1,hi-roman
saale abe aalsi bhai,1,hi-roman
saale abe aalsi saale,1,hi-roman
tu abe aalsee,1,hi-roman
tu abe aalsee hai,1,hi-roman
tu abe aalsee ho,1,hi-roman
tu abe aalsee hain,1,hi-roman
tu abe aalsee aadmi,1,hi-roman
tu abe aalsee insaan,1,hi-roman
tu abe aalsee yaar,1,hi-roman
tu abe aalsee bro,1,hi-roman
tu abe aalsee bhai,1,hi-roman
tu abe aalsee saale,1,hi-roman
tum abe aalsee,1,hi-roman
tum abe aalsee hai,1,hi-roman
tum abe aalsee ho,1,hi-roman
tum abe aalsee hain,1,hi-roman
tum abe aalsee aadmi,1,hi-roman
tum abe aalsee insaan,1,hi-roman
tum abe aalsee yaar,1,hi-roman
tum abe aalsee bro,1,hi-roman
tum abe aalsee bhai,1,hi-roman
tum abe aalsee saale,1,hi-roman
abe abe aalsee,1,hi-roman
abe abe aalsee hai,1,hi-roman
abe abe aalsee ho,1,hi-roman
abe abe aalsee hain,1,hi-roman
abe abe aalsee aadmi,1,hi-roman
abe abe aalsee insaan,1,hi-roman
abe abe aalsee yaar,1,hi-roman
abe abe aalsee bro,1,hi-roman
abe abe aalsee bhai,1,hi-roman
abe abe aalsee saale,1,hi-roman
oye abe aalsee,1,hi-roman
oye abe aalsee hai,1,hi-roman
oye abe aalsee ho,1,hi-roman
oye abe aalsee hain,1,hi-roman
oye abe aalsee aadmi,1,hi-roman
oye abe aalsee insaan,1,hi-roman
oye abe aalsee yaar,1,hi-roman
oye abe aalsee bro,1,hi-roman
oye abe aalsee bhai,1,hi-roman
oye abe aalsee saale,1,hi-roman
are abe aalsee,1,hi-roman
are abe aalsee hai,1,hi-roman
are abe aalsee ho,1,hi-roman
are abe aalsee hain,1,hi-roman
are abe aalsee aadmi,1,hi-roman
are abe aalsee insaan,1,hi-roman
are abe aalsee yaar,1,hi-roman
are abe aalsee bro,1,hi-roman
are abe aalsee bhai,1,hi-roman
are abe aalsee saale,1,hi-roman
sun abe aalsee,1,hi-roman
sun abe aalsee hai,1,hi-roman
sun abe aalsee ho,1,hi-roman
sun abe aalsee hain,1,hi-roman
sun abe aalsee aadmi,1,hi-roman
sun abe aalsee insaan,1,hi-roman
sun abe aalsee yaar,1,hi-roman
sun abe aalsee bro,1,hi-roman
sun abe aalsee bhai,1,hi-roman
sun abe aalsee saale,1,hi-roman
dekh abe aalsee,1,hi-roman
dekh abe aalsee hai,1,hi-roman
dekh abe aalsee ho,1,hi-roman
dekh abe aalsee hain,1,hi-roman
dekh abe aalsee aadmi,1,hi-roman
dekh abe aalsee insaan,1,hi-roman
dekh abe aalsee yaar,1,hi-roman
dekh abe aalsee bro,1,hi-roman
dekh abe aalsee bhai,1,hi-roman
dekh abe aalsee saale,1,hi-roman
bhai abe aalsee,1,hi-roman
bhai abe aalsee hai,1,hi-roman
bhai abe aalsee ho,1,hi-roman
bhai abe aalsee hain,1,hi-roman
bhai abe aalsee aadmi,1,hi-roman
bhai abe aalsee insaan,1,hi-roman
bhai abe aalsee yaar,1,hi-roman
bhai abe aalsee bro,1,hi-roman
bhai abe aalsee bhai,1,hi-roman
bhai abe aalsee saale,1,hi-roman
saale abe aalsee,1,hi-roman
saale abe aalsee hai,1,hi-roman
saale abe aalsee ho,1,hi-roman
saale abe aalsee hain,1,hi-roman
saale abe aalsee aadmi,1,hi-roman
saale abe aalsee insaan,1,hi-roman
saale abe aalsee yaar,1,hi-roman
saale abe aalsee bro,1,hi-roman
saale abe aalsee bhai,1,hi-roman
saale abe aalsee saale,1,hi-roman
aabe aaaalsi,1,hi-roman
aabe aaaalsi hai,1,hi-roman
aabe aaaalsi ho,1,hi-roman
aabe aaaalsi hain,1,hi-roman
aabe aaaalsi aadmi,1,hi-roman
aabe aaaalsi insaan,1,hi-roman
aabe aaaalsi yaar,1,hi-roman
aabe aaaalsi bro,1,hi-roman
aabe aaaalsi bhai,1,hi-roman
aabe aaaalsi saale,1,hi-roman
tu aabe aaaalsi,1,hi-roman
tu aabe aaaalsi hai,1,hi-roman
tu aabe aaaalsi ho,1,hi-roman
tu aabe aaaalsi hain,1,hi-roman
tu aabe aaaalsi aadmi,1,hi-roman
tu aabe aaaalsi insaan,1,hi-roman
tu aabe aaaalsi yaar,1,hi-roman
tu aabe aaaalsi bro,1,hi-roman
tu aabe aaaalsi bhai,1,hi-roman
tu aabe aaaalsi saale,1,hi-roman
tum aabe aaaalsi,1,hi-roman
tum aabe aaaalsi hai,1,hi-roman
tum aabe aaaalsi ho,1,hi-roman
tum aabe aaaalsi hain,1,hi-roman
tum aabe aaaalsi aadmi,1,hi-roman
tum aabe aaaalsi insaan,1,hi-roman
tum aabe aaaalsi yaar,1,hi-roman
tum aabe aaaalsi bro,1,hi-roman
tum aabe aaaalsi bhai,1,hi-roman
tum aabe aaaalsi saale,1,hi-roman
abe aabe aaaalsi,1,hi-roman
abe aabe aaaalsi hai,1,hi-roman
abe aabe aaaalsi ho,1,hi-roman
abe aabe aaaalsi hain,1,hi-roman
abe aabe aaaalsi aadmi,1,hi-roman
abe aabe aaaalsi insaan,1,hi-roman
abe aabe aaaalsi yaar,1,hi-roman
abe aabe aaaalsi bro,1,hi-roman
abe aabe aaaalsi bhai,1,hi-roman
abe aabe aaaalsi saale,1,hi-roman
oye aabe aaaalsi,1,hi-roman
oye aabe aaaalsi hai,1,hi-roman
oye aabe aaaalsi ho,1,hi-roman
oye aabe aaaalsi hain,1,hi-roman
oye aabe aaaalsi aadmi,1,hi-roman
oye aabe aaaalsi insaan,1,hi-roman
oye aabe aaaalsi yaar,1,hi-roman
oye aabe aaaalsi bro,1,hi-roman
oye aabe aaaalsi bhai,1,hi-roman
oye aabe aaaalsi saale,1,hi-roman
are aabe aaaalsi,1,hi-roman
are aabe aaaalsi hai,1,hi-roman
are aabe aaaalsi ho,1,hi-roman
are aabe aaaalsi hain,1,hi-roman
are aabe aaaalsi aadmi,1,hi-roman
are aabe aaaalsi insaan,1,hi-roman
are aabe aaaalsi yaar,1,hi-roman
are aabe aaaalsi bro,1,hi-roman
are aabe aaaalsi bhai,1,hi-roman
are aabe aaaalsi saale,1,hi-roman
sun aabe aaaalsi,1,hi-roman
sun aabe aaaalsi hai,1,hi-roman
sun aabe aaaalsi ho,1,hi-roman
sun aabe aaaalsi hain,1,hi-roman
sun aabe aaaalsi aadmi,1,hi-roman
sun aabe aaaalsi insaan,1,hi-roman
sun aabe aaaalsi yaar,1,hi-roman
sun aabe aaaalsi bro,1,hi-roman
sun aabe aaaalsi bhai,1,hi-roman
sun aabe aaaalsi saale,1,hi-roman
dekh aabe aaaalsi,1,hi-roman
dekh aabe aaaalsi hai,1,hi-roman
dekh aabe aaaalsi ho,1,hi-roman
dekh aabe aaaalsi hain,1,hi-roman
dekh aabe aaaalsi aadmi,1,hi-roman
dekh aabe aaaalsi insaan,1,hi-roman
dekh aabe aaaalsi yaar,1,hi-roman
dekh aabe aaaalsi bro,1,hi-roman
dekh aabe aaaalsi bhai,1,hi-roman
dekh aabe aaaalsi saale,1,hi-roman
bhai aabe aaaalsi,1,hi-roman
bhai aabe aaaalsi hai,1,hi-roman
bhai aabe aaaalsi ho,1,hi-roman
bhai aabe aaaalsi hain,1,hi-roman
bhai aabe aaaalsi aadmi,1,hi-roman
bhai aabe aaaalsi insaan,1,hi-roman
bhai aabe aaaalsi yaar,1,hi-roman
bhai aabe aaaalsi bro,1,hi-roman
bhai aabe aaaalsi bhai,1,hi-roman
bhai aabe aaaalsi saale,1,hi-roman
saale aabe aaaalsi,1,hi-roman
saale aabe aaaalsi hai,1,hi-roman
saale aabe aaaalsi ho,1,hi-roman
saale aabe aaaalsi hain,1,hi-roman
saale aabe aaaalsi aadmi,1,hi-roman
saale aabe aaaalsi insaan,1,hi-roman
saale aabe aaaalsi yaar,1,hi-roman
saale aabe aaaalsi bro,1,hi-roman
saale aabe aaaalsi bhai,1,hi-roman
saale aabe aaaalsi saale,1,hi-roman
tu abe alsi,1,hi-roman
tu abe alsi hai,1,hi-roman
tu abe alsi ho,1,hi-roman
tu abe alsi hain,1,hi-roman
tu abe alsi aadmi,1,hi-roman
tu abe alsi insaan,1,hi-roman
tu abe alsi yaar,1,hi-roman
tu abe alsi bro,1,hi-roman
tu abe alsi bhai,1,hi-roman
tu abe alsi saale,1,hi-roman
tum abe alsi,1,hi-roman
tum abe alsi hai,1,hi-roman
tum abe alsi ho,1,hi-roman
tum abe alsi hain,1,hi-roman
tum abe alsi aadmi,1,hi-roman
tum abe alsi insaan,1,hi-roman
tum abe alsi yaar,1,hi-roman
tum abe alsi bro,1,hi-roman
tum abe alsi bhai,1,hi-roman
tum abe alsi saale,1,hi-roman
abe abe alsi,1,hi-roman
abe abe alsi hai,1,hi-roman
abe abe alsi ho,1,hi-roman
abe abe alsi hain,1,hi-roman
abe abe alsi aadmi,1,hi-roman
abe abe alsi insaan,1,hi-roman
abe abe alsi yaar,1,hi-roman
abe abe alsi bro,1,hi-roman
abe abe alsi bhai,1,hi-roman
abe abe alsi saale,1,hi-roman
oye abe alsi,1,hi-roman
oye abe alsi hai,1,hi-roman
oye abe alsi ho,1,hi-roman
oye abe alsi hain,1,hi-roman
oye abe alsi aadmi,1,hi-roman
oye abe alsi insaan,1,hi-roman
oye abe alsi yaar,1,hi-roman
oye abe alsi bro,1,hi-roman
oye abe alsi bhai,1,hi-roman
oye abe alsi saale,1,hi-roman
are abe alsi,1,hi-roman
are abe alsi hai,1,hi-roman
are abe alsi ho,1,hi-roman
are abe alsi hain,1,hi-roman
are abe alsi aadmi,1,hi-roman
are abe alsi insaan,1,hi-roman
are abe alsi yaar,1,hi-roman
are abe alsi bro,1,hi-roman
are abe alsi bhai,1,hi-roman
are abe alsi saale,1,hi-roman
sun abe alsi,1,hi-roman
sun abe alsi hai,1,hi-roman
sun abe alsi ho,1,hi-roman
sun abe alsi hain,1,hi-roman
sun abe alsi aadmi,1,hi-roman
sun abe alsi insaan,1,hi-roman
sun abe alsi yaar,1,hi-roman
sun abe alsi bro,1,hi-roman
sun abe alsi bhai,1,hi-roman
sun abe alsi saale,1,hi-roman
dekh abe alsi,1,hi-roman
dekh abe alsi hai,1,hi-roman
dekh abe alsi ho,1,hi-roman
dekh abe alsi hain,1,hi-roman
dekh abe alsi aadmi,1,hi-roman
dekh abe alsi insaan,1,hi-roman
dekh abe alsi yaar,1,hi-roman
dekh abe alsi bro,1,hi-roman
dekh abe alsi bhai,1,hi-roman
dekh abe alsi saale,1,hi-roman
bhai abe alsi,1,hi-roman
bhai abe alsi hai,1,hi-roman
bhai abe alsi ho,1,hi-roman
bhai abe alsi hain,1,hi-roman
bhai abe alsi aadmi,1,hi-roman
bhai abe alsi insaan,1,hi-roman
bhai abe alsi yaar,1,hi-roman
bhai abe alsi bro,1,hi-roman
bhai abe alsi bhai,1,hi-roman
bhai abe alsi saale,1,hi-roman
saale abe alsi,1,hi-roman
saale abe alsi hai,1,hi-roman
saale abe alsi ho,1,hi-roman
saale abe alsi hain,1,hi-roman
saale abe alsi aadmi,1,hi-roman
saale abe alsi insaan,1,hi-roman
saale abe alsi yaar,1,hi-roman
saale abe alsi bro,1,hi-roman
saale abe alsi bhai,1,hi-roman
saale abe alsi saale,1,hi-roman
tu abe aalsi aadmi hai,1,hi-roman
tu abe aalsi aadmi ho,1,hi-roman
tu abe aalsi aadmi hain,1,hi-roman
tu abe aalsi aadmi aadmi,1,hi-roman
tu abe aalsi aadmi insaan,1,hi-roman
tu abe aalsi aadmi yaar,1,hi-roman
tu abe aalsi aadmi bro,1,hi-roman
tu abe aalsi aadmi bhai,1,hi-roman
tu abe aalsi aadmi saale,1,hi-roman
tum abe aalsi aadmi hai,1,hi-roman
tum abe aalsi aadmi ho,1,hi-roman
tum abe aalsi aadmi hain,1,hi-roman
tum abe aalsi aadmi aadmi,1,hi-roman
tum abe aalsi aadmi insaan,1,hi-roman
tum abe aalsi aadmi yaar,1,hi-roman
tum abe aalsi aadmi bro,1,hi-roman
tum abe aalsi aadmi bhai,1,hi-roman
tum abe aalsi aadmi saale,1,hi-roman
abe abe aalsi aadmi hai,1,hi-roman
abe abe aalsi aadmi ho,1,hi-roman
abe abe aalsi aadmi hain,1,hi-roman
abe abe aalsi aadmi aadmi,1,hi-roman
abe abe aalsi aadmi insaan,1,hi-roman
abe abe aalsi aadmi yaar,1,hi-roman
abe abe aalsi aadmi bro,1,hi-roman
abe abe aalsi aadmi bhai,1,hi-roman
abe abe aalsi aadmi saale,1,hi-roman
oye abe aalsi aadmi hai,1,hi-roman
oye abe aalsi aadmi ho,1,hi-roman
oye abe aalsi aadmi hain,1,hi-roman
oye abe aalsi aadmi aadmi,1,hi-roman
oye abe aalsi aadmi insaan,1,hi-roman
oye abe aalsi aadmi yaar,1,hi-roman
oye abe aalsi aadmi bro,1,hi-roman
oye abe aalsi aadmi bhai,1,hi-roman
oye abe aalsi aadmi saale,1,hi-roman
are abe aalsi aadmi hai,1,hi-roman
are abe aalsi aadmi ho,1,hi-roman
are abe aalsi aadmi hain,1,hi-roman
are abe aalsi aadmi aadmi,1,hi-roman
are abe aalsi aadmi insaan,1,hi-roman
are abe aalsi aadmi yaar,1,hi-roman
are abe aalsi aadmi bro,1,hi-roman
are abe aalsi aadmi bhai,1,hi-roman
are abe aalsi aadmi saale,1,hi-roman
sun abe aalsi aadmi hai,1,hi-roman
sun abe aalsi aadmi ho,1,hi-roman
sun abe aalsi aadmi hain,1,hi-roman
sun abe aalsi aadmi aadmi,1,hi-roman
sun abe aalsi aadmi insaan,1,hi-roman
sun abe aalsi aadmi yaar,1,hi-roman
sun abe aalsi aadmi bro,1,hi-roman
sun abe aalsi aadmi bhai,1,hi-roman
sun abe aalsi aadmi saale,1,hi-roman
dekh abe aalsi aadmi hai,1,hi-roman
dekh abe aalsi aadmi ho,1,hi-roman
dekh abe aalsi aadmi hain,1,hi-roman
dekh abe aalsi aadmi aadmi,1,hi-roman
dekh abe aalsi aadmi insaan,1,hi-roman
dekh abe aalsi aadmi yaar,1,hi-roman
dekh abe aalsi aadmi bro,1,hi-roman
dekh abe aalsi aadmi bhai,1,hi-roman
dekh abe aalsi aadmi saale,1,hi-roman
bhai abe aalsi aadmi hai,1,hi-roman
bhai abe aalsi aadmi ho,1,hi-roman
bhai abe aalsi aadmi hain,1,hi-roman
bhai abe aalsi aadmi aadmi,1,hi-roman
bhai abe aalsi aadmi insaan,1,hi-roman
bhai abe aalsi aadmi yaar,1,hi-roman
bhai abe aalsi aadmi bro,1,hi-roman
bhai abe aalsi aadmi bhai,1,hi-roman
bhai abe aalsi aadmi saale,1,hi-roman
saale abe aalsi aadmi hai,1,hi-roman
saale abe aalsi aadmi ho,1,hi-roman
saale abe aalsi aadmi hain,1,hi-roman
saale abe aalsi aadmi aadmi,1,hi-roman
saale abe aalsi aadmi insaan,1,hi-roman
saale abe aalsi aadmi yaar,1,hi-roman
saale abe aalsi aadmi bro,1,hi-roman
saale abe aalsi aadmi bhai,1,hi-roman
saale abe aalsi aadmi saale,1,hi-roman
tu abe aalsee aadmee,1,hi-roman
tu abe aalsee aadmee hai,1,hi-roman
tu abe aalsee aadmee ho,1,hi-roman
tu abe aalsee aadmee hain,1,hi-roman
tu abe aalsee aadmee aadmi,1,hi-roman
tu abe aalsee aadmee insaan,1,hi-roman
tu abe aalsee aadmee yaar,1,hi-roman
tu abe aalsee aadmee bro,1,hi-roman
tu abe aalsee aadmee bhai,1,hi-roman
tu abe aalsee aadmee saale,1,hi-roman
tum abe aalsee aadmee,1,hi-roman
tum abe aalsee aadmee hai,1,hi-roman
tum abe aalsee aadmee ho,1,hi-roman
tum abe aalsee aadmee hain,1,hi-roman
tum abe aalsee aadmee aadmi,1,hi-roman
tum abe aalsee aadmee insaan,1,hi-roman
tum abe aalsee aadmee yaar,1,hi-roman
tum abe aalsee aadmee bro,1,hi-roman
tum abe aalsee aadmee bhai,1,hi-roman
tum abe aalsee aadmee saale,1,hi-roman
abe abe aalsee aadmee,1,hi-roman
abe abe aalsee aadmee hai,1,hi-roman
abe abe aalsee aadmee ho,1,hi-roman
abe abe aalsee aadmee hain,1,hi-roman
abe abe aalsee aadmee aadmi,1,hi-roman
abe abe aalsee aadmee insaan,1,hi-roman
abe abe aalsee aadmee yaar,1,hi-roman
abe abe aalsee aadmee bro,1,hi-roman
abe abe aalsee aadmee bhai,1,hi-roman
abe abe aalsee aadmee saale,1,hi-roman
oye abe aalsee aadmee,1,hi-roman
oye abe aalsee aadmee hai,1,hi-roman
oye abe aalsee aadmee ho,1,hi-roman
oye abe aalsee aadmee hain,1,hi-roman
oye abe aalsee aadmee aadmi,1,hi-roman
oye abe aalsee aadmee insaan,1,hi-roman
oye abe aalsee aadmee yaar,1,hi-roman
oye abe aalsee aadmee bro,1,hi-roman
oye abe aalsee aadmee bhai,1,hi-roman
oye abe aalsee aadmee saale,1,hi-roman
are abe aalsee aadmee,1,hi-roman
are abe aalsee aadmee hai,1,hi-roman
are abe aalsee aadmee ho,1,hi-roman
are abe aalsee aadmee hain,1,hi-roman
are abe aalsee aadmee aadmi,1,hi-roman
are abe aalsee aadmee insaan,1,hi-roman
are abe aalsee aadmee yaar,1,hi-roman
are abe aalsee aadmee bro,1,hi-roman
are abe aalsee aadmee bhai,1,hi-roman
are abe aalsee aadmee saale,1,hi-roman
sun abe aalsee aadmee,1,hi-roman
sun abe aalsee aadmee hai,1,hi-roman
sun abe aalsee aadmee ho,1,hi-roman
sun abe aalsee aadmee hain,1,hi-roman
sun abe aalsee aadmee aadmi,1,hi-roman
sun abe aalsee aadmee insaan,1,hi-roman
sun abe aalsee aadmee yaar,1,hi-roman
sun abe aalsee aadmee bro,1,hi-roman
sun abe aalsee aadmee bhai,1,hi-roman
sun abe aalsee aadmee saale,1,hi-roman
dekh abe aalsee aadmee,1,hi-roman
dekh abe aalsee aadmee hai,1,hi-roman
dekh abe aalsee aadmee ho,1,hi-roman
dekh abe aalsee aadmee hain,1,hi-roman
dekh abe aalsee aadmee aadmi,1,hi-roman
dekh abe aalsee aadmee insaan,1,hi-roman
dekh abe aalsee aadmee yaar,1,hi-roman
dekh abe aalsee aadmee bro,1,hi-roman
dekh abe aalsee aadmee bhai,1,hi-roman
dekh abe aalsee aadmee saale,1,hi-roman
bhai abe aalsee aadmee,1,hi-roman
bhai abe aalsee aadmee hai,1,hi-roman
bhai abe aalsee aadmee ho,1,hi-roman
bhai abe aalsee aadmee hain,1,hi-roman
bhai abe aalsee aadmee aadmi,1,hi-roman
bhai abe aalsee aadmee insaan,1,hi-roman
bhai abe aalsee aadmee yaar,1,hi-roman
bhai abe aalsee aadmee bro,1,hi-roman
bhai abe aalsee aadmee bhai,1,hi-roman
bhai abe aalsee aadmee saale,1,hi-roman
saale abe aalsee aadmee,1,hi-roman
saale abe aalsee aadmee hai,1,hi-roman
saale abe aalsee aadmee ho,1,hi-roman
saale abe aalsee aadmee hain,1,hi-roman
saale abe aalsee aadmee aadmi,1,hi-roman
saale abe aalsee aadmee insaan,1,hi-roman
saale abe aalsee aadmee yaar,1,hi-roman
saale abe aalsee aadmee bro,1,hi-roman
saale abe aalsee aadmee bhai,1,hi-roman
saale abe aalsee aadmee saale,1,hi-roman
aabe aaaalsi aaaadmi,1,hi-roman
aabe aaaalsi aaaadmi hai,1,hi-roman
aabe aaaalsi aaaadmi ho,1,hi-roman
aabe aaaalsi aaaadmi hain,1,hi-roman
aabe aaaalsi aaaadmi aadmi,1,hi-roman
aabe aaaalsi aaaadmi insaan,1,hi-roman
aabe aaaalsi aaaadmi yaar,1,hi-roman
aabe aaaalsi aaaadmi bro,1,hi-roman
aabe aaaalsi aaaadmi bhai,1,hi-roman
aabe aaaalsi aaaadmi saale,1,hi-roman
tu aabe aaaalsi aaaadmi,1,hi-roman
tu aabe aaaalsi aaaadmi hai,1,hi-roman
tu aabe aaaalsi aaaadmi ho,1,hi-roman
tu aabe aaaalsi aaaadmi hain,1,hi-roman
tu aabe aaaalsi aaaadmi aadmi,1,hi-roman
tu aabe aaaalsi aaaadmi insaan,1,hi-roman
tu aabe aaaalsi aaaadmi yaar,1,hi-roman
tu aabe aaaalsi aaaadmi bro,1,hi-roman
tu aabe aaaalsi aaaadmi bhai,1,hi-roman
tu aabe aaaalsi aaaadmi saale,1,hi-roman
tum aabe aaaalsi aaaadmi,1,hi-roman
tum aabe aaaalsi aaaadmi hai,1,hi-roman
tum aabe aaaalsi aaaadmi ho,1,hi-roman
tum aabe aaaalsi aaaadmi hain,1,hi-roman
tum aabe aaaalsi aaaadmi aadmi,1,hi-roman
tum aabe aaaalsi aaaadmi insaan,1,hi-roman
tum aabe aaaalsi aaaadmi yaar,1,hi-roman
tum aabe aaaalsi aaaadmi bro,1,hi-roman
tum aabe aaaalsi aaaadmi bhai,1,hi-roman
tum aabe aaaalsi aaaadmi saale,1,hi-roman
abe aabe aaaalsi aaaadmi,1,hi-roman
abe aabe aaaalsi aaaadmi hai,1,hi-roman
abe aabe aaaalsi aaaadmi ho,1,hi-roman
abe aabe aaaalsi aaaadmi hain,1,hi-roman
abe aabe aaaalsi aaaadmi aadmi,1,hi-roman
abe aabe aaaalsi aaaadmi insaan,1,hi-roman
abe aabe aaaalsi aaaadmi yaar,1,hi-roman
abe aabe aaaalsi aaaadmi bro,1,hi-roman
abe aabe aaaalsi aaaadmi bhai,1,hi-roman
abe aabe aaaalsi aaaadmi saale,1,hi-roman
oye aabe aaaalsi aaaadmi,1,hi-roman
oye aabe aaaalsi aaaadmi hai,1,hi-roman
oye aabe aaaalsi aaaadmi ho,1,hi-roman
oye aabe aaaalsi aaaadmi hain,1,hi-roman
oye aabe aaaalsi aaaadmi aadmi,1,hi-roman
oye aabe aaaalsi aaaadmi insaan,1,hi-roman
oye aabe aaaalsi aaaadmi yaar,1,hi-roman
oye aabe aaaalsi aaaadmi bro,1,hi-roman
oye aabe aaaalsi aaaadmi bhai,1,hi-roman
oye aabe aaaalsi aaaadmi saale,1,hi-roman
are aabe aaaalsi aaaadmi,1,hi-roman
are aabe aaaalsi aaaadmi hai,1,hi-roman
are aabe aaaalsi aaaadmi ho,1,hi-roman
are aabe aaaalsi aaaadmi hain,1,hi-roman
are aabe aaaalsi aaaadmi aadmi,1,hi-roman
are aabe aaaalsi aaaadmi insaan,1,hi-roman
are aabe aaaalsi aaaadmi yaar,1,hi-roman
are aabe aaaalsi aaaadmi bro,1,hi-roman
are aabe aaaalsi aaaadmi bhai,1,hi-roman
are aabe aaaalsi aaaadmi saale,1,hi-roman
sun aabe aaaalsi aaaadmi,1,hi-roman
sun aabe aaaalsi aaaadmi hai,1,hi-roman
sun aabe aaaalsi aaaadmi ho,1,hi-roman
sun aabe aaaalsi aaaadmi hain,1,hi-roman
sun aabe aaaalsi aaaadmi aadmi,1,hi-roman
sun aabe aaaalsi aaaadmi insaan,1,hi-roman
sun aabe aaaalsi aaaadmi yaar,1,hi-roman
sun aabe aaaalsi aaaadmi bro,1,hi-roman
sun aabe aaaalsi aaaadmi bhai,1,hi-roman
sun aabe aaaalsi aaaadmi saale,1,hi-roman
dekh aabe aaaalsi aaaadmi,1,hi-roman
dekh aabe aaaalsi aaaadmi hai,1,hi-roman
dekh aabe aaaalsi aaaadmi ho,1,hi-roman
dekh aabe aaaalsi aaaadmi hain,1,hi-roman
dekh aabe aaaalsi aaaadmi aadmi,1,hi-roman
dekh aabe aaaalsi aaaadmi insaan,1,hi-roman
dekh aabe aaaalsi aaaadmi yaar,1,hi-roman
dekh aabe aaaalsi aaaadmi bro,1,hi-roman
dekh aabe aaaalsi aaaadmi bhai,1,hi-roman
dekh aabe aaaalsi aaaadmi saale,1,hi-roman
bhai aabe aaaalsi aaaadmi,1,hi-roman
bhai aabe aaaalsi aaaadmi hai,1,hi-roman
bhai aabe aaaalsi aaaadmi ho,1,hi-roman
bhai aabe aaaalsi aaaadmi hain,1,hi-roman
bhai aabe aaaalsi aaaadmi aadmi,1,hi-roman
bhai aabe aaaalsi aaaadmi insaan,1,hi-roman
bhai aabe aaaalsi aaaadmi yaar,1,hi-roman
bhai aabe aaaalsi aaaadmi bro,1,hi-roman
bhai aabe aaaalsi aaaadmi bhai,1,hi-roman
bhai aabe aaaalsi aaaadmi saale,1,hi-roman
saale aabe aaaalsi aaaadmi,1,hi-roman
saale aabe aaaalsi aaaadmi hai,1,hi-roman
saale aabe aaaalsi aaaadmi ho,1,hi-roman
saale aabe aaaalsi aaaadmi hain,1,hi-roman
saale aabe aaaalsi aaaadmi aadmi,1,hi-roman
saale aabe aaaalsi aaaadmi insaan,1,hi-roman
saale aabe aaaalsi aaaadmi yaar,1,hi-roman
saale aabe aaaalsi aaaadmi bro,1,hi-roman
saale aabe aaaalsi aaaadmi bhai,1,hi-roman
saale aabe aaaalsi aaaadmi saale,1,hi-roman
tu abe alsi admi,1,hi-roman
tu abe alsi admi hai,1,hi-roman
tu abe alsi admi ho,1,hi-roman
tu abe alsi admi hain,1,hi-roman
tu abe alsi admi aadmi,1,hi-roman
tu abe alsi admi insaan,1,hi-roman
tu abe alsi admi yaar,1,hi-roman
tu abe alsi admi bro,1,hi-roman
tu abe alsi admi bhai,1,hi-roman
tu abe alsi admi saale,1,hi-roman
tum abe alsi admi,1,hi-roman
tum abe alsi admi hai,1,hi-roman
tum abe alsi admi ho,1,hi-roman
tum abe alsi admi hain,1,hi-roman
tum abe alsi admi aadmi,1,hi-roman
tum abe alsi admi insaan,1,hi-roman
tum abe alsi admi yaar,1,hi-roman
tum abe alsi admi bro,1,hi-roman
tum abe alsi admi bhai,1,hi-roman
tum abe alsi admi saale,1,hi-roman
abe abe alsi admi,1,hi-roman
abe abe alsi admi hai,1,hi-roman
abe abe alsi admi ho,1,hi-roman
abe abe alsi admi hain,1,hi-roman
abe abe alsi admi aadmi,1,hi-roman
abe abe alsi admi insaan,1,hi-roman
abe abe alsi admi yaar,1,hi-roman
abe abe alsi admi bro,1,hi-roman
abe abe alsi admi bhai,1,hi-roman
abe abe alsi admi saale,1,hi-roman
oye abe alsi admi,1,hi-roman
oye abe alsi admi hai,1,hi-roman
oye abe alsi admi ho,1,hi-roman
oye abe alsi admi hain,1,hi-roman
oye abe alsi admi aadmi,1,hi-roman
oye abe alsi admi insaan,1,hi-roman
oye abe alsi admi yaar,1,hi-roman
oye abe alsi admi bro,1,hi-roman
oye abe alsi admi bhai,1,hi-roman
oye abe alsi admi saale,1,hi-roman
are abe alsi admi,1,hi-roman
are abe alsi admi hai,1,hi-roman
are abe alsi admi ho,1,hi-roman
are abe alsi admi hain,1,hi-roman
are abe alsi admi aadmi,1,hi-roman
are abe alsi admi insaan,1,hi-roman
are abe alsi admi yaar,1,hi-roman
are abe alsi admi bro,1,hi-roman
are abe alsi admi bhai,1,hi-roman
are abe alsi admi saale,1,hi-roman
sun abe alsi admi,1,hi-roman
sun abe alsi admi hai,1,hi-roman
sun abe alsi admi ho,1,hi-roman
sun abe alsi admi hain,1,hi-roman
sun abe alsi admi aadmi,1,hi-roman
sun abe alsi admi insaan,1,hi-roman
sun abe alsi admi yaar,1,hi-roman
sun abe alsi admi bro,1,hi-roman
sun abe alsi admi bhai,1,hi-roman
sun abe alsi admi saale,1,hi-roman
dekh abe alsi admi,1,hi-roman
dekh abe alsi admi hai,1,hi-roman
dekh abe alsi admi ho,1,hi-roman
dekh abe alsi admi hain,1,hi-roman
dekh abe alsi admi aadmi,1,hi-roman
dekh abe alsi admi insaan,1,hi-roman
dekh abe alsi admi yaar,1,hi-roman
dekh abe alsi admi bro,1,hi-roman
dekh abe alsi admi bhai,1,hi-roman
dekh abe alsi admi saale,1,hi-roman
bhai abe alsi admi,1,hi-roman
bhai abe alsi admi hai,1,hi-roman
bhai abe alsi admi ho,1,hi-roman
bhai abe alsi admi hain,1,hi-roman
bhai abe alsi admi aadmi,1,hi-roman
bhai abe alsi admi insaan,1,hi-roman
bhai abe alsi admi yaar,1,hi-roman
bhai abe alsi admi bro,1,hi-roman
bhai abe alsi admi bhai,1,hi-roman
bhai abe alsi admi saale,1,hi-roman
saale abe alsi admi,1,hi-roman
saale abe alsi admi hai,1,hi-roman
saale abe alsi admi ho,1,hi-roman
saale abe alsi admi hain,1,hi-roman
saale abe alsi admi aadmi,1,hi-roman
saale abe alsi admi insaan,1,hi-roman
saale abe alsi admi yaar,1,hi-roman
saale abe alsi admi bro,1,hi-roman
saale abe alsi admi bhai,1,hi-roman
saale abe alsi admi saale,1,hi-roman
tu abe aalsi aadmi aadmi hai,1,hi-roman
tu abe aalsi aadmi aadmi ho,1,hi-roman
tu abe aalsi aadmi aadmi hain,1,hi-roman
tu abe aalsi aadmi aadmi aadmi,1,hi-roman
tu abe aalsi aadmi aadmi insaan,1,hi-roman
tu abe aalsi aadmi aadmi yaar,1,hi-roman
tu abe aalsi aadmi aadmi bro,1,hi-roman
tu abe aalsi aadmi aadmi bhai,1,hi-roman
tu abe aalsi aadmi aadmi saale,1,hi-roman
tum abe aalsi aadmi aadmi hai,1,hi-roman
tum abe aalsi aadmi aadmi ho,1,hi-roman
tum abe aalsi aadmi aadmi hain,1,hi-roman
tum abe aalsi aadmi aadmi aadmi,1,hi-roman
tum abe aalsi aadmi aadmi insaan,1,hi-roman
tum abe aalsi aadmi aadmi yaar,1,hi-roman
tum abe aalsi aadmi aadmi bro,1,hi-roman
tum abe aalsi aadmi aadmi bhai,1,hi-roman
tum abe aalsi aadmi aadmi saale,1,hi-roman
abe abe aalsi aadmi aadmi hai,1,hi-roman
abe abe aalsi aadmi aadmi ho,1,hi-roman
abe abe aalsi aadmi aadmi hain,1,hi-roman
abe abe aalsi aadmi aadmi aadmi,1,hi-roman
abe abe aalsi aadmi aadmi insaan,1,hi-roman
abe abe aalsi aadmi aadmi yaar,1,hi-roman
abe abe aalsi aadmi aadmi bro,1,hi-roman
abe abe aalsi aadmi aadmi bhai,1,hi-roman
abe abe aalsi aadmi aadmi saale,1,hi-roman
oye abe aalsi aadmi aadmi hai,1,hi-roman
oye abe aalsi aadmi aadmi ho,1,hi-roman
oye abe aalsi aadmi aadmi hain,1,hi-roman
oye abe aalsi aadmi aadmi aadmi,1,hi-roman
oye abe aalsi aadmi aadmi insaan,1,hi-roman
oye abe aalsi aadmi aadmi yaar,1,hi-roman
oye abe aalsi aadmi aadmi bro,1,hi-roman
oye abe aalsi aadmi aadmi bhai,1,hi-roman
oye abe aalsi aadmi aadmi saale,1,hi-roman
are abe aalsi aadmi aadmi hai,1,hi-roman
are abe aalsi aadmi aadmi ho,1,hi-roman
are abe aalsi aadmi aadmi hain,1,hi-roman
are abe aalsi aadmi aadmi aadmi,1,hi-roman
are abe aalsi aadmi aadmi insaan,1,hi-roman
are abe aalsi aadmi aadmi yaar,1,hi-roman
are abe aalsi aadmi aadmi bro,1,hi-roman
are abe aalsi aadmi aadmi bhai,1,hi-roman
are abe aalsi aadmi aadmi saale,1,hi-roman
sun abe aalsi aadmi aadmi hai,1,hi-roman
sun abe aalsi aadmi aadmi ho,1,hi-roman
sun abe aalsi aadmi aadmi hain,1,hi-roman
sun abe aalsi aadmi aadmi aadmi,1,hi-roman
sun abe aalsi aadmi aadmi insaan,1,hi-roman
sun abe aalsi aadmi aadmi yaar,1,hi-roman
sun abe aalsi aadmi aadmi bro,1,hi-roman
sun abe aalsi aadmi aadmi bhai,1,hi-roman
sun abe aalsi aadmi aadmi saale,1,hi-roman
dekh abe aalsi aadmi aadmi hai,1,hi-roman
dekh abe aalsi aadmi aadmi ho,1,hi-roman
dekh abe aalsi aadmi aadmi hain,1,hi-roman
dekh abe aalsi aadmi aadmi aadmi,1,hi-roman
dekh abe aalsi aadmi aadmi insaan,1,hi-roman
dekh abe aalsi aadmi aadmi yaar,1,hi-roman
dekh abe aalsi aadmi aadmi bro,1,hi-roman
dekh abe aalsi aadmi aadmi bhai,1,hi-roman
dekh abe aalsi aadmi aadmi saale,1,hi-roman
bhai abe aalsi aadmi aadmi hai,1,hi-roman
bhai abe aalsi aadmi aadmi ho,1,hi-roman
bhai abe aalsi aadmi aadmi hain,1,hi-roman
bhai abe aalsi aadmi aadmi aadmi,1,hi-roman
bhai abe aalsi aadmi aadmi insaan,1,hi-roman
bhai abe aalsi aadmi aadmi yaar,1,hi-roman
bhai abe aalsi aadmi aadmi bro,1,hi-roman
bhai abe aalsi aadmi aadmi bhai,1,hi-roman
bhai abe aalsi aadmi aadmi saale,1,hi-roman
saale abe aalsi aadmi aadmi hai,1,hi-roman
saale abe aalsi aadmi aadmi ho,1,hi-roman
saale abe aalsi aadmi aadmi hain,1,hi-roman
saale abe aalsi aadmi aadmi aadmi,1,hi-roman
saale abe aalsi aadmi aadmi insaan,1,hi-roman
saale abe aalsi aadmi aadmi yaar,1,hi-roman
saale abe aalsi aadmi aadmi bro,1,hi-roman
saale abe aalsi aadmi aadmi bhai,1,hi-roman
saale abe aalsi aadmi aadmi saale,1,hi-roman
tu abe alsi admi admi,1,hi-roman
tu abe alsi admi admi hai,1,hi-roman
tu abe alsi admi admi ho,1,hi-roman
tu abe alsi admi admi hain,1,hi-roman
tu abe alsi admi admi aadmi,1,hi-roman
tu abe alsi admi admi insaan,1,hi-roman
tu abe alsi admi admi yaar,1,hi-roman
tu abe alsi admi admi bro,1,hi-roman
tu abe alsi admi admi bhai,1,hi-roman
tu abe alsi admi admi saale,1,hi-roman
tum abe alsi admi admi,1,hi-roman
tum abe alsi admi admi hai,1,hi-roman
tum abe alsi admi admi ho,1,hi-roman
tum abe alsi admi admi hain,1,hi-roman
tum abe alsi admi admi aadmi,1,hi-roman
tum abe alsi admi admi insaan,1,hi-roman
tum abe alsi admi admi yaar,1,hi-roman
tum abe alsi admi admi bro,1,hi-roman
tum abe alsi admi admi bhai,1,hi-roman
tum abe alsi admi admi saale,1,hi-roman
abe abe alsi admi admi,1,hi-roman
abe abe alsi admi admi hai,1,hi-roman
abe abe alsi admi admi ho,1,hi-roman
abe abe alsi admi admi hain,1,hi-roman
abe abe alsi admi admi aadmi,1,hi-roman
abe abe alsi admi admi insaan,1,hi-roman
abe abe alsi admi admi yaar,1,hi-roman
abe abe alsi admi admi bro,1,hi-roman
abe abe alsi admi admi bhai,1,hi-roman
abe abe alsi admi admi saale,1,hi-roman
oye abe alsi admi admi,1,hi-roman
oye abe alsi admi admi hai,1,hi-roman
oye abe alsi admi admi ho,1,hi-roman
oye abe alsi admi admi hain,1,hi-roman
oye abe alsi admi admi aadmi,1,hi-roman
oye abe alsi admi admi insaan,1,hi-roman
oye abe alsi admi admi yaar,1,hi-roman
oye abe alsi admi admi bro,1,hi-roman
oye abe alsi admi admi bhai,1,hi-roman
oye abe alsi admi admi saale,1,hi-roman
are abe alsi admi admi,1,hi-roman
are abe alsi admi admi hai,1,hi-roman
are abe alsi admi admi ho,1,hi-roman
are abe alsi admi admi hain,1,hi-roman
are abe alsi admi admi aadmi,1,hi-roman
are abe alsi admi admi insaan,1,hi-roman
are abe alsi admi admi yaar,1,hi-roman
are abe alsi admi admi bro,1,hi-roman
are abe alsi admi admi bhai,1,hi-roman
are abe alsi admi admi saale,1,hi-roman
sun abe alsi admi admi,1,hi-roman
sun abe alsi admi admi hai,1,hi-roman
sun abe alsi admi admi ho,1,hi-roman
sun abe alsi admi admi hain,1,hi-roman
sun abe alsi admi admi aadmi,1,hi-roman
sun abe alsi admi admi insaan,1,hi-roman
sun abe alsi admi admi yaar,1,hi-roman
sun abe alsi admi admi bro,1,hi-roman
sun abe alsi admi admi bhai,1,hi-roman
sun abe alsi admi admi saale,1,hi-roman
dekh abe alsi admi admi,1,hi-roman
dekh abe alsi admi admi hai,1,hi-roman
dekh abe alsi admi admi ho,1,hi-roman
dekh abe alsi admi admi hain,1,hi-roman
dekh abe alsi admi admi aadmi,1,hi-roman
dekh abe alsi admi admi insaan,1,hi-roman
dekh abe alsi admi admi yaar,1,hi-roman
dekh abe alsi admi admi bro,1,hi-roman
dekh abe alsi admi admi bhai,1,hi-roman
dekh abe alsi admi admi saale,1,hi-roman
bhai abe alsi admi admi,1,hi-roman
bhai abe alsi admi admi hai,1,hi-roman
bhai abe alsi admi admi ho,1,hi-roman
bhai abe alsi admi admi hain,1,hi-roman
bhai abe alsi admi admi aadmi,1,hi-roman
bhai abe alsi admi admi insaan,1,hi-roman
bhai abe alsi admi admi yaar,1,hi-roman
bhai abe alsi admi admi bro,1,hi-roman
bhai abe alsi admi admi bhai,1,hi-roman
bhai abe alsi admi admi saale,1,hi-roman
saale abe alsi admi admi,1,hi-roman
saale abe alsi admi admi hai,1,hi-roman
saale abe alsi admi admi ho,1,hi-roman
saale abe alsi admi admi hain,1,hi-roman
saale abe alsi admi admi aadmi,1,hi-roman
saale abe alsi admi admi insaan,1,hi-roman
saale abe alsi admi admi yaar,1,hi-roman
saale abe alsi admi admi bro,1,hi-roman
saale abe alsi admi admi bhai,1,hi-roman
saale abe alsi admi admi saale,1,hi-roman
aabe aaaalsi aaaadmi aaaadmi,1,hi-roman
aabe aaaalsi aaaadmi aaaadmi hai,1,hi-roman
aabe aaaalsi aaaadmi aaaadmi ho,1,hi-roman
aabe aaaalsi aaaadmi aaaadmi hain,1,hi-roman
aabe aaaalsi aaaadmi aaaadmi aadmi,1,hi-roman
aabe aaaalsi aaaadmi aaaadmi insaan,1,hi-roman
aabe aaaalsi aaaadmi aaaadmi yaar,1,hi-roman
aabe aaaalsi aaaadmi aaaadmi bro,1,hi-roman
aabe aaaalsi aaaadmi aaaadmi bhai,1,hi-roman
aabe aaaalsi aaaadmi aaaadmi saale,1,hi-roman
tu aabe aaaalsi aaaadmi aaaadmi,1,hi-roman
tu aabe aaaalsi aaaadmi aaaadmi hai,1,hi-roman
tu aabe aaaalsi aaaadmi aaaadmi ho,1,hi-roman
tu aabe aaaalsi aaaadmi aaaadmi hain,1,hi-roman
tu aabe aaaalsi aaaadmi aaaadmi aadmi,1,hi-roman
tu aabe aaaalsi aaaadmi aaaadmi insaan,1,hi-roman
tu aabe aaaalsi aaaadmi aaaadmi yaar,1,hi-roman
tu aabe aaaalsi aaaadmi aaaadmi bro,1,hi-roman
tu aabe aaaalsi aaaadmi aaaadmi bhai,1,hi-roman
tu aabe aaaalsi aaaadmi aaaadmi saale,1,hi-roman
tum aabe aaaalsi aaaadmi aaaadmi,1,hi-roman
tum aabe aaaalsi aaaadmi aaaadmi hai,1,hi-roman
tum aabe aaaalsi aaaadmi aaaadmi ho,1,hi-roman
tum aabe aaaalsi aaaadmi aaaadmi hain,1,hi-roman
tum aabe aaaalsi aaaadmi aaaadmi aadmi,1,hi-roman
tum aabe aaaalsi aaaadmi aaaadmi insaan,1,hi-roman
tum aabe aaaalsi aaaadmi aaaadmi yaar,1,hi-roman
tum aabe aaaalsi aaaadmi aaaadmi bro,1,hi-roman
tum aabe aaaalsi aaaadmi aaaadmi bhai,1,hi-roman
tum aabe aaaalsi aaaadmi aaaadmi saale,1,hi-roman
abe aabe aaaalsi aaaadmi aaaadmi,1,hi-roman
abe aabe aaaalsi aaaadmi aaaadmi hai,1,hi-roman
abe aabe aaaalsi aaaadmi aaaadmi ho,1,hi-roman
abe aabe aaaalsi aaaadmi aaaadmi hain,1,hi-roman
abe aabe aaaalsi aaaadmi aaaadmi aadmi,1,hi-roman
abe aabe aaaalsi aaaadmi aaaadmi insaan,1,hi-roman
abe aabe aaaalsi aaaadmi aaaadmi yaar,1,hi-roman
abe aabe aaaalsi aaaadmi aaaadmi bro,1,hi-roman
abe aabe aaaalsi aaaadmi aaaadmi bhai,1,hi-roman
abe aabe aaaalsi aaaadmi aaaadmi saale,1,hi-roman
oye aabe aaaalsi aaaadmi aaaadmi,1,hi-roman
oye aabe aaaalsi aaaadmi aaaadmi hai,1,hi-roman
oye aabe aaaalsi aaaadmi aaaadmi ho,1,hi-roman
oye aabe aaaalsi aaaadmi aaaadmi hain,1,hi-roman
oye aabe aaaalsi aaaadmi aaaadmi aadmi,1,hi-roman
oye aabe aaaalsi aaaadmi aaaadmi insaan,1,hi-roman
oye aabe aaaalsi aaaadmi aaaadmi yaar,1,hi-roman
oye aabe aaaalsi aaaadmi aaaadmi bro,1,hi-roman
oye aabe aaaalsi aaaadmi aaaadmi bhai,1,hi-roman
oye aabe aaaalsi aaaadmi aaaadmi saale,1,hi-roman
are aabe aaaalsi aaaadmi aaaadmi,1,hi-roman
are aabe aaaalsi aaaadmi aaaadmi hai,1,hi-roman
are aabe aaaalsi aaaadmi aaaadmi ho,1,hi-roman
are aabe aaaalsi aaaadmi aaaadmi hain,1,hi-roman
are aabe aaaalsi aaaadmi aaaadmi aadmi,1,hi-roman
are aabe aaaalsi aaaadmi aaaadmi insaan,1,hi-roman
are aabe aaaalsi aaaadmi aaaadmi yaar,1,hi-roman
are aabe aaaalsi aaaadmi aaaadmi bro,1,hi-roman
are aabe aaaalsi aaaadmi aaaadmi bhai,1,hi-roman
are aabe aaaalsi aaaadmi aaaadmi saale,1,hi-roman
sun aabe aaaalsi aaaadmi aaaadmi,1,hi-roman
sun aabe aaaalsi aaaadmi aaaadmi hai,1,hi-roman
sun aabe aaaalsi aaaadmi aaaadmi ho,1,hi-roman
sun aabe aaaalsi aaaadmi aaaadmi hain,1,hi-roman
sun aabe aaaalsi aaaadmi aaaadmi aadmi,1,hi-roman
sun aabe aaaalsi aaaadmi aaaadmi insaan,1,hi-roman
sun aabe aaaalsi aaaadmi aaaadmi yaar,1,hi-roman
sun aabe aaaalsi aaaadmi aaaadmi bro,1,hi-roman
sun aabe aaaalsi aaaadmi aaaadmi bhai,1,hi-roman
sun aabe aaaalsi aaaadmi aaaadmi saale,1,hi-roman
dekh aabe aaaalsi aaaadmi aaaadmi,1,hi-roman
dekh aabe aaaalsi aaaadmi aaaadmi hai,1,hi-roman
dekh aabe aaaalsi aaaadmi aaaadmi ho,1,hi-roman
dekh aabe aaaalsi aaaadmi aaaadmi hain,1,hi-roman
dekh aabe aaaalsi aaaadmi aaaadmi aadmi,1,hi-roman
dekh aabe aaaalsi aaaadmi aaaadmi insaan,1,hi-roman
dekh aabe aaaalsi aaaadmi aaaadmi yaar,1,hi-roman
dekh aabe aaaalsi aaaadmi aaaadmi bro,1,hi-roman
dekh aabe aaaalsi aaaadmi aaaadmi bhai,1,hi-roman
dekh aabe aaaalsi aaaadmi aaaadmi saale,1,hi-roman
bhai aabe aaaalsi aaaadmi aaaadmi,1,hi-roman
bhai aabe aaaalsi aaaadmi aaaadmi hai,1,hi-roman
bhai aabe aaaalsi aaaadmi aaaadmi ho,1,hi-roman
bhai aabe aaaalsi aaaadmi aaaadmi hain,1,hi-roman
bhai aabe aaaalsi aaaadmi aaaadmi aadmi,1,hi-roman
bhai aabe aaaalsi aaaadmi aaaadmi insaan,1,hi-roman
bhai aabe aaaalsi aaaadmi aaaadmi yaar,1,hi-roman
bhai aabe aaaalsi aaaadmi aaaadmi bro,1,hi-roman
bhai aabe aaaalsi aaaadmi aaaadmi bhai,1,hi-roman
bhai aabe aaaalsi aaaadmi aaaadmi saale,1,hi-roman
saale aabe aaaalsi aaaadmi aaaadmi,1,hi-roman
saale aabe aaaalsi aaaadmi aaaadmi hai,1,hi-roman
saale aabe aaaalsi aaaadmi aaaadmi ho,1,hi-roman
saale aabe aaaalsi aaaadmi aaaadmi hain,1,hi-roman
saale aabe aaaalsi aaaadmi aaaadmi aadmi,1,hi-roman
saale aabe aaaalsi aaaadmi aaaadmi insaan,1,hi-roman
saale aabe aaaalsi aaaadmi aaaadmi yaar,1,hi-roman
saale aabe aaaalsi aaaadmi aaaadmi bro,1,hi-roman
saale aabe aaaalsi aaaadmi aaaadmi bhai,1,hi-roman
saale aabe aaaalsi aaaadmi aaaadmi saale,1,hi-roman
tu abe aalsee aadmee aadmee,1,hi-roman
tu abe aalsee aadmee aadmee hai,1,hi-roman
tu abe aalsee aadmee aadmee ho,1,hi-roman
tu abe aalsee aadmee aadmee hain,1,hi-roman
tu abe aalsee aadmee aadmee aadmi,1,hi-roman
tu abe aalsee aadmee aadmee insaan,1,hi-roman
tu abe aalsee aadmee aadmee yaar,1,hi-roman
tu abe aalsee aadmee aadmee bro,1,hi-roman
tu abe aalsee aadmee aadmee bhai,1,hi-roman
tu abe aalsee aadmee aadmee saale,1,hi-roman
tum abe aalsee aadmee aadmee,1,hi-roman
tum abe aalsee aadmee aadmee hai,1,hi-roman
tum abe aalsee aadmee aadmee ho,1,hi-roman
tum abe aalsee aadmee aadmee hain,1,hi-roman
tum abe aalsee aadmee aadmee aadmi,1,hi-roman
tum abe aalsee aadmee aadmee insaan,1,hi-roman
tum abe aalsee aadmee aadmee yaar,1,hi-roman
tum abe aalsee aadmee aadmee bro,1,hi-roman
tum abe aalsee aadmee aadmee bhai,1,hi-roman
tum abe aalsee aadmee aadmee saale,1,hi-roman
abe abe aalsee aadmee aadmee,1,hi-roman
abe abe aalsee aadmee aadmee hai,1,hi-roman
abe abe aalsee aadmee aadmee ho,1,hi-roman
abe abe aalsee aadmee aadmee hain,1,hi-roman
abe abe aalsee aadmee aadmee aadmi,1,hi-roman
abe abe aalsee aadmee aadmee insaan,1,hi-roman
abe abe aalsee aadmee aadmee yaar,1,hi-roman
abe abe aalsee aadmee aadmee bro,1,hi-roman
abe abe aalsee aadmee aadmee bhai,1,hi-roman
abe abe aalsee aadmee aadmee saale,1,hi-roman
oye abe aalsee aadmee aadmee,1,hi-roman
oye abe aalsee aadmee aadmee hai,1,hi-roman
oye abe aalsee aadmee aadmee ho,1,hi-roman
oye abe aalsee aadmee aadmee hain,1,hi-roman
oye abe aalsee aadmee aadmee aadmi,1,hi-roman
oye abe aalsee aadmee aadmee insaan,1,hi-roman
oye abe aalsee aadmee aadmee yaar,1,hi-roman
oye abe aalsee aadmee aadmee bro,1,hi-roman
oye abe aalsee aadmee aadmee bhai,1,hi-roman
oye abe aalsee aadmee aadmee saale,1,hi-roman
are abe aalsee aadmee aadmee,1,hi-roman
are abe aalsee aadmee aadmee hai,1,hi-roman
are abe aalsee aadmee aadmee ho,1,hi-roman
are abe aalsee aadmee aadmee hain,1,hi-roman
are abe aalsee aadmee aadmee aadmi,1,hi-roman
are abe aalsee aadmee aadmee insaan,1,hi-roman
are abe aalsee aadmee aadmee yaar,1,hi-roman
are abe aalsee aadmee aadmee bro,1,hi-roman
are abe aalsee aadmee aadmee bhai,1,hi-roman
are abe aalsee aadmee aadmee saale,1,hi-roman
sun abe aalsee aadmee aadmee,1,hi-roman
sun abe aalsee aadmee aadmee hai,1,hi-roman
sun abe aalsee aadmee aadmee ho,1,hi-roman
sun abe aalsee aadmee aadmee hain,1,hi-roman
sun abe aalsee aadmee aadmee aadmi,1,hi-roman
sun abe aalsee aadmee aadmee insaan,1,hi-roman
sun abe aalsee aadmee aadmee yaar,1,hi-roman
sun abe aalsee aadmee aadmee bro,1,hi-roman
sun abe aalsee aadmee aadmee bhai,1,hi-roman
sun abe aalsee aadmee aadmee saale,1,hi-roman
dekh abe aalsee aadmee aadmee,1,hi-roman
dekh abe aalsee aadmee aadmee hai,1,hi-roman
dekh abe aalsee aadmee aadmee ho,1,hi-roman
dekh abe aalsee aadmee aadmee hain,1,hi-roman
dekh abe aalsee aadmee aadmee aadmi,1,hi-roman
dekh abe aalsee aadmee aadmee insaan,1,hi-roman
dekh abe aalsee aadmee aadmee yaar,1,hi-roman
dekh abe aalsee aadmee aadmee bro,1,hi-roman
dekh abe aalsee aadmee aadmee bhai,1,hi-roman
dekh abe aalsee aadmee aadmee saale,1,hi-roman
bhai abe aalsee aadmee aadmee,1,hi-roman
bhai abe aalsee aadmee aadmee hai,1,hi-roman
bhai abe aalsee aadmee aadmee ho,1,hi-roman
bhai abe aalsee aadmee aadmee hain,1,hi-roman
bhai abe aalsee aadmee aadmee aadmi,1,hi-roman
bhai abe aalsee aadmee aadmee insaan,1,hi-roman
bhai abe aalsee aadmee aadmee yaar,1,hi-roman
bhai abe aalsee aadmee aadmee bro,1,hi-roman
bhai abe aalsee aadmee aadmee bhai,1,hi-roman
bhai abe aalsee aadmee aadmee saale,1,hi-roman
saale abe aalsee aadmee aadmee,1,hi-roman
saale abe aalsee aadmee aadmee hai,1,hi-roman
saale abe aalsee aadmee aadmee ho,1,hi-roman
saale abe aalsee aadmee aadmee hain,1,hi-roman
saale abe aalsee aadmee aadmee aadmi,1,hi-roman
saale abe aalsee aadmee aadmee insaan,1,hi-roman
saale abe aalsee aadmee aadmee yaar,1,hi-roman
saale abe aalsee aadmee aadmee bro,1,hi-roman
saale abe aalsee aadmee aadmee bhai,1,hi-roman
saale abe aalsee aadmee aadmee saale,1,hi-roman
tu abe aalsi aadmi hai hai,1,hi-roman
tu abe aalsi aadmi hai ho,1,hi-roman
tu abe aalsi aadmi hai hain,1,hi-roman
tu abe aalsi aadmi hai aadmi,1,hi-roman
tu abe aalsi aadmi hai insaan,1,hi-roman
tu abe aalsi aadmi hai yaar,1,hi-roman
tu abe aalsi aadmi hai bro,1,hi-roman
tu abe aalsi aadmi hai bhai,1,hi-roman
tu abe aalsi aadmi hai saale,1,hi-roman
tum abe aalsi aadmi hai hai,1,hi-roman
tum abe aalsi aadmi hai ho,1,hi-roman
tum abe aalsi aadmi hai hain,1,hi-roman
tum abe aalsi aadmi hai aadmi,1,hi-roman
tum abe aalsi aadmi hai insaan,1,hi-roman
tum abe aalsi aadmi hai yaar,1,hi-roman
tum abe aalsi aadmi hai bro,1,hi-roman
tum abe aalsi aadmi hai bhai,1,hi-roman
tum abe aalsi aadmi hai saale,1,hi-roman
abe abe aalsi aadmi hai hai,1,hi-roman
abe abe aalsi aadmi hai ho,1,hi-roman
abe abe aalsi aadmi hai hain,1,hi-roman
abe abe aalsi aadmi hai aadmi,1,hi-roman
abe abe aalsi aadmi hai insaan,1,hi-roman
abe abe aalsi aadmi hai yaar,1,hi-roman
abe abe aalsi aadmi hai bro,1,hi-roman
abe abe aalsi aadmi hai bhai,1,hi-roman
abe abe aalsi aadmi hai saale,1,hi-roman
oye abe aalsi aadmi hai hai,1,hi-roman
oye abe aalsi aadmi hai ho,1,hi-roman
oye abe aalsi aadmi hai hain,1,hi-roman
oye abe aalsi aadmi hai aadmi,1,hi-roman
oye abe aalsi aadmi hai insaan,1,hi-roman
oye abe aalsi aadmi hai yaar,1,hi-roman
oye abe aalsi aadmi hai bro,1,hi-roman
oye abe aalsi aadmi hai bhai,1,hi-roman
oye abe aalsi aadmi hai saale,1,hi-roman
are abe aalsi aadmi hai hai,1,hi-roman
are abe aalsi aadmi hai ho,1,hi-roman
are abe aalsi aadmi hai hain,1,hi-roman
are abe aalsi aadmi hai aadmi,1,hi-roman
are abe aalsi aadmi hai insaan,1,hi-roman
are abe aalsi aadmi hai yaar,1,hi-roman
are abe aalsi aadmi hai bro,1,hi-roman
are abe aalsi aadmi hai bhai,1,hi-roman
are abe aalsi aadmi hai saale,1,hi-roman
sun abe aalsi aadmi hai hai,1,hi-roman
sun abe aalsi aadmi hai ho,1,hi-roman
sun abe aalsi aadmi hai hain,1,hi-roman
sun abe aalsi aadmi hai aadmi,1,hi-roman
sun abe aalsi aadmi hai insaan,1,hi-roman
sun abe aalsi aadmi hai yaar,1,hi-roman
sun abe aalsi aadmi hai bro,1,hi-roman
sun abe aalsi aadmi hai bhai,1,hi-roman
sun abe aalsi aadmi hai saale,1,hi-roman
dekh abe aalsi aadmi hai hai,1,hi-roman
dekh abe aalsi aadmi hai ho,1,hi-roman
dekh abe aalsi aadmi hai hain,1,hi-roman
dekh abe aalsi aadmi hai aadmi,1,hi-roman
dekh abe aalsi aadmi hai insaan,1,hi-roman
dekh abe aalsi aadmi hai yaar,1,hi-roman
dekh abe aalsi aadmi hai bro,1,hi-roman
dekh abe aalsi aadmi hai bhai,1,hi-roman
dekh abe aalsi aadmi hai saale,1,hi-roman
bhai abe aalsi aadmi hai hai,1,hi-roman
bhai abe aalsi aadmi hai ho,1,hi-roman
bhai abe aalsi aadmi hai hain,1,hi-roman
bhai abe aalsi aadmi hai aadmi,1,hi-roman
bhai abe aalsi aadmi hai insaan,1,hi-roman
bhai abe aalsi aadmi hai yaar,1,hi-roman
bhai abe aalsi aadmi hai bro,1,hi-roman
bhai abe aalsi aadmi hai bhai,1,hi-roman
bhai abe aalsi aadmi hai saale,1,hi-roman
saale abe aalsi aadmi hai hai,1,hi-roman
saale abe aalsi aadmi hai ho,1,hi-roman
saale abe aalsi aadmi hai hain,1,hi-roman
saale abe aalsi aadmi hai aadmi,1,hi-roman
saale abe aalsi aadmi hai insaan,1,hi-roman
saale abe aalsi aadmi hai yaar,1,hi-roman
saale abe aalsi aadmi hai bro,1,hi-roman
saale abe aalsi aadmi hai bhai,1,hi-roman
saale abe aalsi aadmi hai saale,1,hi-roman
tu abe aalsee aadmee haee,1,hi-roman
tu abe aalsee aadmee haee hai,1,hi-roman
tu abe aalsee aadmee haee ho,1,hi-roman
tu abe aalsee aadmee haee hain,1,hi-roman
tu abe aalsee aadmee haee aadmi,1,hi-roman
tu abe aalsee aadmee haee insaan,1,hi-roman
tu abe aalsee aadmee haee yaar,1,hi-roman
tu abe aalsee aadmee haee bro,1,hi-roman
tu abe aalsee aadmee haee bhai,1,hi-roman
tu abe aalsee aadmee haee saale,1,hi-roman
tum abe aalsee aadmee haee,1,hi-roman
tum abe aalsee aadmee haee hai,1,hi-roman
tum abe aalsee aadmee haee ho,1,hi-roman
tum abe aalsee aadmee haee hain,1,hi-roman
tum abe aalsee aadmee haee aadmi,1,hi-roman
tum abe aalsee aadmee haee insaan,1,hi-roman
tum abe aalsee aadmee haee yaar,1,hi-roman
tum abe aalsee aadmee haee bro,1,hi-roman
tum abe aalsee aadmee haee bhai,1,hi-roman
tum abe aalsee aadmee haee saale,1,hi-roman
abe abe aalsee aadmee haee,1,hi-roman
abe abe aalsee aadmee haee hai,1,hi-roman
abe abe aalsee aadmee haee ho,1,hi-roman
abe abe aalsee aadmee haee hain,1,hi-roman
abe abe aalsee aadmee haee aadmi,1,hi-roman
abe abe aalsee aadmee haee insaan,1,hi-roman
abe abe aalsee aadmee haee yaar,1,hi-roman
abe abe aalsee aadmee haee bro,1,hi-roman
abe abe aalsee aadmee haee bhai,1,hi-roman
abe abe aalsee aadmee haee saale,1,hi-roman
oye abe aalsee aadmee haee,1,hi-roman
oye abe aalsee aadmee haee hai,1,hi-roman
oye abe aalsee aadmee haee ho,1,hi-roman
oye abe aalsee aadmee haee hain,1,hi-roman
oye abe aalsee aadmee haee aadmi,1,hi-roman
oye abe aalsee aadmee haee insaan,1,hi-roman
oye abe aalsee aadmee haee yaar,1,hi-roman
oye abe aalsee aadmee haee bro,1,hi-roman
oye abe aalsee aadmee haee bhai,1,hi-roman
oye abe aalsee aadmee haee saale,1,hi-roman
are abe aalsee aadmee haee,1,hi-roman
are abe aalsee aadmee haee hai,1,hi-roman
are abe aalsee aadmee haee ho,1,hi-roman
are abe aalsee aadmee haee hain,1,hi-roman
are abe aalsee aadmee haee aadmi,1,hi-roman
are abe aalsee aadmee haee insaan,1,hi-roman
are abe aalsee aadmee haee yaar,1,hi-roman
are abe aalsee aadmee haee bro,1,hi-roman
are abe aalsee aadmee haee bhai,1,hi-roman
are abe aalsee aadmee haee saale,1,hi-roman
sun abe aalsee aadmee haee,1,hi-roman
sun abe aalsee aadmee haee hai,1,hi-roman
sun abe aalsee aadmee haee ho,1,hi-roman
sun abe aalsee aadmee haee hain,1,hi-roman
sun abe aalsee aadmee haee aadmi,1,hi-roman
sun abe aalsee aadmee haee insaan,1,hi-roman
sun abe aalsee aadmee haee yaar,1,hi-roman
sun abe aalsee aadmee haee bro,1,hi-roman
sun abe aalsee aadmee haee bhai,1,hi-roman
sun abe aalsee aadmee haee saale,1,hi-roman
dekh abe aalsee aadmee haee,1,hi-roman
dekh abe aalsee aadmee haee hai,1,hi-roman
dekh abe aalsee aadmee haee ho,1,hi-roman
dekh abe aalsee aadmee haee hain,1,hi-roman
dekh abe aalsee aadmee haee aadmi,1,hi-roman
dekh abe aalsee aadmee haee insaan,1,hi-roman
dekh abe aalsee aadmee haee yaar,1,hi-roman
dekh abe aalsee aadmee haee bro,1,hi-roman
dekh abe aalsee aadmee haee bhai,1,hi-roman
dekh abe aalsee aadmee haee saale,1,hi-roman
bhai abe aalsee aadmee haee,1,hi-roman
bhai abe aalsee aadmee haee hai,1,hi-roman
bhai abe aalsee aadmee haee ho,1,hi-roman
bhai abe aalsee aadmee haee hain,1,hi-roman
bhai abe aalsee aadmee haee aadmi,1,hi-roman
bhai abe aalsee aadmee haee insaan,1,hi-roman
bhai abe aalsee aadmee haee yaar,1,hi-roman
bhai abe aalsee aadmee haee bro,1,hi-roman
bhai abe aalsee aadmee haee bhai,1,hi-roman
bhai abe aalsee aadmee haee saale,1,hi-roman
saale abe aalsee aadmee haee,1,hi-roman
saale abe aalsee aadmee haee hai,1,hi-roman
saale abe aalsee aadmee haee ho,1,hi-roman
saale abe aalsee aadmee haee hain,1,hi-roman
saale abe aalsee aadmee haee aadmi,1,hi-roman
saale abe aalsee aadmee haee insaan,1,hi-roman
saale abe aalsee aadmee haee yaar,1,hi-roman
saale abe aalsee aadmee haee bro,1,hi-roman
saale abe aalsee aadmee haee bhai,1,hi-roman
saale abe aalsee aadmee haee saale,1,hi-roman
aabe aaaalsi aaaadmi haai,1,hi-roman
aabe aaaalsi aaaadmi haai hai,1,hi-roman
aabe aaaalsi aaaadmi haai ho,1,hi-roman
aabe aaaalsi aaaadmi haai hain,1,hi-roman
aabe aaaalsi aaaadmi haai aadmi,1,hi-roman
aabe aaaalsi aaaadmi haai insaan,1,hi-roman
aabe aaaalsi aaaadmi haai yaar,1,hi-roman
aabe aaaalsi aaaadmi haai bro,1,hi-roman
aabe aaaalsi aaaadmi haai bhai,1,hi-roman
aabe aaaalsi aaaadmi haai saale,1,hi-roman
tu aabe aaaalsi aaaadmi haai,1,hi-roman
tu aabe aaaalsi aaaadmi haai hai,1,hi-roman
tu aabe aaaalsi aaaadmi haai ho,1,hi-roman
tu aabe aaaalsi aaaadmi haai hain,1,hi-roman
tu aabe aaaalsi aaaadmi haai aadmi,1,hi-roman
tu aabe aaaalsi aaaadmi haai insaan,1,hi-roman
tu aabe aaaalsi aaaadmi haai yaar,1,hi-roman
tu aabe aaaalsi aaaadmi haai bro,1,hi-roman
tu aabe aaaalsi aaaadmi haai bhai,1,hi-roman
tu aabe aaaalsi aaaadmi haai saale,1,hi-roman
tum aabe aaaalsi aaaadmi haai,1,hi-roman
tum aabe aaaalsi aaaadmi haai hai,1,hi-roman
tum aabe aaaalsi aaaadmi haai ho,1,hi-roman
tum aabe aaaalsi aaaadmi haai hain,1,hi-roman
tum aabe aaaalsi aaaadmi haai aadmi,1,hi-roman
tum aabe aaaalsi aaaadmi haai insaan,1,hi-roman
tum aabe aaaalsi aaaadmi haai yaar,1,hi-roman
tum aabe aaaalsi aaaadmi haai bro,1,hi-roman
tum aabe aaaalsi aaaadmi haai bhai,1,hi-roman
tum aabe aaaalsi aaaadmi haai saale,1,hi-roman
abe aabe aaaalsi aaaadmi haai,1,hi-roman
abe aabe aaaalsi aaaadmi haai hai,1,hi-roman
abe aabe aaaalsi aaaadmi haai ho,1,hi-roman
abe aabe aaaalsi aaaadmi haai hain,1,hi-roman
abe aabe aaaalsi aaaadmi haai aadmi,1,hi-roman
abe aabe aaaalsi aaaadmi haai insaan,1,hi-roman
abe aabe aaaalsi aaaadmi haai yaar,1,hi-roman
abe aabe aaaalsi aaaadmi haai bro,1,hi-roman
abe aabe aaaalsi aaaadmi haai bhai,1,hi-roman
abe aabe aaaalsi aaaadmi haai saale,1,hi-roman
oye aabe aaaalsi aaaadmi haai,1,hi-roman
oye aabe aaaalsi aaaadmi haai hai,1,hi-roman
oye aabe aaaalsi aaaadmi haai ho,1,hi-roman
oye aabe aaaalsi aaaadmi haai hain,1,hi-roman
oye aabe aaaalsi aaaadmi haai aadmi,1,hi-roman
oye aabe aaaalsi aaaadmi haai insaan,1,hi-roman
oye aabe aaaalsi aaaadmi haai yaar,1,hi-roman
oye aabe aaaalsi aaaadmi haai bro,1,hi-roman
oye aabe aaaalsi aaaadmi haai bhai,1,hi-roman
oye aabe aaaalsi aaaadmi haai saale,1,hi-roman
are aabe aaaalsi aaaadmi haai,1,hi-roman
are aabe aaaalsi aaaadmi haai hai,1,hi-roman
are aabe aaaalsi aaaadmi haai ho,1,hi-roman
are aabe aaaalsi aaaadmi haai hain,1,hi-roman
are aabe aaaalsi aaaadmi haai aadmi,1,hi-roman
are aabe aaaalsi aaaadmi haai insaan,1,hi-roman
are aabe aaaalsi aaaadmi haai yaar,1,hi-roman
are aabe aaaalsi aaaadmi haai bro,1,hi-roman
are aabe aaaalsi aaaadmi haai bhai,1,hi-roman
are aabe aaaalsi aaaadmi haai saale,1,hi-roman
sun aabe aaaalsi aaaadmi haai,1,hi-roman
sun aabe aaaalsi aaaadmi haai hai,1,hi-roman
sun aabe aaaalsi aaaadmi haai ho,1,hi-roman
sun aabe aaaalsi aaaadmi haai hain,1,hi-roman
sun aabe aaaalsi aaaadmi haai aadmi,1,hi-roman
sun aabe aaaalsi aaaadmi haai insaan,1,hi-roman
sun aabe aaaalsi aaaadmi haai yaar,1,hi-roman
sun aabe aaaalsi aaaadmi haai bro,1,hi-roman
sun aabe aaaalsi aaaadmi haai bhai,1,hi-roman
sun aabe aaaalsi aaaadmi haai saale,1,hi-roman
dekh aabe aaaalsi aaaadmi haai,1,hi-roman
dekh aabe aaaalsi aaaadmi haai hai,1,hi-roman
dekh aabe aaaalsi aaaadmi haai ho,1,hi-roman
dekh aabe aaaalsi aaaadmi haai hain,1,hi-roman
dekh aabe aaaalsi aaaadmi haai aadmi,1,hi-roman
dekh aabe aaaalsi aaaadmi haai insaan,1,hi-roman
dekh aabe aaaalsi aaaadmi haai yaar,1,hi-roman
dekh aabe aaaalsi aaaadmi haai bro,1,hi-roman
dekh aabe aaaalsi aaaadmi haai bhai,1,hi-roman
dekh aabe aaaalsi aaaadmi haai saale,1,hi-roman
bhai aabe aaaalsi aaaadmi haai,1,hi-roman
bhai aabe aaaalsi aaaadmi haai hai,1,hi-roman
bhai aabe aaaalsi aaaadmi haai ho,1,hi-roman
bhai aabe aaaalsi aaaadmi haai hain,1,hi-roman
bhai aabe aaaalsi aaaadmi haai aadmi,1,hi-roman
bhai aabe aaaalsi aaaadmi haai insaan,1,hi-roman
bhai aabe aaaalsi aaaadmi haai yaar,1,hi-roman
bhai aabe aaaalsi aaaadmi haai bro,1,hi-roman
bhai aabe aaaalsi aaaadmi haai bhai,1,hi-roman
bhai aabe aaaalsi aaaadmi haai saale,1,hi-roman
saale aabe aaaalsi aaaadmi haai,1,hi-roman
saale aabe aaaalsi aaaadmi haai hai,1,hi-roman
saale aabe aaaalsi aaaadmi haai ho,1,hi-roman
saale aabe aaaalsi aaaadmi haai hain,1,hi-roman
saale aabe aaaalsi aaaadmi haai aadmi,1,hi-roman
saale aabe aaaalsi aaaadmi haai insaan,1,hi-roman
saale aabe aaaalsi aaaadmi haai yaar,1,hi-roman
saale aabe aaaalsi aaaadmi haai bro,1,hi-roman
saale aabe aaaalsi aaaadmi haai bhai,1,hi-roman
saale aabe aaaalsi aaaadmi haai saale,1,hi-roman
tu abe alsi admi hai hai,1,hi-roman
tu abe alsi admi hai ho,1,hi-roman
tu abe alsi admi hai hain,1,hi-roman
tu abe alsi admi hai aadmi,1,hi-roman
tu abe alsi admi hai insaan,1,hi-roman
tu abe alsi admi hai yaar,1,hi-roman
tu abe alsi admi hai bro,1,hi-roman
tu abe alsi admi hai bhai,1,hi-roman
tu abe alsi admi hai saale,1,hi-roman
tum abe alsi admi hai hai,1,hi-roman
tum abe alsi admi hai ho,1,hi-roman
tum abe alsi admi hai hain,1,hi-roman
tum abe alsi admi hai aadmi,1,hi-roman
tum abe alsi admi hai insaan,1,hi-roman
tum abe alsi admi hai yaar,1,hi-roman
tum abe alsi admi hai bro,1,hi-roman
tum abe alsi admi hai bhai,1,hi-roman
tum abe alsi admi hai saale,1,hi-roman
abe abe alsi admi hai hai,1,hi-roman
abe abe alsi admi hai ho,1,hi-roman
abe abe alsi admi hai hain,1,hi-roman
abe abe alsi admi hai aadmi,1,hi-roman
abe abe alsi admi hai insaan,1,hi-roman
abe abe alsi admi hai yaar,1,hi-roman
abe abe alsi admi hai bro,1,hi-roman
abe abe alsi admi hai bhai,1,hi-roman
abe abe alsi admi hai saale,1,hi-roman
oye abe alsi admi hai hai,1,hi-roman
oye abe alsi admi hai ho,1,hi-roman
oye abe alsi admi hai hain,1,hi-roman
oye abe alsi admi hai aadmi,1,hi-roman
oye abe alsi admi hai insaan,1,hi-roman
oye abe alsi admi hai yaar,1,hi-roman
oye abe alsi admi hai bro,1,hi-roman
oye abe alsi admi hai bhai,1,hi-roman
oye abe alsi admi hai saale,1,hi-roman
are abe alsi admi hai hai,1,hi-roman
are abe alsi admi hai ho,1,hi-roman
are abe alsi admi hai hain,1,hi-roman
are abe alsi admi hai aadmi,1,hi-roman
are abe alsi admi hai insaan,1,hi-roman
are abe alsi admi hai yaar,1,hi-roman
are abe alsi admi hai bro,1,hi-roman
are abe alsi admi hai bhai,1,hi-roman
are abe alsi admi hai saale,1,hi-roman
sun abe alsi admi hai hai,1,hi-roman
sun abe alsi admi hai ho,1,hi-roman
sun abe alsi admi hai hain,1,hi-roman
sun abe alsi admi hai aadmi,1,hi-roman
sun abe alsi admi hai insaan,1,hi-roman
sun abe alsi admi hai yaar,1,hi-roman
sun abe alsi admi hai bro,1,hi-roman
sun abe alsi admi hai bhai,1,hi-roman
sun abe alsi admi hai saale,1,hi-roman
dekh abe alsi admi hai hai,1,hi-roman
dekh abe alsi admi hai ho,1,hi-roman
dekh abe alsi admi hai hain,1,hi-roman
dekh abe alsi admi hai aadmi,1,hi-roman
dekh abe alsi admi hai insaan,1,hi-roman
dekh abe alsi admi hai yaar,1,hi-roman
dekh abe alsi admi hai bro,1,hi-roman
dekh abe alsi admi hai bhai,1,hi-roman
dekh abe alsi admi hai saale,1,hi-roman
bhai abe alsi admi hai hai,1,hi-roman
bhai abe alsi admi hai ho,1,hi-roman
bhai abe alsi admi hai hain,1,hi-roman
bhai abe alsi admi hai aadmi,1,hi-roman
bhai abe alsi admi hai insaan,1,hi-roman
bhai abe alsi admi hai yaar,1,hi-roman
bhai abe alsi admi hai bro,1,hi-roman
bhai abe alsi admi hai bhai,1,hi-roman
bhai abe alsi admi hai saale,1,hi-roman
saale abe alsi admi hai hai,1,hi-roman
saale abe alsi admi hai ho,1,hi-roman
saale abe alsi admi hai hain,1,hi-roman
saale abe alsi admi hai aadmi,1,hi-roman
saale abe alsi admi hai insaan,1,hi-roman
saale abe alsi admi hai yaar,1,hi-roman
saale abe alsi admi hai bro,1,hi-roman
saale abe alsi admi hai bhai,1,hi-roman
saale abe alsi admi hai saale,1,hi-roman
tu abe aalsi aadmi hain hai,1,hi-roman
tu abe aalsi aadmi hain ho,1,hi-roman
tu abe aalsi aadmi hain hain,1,hi-roman
tu abe aalsi aadmi hain aadmi,1,hi-roman
tu abe aalsi aadmi hain insaan,1,hi-roman
tu abe aalsi aadmi hain yaar,1,hi-roman
tu abe aalsi aadmi hain bro,1,hi-roman
tu abe aalsi aadmi hain bhai,1,hi-roman
tu abe aalsi aadmi hain saale,1,hi-roman
tum abe aalsi aadmi hain hai,1,hi-roman
tum abe aalsi aadmi hain ho,1,hi-roman
tum abe aalsi aadmi hain hain,1,hi-roman
tum abe aalsi aadmi hain aadmi,1,hi-roman
tum abe aalsi aadmi hain insaan,1,hi-roman
tum abe aalsi aadmi hain yaar,1,hi-roman
tum abe aalsi aadmi hain bro,1,hi-roman
tum abe aalsi aadmi hain bhai,1,hi-roman
tum abe aalsi aadmi hain saale,1,hi-roman
abe abe aalsi aadmi hain hai,1,hi-roman
abe abe aalsi aadmi hain ho,1,hi-roman
abe abe aalsi aadmi hain hain,1,hi-roman
abe abe aalsi aadmi hain aadmi,1,hi-roman
abe abe aalsi aadmi hain insaan,1,hi-roman
abe abe aalsi aadmi hain yaar,1,hi-roman
abe abe aalsi aadmi hain bro,1,hi-roman
abe abe aalsi aadmi hain bhai,1,hi-roman
abe abe aalsi aadmi hain saale,1,hi-roman
oye abe aalsi aadmi hain hai,1,hi-roman
oye abe aalsi aadmi hain ho,1,hi-roman
oye abe aalsi aadmi hain hain,1,hi-roman
oye abe aalsi aadmi hain aadmi,1,hi-roman
oye abe aalsi aadmi hain insaan,1,hi-roman
oye abe aalsi aadmi hain yaar,1,hi-roman
oye abe aalsi aadmi hain bro,1,hi-roman
oye abe aalsi aadmi hain bhai,1,hi-roman
oye abe aalsi aadmi hain saale,1,hi-roman
are abe aalsi aadmi hain hai,1,hi-roman
are abe aalsi aadmi hain ho,1,hi-roman
are abe aalsi aadmi hain hain,1,hi-roman
are abe aalsi aadmi hain aadmi,1,hi-roman
are abe aalsi aadmi hain insaan,1,hi-roman
are abe aalsi aadmi hain yaar,1,hi-roman
are abe aalsi aadmi hain bro,1,hi-roman
are abe aalsi aadmi hain bhai,1,hi-roman
are abe aalsi aadmi hain saale,1,hi-roman
sun abe aalsi aadmi hain hai,1,hi-roman
sun abe aalsi aadmi hain ho,1,hi-roman
sun abe aalsi aadmi hain hain,1,hi-roman
sun abe aalsi aadmi hain aadmi,1,hi-roman
sun abe aalsi aadmi hain insaan,1,hi-roman
sun abe aalsi aadmi hain yaar,1,hi-roman
sun abe aalsi aadmi hain bro,1,hi-roman
sun abe aalsi aadmi hain bhai,1,hi-roman
sun abe aalsi aadmi hain saale,1,hi-roman
dekh abe aalsi aadmi hain hai,1,hi-roman
dekh abe aalsi aadmi hain ho,1,hi-roman
dekh abe aalsi aadmi hain hain,1,hi-roman
dekh abe aalsi aadmi hain aadmi,1,hi-roman
dekh abe aalsi aadmi hain insaan,1,hi-roman
dekh abe aalsi aadmi hain yaar,1,hi-roman
dekh abe aalsi aadmi hain bro,1,hi-roman
dekh abe aalsi aadmi hain bhai,1,hi-roman
dekh abe aalsi aadmi hain saale,1,hi-roman
bhai abe aalsi aadmi hain hai,1,hi-roman
bhai abe aalsi aadmi hain ho,1,hi-roman
bhai abe aalsi aadmi hain hain,1,hi-roman
bhai abe aalsi aadmi hain aadmi,1,hi-roman
bhai abe aalsi aadmi hain insaan,1,hi-roman
bhai abe aalsi aadmi hain yaar,1,hi-roman
bhai abe aalsi aadmi hain bro,1,hi-roman
bhai abe aalsi aadmi hain bhai,1,hi-roman
bhai abe aalsi aadmi hain saale,1,hi-roman
saale abe aalsi aadmi hain hai,1,hi-roman
saale abe aalsi aadmi hain ho,1,hi-roman
saale abe aalsi aadmi hain hain,1,hi-roman
saale abe aalsi aadmi hain aadmi,1,hi-roman
saale abe aalsi aadmi hain insaan,1,hi-roman
saale abe aalsi aadmi hain yaar,1,hi-roman
saale abe aalsi aadmi hain bro,1,hi-roman
saale abe aalsi aadmi hain bhai,1,hi-roman
saale abe aalsi aadmi hain saale,1,hi-roman
aabe aaaalsi aaaadmi haain,1,hi-roman
aabe aaaalsi aaaadmi haain hai,1,hi-roman
aabe aaaalsi aaaadmi haain ho,1,hi-roman
aabe aaaalsi aaaadmi haain hain,1,hi-roman
aabe aaaalsi aaaadmi haain aadmi,1,hi-roman
aabe aaaalsi aaaadmi haain insaan,1,hi-roman
aabe aaaalsi aaaadmi haain yaar,1,hi-roman
aabe aaaalsi aaaadmi haain bro,1,hi-roman
aabe aaaalsi aaaadmi haain bhai,1,hi-roman
aabe aaaalsi aaaadmi haain saale,1,hi-roman
tu aabe aaaalsi aaaadmi haain,1,hi-roman
tu aabe aaaalsi aaaadmi haain hai,1,hi-roman
tu aabe aaaalsi aaaadmi haain ho,1,hi-roman
tu aabe aaaalsi aaaadmi haain hain,1,hi-roman
tu aabe aaaalsi aaaadmi haain aadmi,1,hi-roman
tu aabe aaaalsi aaaadmi haain insaan,1,hi-roman
tu aabe aaaalsi aaaadmi haain yaar,1,hi-roman
tu aabe aaaalsi aaaadmi haain bro,1,hi-roman
tu aabe aaaalsi aaaadmi haain bhai,1,hi-roman
tu aabe aaaalsi aaaadmi haain saale,1,hi-roman
tum aabe aaaalsi aaaadmi haain,1,hi-roman
tum aabe aaaalsi aaaadmi haain hai,1,hi-roman
tum aabe aaaalsi aaaadmi haain ho,1,hi-roman
tum aabe aaaalsi aaaadmi haain hain,1,hi-roman
tum aabe aaaalsi aaaadmi haain aadmi,1,hi-roman
tum aabe aaaalsi aaaadmi haain insaan,1,hi-roman
tum aabe aaaalsi aaaadmi haain yaar,1,hi-roman
tum aabe aaaalsi aaaadmi haain bro,1,hi-roman
tum aabe aaaalsi aaaadmi haain bhai,1,hi-roman
tum aabe aaaalsi aaaadmi haain saale,1,hi-roman
abe aabe aaaalsi aaaadmi haain,1,hi-roman
abe aabe aaaalsi aaaadmi haain hai,1,hi-roman
abe aabe aaaalsi aaaadmi haain ho,1,hi-roman
abe aabe aaaalsi aaaadmi haain hain,1,hi-roman
abe aabe aaaalsi aaaadmi haain aadmi,1,hi-roman
abe aabe aaaalsi aaaadmi haain insaan,1,hi-roman
abe aabe aaaalsi aaaadmi haain yaar,1,hi-roman
abe aabe aaaalsi aaaadmi haain bro,1,hi-roman
abe aabe aaaalsi aaaadmi haain bhai,1,hi-roman
abe aabe aaaalsi aaaadmi haain saale,1,hi-roman
oye aabe aaaalsi aaaadmi haain,1,hi-roman
oye aabe aaaalsi aaaadmi haain hai,1,hi-roman
oye aabe aaaalsi aaaadmi haain ho,1,hi-roman
oye aabe aaaalsi aaaadmi haain hain,1,hi-roman
oye aabe aaaalsi aaaadmi haain aadmi,1,hi-roman
oye aabe aaaalsi aaaadmi haain insaan,1,hi-roman
oye aabe aaaalsi aaaadmi haain yaar,1,hi-roman
oye aabe aaaalsi aaaadmi haain bro,1,hi-roman
oye aabe aaaalsi aaaadmi haain bhai,1,hi-roman
oye aabe aaaalsi aaaadmi haain saale,1,hi-roman
are aabe aaaalsi aaaadmi haain,1,hi-roman
are aabe aaaalsi aaaadmi haain hai,1,hi-roman
are aabe aaaalsi aaaadmi haain ho,1,hi-roman
are aabe aaaalsi aaaadmi haain hain,1,hi-roman
are aabe aaaalsi aaaadmi haain aadmi,1,hi-roman
are aabe aaaalsi aaaadmi haain insaan,1,hi-roman
are aabe aaaalsi aaaadmi haain yaar,1,hi-roman
are aabe aaaalsi aaaadmi haain bro,1,hi-roman
are aabe aaaalsi aaaadmi haain bhai,1,hi-roman
are aabe aaaalsi aaaadmi haain saale,1,hi-roman
sun aabe aaaalsi aaaadmi haain,1,hi-roman
sun aabe aaaalsi aaaadmi haain hai,1,hi-roman
sun aabe aaaalsi aaaadmi haain ho,1,hi-roman
sun aabe aaaalsi aaaadmi haain hain,1,hi-roman
sun aabe aaaalsi aaaadmi haain aadmi,1,hi-roman
sun aabe aaaalsi aaaadmi haain insaan,1,hi-roman
sun aabe aaaalsi aaaadmi haain yaar,1,hi-roman
sun aabe aaaalsi aaaadmi haain bro,1,hi-roman
sun aabe aaaalsi aaaadmi haain bhai,1,hi-roman
sun aabe aaaalsi aaaadmi haain saale,1,hi-roman
dekh aabe aaaalsi aaaadmi haain,1,hi-roman
dekh aabe aaaalsi aaaadmi haain hai,1,hi-roman
dekh aabe aaaalsi aaaadmi haain ho,1,hi-roman
dekh aabe aaaalsi aaaadmi haain hain,1,hi-roman
dekh aabe aaaalsi aaaadmi haain aadmi,1,hi-roman
dekh aabe aaaalsi aaaadmi haain insaan,1,hi-roman
dekh aabe aaaalsi aaaadmi haain yaar,1,hi-roman
dekh aabe aaaalsi aaaadmi haain bro,1,hi-roman
dekh aabe aaaalsi aaaadmi haain bhai,1,hi-roman
dekh aabe aaaalsi aaaadmi haain saale,1,hi-roman
bhai aabe aaaalsi aaaadmi haain,1,hi-roman
bhai aabe aaaalsi aaaadmi haain hai,1,hi-roman
bhai aabe aaaalsi aaaadmi haain ho,1,hi-roman
bhai aabe aaaalsi aaaadmi haain hain,1,hi-roman
bhai aabe aaaalsi aaaadmi haain aadmi,1,hi-roman
bhai aabe aaaalsi aaaadmi haain insaan,1,hi-roman
bhai aabe aaaalsi aaaadmi haain yaar,1,hi-roman
bhai aabe aaaalsi aaaadmi haain bro,1,hi-roman
bhai aabe aaaalsi aaaadmi haain bhai,1,hi-roman
bhai aabe aaaalsi aaaadmi haain saale,1,hi-roman
saale aabe aaaalsi aaaadmi haain,1,hi-roman
saale aabe aaaalsi aaaadmi haain hai,1,hi-roman
saale aabe aaaalsi aaaadmi haain ho,1,hi-roman
saale aabe aaaalsi aaaadmi haain hain,1,hi-roman
saale aabe aaaalsi aaaadmi haain aadmi,1,hi-roman
saale aabe aaaalsi aaaadmi haain insaan,1,hi-roman
saale aabe aaaalsi aaaadmi haain yaar,1,hi-roman
saale aabe aaaalsi aaaadmi haain bro,1,hi-roman
saale aabe aaaalsi aaaadmi haain bhai,1,hi-roman
saale aabe aaaalsi aaaadmi haain saale,1,hi-roman
tu abe alsi admi hain hai,1,hi-roman
tu abe alsi admi hain ho,1,hi-roman
tu abe alsi admi hain hain,1,hi-roman
tu abe alsi admi hain aadmi,1,hi-roman
tu abe alsi admi hain insaan,1,hi-roman
tu abe alsi admi hain yaar,1,hi-roman
tu abe alsi admi hain bro,1,hi-roman
tu abe alsi admi hain bhai,1,hi-roman
tu abe alsi admi hain saale,1,hi-roman
tum abe alsi admi hain hai,1,hi-roman
tum abe alsi admi hain ho,1,hi-roman
tum abe alsi admi hain hain,1,hi-roman
tum abe alsi admi hain aadmi,1,hi-roman
tum abe alsi admi hain insaan,1,hi-roman
tum abe alsi admi hain yaar,1,hi-roman
tum abe alsi admi hain bro,1,hi-roman
tum abe alsi admi hain bhai,1,hi-roman
tum abe alsi admi hain saale,1,hi-roman
abe abe alsi admi hain hai,1,hi-roman
abe abe alsi admi hain ho,1,hi-roman
abe abe alsi admi hain hain,1,hi-roman
abe abe alsi admi hain aadmi,1,hi-roman
abe abe alsi admi hain insaan,1,hi-roman
abe abe alsi admi hain yaar,1,hi-roman
abe abe alsi admi hain bro,1,hi-roman
abe abe alsi admi hain bhai,1,hi-roman
abe abe alsi admi hain saale,1,hi-roman
oye abe alsi admi hain hai,1,hi-roman
oye abe alsi admi hain ho,1,hi-roman
oye abe alsi admi hain hain,1,hi-roman
oye abe alsi admi hain aadmi,1,hi-roman
oye abe alsi admi hain insaan,1,hi-roman
oye abe alsi admi hain yaar,1,hi-roman
oye abe alsi admi hain bro,1,hi-roman
oye abe alsi admi hain bhai,1,hi-roman
oye abe alsi admi hain saale,1,hi-roman
are abe alsi admi hain hai,1,hi-roman
are abe alsi admi hain ho,1,hi-roman
are abe alsi admi hain hain,1,hi-roman
are abe alsi admi hain aadmi,1,hi-roman
are abe alsi admi hain insaan,1,hi-roman
are abe alsi admi hain yaar,1,hi-roman
are abe alsi admi hain bro,1,hi-roman
are abe alsi admi hain bhai,1,hi-roman
are abe alsi admi hain saale,1,hi-roman
sun abe alsi admi hain hai,1,hi-roman
sun abe alsi admi hain ho,1,hi-roman
sun abe alsi admi hain hain,1,hi-roman
sun abe alsi admi hain aadmi,1,hi-roman
sun abe alsi admi hain insaan,1,hi-roman
sun abe alsi admi hain yaar,1,hi-roman
sun abe alsi admi hain bro,1,hi-roman
sun abe alsi admi hain bhai,1,hi-roman
sun abe alsi admi hain saale,1,hi-roman
dekh abe alsi admi hain hai,1,hi-roman
dekh abe alsi admi hain ho,1,hi-roman
dekh abe alsi admi hain hain,1,hi-roman
dekh abe alsi admi hain aadmi,1,hi-roman
dekh abe alsi admi hain insaan,1,hi-roman
dekh abe alsi admi hain yaar,1,hi-roman
dekh abe alsi admi hain bro,1,hi-roman
dekh abe alsi admi hain bhai,1,hi-roman
dekh abe alsi admi hain saale,1,hi-roman
bhai abe alsi admi hain hai,1,hi-roman
bhai abe alsi admi hain ho,1,hi-roman
bhai abe alsi admi hain hain,1,hi-roman
bhai abe alsi admi hain aadmi,1,hi-roman
bhai abe alsi admi hain insaan,1,hi-roman
bhai abe alsi admi hain yaar,1,hi-roman
bhai abe alsi admi hain bro,1,hi-roman
bhai abe alsi admi hain bhai,1,hi-roman
bhai abe alsi admi hain saale,1,hi-roman
saale abe alsi admi hain hai,1,hi-roman
saale abe alsi admi hain ho,1,hi-roman
saale abe alsi admi hain hain,1,hi-roman
saale abe alsi admi hain aadmi,1,hi-roman
saale abe alsi admi hain insaan,1,hi-roman
saale abe alsi admi hain yaar,1,hi-roman
saale abe alsi admi hain bro,1,hi-roman
saale abe alsi admi hain bhai,1,hi-roman
saale abe alsi admi hain saale,1,hi-roman
tu abe aalsee aadmee haeen,1,hi-roman
tu abe aalsee aadmee haeen hai,1,hi-roman
tu abe aalsee aadmee haeen ho,1,hi-roman
tu abe aalsee aadmee haeen hain,1,hi-roman
tu abe aalsee aadmee haeen aadmi,1,hi-roman
tu abe aalsee aadmee haeen insaan,1,hi-roman
tu abe aalsee aadmee haeen yaar,1,hi-roman
tu abe aalsee aadmee haeen bro,1,hi-roman
tu abe aalsee aadmee haeen bhai,1,hi-roman
tu abe aalsee aadmee haeen saale,1,hi-roman
tum abe aalsee aadmee haeen,1,hi-roman
tum abe aalsee aadmee haeen hai,1,hi-roman
tum abe aalsee aadmee haeen ho,1,hi-roman
tum abe aalsee aadmee haeen hain,1,hi-roman
tum abe aalsee aadmee haeen aadmi,1,hi-roman
tum abe aalsee aadmee haeen insaan,1,hi-roman
tum abe aalsee aadmee haeen yaar,1,hi-roman
tum abe aalsee aadmee haeen bro,1,hi-roman
tum abe aalsee aadmee haeen bhai,1,hi-roman
tum abe aalsee aadmee haeen saale,1,hi-roman
abe abe aalsee aadmee haeen,1,hi-roman
abe abe aalsee aadmee haeen hai,1,hi-roman
abe abe aalsee aadmee haeen ho,1,hi-roman
abe abe aalsee aadmee haeen hain,1,hi-roman
abe abe aalsee aadmee haeen aadmi,1,hi-roman
abe abe aalsee aadmee haeen insaan,1,hi-roman
abe abe aalsee aadmee haeen yaar,1,hi-roman
abe abe aalsee aadmee haeen bro,1,hi-roman
abe abe aalsee aadmee haeen bhai,1,hi-roman
abe abe aalsee aadmee haeen saale,1,hi-roman
oye abe aalsee aadmee haeen,1,hi-roman
oye abe aalsee aadmee haeen hai,1,hi-roman
oye abe aalsee aadmee haeen ho,1,hi-roman
oye abe aalsee aadmee haeen hain,1,hi-roman
oye abe aalsee aadmee haeen aadmi,1,hi-roman
oye abe aalsee aadmee haeen insaan,1,hi-roman
oye abe aalsee aadmee haeen yaar,1,hi-roman
oye abe aalsee aadmee haeen bro,1,hi-roman
oye abe aalsee aadmee haeen bhai,1,hi-roman
oye abe aalsee aadmee haeen saale,1,hi-roman
are abe aalsee aadmee haeen,1,hi-roman
are abe aalsee aadmee haeen hai,1,hi-roman
are abe aalsee aadmee haeen ho,1,hi-roman
are abe aalsee aadmee haeen hain,1,hi-roman
are abe aalsee aadmee haeen aadmi,1,hi-roman
are abe aalsee aadmee haeen insaan,1,hi-roman
are abe aalsee aadmee haeen yaar,1,hi-roman
are abe aalsee aadmee haeen bro,1,hi-roman
are abe aalsee aadmee haeen bhai,1,hi-roman
are abe aalsee aadmee haeen saale,1,hi-roman
sun abe aalsee aadmee haeen,1,hi-roman
sun abe aalsee aadmee haeen hai,1,hi-roman
sun abe aalsee aadmee haeen ho,1,hi-roman
sun abe aalsee aadmee haeen hain,1,hi-roman
sun abe aalsee aadmee haeen aadmi,1,hi-roman
sun abe aalsee aadmee haeen insaan,1,hi-roman
sun abe aalsee aadmee haeen yaar,1,hi-roman
sun abe aalsee aadmee haeen bro,1,hi-roman
sun abe aalsee aadmee haeen bhai,1,hi-roman
sun abe aalsee aadmee haeen saale,1,hi-roman
dekh abe aalsee aadmee haeen,1,hi-roman
dekh abe aalsee aadmee haeen hai,1,hi-roman
dekh abe aalsee aadmee haeen ho,1,hi-roman
dekh abe aalsee aadmee haeen hain,1,hi-roman
dekh abe aalsee aadmee haeen aadmi,1,hi-roman
dekh abe aalsee aadmee haeen insaan,1,hi-roman
dekh abe aalsee aadmee haeen yaar,1,hi-roman
dekh abe aalsee aadmee haeen bro,1,hi-roman
dekh abe aalsee aadmee haeen bhai,1,hi-roman
dekh abe aalsee aadmee haeen saale,1,hi-roman
bhai abe aalsee aadmee haeen,1,hi-roman
bhai abe aalsee aadmee haeen hai,1,hi-roman
bhai abe aalsee aadmee haeen ho,1,hi-roman
bhai abe aalsee aadmee haeen hain,1,hi-roman
bhai abe aalsee aadmee haeen aadmi,1,hi-roman
bhai abe aalsee aadmee haeen insaan,1,hi-roman
bhai abe aalsee aadmee haeen yaar,1,hi-roman
bhai abe aalsee aadmee haeen bro,1,hi-roman
bhai abe aalsee aadmee haeen bhai,1,hi-roman
bhai abe aalsee aadmee haeen saale,1,hi-roman
saale abe aalsee aadmee haeen,1,hi-roman
saale abe aalsee aadmee haeen hai,1,hi-roman
saale abe aalsee aadmee haeen ho,1,hi-roman
saale abe aalsee aadmee haeen hain,1,hi-roman
saale abe aalsee aadmee haeen aadmi,1,hi-roman
saale abe aalsee aadmee haeen insaan,1,hi-roman
saale abe aalsee aadmee haeen yaar,1,hi-roman
saale abe aalsee aadmee haeen bro,1,hi-roman
saale abe aalsee aadmee haeen bhai,1,hi-roman
saale abe aalsee aadmee haeen saale,1,hi-roman
tu abe aalsi aadmi ho hai,1,hi-roman
tu abe aalsi aadmi ho ho,1,hi-roman
tu abe aalsi aadmi ho hain,1,hi-roman
tu abe aalsi aadmi ho aadmi,1,hi-roman
tu abe aalsi aadmi ho insaan,1,hi-roman
tu abe aalsi aadmi ho yaar,1,hi-roman
tu abe aalsi aadmi ho bro,1,hi-roman
tu abe aalsi aadmi ho bhai,1,hi-roman
tu abe aalsi aadmi ho saale,1,hi-roman
tum abe aalsi aadmi ho hai,1,hi-roman
tum abe aalsi aadmi ho ho,1,hi-roman
tum abe aalsi aadmi ho hain,1,hi-roman
tum abe aalsi aadmi ho aadmi,1,hi-roman
tum abe aalsi aadmi ho insaan,1,hi-roman
tum abe aalsi aadmi ho yaar,1,hi-roman
tum abe aalsi aadmi ho bro,1,hi-roman
tum abe aalsi aadmi ho bhai,1,hi-roman
tum abe aalsi aadmi ho saale,1,hi-roman
abe abe aalsi aadmi ho hai,1,hi-roman
abe abe aalsi aadmi ho ho,1,hi-roman
abe abe aalsi aadmi ho hain,1,hi-roman
abe abe aalsi aadmi ho aadmi,1,hi-roman
abe abe aalsi aadmi ho insaan,1,hi-roman
abe abe aalsi aadmi ho yaar,1,hi-roman
abe abe aalsi aadmi ho bro,1,hi-roman
abe abe aalsi aadmi ho bhai,1,hi-roman
abe abe aalsi aadmi ho saale,1,hi-roman
oye abe aalsi aadmi ho hai,1,hi-roman
oye abe aalsi aadmi ho ho,1,hi-roman
oye abe aalsi aadmi ho hain,1,hi-roman
oye abe aalsi aadmi ho aadmi,1,hi-roman
oye abe aalsi aadmi ho insaan,1,hi-roman
oye abe aalsi aadmi ho yaar,1,hi-roman
oye abe aalsi aadmi ho bro,1,hi-roman
oye abe aalsi aadmi ho bhai,1,hi-roman
oye abe aalsi aadmi ho saale,1,hi-roman
are abe aalsi aadmi ho hai,1,hi-roman
are abe aalsi aadmi ho ho,1,hi-roman
are abe aalsi aadmi ho hain,1,hi-roman
are abe aalsi aadmi ho aadmi,1,hi-roman
are abe aalsi aadmi ho insaan,1,hi-roman
are abe aalsi aadmi ho yaar,1,hi-roman
are abe aalsi aadmi ho bro,1,hi-roman
are abe aalsi aadmi ho bhai,1,hi-roman
are abe aalsi aadmi ho saale,1,hi-roman
sun abe aalsi aadmi ho hai,1,hi-roman
sun abe aalsi aadmi ho ho,1,hi-roman
sun abe aalsi aadmi ho hain,1,hi-roman
sun abe aalsi aadmi ho aadmi,1,hi-roman
sun abe aalsi aadmi ho insaan,1,hi-roman
sun abe aalsi aadmi ho yaar,1,hi-roman
sun abe aalsi aadmi ho bro,1,hi-roman
sun abe aalsi aadmi ho bhai,1,hi-roman
sun abe aalsi aadmi ho saale,1,hi-roman
dekh abe aalsi aadmi ho hai,1,hi-roman
dekh abe aalsi aadmi ho ho,1,hi-roman
dekh abe aalsi aadmi ho hain,1,hi-roman
dekh abe aalsi aadmi ho aadmi,1,hi-roman
dekh abe aalsi aadmi ho insaan,1,hi-roman
dekh abe aalsi aadmi ho yaar,1,hi-roman
dekh abe aalsi aadmi ho bro,1,hi-roman
dekh abe aalsi aadmi ho bhai,1,hi-roman
dekh abe aalsi aadmi ho saale,1,hi-roman
bhai abe aalsi aadmi ho hai,1,hi-roman
bhai abe aalsi aadmi ho ho,1,hi-roman
bhai abe aalsi aadmi ho hain,1,hi-roman
bhai abe aalsi aadmi ho aadmi,1,hi-roman
bhai abe aalsi aadmi ho insaan,1,hi-roman
bhai abe aalsi aadmi ho yaar,1,hi-roman
bhai abe aalsi aadmi ho bro,1,hi-roman
bhai abe aalsi aadmi ho bhai,1,hi-roman
bhai abe aalsi aadmi ho saale,1,hi-roman
saale abe aalsi aadmi ho hai,1,hi-roman
saale abe aalsi aadmi ho ho,1,hi-roman
saale abe aalsi aadmi ho hain,1,hi-roman
saale abe aalsi aadmi ho aadmi,1,hi-roman
saale abe aalsi aadmi ho insaan,1,hi-roman
saale abe aalsi aadmi ho yaar,1,hi-roman
saale abe aalsi aadmi ho bro,1,hi-roman
saale abe aalsi aadmi ho bhai,1,hi-roman
saale abe aalsi aadmi ho saale,1,hi-roman
tu abe aalsee aadmee ho hai,1,hi-roman
tu abe aalsee aadmee ho ho,1,hi-roman
tu abe aalsee aadmee ho hain,1,hi-roman
tu abe aalsee aadmee ho aadmi,1,hi-roman
tu abe aalsee aadmee ho insaan,1,hi-roman
tu abe aalsee aadmee ho yaar,1,hi-roman
tu abe aalsee aadmee ho bro,1,hi-roman
tu abe aalsee aadmee ho bhai,1,hi-roman
tu abe aalsee aadmee ho saale,1,hi-roman
tum abe aalsee aadmee ho hai,1,hi-roman
tum abe aalsee aadmee ho ho,1,hi-roman
tum abe aalsee aadmee ho hain,1,hi-roman
tum abe aalsee aadmee ho aadmi,1,hi-roman
tum abe aalsee aadmee ho insaan,1,hi-roman
tum abe aalsee aadmee ho yaar,1,hi-roman
tum abe aalsee aadmee ho bro,1,hi-roman
tum abe aalsee aadmee ho bhai,1,hi-roman
tum abe aalsee aadmee ho saale,1,hi-roman
abe abe aalsee aadmee ho hai,1,hi-roman
abe abe aalsee aadmee ho ho,1,hi-roman
abe abe aalsee aadmee ho hain,1,hi-roman
abe abe aalsee aadmee ho aadmi,1,hi-roman
abe abe aalsee aadmee ho insaan,1,hi-roman
abe abe aalsee aadmee ho yaar,1,hi-roman
abe abe aalsee aadmee ho bro,1,hi-roman
abe abe aalsee aadmee ho bhai,1,hi-roman
abe abe aalsee aadmee ho saale,1,hi-roman
oye abe aalsee aadmee ho hai,1,hi-roman
oye abe aalsee aadmee ho ho,1,hi-roman
oye abe aalsee aadmee ho hain,1,hi-roman
oye abe aalsee aadmee ho aadmi,1,hi-roman
oye abe aalsee aadmee ho insaan,1,hi-roman
oye abe aalsee aadmee ho yaar,1,hi-roman
oye abe aalsee aadmee ho bro,1,hi-roman
oye abe aalsee aadmee ho bhai,1,hi-roman
oye abe aalsee aadmee ho saale,1,hi-roman
are abe aalsee aadmee ho hai,1,hi-roman
are abe aalsee aadmee ho ho,1,hi-roman
are abe aalsee aadmee ho hain,1,hi-roman
are abe aalsee aadmee ho aadmi,1,hi-roman
are abe aalsee aadmee ho insaan,1,hi-roman
are abe aalsee aadmee ho yaar,1,hi-roman
are abe aalsee aadmee ho bro,1,hi-roman
are abe aalsee aadmee ho bhai,1,hi-roman
are abe aalsee aadmee ho saale,1,hi-roman
sun abe aalsee aadmee ho hai,1,hi-roman
sun abe aalsee aadmee ho ho,1,hi-roman
sun abe aalsee aadmee ho hain,1,hi-roman
sun abe aalsee aadmee ho aadmi,1,hi-roman
sun abe aalsee aadmee ho insaan,1,hi-roman
sun abe aalsee aadmee ho yaar,1,hi-roman
sun abe aalsee aadmee ho bro,1,hi-roman
sun abe aalsee aadmee ho bhai,1,hi-roman
sun abe aalsee aadmee ho saale,1,hi-roman
dekh abe aalsee aadmee ho hai,1,hi-roman
dekh abe aalsee aadmee ho ho,1,hi-roman
dekh abe aalsee aadmee ho hain,1,hi-roman
dekh abe aalsee aadmee ho aadmi,1,hi-roman
dekh abe aalsee aadmee ho insaan,1,hi-roman
dekh abe aalsee aadmee ho yaar,1,hi-roman
dekh abe aalsee aadmee ho bro,1,hi-roman
dekh abe aalsee aadmee ho bhai,1,hi-roman
dekh abe aalsee aadmee ho saale,1,hi-roman
bhai abe aalsee aadmee ho hai,1,hi-roman
bhai abe aalsee aadmee ho ho,1,hi-roman
bhai abe aalsee aadmee ho hain,1,hi-roman
bhai abe aalsee aadmee ho aadmi,1,hi-roman
bhai abe aalsee aadmee ho insaan,1,hi-roman
bhai abe aalsee aadmee ho yaar,1,hi-roman
bhai abe aalsee aadmee ho bro,1,hi-roman
bhai abe aalsee aadmee ho bhai,1,hi-roman
bhai abe aalsee aadmee ho saale,1,hi-roman
saale abe aalsee aadmee ho hai,1,hi-roman
saale abe aalsee aadmee ho ho,1,hi-roman
saale abe aalsee aadmee ho hain,1,hi-roman
saale abe aalsee aadmee ho aadmi,1,hi-roman
saale abe aalsee aadmee ho insaan,1,hi-roman
saale abe aalsee aadmee ho yaar,1,hi-roman
saale abe aalsee aadmee ho bro,1,hi-roman
saale abe aalsee aadmee ho bhai,1,hi-roman
saale abe aalsee aadmee ho saale,1,hi-roman
aabe aaaalsi aaaadmi ho hai,1,hi-roman
aabe aaaalsi aaaadmi ho ho,1,hi-roman
aabe aaaalsi aaaadmi ho hain,1,hi-roman
aabe aaaalsi aaaadmi ho aadmi,1,hi-roman
aabe aaaalsi aaaadmi ho insaan,1,hi-roman
aabe aaaalsi aaaadmi ho yaar,1,hi-roman
aabe aaaalsi aaaadmi ho bro,1,hi-roman
aabe aaaalsi aaaadmi ho bhai,1,hi-roman
aabe aaaalsi aaaadmi ho saale,1,hi-roman
tu aabe aaaalsi aaaadmi ho hai,1,hi-roman
tu aabe aaaalsi aaaadmi ho ho,1,hi-roman
tu aabe aaaalsi aaaadmi ho hain,1,hi-roman
tu aabe aaaalsi aaaadmi ho aadmi,1,hi-roman
tu aabe aaaalsi aaaadmi ho insaan,1,hi-roman
tu aabe aaaalsi aaaadmi ho yaar,1,hi-roman
tu aabe aaaalsi aaaadmi ho bro,1,hi-roman
tu aabe aaaalsi aaaadmi ho bhai,1,hi-roman
tu aabe aaaalsi aaaadmi ho saale,1,hi-roman
tum aabe aaaalsi aaaadmi ho hai,1,hi-roman
tum aabe aaaalsi aaaadmi ho ho,1,hi-roman
tum aabe aaaalsi aaaadmi ho hain,1,hi-roman
tum aabe aaaalsi aaaadmi ho aadmi,1,hi-roman
tum aabe aaaalsi aaaadmi ho insaan,1,hi-roman
tum aabe aaaalsi aaaadmi ho yaar,1,hi-roman
tum aabe aaaalsi aaaadmi ho bro,1,hi-roman
tum aabe aaaalsi aaaadmi ho bhai,1,hi-roman
tum aabe aaaalsi aaaadmi ho saale,1,hi-roman
abe aabe aaaalsi aaaadmi ho hai,1,hi-roman
abe aabe aaaalsi aaaadmi ho ho,1,hi-roman
abe aabe aaaalsi aaaadmi ho hain,1,hi-roman
abe aabe aaaalsi aaaadmi ho aadmi,1,hi-roman
abe aabe aaaalsi aaaadmi ho insaan,1,hi-roman
abe aabe aaaalsi aaaadmi ho yaar,1,hi-roman
abe aabe aaaalsi aaaadmi ho bro,1,hi-roman
abe aabe aaaalsi aaaadmi ho bhai,1,hi-roman
abe aabe aaaalsi aaaadmi ho saale,1,hi-roman
oye aabe aaaalsi aaaadmi ho hai,1,hi-roman
oye aabe aaaalsi aaaadmi ho ho,1,hi-roman
oye aabe aaaalsi aaaadmi ho hain,1,hi-roman
oye aabe aaaalsi aaaadmi ho aadmi,1,hi-roman
oye aabe aaaalsi aaaadmi ho insaan,1,hi-roman
oye aabe aaaalsi aaaadmi ho yaar,1,hi-roman
oye aabe aaaalsi aaaadmi ho bro,1,hi-roman
oye aabe aaaalsi aaaadmi ho bhai,1,hi-roman
oye aabe aaaalsi aaaadmi ho saale,1,hi-roman
are aabe aaaalsi aaaadmi ho hai,1,hi-roman
are aabe aaaalsi aaaadmi ho ho,1,hi-roman
are aabe aaaalsi aaaadmi ho hain,1,hi-roman
are aabe aaaalsi aaaadmi ho aadmi,1,hi-roman
are aabe aaaalsi aaaadmi ho insaan,1,hi-roman
are aabe aaaalsi aaaadmi ho yaar,1,hi-roman
are aabe aaaalsi aaaadmi ho bro,1,hi-roman
are aabe aaaalsi aaaadmi ho bhai,1,hi-roman
are aabe aaaalsi aaaadmi ho saale,1,hi-roman
sun aabe aaaalsi aaaadmi ho hai,1,hi-roman
sun aabe aaaalsi aaaadmi ho ho,1,hi-roman
sun aabe aaaalsi aaaadmi ho hain,1,hi-roman
sun aabe aaaalsi aaaadmi ho aadmi,1,hi-roman
sun aabe aaaalsi aaaadmi ho insaan,1,hi-roman
sun aabe aaaalsi aaaadmi ho yaar,1,hi-roman
sun aabe aaaalsi aaaadmi ho bro,1,hi-roman
sun aabe aaaalsi aaaadmi ho bhai,1,hi-roman
sun aabe aaaalsi aaaadmi ho saale,1,hi-roman
dekh aabe aaaalsi aaaadmi ho hai,1,hi-roman
dekh aabe aaaalsi aaaadmi ho ho,1,hi-roman
dekh aabe aaaalsi aaaadmi ho hain,1,hi-roman
dekh aabe aaaalsi aaaadmi ho aadmi,1,hi-roman
dekh aabe aaaalsi aaaadmi ho insaan,1,hi-roman
dekh aabe aaaalsi aaaadmi ho yaar,1,hi-roman
dekh aabe aaaalsi aaaadmi ho bro,1,hi-roman
dekh aabe aaaalsi aaaadmi ho bhai,1,hi-roman
dekh aabe aaaalsi aaaadmi ho saale,1,hi-roman
bhai aabe aaaalsi aaaadmi ho hai,1,hi-roman
bhai aabe aaaalsi aaaadmi ho ho,1,hi-roman
bhai aabe aaaalsi aaaadmi ho hain,1,hi-roman
bhai aabe aaaalsi aaaadmi ho aadmi,1,hi-roman
bhai aabe aaaalsi aaaadmi ho insaan,1,hi-roman
bhai aabe aaaalsi aaaadmi ho yaar,1,hi-roman
bhai aabe aaaalsi aaaadmi ho bro,1,hi-roman
bhai aabe aaaalsi aaaadmi ho bhai,1,hi-roman
bhai aabe aaaalsi aaaadmi ho saale,1,hi-roman
saale aabe aaaalsi aaaadmi ho hai,1,hi-roman
saale aabe aaaalsi aaaadmi ho ho,1,hi-roman
saale aabe aaaalsi aaaadmi ho hain,1,hi-roman
saale aabe aaaalsi aaaadmi ho aadmi,1,hi-roman
saale aabe aaaalsi aaaadmi ho insaan,1,hi-roman
saale aabe aaaalsi aaaadmi ho yaar,1,hi-roman
saale aabe aaaalsi aaaadmi ho bro,1,hi-roman
saale aabe aaaalsi aaaadmi ho bhai,1,hi-roman
saale aabe aaaalsi aaaadmi ho saale,1,hi-roman
tu abe alsi admi ho hai,1,hi-roman
tu abe alsi admi ho ho,1,hi-roman
tu abe alsi admi ho hain,1,hi-roman
tu abe alsi admi ho aadmi,1,hi-roman
tu abe alsi admi ho insaan,1,hi-roman
tu abe alsi admi ho yaar,1,hi-roman
tu abe alsi admi ho bro,1,hi-roman
tu abe alsi admi ho bhai,1,hi-roman
tu abe alsi admi ho saale,1,hi-roman
tum abe alsi admi ho hai,1,hi-roman
tum abe alsi admi ho ho,1,hi-roman
tum abe alsi admi ho hain,1,hi-roman
tum abe alsi admi ho aadmi,1,hi-roman
tum abe alsi admi ho insaan,1,hi-roman
tum abe alsi admi ho yaar,1,hi-roman
tum abe alsi admi ho bro,1,hi-roman
tum abe alsi admi ho bhai,1,hi-roman
tum abe alsi admi ho saale,1,hi-roman
abe abe alsi admi ho hai,1,hi-roman
abe abe alsi admi ho ho,1,hi-roman
abe abe alsi admi ho hain,1,hi-roman
abe abe alsi admi ho aadmi,1,hi-roman
abe abe alsi admi ho insaan,1,hi-roman
abe abe alsi admi ho yaar,1,hi-roman
abe abe alsi admi ho bro,1,hi-roman
abe abe alsi admi ho bhai,1,hi-roman
abe abe alsi admi ho saale,1,hi-roman
oye abe alsi admi ho hai,1,hi-roman
oye abe alsi admi ho ho,1,hi-roman
oye abe alsi admi ho hain,1,hi-roman
oye abe alsi admi ho aadmi,1,hi-roman
oye abe alsi admi ho insaan,1,hi-roman
oye abe alsi admi ho yaar,1,hi-roman
oye abe alsi admi ho bro,1,hi-roman
oye abe alsi admi ho bhai,1,hi-roman
oye abe alsi admi ho saale,1,hi-roman
are abe alsi admi ho hai,1,hi-roman
are abe alsi admi ho ho,1,hi-roman
are abe alsi admi ho hain,1,hi-roman
are abe alsi admi ho aadmi,1,hi-roman
are abe alsi admi ho insaan,1,hi-roman
are abe alsi admi ho yaar,1,hi-roman
are abe alsi admi ho bro,1,hi-roman
are abe alsi admi ho bhai,1,hi-roman
are abe alsi admi ho saale,1,hi-roman
sun abe alsi admi ho hai,1,hi-roman
sun abe alsi admi ho ho,1,hi-roman
sun abe alsi admi ho hain,1,hi-roman
sun abe alsi admi ho aadmi,1,hi-roman
sun abe alsi admi ho insaan,1,hi-roman
sun abe alsi admi ho yaar,1,hi-roman
sun abe alsi admi ho bro,1,hi-roman
sun abe alsi admi ho bhai,1,hi-roman
sun abe alsi admi ho saale,1,hi-roman
dekh abe alsi admi ho hai,1,hi-roman
dekh abe alsi admi ho ho,1,hi-roman
dekh abe alsi admi ho hain,1,hi-roman
dekh abe alsi admi ho aadmi,1,hi-roman
dekh abe alsi admi ho insaan,1,hi-roman
dekh abe alsi admi ho yaar,1,hi-roman
dekh abe alsi admi ho bro,1,hi-roman
dekh abe alsi admi ho bhai,1,hi-roman
dekh abe alsi admi ho saale,1,hi-roman
bhai abe alsi admi ho hai,1,hi-roman
bhai abe alsi admi ho ho,1,hi-roman
bhai abe alsi admi ho hain,1,hi-roman
bhai abe alsi admi ho aadmi,1,hi-roman
bhai abe alsi admi ho insaan,1,hi-roman
bhai abe alsi admi ho yaar,1,hi-roman
bhai abe alsi admi ho bro,1,hi-roman
bhai abe alsi admi ho bhai,1,hi-roman
bhai abe alsi admi ho saale,1,hi-roman
saale abe alsi admi ho hai,1,hi-roman
saale abe alsi admi ho ho,1,hi-roman
saale abe alsi admi ho hain,1,hi-roman
saale abe alsi admi ho aadmi,1,hi-roman
saale abe alsi admi ho insaan,1,hi-roman
saale abe alsi admi ho yaar,1,hi-roman
saale abe alsi admi ho bro,1,hi-roman
saale abe alsi admi ho bhai,1,hi-roman
saale abe alsi admi ho saale,1,hi-roman
aabe aaaalsi aaaadmi insaaaan,1,hi-roman
aabe aaaalsi aaaadmi insaaaan hai,1,hi-roman
aabe aaaalsi aaaadmi insaaaan ho,1,hi-roman
aabe aaaalsi aaaadmi insaaaan hain,1,hi-roman
aabe aaaalsi aaaadmi insaaaan aadmi,1,hi-roman
aabe aaaalsi aaaadmi insaaaan insaan,1,hi-roman
aabe aaaalsi aaaadmi insaaaan yaar,1,hi-roman
aabe aaaalsi aaaadmi insaaaan bro,1,hi-roman
aabe aaaalsi aaaadmi insaaaan bhai,1,hi-roman
aabe aaaalsi aaaadmi insaaaan saale,1,hi-roman
tu aabe aaaalsi aaaadmi insaaaan,1,hi-roman
tu aabe aaaalsi aaaadmi insaaaan hai,1,hi-roman
tu aabe aaaalsi aaaadmi insaaaan ho,1,hi-roman
tu aabe aaaalsi aaaadmi insaaaan hain,1,hi-roman
tu aabe aaaalsi aaaadmi insaaaan aadmi,1,hi-roman
tu aabe aaaalsi aaaadmi insaaaan insaan,1,hi-roman
tu aabe aaaalsi aaaadmi insaaaan yaar,1,hi-roman
tu aabe aaaalsi aaaadmi insaaaan bro,1,hi-roman
tu aabe aaaalsi aaaadmi insaaaan bhai,1,hi-roman
tu aabe aaaalsi aaaadmi insaaaan saale,1,hi-roman
tum aabe aaaalsi aaaadmi insaaaan,1,hi-roman
tum aabe aaaalsi aaaadmi insaaaan hai,1,hi-roman
tum aabe aaaalsi aaaadmi insaaaan ho,1,hi-roman
tum aabe aaaalsi aaaadmi insaaaan hain,1,hi-roman
tum aabe aaaalsi aaaadmi insaaaan aadmi,1,hi-roman
tum aabe aaaalsi aaaadmi insaaaan insaan,1,hi-roman
tum aabe aaaalsi aaaadmi insaaaan yaar,1,hi-roman
tum aabe aaaalsi aaaadmi insaaaan bro,1,hi-roman
tum aabe aaaalsi aaaadmi insaaaan bhai,1,hi-roman
tum aabe aaaalsi aaaadmi insaaaan saale,1,hi-roman
abe aabe aaaalsi aaaadmi insaaaan,1,hi-roman
abe aabe aaaalsi aaaadmi insaaaan hai,1,hi-roman
abe aabe aaaalsi aaaadmi insaaaan ho,1,hi-roman
abe aabe aaaalsi aaaadmi insaaaan hain,1,hi-roman
abe aabe aaaalsi aaaadmi insaaaan aadmi,1,hi-roman
abe aabe aaaalsi aaaadmi insaaaan insaan,1,hi-roman
abe aabe aaaalsi aaaadmi insaaaan yaar,1,hi-roman
abe aabe aaaalsi aaaadmi insaaaan bro,1,hi-roman
abe aabe aaaalsi aaaadmi insaaaan bhai,1,hi-roman
abe aabe aaaalsi aaaadmi insaaaan saale,1,hi-roman
oye aabe aaaalsi aaaadmi insaaaan,1,hi-roman
oye aabe aaaalsi aaaadmi insaaaan hai,1,hi-roman
oye aabe aaaalsi aaaadmi insaaaan ho,1,hi-roman
oye aabe aaaalsi aaaadmi insaaaan hain,1,hi-roman
oye aabe aaaalsi aaaadmi insaaaan aadmi,1,hi-roman
oye aabe aaaalsi aaaadmi insaaaan insaan,1,hi-roman
oye aabe aaaalsi aaaadmi insaaaan yaar,1,hi-roman
oye aabe aaaalsi aaaadmi insaaaan bro,1,hi-roman
oye aabe aaaalsi aaaadmi insaaaan bhai,1,hi-roman
oye aabe aaaalsi aaaadmi insaaaan saale,1,hi-roman
are aabe aaaalsi aaaadmi insaaaan,1,hi-roman
are aabe aaaalsi aaaadmi insaaaan hai,1,hi-roman
are aabe aaaalsi aaaadmi insaaaan ho,1,hi-roman
are aabe aaaalsi aaaadmi insaaaan hain,1,hi-roman
are aabe aaaalsi aaaadmi insaaaan aadmi,1,hi-roman
are aabe aaaalsi aaaadmi insaaaan insaan,1,hi-roman
are aabe aaaalsi aaaadmi insaaaan yaar,1,hi-roman
are aabe aaaalsi aaaadmi insaaaan bro,1,hi-roman
are aabe aaaalsi aaaadmi insaaaan bhai,1,hi-roman
are aabe aaaalsi aaaadmi insaaaan saale,1,hi-roman
sun aabe aaaalsi aaaadmi insaaaan,1,hi-roman
sun aabe aaaalsi aaaadmi insaaaan hai,1,hi-roman
sun aabe aaaalsi aaaadmi insaaaan ho,1,hi-roman
sun aabe aaaalsi aaaadmi insaaaan hain,1,hi-roman
sun aabe aaaalsi aaaadmi insaaaan aadmi,1,hi-roman
sun aabe aaaalsi aaaadmi insaaaan insaan,1,hi-roman
sun aabe aaaalsi aaaadmi insaaaan yaar,1,hi-roman
sun aabe aaaalsi aaaadmi insaaaan bro,1,hi-roman
sun aabe aaaalsi aaaadmi insaaaan bhai,1,hi-roman
sun aabe aaaalsi aaaadmi insaaaan saale,1,hi-roman
dekh aabe aaaalsi aaaadmi insaaaan,1,hi-roman
dekh aabe aaaalsi aaaadmi insaaaan hai,1,hi-roman
dekh aabe aaaalsi aaaadmi insaaaan ho,1,hi-roman
dekh aabe aaaalsi aaaadmi insaaaan hain,1,hi-roman
dekh aabe aaaalsi aaaadmi insaaaan aadmi,1,hi-roman
dekh aabe aaaalsi aaaadmi insaaaan insaan,1,hi-roman
dekh aabe aaaalsi aaaadmi insaaaan yaar,1,hi-roman
dekh aabe aaaalsi aaaadmi insaaaan bro,1,hi-roman
dekh aabe aaaalsi aaaadmi insaaaan bhai,1,hi-roman
dekh aabe aaaalsi aaaadmi insaaaan saale,1,hi-roman
bhai aabe aaaalsi aaaadmi insaaaan,1,hi-roman
bhai aabe aaaalsi aaaadmi insaaaan hai,1,hi-roman
bhai aabe aaaalsi aaaadmi insaaaan ho,1,hi-roman
bhai aabe aaaalsi aaaadmi insaaaan hain,1,hi-roman
bhai aabe aaaalsi aaaadmi insaaaan aadmi,1,hi-roman
bhai aabe aaaalsi aaaadmi insaaaan insaan,1,hi-roman
bhai aabe aaaalsi aaaadmi insaaaan yaar,1,hi-roman
bhai aabe aaaalsi aaaadmi insaaaan bro,1,hi-roman
bhai aabe aaaalsi aaaadmi insaaaan bhai,1,hi-roman
bhai aabe aaaalsi aaaadmi insaaaan saale,1,hi-roman
saale aabe aaaalsi aaaadmi insaaaan,1,hi-roman
saale aabe aaaalsi aaaadmi insaaaan hai,1,hi-roman
saale aabe aaaalsi aaaadmi insaaaan ho,1,hi-roman
saale aabe aaaalsi aaaadmi insaaaan hain,1,hi-roman
saale aabe aaaalsi aaaadmi insaaaan aadmi,1,hi-roman
saale aabe aaaalsi aaaadmi insaaaan insaan,1,hi-roman
saale aabe aaaalsi aaaadmi insaaaan yaar,1,hi-roman
saale aabe aaaalsi aaaadmi insaaaan bro,1,hi-roman
saale aabe aaaalsi aaaadmi insaaaan bhai,1,hi-roman
saale aabe aaaalsi aaaadmi insaaaan saale,1,hi-roman
tu abe alsi admi insan,1,hi-roman
tu abe alsi admi insan hai,1,hi-roman
tu abe alsi admi insan ho,1,hi-roman
tu abe alsi admi insan hain,1,hi-roman
tu abe alsi admi insan aadmi,1,hi-roman
tu abe alsi admi insan insaan,1,hi-roman
tu abe alsi admi insan yaar,1,hi-roman
tu abe alsi admi insan bro,1,hi-roman
tu abe alsi admi insan bhai,1,hi-roman
tu abe alsi admi insan saale,1,hi-roman
tum abe alsi admi insan,1,hi-roman
tum abe alsi admi insan hai,1,hi-roman
tum abe alsi admi insan ho,1,hi-roman
tum abe alsi admi insan hain,1,hi-roman
tum abe alsi admi insan aadmi,1,hi-roman
tum abe alsi admi insan insaan,1,hi-roman
tum abe alsi admi insan yaar,1,hi-roman
tum abe alsi admi insan bro,1,hi-roman
tum abe alsi admi insan bhai,1,hi-roman
tum abe alsi admi insan saale,1,hi-roman
abe abe alsi admi insan,1,hi-roman
abe abe alsi admi insan hai,1,hi-roman
abe abe alsi admi insan ho,1,hi-roman
abe abe alsi admi insan hain,1,hi-roman
abe abe alsi admi insan aadmi,1,hi-roman
abe abe alsi admi insan insaan,1,hi-roman
abe abe alsi admi insan yaar,1,hi-roman
abe abe alsi admi insan bro,1,hi-roman
abe abe alsi admi insan bhai,1,hi-roman
abe abe alsi admi insan saale,1,hi-roman
oye abe alsi admi insan,1,hi-roman
oye abe alsi admi insan hai,1,hi-roman
oye abe alsi admi insan ho,1,hi-roman
oye abe alsi admi insan hain,1,hi-roman
oye abe alsi admi insan aadmi,1,hi-roman
oye abe alsi admi insan insaan,1,hi-roman
oye abe alsi admi insan yaar,1,hi-roman
oye abe alsi admi insan bro,1,hi-roman
oye abe alsi admi insan bhai,1,hi-roman
oye abe alsi admi insan saale,1,hi-roman
are abe alsi admi insan,1,hi-roman
are abe alsi admi insan hai,1,hi-roman
are abe alsi admi insan ho,1,hi-roman
are abe alsi admi insan hain,1,hi-roman
are abe alsi admi insan aadmi,1,hi-roman
are abe alsi admi insan insaan,1,hi-roman
are abe alsi admi insan yaar,1,hi-roman
are abe alsi admi insan bro,1,hi-roman
are abe alsi admi insan bhai,1,hi-roman
are abe alsi admi insan saale,1,hi-roman
sun abe alsi admi insan,1,hi-roman
sun abe alsi admi insan hai,1,hi-roman
sun abe alsi admi insan ho,1,hi-roman
sun abe alsi admi insan hain,1,hi-roman
sun abe alsi admi insan aadmi,1,hi-roman
sun abe alsi admi insan insaan,1,hi-roman
sun abe alsi admi insan yaar,1,hi-roman
sun abe alsi admi insan bro,1,hi-roman
sun abe alsi admi insan bhai,1,hi-roman
sun abe alsi admi insan saale,1,hi-roman
dekh abe alsi admi insan,1,hi-roman
dekh abe alsi admi insan hai,1,hi-roman
dekh abe alsi admi insan ho,1,hi-roman
dekh abe alsi admi insan hain,1,hi-roman
dekh abe alsi admi insan aadmi,1,hi-roman
dekh abe alsi admi insan insaan,1,hi-roman
dekh abe alsi admi insan yaar,1,hi-roman
dekh abe alsi admi insan bro,1,hi-roman
dekh abe alsi admi insan bhai,1,hi-roman
dekh abe alsi admi insan saale,1,hi-roman
bhai abe alsi admi insan,1,hi-roman
bhai abe alsi admi insan hai,1,hi-roman
bhai abe alsi admi insan ho,1,hi-roman
bhai abe alsi admi insan hain,1,hi-roman
bhai abe alsi admi insan aadmi,1,hi-roman
bhai abe alsi admi insan insaan,1,hi-roman
bhai abe alsi admi insan yaar,1,hi-roman
bhai abe alsi admi insan bro,1,hi-roman
bhai abe alsi admi insan bhai,1,hi-roman
bhai abe alsi admi insan saale,1,hi-roman
saale abe alsi admi insan,1,hi-roman
saale abe alsi admi insan hai,1,hi-roman
saale abe alsi admi insan ho,1,hi-roman
saale abe alsi admi insan hain,1,hi-roman
saale abe alsi admi insan aadmi,1,hi-roman
saale abe alsi admi insan insaan,1,hi-roman
saale abe alsi admi insan yaar,1,hi-roman
saale abe alsi admi insan bro,1,hi-roman
saale abe alsi admi insan bhai,1,hi-roman
saale abe alsi admi insan saale,1,hi-roman
tu abe aalsee aadmee eensaan,1,hi-roman
tu abe aalsee aadmee eensaan hai,1,hi-roman
tu abe aalsee aadmee eensaan ho,1,hi-roman
tu abe aalsee aadmee eensaan hain,1,hi-roman
tu abe aalsee aadmee eensaan aadmi,1,hi-roman
tu abe aalsee aadmee eensaan insaan,1,hi-roman
tu abe aalsee aadmee eensaan yaar,1,hi-roman
tu abe aalsee aadmee eensaan bro,1,hi-roman
tu abe aalsee aadmee eensaan bhai,1,hi-roman
tu abe aalsee aadmee eensaan saale,1,hi-roman
tum abe aalsee aadmee eensaan,1,hi-roman
tum abe aalsee aadmee eensaan hai,1,hi-roman
tum abe aalsee aadmee eensaan ho,1,hi-roman
tum abe aalsee aadmee eensaan hain,1,hi-roman
tum abe aalsee aadmee eensaan aadmi,1,hi-roman
tum abe aalsee aadmee eensaan insaan,1,hi-roman
tum abe aalsee aadmee eensaan yaar,1,hi-roman
tum abe aalsee aadmee eensaan bro,1,hi-roman
tum abe aalsee aadmee eensaan bhai,1,hi-roman
tum abe aalsee aadmee eensaan saale,1,hi-roman
abe abe aalsee aadmee eensaan,1,hi-roman
abe abe aalsee aadmee eensaan hai,1,hi-roman
abe abe aalsee aadmee eensaan ho,1,hi-roman
abe abe aalsee aadmee eensaan hain,1,hi-roman
abe abe aalsee aadmee eensaan aadmi,1,hi-roman
abe abe aalsee aadmee eensaan insaan,1,hi-roman
abe abe aalsee aadmee eensaan yaar,1,hi-roman
abe abe aalsee aadmee eensaan bro,1,hi-roman
abe abe aalsee aadmee eensaan bhai,1,hi-roman
abe abe aalsee aadmee eensaan saale,1,hi-roman
oye abe aalsee aadmee eensaan,1,hi-roman
oye abe aalsee aadmee eensaan hai,1,hi-roman
oye abe aalsee aadmee eensaan ho,1,hi-roman
oye abe aalsee aadmee eensaan hain,1,hi-roman
oye abe aalsee aadmee eensaan aadmi,1,hi-roman
oye abe aalsee aadmee eensaan insaan,1,hi-roman
oye abe aalsee aadmee eensaan yaar,1,hi-roman
oye abe aalsee aadmee eensaan bro,1,hi-roman
oye abe aalsee aadmee eensaan bhai,1,hi-roman
oye abe aalsee aadmee eensaan saale,1,hi-roman
are abe aalsee aadmee eensaan,1,hi-roman
are abe aalsee aadmee eensaan hai,1,hi-roman
are abe aalsee aadmee eensaan ho,1,hi-roman
are abe aalsee aadmee eensaan hain,1,hi-roman
are abe aalsee aadmee eensaan aadmi,1,hi-roman
are abe aalsee aadmee eensaan insaan,1,hi-roman
are abe aalsee aadmee eensaan yaar,1,hi-roman
are abe aalsee aadmee eensaan bro,1,hi-roman
are abe aalsee aadmee eensaan bhai,1,hi-roman
are abe aalsee aadmee eensaan saale,1,hi-roman
sun abe aalsee aadmee eensaan,1,hi-roman
sun abe aalsee aadmee eensaan hai,1,hi-roman
sun abe aalsee aadmee eensaan ho,1,hi-roman
sun abe aalsee aadmee eensaan hain,1,hi-roman
sun abe aalsee aadmee eensaan aadmi,1,hi-roman
sun abe aalsee aadmee eensaan insaan,1,hi-roman
sun abe aalsee aadmee eensaan yaar,1,hi-roman
sun abe aalsee aadmee eensaan bro,1,hi-roman
sun abe aalsee aadmee eensaan bhai,1,hi-roman
sun abe aalsee aadmee eensaan saale,1,hi-roman
dekh abe aalsee aadmee eensaan,1,hi-roman
dekh abe aalsee aadmee eensaan hai,1,hi-roman
dekh abe aalsee aadmee eensaan ho,1,hi-roman
dekh abe aalsee aadmee eensaan hain,1,hi-roman
dekh abe aalsee aadmee eensaan aadmi,1,hi-roman
dekh abe aalsee aadmee eensaan insaan,1,hi-roman
dekh abe aalsee aadmee eensaan yaar,1,hi-roman
dekh abe aalsee aadmee eensaan bro,1,hi-roman
dekh abe aalsee aadmee eensaan bhai,1,hi-roman
dekh abe aalsee aadmee eensaan saale,1,hi-roman
bhai abe aalsee aadmee eensaan,1,hi-roman
bhai abe aalsee aadmee eensaan hai,1,hi-roman
bhai abe aalsee aadmee eensaan ho,1,hi-roman
bhai abe aalsee aadmee eensaan hain,1,hi-roman
bhai abe aalsee aadmee eensaan aadmi,1,hi-roman
bhai abe aalsee aadmee eensaan insaan,1,hi-roman
bhai abe aalsee aadmee eensaan yaar,1,hi-roman
bhai abe aalsee aadmee eensaan bro,1,hi-roman
bhai abe aalsee aadmee eensaan bhai,1,hi-roman
bhai abe aalsee aadmee eensaan saale,1,hi-roman
saale abe aalsee aadmee eensaan,1,hi-roman
saale abe aalsee aadmee eensaan hai,1,hi-roman
saale abe aalsee aadmee eensaan ho,1,hi-roman
saale abe aalsee aadmee eensaan hain,1,hi-roman
saale abe aalsee aadmee eensaan aadmi,1,hi-roman
saale abe aalsee aadmee eensaan insaan,1,hi-roman
saale abe aalsee aadmee eensaan yaar,1,hi-roman
saale abe aalsee aadmee eensaan bro,1,hi-roman
saale abe aalsee aadmee eensaan bhai,1,hi-roman
saale abe aalsee aadmee eensaan saale,1,hi-roman
tu abe aalsi aadmi insaan hai,1,hi-roman
tu abe aalsi aadmi insaan ho,1,hi-roman
tu abe aalsi aadmi insaan hain,1,hi-roman
tu abe aalsi aadmi insaan aadmi,1,hi-roman
tu abe aalsi aadmi insaan insaan,1,hi-roman
tu abe aalsi aadmi insaan yaar,1,hi-roman
tu abe aalsi aadmi insaan bro,1,hi-roman
tu abe aalsi aadmi insaan bhai,1,hi-roman
tu abe aalsi aadmi insaan saale,1,hi-roman
tum abe aalsi aadmi insaan hai,1,hi-roman
tum abe aalsi aadmi insaan ho,1,hi-roman
tum abe aalsi aadmi insaan hain,1,hi-roman
tum abe aalsi aadmi insaan aadmi,1,hi-roman
tum abe aalsi aadmi insaan insaan,1,hi-roman
tum abe aalsi aadmi insaan yaar,1,hi-roman
tum abe aalsi aadmi insaan bro,1,hi-roman
tum abe aalsi aadmi insaan bhai,1,hi-roman
tum abe aalsi aadmi insaan saale,1,hi-roman
abe abe aalsi aadmi insaan hai,1,hi-roman
abe abe aalsi aadmi insaan ho,1,hi-roman
abe abe aalsi aadmi insaan hain,1,hi-roman
abe abe aalsi aadmi insaan aadmi,1,hi-roman
abe abe aalsi aadmi insaan insaan,1,hi-roman
abe abe aalsi aadmi insaan yaar,1,hi-roman
abe abe aalsi aadmi insaan bro,1,hi-roman
abe abe aalsi aadmi insaan bhai,1,hi-roman
abe abe aalsi aadmi insaan saale,1,hi-roman
oye abe aalsi aadmi insaan hai,1,hi-roman
oye abe aalsi aadmi insaan ho,1,hi-roman
oye abe aalsi aadmi insaan hain,1,hi-roman
oye abe aalsi aadmi insaan aadmi,1,hi-roman
oye abe aalsi aadmi insaan insaan,1,hi-roman
oye abe aalsi aadmi insaan yaar,1,hi-roman
oye abe aalsi aadmi insaan bro,1,hi-roman
oye abe aalsi aadmi insaan bhai,1,hi-roman
oye abe aalsi aadmi insaan saale,1,hi-roman
are abe aalsi aadmi insaan hai,1,hi-roman
are abe aalsi aadmi insaan ho,1,hi-roman
are abe aalsi aadmi insaan hain,1,hi-roman
are abe aalsi aadmi insaan aadmi,1,hi-roman
are abe aalsi aadmi insaan insaan,1,hi-roman
are abe aalsi aadmi insaan yaar,1,hi-roman
are abe aalsi aadmi insaan bro,1,hi-roman
are abe aalsi aadmi insaan bhai,1,hi-roman
are abe aalsi aadmi insaan saale,1,hi-roman
sun abe aalsi aadmi insaan hai,1,hi-roman
sun abe aalsi aadmi insaan ho,1,hi-roman
sun abe aalsi aadmi insaan hain,1,hi-roman
sun abe aalsi aadmi insaan aadmi,1,hi-roman
sun abe aalsi aadmi insaan insaan,1,hi-roman
sun abe aalsi aadmi insaan yaar,1,hi-roman
sun abe aalsi aadmi insaan bro,1,hi-roman
sun abe aalsi aadmi insaan bhai,1,hi-roman
sun abe aalsi aadmi insaan saale,1,hi-roman
dekh abe aalsi aadmi insaan hai,1,hi-roman
dekh abe aalsi aadmi insaan ho,1,hi-roman
dekh abe aalsi aadmi insaan hain,1,hi-roman
dekh abe aalsi aadmi insaan aadmi,1,hi-roman
dekh abe aalsi aadmi insaan insaan,1,hi-roman
dekh abe aalsi aadmi insaan yaar,1,hi-roman
dekh abe aalsi aadmi insaan bro,1,hi-roman
dekh abe aalsi aadmi insaan bhai,1,hi-roman
dekh abe aalsi aadmi insaan saale,1,hi-roman
bhai abe aalsi aadmi insaan hai,1,hi-roman
bhai abe aalsi aadmi insaan ho,1,hi-roman
bhai abe aalsi aadmi insaan hain,1,hi-roman
bhai abe aalsi aadmi insaan aadmi,1,hi-roman
bhai abe aalsi aadmi insaan insaan,1,hi-roman
bhai abe aalsi aadmi insaan yaar,1,hi-roman
bhai abe aalsi aadmi insaan bro,1,hi-roman
bhai abe aalsi aadmi insaan bhai,1,hi-roman
bhai abe aalsi aadmi insaan saale,1,hi-roman
saale abe aalsi aadmi insaan hai,1,hi-roman
saale abe aalsi aadmi insaan ho,1,hi-roman
saale abe aalsi aadmi insaan hain,1,hi-roman
saale abe aalsi aadmi insaan aadmi,1,hi-roman
saale abe aalsi aadmi insaan insaan,1,hi-roman
saale abe aalsi aadmi insaan yaar,1,hi-roman
saale abe aalsi aadmi insaan bro,1,hi-roman
saale abe aalsi aadmi insaan bhai,1,hi-roman
saale abe aalsi aadmi insaan saale,1,hi-roman
tu abe aalsi aadmi kootte,1,hi-roman
tu abe aalsi aadmi kootte hai,1,hi-roman
tu abe aalsi aadmi kootte ho,1,hi-roman
tu abe aalsi aadmi kootte hain,1,hi-roman
tu abe aalsi aadmi kootte aadmi,1,hi-roman
tu abe aalsi aadmi kootte insaan,1,hi-roman
tu abe aalsi aadmi kootte yaar,1,hi-roman
tu abe aalsi aadmi kootte bro,1,hi-roman
tu abe aalsi aadmi kootte bhai,1,hi-roman
tu abe aalsi aadmi kootte saale,1,hi-roman
tum abe aalsi aadmi kootte,1,hi-roman
tum abe aalsi aadmi kootte hai,1,hi-roman
tum abe aalsi aadmi kootte ho,1,hi-roman
tum abe aalsi aadmi kootte hain,1,hi-roman
tum abe aalsi aadmi kootte aadmi,1,hi-roman
tum abe aalsi aadmi kootte insaan,1,hi-roman
tum abe aalsi aadmi kootte yaar,1,hi-roman
tum abe aalsi aadmi kootte bro,1,hi-roman
tum abe aalsi aadmi kootte bhai,1,hi-roman
tum abe aalsi aadmi kootte saale,1,hi-roman
abe abe aalsi aadmi kootte,1,hi-roman
abe abe aalsi aadmi kootte hai,1,hi-roman
abe abe aalsi aadmi kootte ho,1,hi-roman
abe abe aalsi aadmi kootte hain,1,hi-roman
abe abe aalsi aadmi kootte aadmi,1,hi-roman
abe abe aalsi aadmi kootte insaan,1,hi-roman
abe abe aalsi aadmi kootte yaar,1,hi-roman
abe abe aalsi aadmi kootte bro,1,hi-roman
abe abe aalsi aadmi kootte bhai,1,hi-roman
abe abe aalsi aadmi kootte saale,1,hi-roman
oye abe aalsi aadmi kootte,1,hi-roman
oye abe aalsi aadmi kootte hai,1,hi-roman
oye abe aalsi aadmi kootte ho,1,hi-roman
oye abe aalsi aadmi kootte hain,1,hi-roman
oye abe aalsi aadmi kootte aadmi,1,hi-roman
oye abe aalsi aadmi kootte insaan,1,hi-roman
oye abe aalsi aadmi kootte yaar,1,hi-roman
oye abe aalsi aadmi kootte bro,1,hi-roman
oye abe aalsi aadmi kootte bhai,1,hi-roman
oye abe aalsi aadmi kootte saale,1,hi-roman
are abe aalsi aadmi kootte,1,hi-roman
are abe aalsi aadmi kootte hai,1,hi-roman
are abe aalsi aadmi kootte ho,1,hi-roman
are abe aalsi aadmi kootte hain,1,hi-roman
are abe aalsi aadmi kootte aadmi,1,hi-roman
are abe aalsi aadmi kootte insaan,1,hi-roman
are abe aalsi aadmi kootte yaar,1,hi-roman
are abe aalsi aadmi kootte bro,1,hi-roman
are abe aalsi aadmi kootte bhai,1,hi-roman
are abe aalsi aadmi kootte saale,1,hi-roman
sun abe aalsi aadmi kootte,1,hi-roman
sun abe aalsi aadmi kootte hai,1,hi-roman
sun abe aalsi aadmi kootte ho,1,hi-roman
sun abe aalsi aadmi kootte hain,1,hi-roman
sun abe aalsi aadmi kootte aadmi,1,hi-roman
sun abe aalsi aadmi kootte insaan,1,hi-roman
sun abe aalsi aadmi kootte yaar,1,hi-roman
sun abe aalsi aadmi kootte bro,1,hi-roman
sun abe aalsi aadmi kootte bhai,1,hi-roman
sun abe aalsi aadmi kootte saale,1,hi-roman
dekh abe aalsi aadmi kootte,1,hi-roman
dekh abe aalsi aadmi kootte hai,1,hi-roman
dekh abe aalsi aadmi kootte ho,1,hi-roman
dekh abe aalsi aadmi kootte hain,1,hi-roman
dekh abe aalsi aadmi kootte aadmi,1,hi-roman
dekh abe aalsi aadmi kootte insaan,1,hi-roman
dekh abe aalsi aadmi kootte yaar,1,hi-roman
dekh abe aalsi aadmi kootte bro,1,hi-roman
dekh abe aalsi aadmi kootte bhai,1,hi-roman
dekh abe aalsi aadmi kootte saale,1,hi-roman
bhai abe aalsi aadmi kootte,1,hi-roman
bhai abe aalsi aadmi kootte hai,1,hi-roman
bhai abe aalsi aadmi kootte ho,1,hi-roman
bhai abe aalsi aadmi kootte hain,1,hi-roman
bhai abe aalsi aadmi kootte aadmi,1,hi-roman
bhai abe aalsi aadmi kootte insaan,1,hi-roman
bhai abe aalsi aadmi kootte yaar,1,hi-roman
bhai abe aalsi aadmi kootte bro,1,hi-roman
bhai abe aalsi aadmi kootte bhai,1,hi-roman
bhai abe aalsi aadmi kootte saale,1,hi-roman
saale abe aalsi aadmi kootte,1,hi-roman
saale abe aalsi aadmi kootte hai,1,hi-roman
saale abe aalsi aadmi kootte ho,1,hi-roman
saale abe aalsi aadmi kootte hain,1,hi-roman
saale abe aalsi aadmi kootte aadmi,1,hi-roman
saale abe aalsi aadmi kootte insaan,1,hi-roman
saale abe aalsi aadmi kootte yaar,1,hi-roman
saale abe aalsi aadmi kootte bro,1,hi-roman
saale abe aalsi aadmi kootte bhai,1,hi-roman
saale abe aalsi aadmi kootte saale,1,hi-roman
aabe aaaalsi aaaadmi kutte,1,hi-roman
aabe aaaalsi aaaadmi kutte hai,1,hi-roman
aabe aaaalsi aaaadmi kutte ho,1,hi-roman
aabe aaaalsi aaaadmi kutte hain,1,hi-roman
aabe aaaalsi aaaadmi kutte aadmi,1,hi-roman
aabe aaaalsi aaaadmi kutte insaan,1,hi-roman
aabe aaaalsi aaaadmi kutte yaar,1,hi-roman
aabe aaaalsi aaaadmi kutte bro,1,hi-roman
aabe aaaalsi aaaadmi kutte bhai,1,hi-roman
aabe aaaalsi aaaadmi kutte saale,1,hi-roman
tu aabe aaaalsi aaaadmi kutte,1,hi-roman
tu aabe aaaalsi aaaadmi kutte hai,1,hi-roman
tu aabe aaaalsi aaaadmi kutte ho,1,hi-roman
tu aabe aaaalsi aaaadmi kutte hain,1,hi-roman
tu aabe aaaalsi aaaadmi kutte aadmi,1,hi-roman
tu aabe aaaalsi aaaadmi kutte insaan,1,hi-roman
tu aabe aaaalsi aaaadmi kutte yaar,1,hi-roman
tu aabe aaaalsi aaaadmi kutte bro,1,hi-roman
tu aabe aaaalsi aaaadmi kutte bhai,1,hi-roman
tu aabe aaaalsi aaaadmi kutte saale,1,hi-roman
tum aabe aaaalsi aaaadmi kutte,1,hi-roman
tum aabe aaaalsi aaaadmi kutte hai,1,hi-roman
tum aabe aaaalsi aaaadmi kutte ho,1,hi-roman
tum aabe aaaalsi aaaadmi kutte hain,1,hi-roman
tum aabe aaaalsi aaaadmi kutte aadmi,1,hi-roman
tum aabe aaaalsi aaaadmi kutte insaan,1,hi-roman
tum aabe aaaalsi aaaadmi kutte yaar,1,hi-roman
tum aabe aaaalsi aaaadmi kutte bro,1,hi-roman
tum aabe aaaalsi aaaadmi kutte bhai,1,hi-roman
tum aabe aaaalsi aaaadmi kutte saale,1,hi-roman
abe aabe aaaalsi aaaadmi kutte,1,hi-roman
abe aabe aaaalsi aaaadmi kutte hai,1,hi-roman
abe aabe aaaalsi aaaadmi kutte ho,1,hi-roman
abe aabe aaaalsi aaaadmi kutte hain,1,hi-roman
abe aabe aaaalsi aaaadmi kutte aadmi,1,hi-roman
abe aabe aaaalsi aaaadmi kutte insaan,1,hi-roman
abe aabe aaaalsi aaaadmi kutte yaar,1,hi-roman
abe aabe aaaalsi aaaadmi kutte bro,1,hi-roman
abe aabe aaaalsi aaaadmi kutte bhai,1,hi-roman
abe aabe aaaalsi aaaadmi kutte saale,1,hi-roman
oye aabe aaaalsi aaaadmi kutte,1,hi-roman
oye aabe aaaalsi aaaadmi kutte hai,1,hi-roman
oye aabe aaaalsi aaaadmi kutte ho,1,hi-roman
oye aabe aaaalsi aaaadmi kutte hain,1,hi-roman
oye aabe aaaalsi aaaadmi kutte aadmi,1,hi-roman
oye aabe aaaalsi aaaadmi kutte insaan,1,hi-roman
oye aabe aaaalsi aaaadmi kutte yaar,1,hi-roman
oye aabe aaaalsi aaaadmi kutte bro,1,hi-roman
oye aabe aaaalsi aaaadmi kutte bhai,1,hi-roman
oye aabe aaaalsi aaaadmi kutte saale,1,hi-roman
are aabe aaaalsi aaaadmi kutte,1,hi-roman
are aabe aaaalsi aaaadmi kutte hai,1,hi-roman
are aabe aaaalsi aaaadmi kutte ho,1,hi-roman
are aabe aaaalsi aaaadmi kutte hain,1,hi-roman
are aabe aaaalsi aaaadmi kutte aadmi,1,hi-roman
are aabe aaaalsi aaaadmi kutte insaan,1,hi-roman
are aabe aaaalsi aaaadmi kutte yaar,1,hi-roman
are aabe aaaalsi aaaadmi kutte bro,1,hi-roman
are aabe aaaalsi aaaadmi kutte bhai,1,hi-roman
are aabe aaaalsi aaaadmi kutte saale,1,hi-roman
sun aabe aaaalsi aaaadmi kutte,1,hi-roman
sun aabe aaaalsi aaaadmi kutte hai,1,hi-roman
sun aabe aaaalsi aaaadmi kutte ho,1,hi-roman
sun aabe aaaalsi aaaadmi kutte hain,1,hi-roman
sun aabe aaaalsi aaaadmi kutte aadmi,1,hi-roman
sun aabe aaaalsi aaaadmi kutte insaan,1,hi-roman
sun aabe aaaalsi aaaadmi kutte yaar,1,hi-roman
sun aabe aaaalsi aaaadmi kutte bro,1,hi-roman
sun aabe aaaalsi aaaadmi kutte bhai,1,hi-roman
sun aabe aaaalsi aaaadmi kutte saale,1,hi-roman
dekh aabe aaaalsi aaaadmi kutte,1,hi-roman
dekh aabe aaaalsi aaaadmi kutte hai,1,hi-roman
dekh aabe aaaalsi aaaadmi kutte ho,1,hi-roman
dekh aabe aaaalsi aaaadmi kutte hain,1,hi-roman
dekh aabe aaaalsi aaaadmi kutte aadmi,1,hi-roman
dekh aabe aaaalsi aaaadmi kutte insaan,1,hi-roman
dekh aabe aaaalsi aaaadmi kutte yaar,1,hi-roman
dekh aabe aaaalsi aaaadmi kutte bro,1,hi-roman
dekh aabe aaaalsi aaaadmi kutte bhai,1,hi-roman
dekh aabe aaaalsi aaaadmi kutte saale,1,hi-roman
bhai aabe aaaalsi aaaadmi kutte,1,hi-roman
bhai aabe aaaalsi aaaadmi kutte hai,1,hi-roman
bhai aabe aaaalsi aaaadmi kutte ho,1,hi-roman
bhai aabe aaaalsi aaaadmi kutte hain,1,hi-roman
bhai aabe aaaalsi aaaadmi kutte aadmi,1,hi-roman
bhai aabe aaaalsi aaaadmi kutte insaan,1,hi-roman
bhai aabe aaaalsi aaaadmi kutte yaar,1,hi-roman
bhai aabe aaaalsi aaaadmi kutte bro,1,hi-roman
bhai aabe aaaalsi aaaadmi kutte bhai,1,hi-roman
bhai aabe aaaalsi aaaadmi kutte saale,1,hi-roman
saale aabe aaaalsi aaaadmi kutte,1,hi-roman
saale aabe aaaalsi aaaadmi kutte hai,1,hi-roman
saale aabe aaaalsi aaaadmi kutte ho,1,hi-roman
saale aabe aaaalsi aaaadmi kutte hain,1,hi-roman
saale aabe aaaalsi aaaadmi kutte aadmi,1,hi-roman
saale aabe aaaalsi aaaadmi kutte insaan,1,hi-roman
saale aabe aaaalsi aaaadmi kutte yaar,1,hi-roman
saale aabe aaaalsi aaaadmi kutte bro,1,hi-roman
saale aabe aaaalsi aaaadmi kutte bhai,1,hi-roman
saale aabe aaaalsi aaaadmi kutte saale,1,hi-roman
tu abe alsi admi kutte,1,hi-roman
tu abe alsi admi kutte hai,1,hi-roman
tu abe alsi admi kutte ho,1,hi-roman
tu abe alsi admi kutte hain,1,hi-roman
tu abe alsi admi kutte aadmi,1,hi-roman
tu abe alsi admi kutte insaan,1,hi-roman
tu abe alsi admi kutte yaar,1,hi-roman
tu abe alsi admi kutte bro,1,hi-roman
tu abe alsi admi kutte bhai,1,hi-roman
tu abe alsi admi kutte saale,1,hi-roman
tum abe alsi admi kutte,1,hi-roman
tum abe alsi admi kutte hai,1,hi-roman
tum abe alsi admi kutte ho,1,hi-roman
tum abe alsi admi kutte hain,1,hi-roman
tum abe alsi admi kutte aadmi,1,hi-roman
tum abe alsi admi kutte insaan,1,hi-roman
tum abe alsi admi kutte yaar,1,hi-roman
tum abe alsi admi kutte bro,1,hi-roman
tum abe alsi admi kutte bhai,1,hi-roman
tum abe alsi admi kutte saale,1,hi-roman
abe abe alsi admi kutte,1,hi-roman
abe abe alsi admi kutte hai,1,hi-roman
abe abe alsi admi kutte ho,1,hi-roman
abe abe alsi admi kutte hain,1,hi-roman
abe abe alsi admi kutte aadmi,1,hi-roman
abe abe alsi admi kutte insaan,1,hi-roman
abe abe alsi admi kutte yaar,1,hi-roman
abe abe alsi admi kutte bro,1,hi-roman
abe abe alsi admi kutte bhai,1,hi-roman
abe abe alsi admi kutte saale,1,hi-roman
oye abe alsi admi kutte,1,hi-roman
oye abe alsi admi kutte hai,1,hi-roman
oye abe alsi admi kutte ho,1,hi-roman
oye abe alsi admi kutte hain,1,hi-roman
oye abe alsi admi kutte aadmi,1,hi-roman
oye abe alsi admi kutte insaan,1,hi-roman
oye abe alsi admi kutte yaar,1,hi-roman
oye abe alsi admi kutte bro,1,hi-roman
oye abe alsi admi kutte bhai,1,hi-roman
oye abe alsi admi kutte saale,1,hi-roman
are abe alsi admi kutte,1,hi-roman
are abe alsi admi kutte hai,1,hi-roman
are abe alsi admi kutte ho,1,hi-roman
are abe alsi admi kutte hain,1,hi-roman
are abe alsi admi kutte aadmi,1,hi-roman
are abe alsi admi kutte insaan,1,hi-roman
are abe alsi admi kutte yaar,1,hi-roman
are abe alsi admi kutte bro,1,hi-roman
are abe alsi admi kutte bhai,1,hi-roman
are abe alsi admi kutte saale,1,hi-roman
sun abe alsi admi kutte,1,hi-roman
sun abe alsi admi kutte hai,1,hi-roman
sun abe alsi admi kutte ho,1,hi-roman
sun abe alsi admi kutte hain,1,hi-roman
sun abe alsi admi kutte aadmi,1,hi-roman
sun abe alsi admi kutte insaan,1,hi-roman
sun abe alsi admi kutte yaar,1,hi-roman
sun abe alsi admi kutte bro,1,hi-roman
sun abe alsi admi kutte bhai,1,hi-roman
sun abe alsi admi kutte saale,1,hi-roman
dekh abe alsi admi kutte,1,hi-roman
dekh abe alsi admi kutte hai,1,hi-roman
dekh abe alsi admi kutte ho,1,hi-roman
dekh abe alsi admi kutte hain,1,hi-roman
dekh abe alsi admi kutte aadmi,1,hi-roman
dekh abe alsi admi kutte insaan,1,hi-roman
dekh abe alsi admi kutte yaar,1,hi-roman
dekh abe alsi admi kutte bro,1,hi-roman
dekh abe alsi admi kutte bhai,1,hi-roman
dekh abe alsi admi kutte saale,1,hi-roman
bhai abe alsi admi kutte,1,hi-roman
bhai abe alsi admi kutte hai,1,hi-roman
bhai abe alsi admi kutte ho,1,hi-roman
bhai abe alsi admi kutte hain,1,hi-roman
bhai abe alsi admi kutte aadmi,1,hi-roman
bhai abe alsi admi kutte insaan,1,hi-roman
bhai abe alsi admi kutte yaar,1,hi-roman
bhai abe alsi admi kutte bro,1,hi-roman
bhai abe alsi admi kutte bhai,1,hi-roman
bhai abe alsi admi kutte saale,1,hi-roman
saale abe alsi admi kutte,1,hi-roman
saale abe alsi admi kutte hai,1,hi-roman
saale abe alsi admi kutte ho,1,hi-roman
saale abe alsi admi kutte hain,1,hi-roman
saale abe alsi admi kutte aadmi,1,hi-roman
saale abe alsi admi kutte insaan,1,hi-roman
saale abe alsi admi kutte yaar,1,hi-roman
saale abe alsi admi kutte bro,1,hi-roman
saale abe alsi admi kutte bhai,1,hi-roman
saale abe alsi admi kutte saale,1,hi-roman
tu abe aalsi aadmi kutte,1,hi-roman
tu abe aalsi aadmi kutte hai,1,hi-roman
tu abe aalsi aadmi kutte ho,1,hi-roman
tu abe aalsi aadmi kutte hain,1,hi-roman
tu abe aalsi aadmi kutte aadmi,1,hi-roman
tu abe aalsi aadmi kutte insaan,1,hi-roman
tu abe aalsi aadmi kutte yaar,1,hi-roman
tu abe aalsi aadmi kutte bro,1,hi-roman
tu abe aalsi aadmi kutte bhai,1,hi-roman
tu abe aalsi aadmi kutte saale,1,hi-roman
tum abe aalsi aadmi kutte,1,hi-roman
tum abe aalsi aadmi kutte hai,1,hi-roman
tum abe aalsi aadmi kutte ho,1,hi-roman
tum abe aalsi aadmi kutte hain,1,hi-roman
tum abe aalsi aadmi kutte aadmi,1,hi-roman
tum abe aalsi aadmi kutte insaan,1,hi-roman
tum abe aalsi aadmi kutte yaar,1,hi-roman
tum abe aalsi aadmi kutte bro,1,hi-roman
tum abe aalsi aadmi kutte bhai,1,hi-roman
tum abe aalsi aadmi kutte saale,1,hi-roman
abe abe aalsi aadmi kutte,1,hi-roman
abe abe aalsi aadmi kutte hai,1,hi-roman
abe abe aalsi aadmi kutte ho,1,hi-roman
abe abe aalsi aadmi kutte hain,1,hi-roman
abe abe aalsi aadmi kutte aadmi,1,hi-roman
abe abe aalsi aadmi kutte insaan,1,hi-roman
abe abe aalsi aadmi kutte yaar,1,hi-roman
abe abe aalsi aadmi kutte bro,1,hi-roman
abe abe aalsi aadmi kutte bhai,1,hi-roman
abe abe aalsi aadmi kutte saale,1,hi-roman
oye abe aalsi aadmi kutte,1,hi-roman
oye abe aalsi aadmi kutte hai,1,hi-roman
oye abe aalsi aadmi kutte ho,1,hi-roman
oye abe aalsi aadmi kutte hain,1,hi-roman
oye abe aalsi aadmi kutte aadmi,1,hi-roman
oye abe aalsi aadmi kutte insaan,1,hi-roman
oye abe aalsi aadmi kutte yaar,1,hi-roman
oye abe aalsi aadmi kutte bro,1,hi-roman
oye abe aalsi aadmi kutte bhai,1,hi-roman
oye abe aalsi aadmi kutte saale,1,hi-roman
are abe aalsi aadmi kutte,1,hi-roman
are abe aalsi aadmi kutte hai,1,hi-roman
are abe aalsi aadmi kutte ho,1,hi-roman
are abe aalsi aadmi kutte hain,1,hi-roman
are abe aalsi aadmi kutte aadmi,1,hi-roman
are abe aalsi aadmi kutte insaan,1,hi-roman
are abe aalsi aadmi kutte yaar,1,hi-roman
are abe aalsi aadmi kutte bro,1,hi-roman
are abe aalsi aadmi kutte bhai,1,hi-roman
are abe aalsi aadmi kutte saale,1,hi-roman
sun abe aalsi aadmi kutte,1,hi-roman
sun abe aalsi aadmi kutte hai,1,hi-roman
sun abe aalsi aadmi kutte ho,1,hi-roman
sun abe aalsi aadmi kutte hain,1,hi-roman
sun abe aalsi aadmi kutte aadmi,1,hi-roman
sun abe aalsi aadmi kutte insaan,1,hi-roman
sun abe aalsi aadmi kutte yaar,1,hi-roman
sun abe aalsi aadmi kutte bro,1,hi-roman
sun abe aalsi aadmi kutte bhai,1,hi-roman
sun abe aalsi aadmi kutte saale,1,hi-roman
dekh abe aalsi aadmi kutte,1,hi-roman
dekh abe aalsi aadmi kutte hai,1,hi-roman
dekh abe aalsi aadmi kutte ho,1,hi-roman
dekh abe aalsi aadmi kutte hain,1,hi-roman
dekh abe aalsi aadmi kutte aadmi,1,hi-roman
dekh abe aalsi aadmi kutte insaan,1,hi-roman
dekh abe aalsi aadmi kutte yaar,1,hi-roman
dekh abe aalsi aadmi kutte bro,1,hi-roman
dekh abe aalsi aadmi kutte bhai,1,hi-roman
dekh abe aalsi aadmi kutte saale,1,hi-roman
bhai abe aalsi aadmi kutte,1,hi-roman
bhai abe aalsi aadmi kutte hai,1,hi-roman
bhai abe aalsi aadmi kutte ho,1,hi-roman
bhai abe aalsi aadmi kutte hain,1,hi-roman
bhai abe aalsi aadmi kutte aadmi,1,hi-roman
bhai abe aalsi aadmi kutte insaan,1,hi-roman
bhai abe aalsi aadmi kutte yaar,1,hi-roman
bhai abe aalsi aadmi kutte bro,1,hi-roman
bhai abe aalsi aadmi kutte bhai,1,hi-roman
bhai abe aalsi aadmi kutte saale,1,hi-roman
saale abe aalsi aadmi kutte,1,hi-roman
saale abe aalsi aadmi kutte hai,1,hi-roman
saale abe aalsi aadmi kutte ho,1,hi-roman
saale abe aalsi aadmi kutte hain,1,hi-roman
saale abe aalsi aadmi kutte aadmi,1,hi-roman
saale abe aalsi aadmi kutte insaan,1,hi-roman
saale abe aalsi aadmi kutte yaar,1,hi-roman
saale abe aalsi aadmi kutte bro,1,hi-roman
saale abe aalsi aadmi kutte bhai,1,hi-roman
saale abe aalsi aadmi kutte saale,1,hi-roman
tu abe aalsee aadmee kutte,1,hi-roman
tu abe aalsee aadmee kutte hai,1,hi-roman
tu abe aalsee aadmee kutte ho,1,hi-roman
tu abe aalsee aadmee kutte hain,1,hi-roman
tu abe aalsee aadmee kutte aadmi,1,hi-roman
tu abe aalsee aadmee kutte insaan,1,hi-roman
tu abe aalsee aadmee kutte yaar,1,hi-roman
tu abe aalsee aadmee kutte bro,1,hi-roman
tu abe aalsee aadmee kutte bhai,1,hi-roman
tu abe aalsee aadmee kutte saale,1,hi-roman
tum abe aalsee aadmee kutte,1,hi-roman
tum abe aalsee aadmee kutte hai,1,hi-roman
tum abe aalsee aadmee kutte ho,1,hi-roman
tum abe aalsee aadmee kutte hain,1,hi-roman
tum abe aalsee aadmee kutte aadmi,1,hi-roman
tum abe aalsee aadmee kutte insaan,1,hi-roman
tum abe aalsee aadmee kutte yaar,1,hi-roman
tum abe aalsee aadmee kutte bro,1,hi-roman
tum abe aalsee aadmee kutte bhai,1,hi-roman
tum abe aalsee aadmee kutte saale,1,hi-roman
abe abe aalsee aadmee kutte,1,hi-roman
abe abe aalsee aadmee kutte hai,1,hi-roman
abe abe aalsee aadmee kutte ho,1,hi-roman
abe abe aalsee aadmee kutte hain,1,hi-roman
abe abe aalsee aadmee kutte aadmi,1,hi-roman
abe abe aalsee aadmee kutte insaan,1,hi-roman
abe abe aalsee aadmee kutte yaar,1,hi-roman
abe abe aalsee aadmee kutte bro,1,hi-roman
abe abe aalsee aadmee kutte bhai,1,hi-roman
abe abe aalsee aadmee kutte saale,1,hi-roman
oye abe aalsee aadmee kutte,1,hi-roman
oye abe aalsee aadmee kutte hai,1,hi-roman
oye abe aalsee aadmee kutte ho,1,hi-roman
oye abe aalsee aadmee kutte hain,1,hi-roman
oye abe aalsee aadmee kutte aadmi,1,hi-roman
oye abe aalsee aadmee kutte insaan,1,hi-roman
oye abe aalsee aadmee kutte yaar,1,hi-roman
oye abe aalsee aadmee kutte bro,1,hi-roman
oye abe aalsee aadmee kutte bhai,1,hi-roman
oye abe aalsee aadmee kutte saale,1,hi-roman
are abe aalsee aadmee kutte,1,hi-roman
are abe aalsee aadmee kutte hai,1,hi-roman
are abe aalsee aadmee kutte ho,1,hi-roman
are abe aalsee aadmee kutte hain,1,hi-roman
are abe aalsee aadmee kutte aadmi,1,hi-roman
are abe aalsee aadmee kutte insaan,1,hi-roman
are abe aalsee aadmee kutte yaar,1,hi-roman
are abe aalsee aadmee kutte bro,1,hi-roman
are abe aalsee aadmee kutte bhai,1,hi-roman
are abe aalsee aadmee kutte saale,1,hi-roman
sun abe aalsee aadmee kutte,1,hi-roman
sun abe aalsee aadmee kutte hai,1,hi-roman
sun abe aalsee aadmee kutte ho,1,hi-roman
sun abe aalsee aadmee kutte hain,1,hi-roman
sun abe aalsee aadmee kutte aadmi,1,hi-roman
sun abe aalsee aadmee kutte insaan,1,hi-roman
sun abe aalsee aadmee kutte yaar,1,hi-roman
sun abe aalsee aadmee kutte bro,1,hi-roman
sun abe aalsee aadmee kutte bhai,1,hi-roman
sun abe aalsee aadmee kutte saale,1,hi-roman
dekh abe aalsee aadmee kutte,1,hi-roman
dekh abe aalsee aadmee kutte hai,1,hi-roman
dekh abe aalsee aadmee kutte ho,1,hi-roman
dekh abe aalsee aadmee kutte hain,1,hi-roman
dekh abe aalsee aadmee kutte aadmi,1,hi-roman
dekh abe aalsee aadmee kutte insaan,1,hi-roman
dekh abe aalsee aadmee kutte yaar,1,hi-roman
dekh abe aalsee aadmee kutte bro,1,hi-roman
dekh abe aalsee aadmee kutte bhai,1,hi-roman
dekh abe aalsee aadmee kutte saale,1,hi-roman
bhai abe aalsee aadmee kutte,1,hi-roman
bhai abe aalsee aadmee kutte hai,1,hi-roman
bhai abe aalsee aadmee kutte ho,1,hi-roman
bhai abe aalsee aadmee kutte hain,1,hi-roman
bhai abe aalsee aadmee kutte aadmi,1,hi-roman
bhai abe aalsee aadmee kutte insaan,1,hi-roman
bhai abe aalsee aadmee kutte yaar,1,hi-roman
bhai abe aalsee aadmee kutte bro,1,hi-roman
bhai abe aalsee aadmee kutte bhai,1,hi-roman
bhai abe aalsee aadmee kutte saale,1,hi-roman
saale abe aalsee aadmee kutte,1,hi-roman
saale abe aalsee aadmee kutte hai,1,hi-roman
saale abe aalsee aadmee kutte ho,1,hi-roman
saale abe aalsee aadmee kutte hain,1,hi-roman
saale abe aalsee aadmee kutte aadmi,1,hi-roman
saale abe aalsee aadmee kutte insaan,1,hi-roman
saale abe aalsee aadmee kutte yaar,1,hi-roman
saale abe aalsee aadmee kutte bro,1,hi-roman
saale abe aalsee aadmee kutte bhai,1,hi-roman
saale abe aalsee aadmee kutte saale,1,hi-roman
tu abe aalsee aadmee saale hai,1,hi-roman
tu abe aalsee aadmee saale ho,1,hi-roman
tu abe aalsee aadmee saale hain,1,hi-roman
tu abe aalsee aadmee saale aadmi,1,hi-roman
tu abe aalsee aadmee saale insaan,1,hi-roman
tu abe aalsee aadmee saale yaar,1,hi-roman
tu abe aalsee aadmee saale bro,1,hi-roman
tu abe aalsee aadmee saale bhai,1,hi-roman
tu abe aalsee aadmee saale saale,1,hi-roman
tum abe aalsee aadmee saale hai,1,hi-roman
tum abe aalsee aadmee saale ho,1,hi-roman
tum abe aalsee aadmee saale hain,1,hi-roman
tum abe aalsee aadmee saale aadmi,1,hi-roman
tum abe aalsee aadmee saale insaan,1,hi-roman
tum abe aalsee aadmee saale yaar,1,hi-roman
tum abe aalsee aadmee saale bro,1,hi-roman
tum abe aalsee aadmee saale bhai,1,hi-roman
tum abe aalsee aadmee saale saale,1,hi-roman
abe abe aalsee aadmee saale hai,1,hi-roman
abe abe aalsee aadmee saale ho,1,hi-roman
abe abe aalsee aadmee saale hain,1,hi-roman
abe abe aalsee aadmee saale aadmi,1,hi-roman
abe abe aalsee aadmee saale insaan,1,hi-roman
abe abe aalsee aadmee saale yaar,1,hi-roman
abe abe aalsee aadmee saale bro,1,hi-roman
abe abe aalsee aadmee saale bhai,1,hi-roman
abe abe aalsee aadmee saale saale,1,hi-roman
oye abe aalsee aadmee saale hai,1,hi-roman
oye abe aalsee aadmee saale ho,1,hi-roman
oye abe aalsee aadmee saale hain,1,hi-roman
oye abe aalsee aadmee saale aadmi,1,hi-roman
oye abe aalsee aadmee saale insaan,1,hi-roman
oye abe aalsee aadmee saale yaar,1,hi-roman
oye abe aalsee aadmee saale bro,1,hi-roman
oye abe aalsee aadmee saale bhai,1,hi-roman
oye abe aalsee aadmee saale saale,1,hi-roman
are abe aalsee aadmee saale hai,1,hi-roman
are abe aalsee aadmee saale ho,1,hi-roman
are abe aalsee aadmee saale hain,1,hi-roman
are abe aalsee aadmee saale aadmi,1,hi-roman
are abe aalsee aadmee saale insaan,1,hi-roman
are abe aalsee aadmee saale yaar,1,hi-roman
are abe aalsee aadmee saale bro,1,hi-roman
are abe aalsee aadmee saale bhai,1,hi-roman
are abe aalsee aadmee saale saale,1,hi-roman
sun abe aalsee aadmee saale hai,1,hi-roman
sun abe aalsee aadmee saale ho,1,hi-roman
sun abe aalsee aadmee saale hain,1,hi-roman
sun abe aalsee aadmee saale aadmi,1,hi-roman
sun abe aalsee aadmee saale insaan,1,hi-roman
sun abe aalsee aadmee saale yaar,1,hi-roman
sun abe aalsee aadmee saale bro,1,hi-roman
sun abe aalsee aadmee saale bhai,1,hi-roman
sun abe aalsee aadmee saale saale,1,hi-roman
dekh abe aalsee aadmee saale hai,1,hi-roman
dekh abe aalsee aadmee saale ho,1,hi-roman
dekh abe aalsee aadmee saale hain,1,hi-roman
dekh abe aalsee aadmee saale aadmi,1,hi-roman
dekh abe aalsee aadmee saale insaan,1,hi-roman
dekh abe aalsee aadmee saale yaar,1,hi-roman
dekh abe aalsee aadmee saale bro,1,hi-roman
dekh abe aalsee aadmee saale bhai,1,hi-roman
dekh abe aalsee aadmee saale saale,1,hi-roman
bhai abe aalsee aadmee saale hai,1,hi-roman
bhai abe aalsee aadmee saale ho,1,hi-roman
bhai abe aalsee aadmee saale hain,1,hi-roman
bhai abe aalsee aadmee saale aadmi,1,hi-roman
bhai abe aalsee aadmee saale insaan,1,hi-roman
bhai abe aalsee aadmee saale yaar,1,hi-roman
bhai abe aalsee aadmee saale bro,1,hi-roman
bhai abe aalsee aadmee saale bhai,1,hi-roman
bhai abe aalsee aadmee saale saale,1,hi-roman
saale abe aalsee aadmee saale hai,1,hi-roman
saale abe aalsee aadmee saale ho,1,hi-roman
saale abe aalsee aadmee saale hain,1,hi-roman
saale abe aalsee aadmee saale aadmi,1,hi-roman
saale abe aalsee aadmee saale insaan,1,hi-roman
saale abe aalsee aadmee saale yaar,1,hi-roman
saale abe aalsee aadmee saale bro,1,hi-roman
saale abe aalsee aadmee saale bhai,1,hi-roman
saale abe aalsee aadmee saale saale,1,hi-roman
aabe aaaalsi aaaadmi saaaale,1,hi-roman
aabe aaaalsi aaaadmi saaaale hai,1,hi-roman
aabe aaaalsi aaaadmi saaaale ho,1,hi-roman
aabe aaaalsi aaaadmi saaaale hain,1,hi-roman
aabe aaaalsi aaaadmi saaaale aadmi,1,hi-roman
aabe aaaalsi aaaadmi saaaale insaan,1,hi-roman
aabe aaaalsi aaaadmi saaaale yaar,1,hi-roman
aabe aaaalsi aaaadmi saaaale bro,1,hi-roman
aabe aaaalsi aaaadmi saaaale bhai,1,hi-roman
aabe aaaalsi aaaadmi saaaale saale,1,hi-roman
tu aabe aaaalsi aaaadmi saaaale,1,hi-roman
tu aabe aaaalsi aaaadmi saaaale hai,1,hi-roman
tu aabe aaaalsi aaaadmi saaaale ho,1,hi-roman
tu aabe aaaalsi aaaadmi saaaale hain,1,hi-roman
tu aabe aaaalsi aaaadmi saaaale aadmi,1,hi-roman
tu aabe aaaalsi aaaadmi saaaale insaan,1,hi-roman
tu aabe aaaalsi aaaadmi saaaale yaar,1,hi-roman
tu aabe aaaalsi aaaadmi saaaale bro,1,hi-roman
tu aabe aaaalsi aaaadmi saaaale bhai,1,hi-roman
tu aabe aaaalsi aaaadmi saaaale saale,1,hi-roman
tum aabe aaaalsi aaaadmi saaaale,1,hi-roman
tum aabe aaaalsi aaaadmi saaaale hai,1,hi-roman
tum aabe aaaalsi aaaadmi saaaale ho,1,hi-roman
tum aabe aaaalsi aaaadmi saaaale hain,1,hi-roman
tum aabe aaaalsi aaaadmi saaaale aadmi,1,hi-roman
tum aabe aaaalsi aaaadmi saaaale insaan,1,hi-roman
tum aabe aaaalsi aaaadmi saaaale yaar,1,hi-roman
tum aabe aaaalsi aaaadmi saaaale bro,1,hi-roman
tum aabe aaaalsi aaaadmi saaaale bhai,1,hi-roman
tum aabe aaaalsi aaaadmi saaaale saale,1,hi-roman
abe aabe aaaalsi aaaadmi saaaale,1,hi-roman
abe aabe aaaalsi aaaadmi saaaale hai,1,hi-roman
abe aabe aaaalsi aaaadmi saaaale ho,1,hi-roman
abe aabe aaaalsi aaaadmi saaaale hain,1,hi-roman
abe aabe aaaalsi aaaadmi saaaale aadmi,1,hi-roman
abe aabe aaaalsi aaaadmi saaaale insaan,1,hi-roman
abe aabe aaaalsi aaaadmi saaaale yaar,1,hi-roman
abe aabe aaaalsi aaaadmi saaaale bro,1,hi-roman
abe aabe aaaalsi aaaadmi saaaale bhai,1,hi-roman
abe aabe aaaalsi aaaadmi saaaale saale,1,hi-roman
oye aabe aaaalsi aaaadmi saaaale,1,hi-roman
oye aabe aaaalsi aaaadmi saaaale hai,1,hi-roman
oye aabe aaaalsi aaaadmi saaaale ho,1,hi-roman
oye aabe aaaalsi aaaadmi saaaale hain,1,hi-roman
oye aabe aaaalsi aaaadmi saaaale aadmi,1,hi-roman
oye aabe aaaalsi aaaadmi saaaale insaan,1,hi-roman
oye aabe aaaalsi aaaadmi saaaale yaar,1,hi-roman
oye aabe aaaalsi aaaadmi saaaale bro,1,hi-roman
oye aabe aaaalsi aaaadmi saaaale bhai,1,hi-roman
oye aabe aaaalsi aaaadmi saaaale saale,1,hi-roman
are aabe aaaalsi aaaadmi saaaale,1,hi-roman
are aabe aaaalsi aaaadmi saaaale hai,1,hi-roman
are aabe aaaalsi aaaadmi saaaale ho,1,hi-roman
are aabe aaaalsi aaaadmi saaaale hain,1,hi-roman
are aabe aaaalsi aaaadmi saaaale aadmi,1,hi-roman
are aabe aaaalsi aaaadmi saaaale insaan,1,hi-roman
are aabe aaaalsi aaaadmi saaaale yaar,1,hi-roman
are aabe aaaalsi aaaadmi saaaale bro,1,hi-roman
are aabe aaaalsi aaaadmi saaaale bhai,1,hi-roman
are aabe aaaalsi aaaadmi saaaale saale,1,hi-roman
sun aabe aaaalsi aaaadmi saaaale,1,hi-roman
sun aabe aaaalsi aaaadmi saaaale hai,1,hi-roman
sun aabe aaaalsi aaaadmi saaaale ho,1,hi-roman
sun aabe aaaalsi aaaadmi saaaale hain,1,hi-roman
sun aabe aaaalsi aaaadmi saaaale aadmi,1,hi-roman
sun aabe aaaalsi aaaadmi saaaale insaan,1,hi-roman
sun aabe aaaalsi aaaadmi saaaale yaar,1,hi-roman
sun aabe aaaalsi aaaadmi saaaale bro,1,hi-roman
sun aabe aaaalsi aaaadmi saaaale bhai,1,hi-roman
sun aabe aaaalsi aaaadmi saaaale saale,1,hi-roman
dekh aabe aaaalsi aaaadmi saaaale,1,hi-roman
dekh aabe aaaalsi aaaadmi saaaale hai,1,hi-roman
dekh aabe aaaalsi aaaadmi saaaale ho,1,hi-roman
dekh aabe aaaalsi aaaadmi saaaale hain,1,hi-roman
dekh aabe aaaalsi aaaadmi saaaale aadmi,1,hi-roman
dekh aabe aaaalsi aaaadmi saaaale insaan,1,hi-roman
dekh aabe aaaalsi aaaadmi saaaale yaar,1,hi-roman
dekh aabe aaaalsi aaaadmi saaaale bro,1,hi-roman
dekh aabe aaaalsi aaaadmi saaaale bhai,1,hi-roman
dekh aabe aaaalsi aaaadmi saaaale saale,1,hi-roman
bhai aabe aaaalsi aaaadmi saaaale,1,hi-roman
bhai aabe aaaalsi aaaadmi saaaale hai,1,hi-roman
bhai aabe aaaalsi aaaadmi saaaale ho,1,hi-roman
bhai aabe aaaalsi aaaadmi saaaale hain,1,hi-roman
bhai aabe aaaalsi aaaadmi saaaale aadmi,1,hi-roman
bhai aabe aaaalsi aaaadmi saaaale insaan,1,hi-roman
bhai aabe aaaalsi aaaadmi saaaale yaar,1,hi-roman
bhai aabe aaaalsi aaaadmi saaaale bro,1,hi-roman
bhai aabe aaaalsi aaaadmi saaaale bhai,1,hi-roman
bhai aabe aaaalsi aaaadmi saaaale saale,1,hi-roman
saale aabe aaaalsi aaaadmi saaaale,1,hi-roman
saale aabe aaaalsi aaaadmi saaaale hai,1,hi-roman
saale aabe aaaalsi aaaadmi saaaale ho,1,hi-roman
saale aabe aaaalsi aaaadmi saaaale hain,1,hi-roman
saale aabe aaaalsi aaaadmi saaaale aadmi,1,hi-roman
saale aabe aaaalsi aaaadmi saaaale insaan,1,hi-roman
saale aabe aaaalsi aaaadmi saaaale yaar,1,hi-roman
saale aabe aaaalsi aaaadmi saaaale bro,1,hi-roman
saale aabe aaaalsi aaaadmi saaaale bhai,1,hi-roman
saale aabe aaaalsi aaaadmi saaaale saale,1,hi-roman
tu abe aalsi aadmi saale hai,1,hi-roman
tu abe aalsi aadmi saale ho,1,hi-roman
tu abe aalsi aadmi saale hain,1,hi-roman
tu abe aalsi aadmi saale aadmi,1,hi-roman
tu abe aalsi aadmi saale insaan,1,hi-roman
tu abe aalsi aadmi saale yaar,1,hi-roman
tu abe aalsi aadmi saale bro,1,hi-roman
tu abe aalsi aadmi saale bhai,1,hi-roman
tu abe aalsi aadmi saale saale,1,hi-roman
tum abe aalsi aadmi saale hai,1,hi-roman
tum abe aalsi aadmi saale ho,1,hi-roman
tum abe aalsi aadmi saale hain,1,hi-roman
tum abe aalsi aadmi saale aadmi,1,hi-roman
tum abe aalsi aadmi saale insaan,1,hi-roman
tum abe aalsi aadmi saale yaar,1,hi-roman
tum abe aalsi aadmi saale bro,1,hi-roman
tum abe aalsi aadmi saale bhai,1,hi-roman
tum abe aalsi aadmi saale saale,1,hi-roman
abe abe aalsi aadmi saale hai,1,hi-roman
abe abe aalsi aadmi saale ho,1,hi-roman
abe abe aalsi aadmi saale hain,1,hi-roman
abe abe aalsi aadmi saale aadmi,1,hi-roman
abe abe aalsi aadmi saale insaan,1,hi-roman
abe abe aalsi aadmi saale yaar,1,hi-roman
abe abe aalsi aadmi saale bro,1,hi-roman
abe abe aalsi aadmi saale bhai,1,hi-roman
abe abe aalsi aadmi saale saale,1,hi-roman
oye abe aalsi aadmi saale hai,1,hi-roman
oye abe aalsi aadmi saale ho,1,hi-roman
oye abe aalsi aadmi saale hain,1,hi-roman
oye abe aalsi aadmi saale aadmi,1,hi-roman
oye abe aalsi aadmi saale insaan,1,hi-roman
oye abe aalsi aadmi saale yaar,1,hi-roman
oye abe aalsi aadmi saale bro,1,hi-roman
oye abe aalsi aadmi saale bhai,1,hi-roman
oye abe aalsi aadmi saale saale,1,hi-roman
are abe aalsi aadmi saale hai,1,hi-roman
are abe aalsi aadmi saale ho,1,hi-roman
are abe aalsi aadmi saale hain,1,hi-roman
are abe aalsi aadmi saale aadmi,1,hi-roman
are abe aalsi aadmi saale insaan,1,hi-roman
are abe aalsi aadmi saale yaar,1,hi-roman
are abe aalsi aadmi saale bro,1,hi-roman
are abe aalsi aadmi saale bhai,1,hi-roman
are abe aalsi aadmi saale saale,1,hi-roman
sun abe aalsi aadmi saale hai,1,hi-roman
sun abe aalsi aadmi saale ho,1,hi-roman
sun abe aalsi aadmi saale hain,1,hi-roman
sun abe aalsi aadmi saale aadmi,1,hi-roman
sun abe aalsi aadmi saale insaan,1,hi-roman
sun abe aalsi aadmi saale yaar,1,hi-roman
sun abe aalsi aadmi saale bro,1,hi-roman
sun abe aalsi aadmi saale bhai,1,hi-roman
sun abe aalsi aadmi saale saale,1,hi-roman
dekh abe aalsi aadmi saale hai,1,hi-roman
dekh abe aalsi aadmi saale ho,1,hi-roman
dekh abe aalsi aadmi saale hain,1,hi-roman
dekh abe aalsi aadmi saale aadmi,1,hi-roman
dekh abe aalsi aadmi saale insaan,1,hi-roman
dekh abe aalsi aadmi saale yaar,1,hi-roman
dekh abe aalsi aadmi saale bro,1,hi-roman
dekh abe aalsi aadmi saale bhai,1,hi-roman
dekh abe aalsi aadmi saale saale,1,hi-roman
bhai abe aalsi aadmi saale hai,1,hi-roman
bhai abe aalsi aadmi saale ho,1,hi-roman
bhai abe aalsi aadmi saale hain,1,hi-roman
bhai abe aalsi aadmi saale aadmi,1,hi-roman
bhai abe aalsi aadmi saale insaan,1,hi-roman
bhai abe aalsi aadmi saale yaar,1,hi-roman
bhai abe aalsi aadmi saale bro,1,hi-roman
bhai abe aalsi aadmi saale bhai,1,hi-roman
bhai abe aalsi aadmi saale saale,1,hi-roman
saale abe aalsi aadmi saale hai,1,hi-roman
saale abe aalsi aadmi saale ho,1,hi-roman
saale abe aalsi aadmi saale hain,1,hi-roman
saale abe aalsi aadmi saale aadmi,1,hi-roman
saale abe aalsi aadmi saale insaan,1,hi-roman
saale abe aalsi aadmi saale yaar,1,hi-roman
saale abe aalsi aadmi saale bro,1,hi-roman
saale abe aalsi aadmi saale bhai,1,hi-roman
saale abe aalsi aadmi saale saale,1,hi-roman
tu abe alsi admi sale,1,hi-roman
tu abe alsi admi sale hai,1,hi-roman
tu abe alsi admi sale ho,1,hi-roman
tu abe alsi admi sale hain,1,hi-roman
tu abe alsi admi sale aadmi,1,hi-roman
tu abe alsi admi sale insaan,1,hi-roman
tu abe alsi admi sale yaar,1,hi-roman
tu abe alsi admi sale bro,1,hi-roman
tu abe alsi admi sale bhai,1,hi-roman
tu abe alsi admi sale saale,1,hi-roman
tum abe alsi admi sale,1,hi-roman
tum abe alsi admi sale hai,1,hi-roman
tum abe alsi admi sale ho,1,hi-roman
tum abe alsi admi sale hain,1,hi-roman
tum abe alsi admi sale aadmi,1,hi-roman
tum abe alsi admi sale insaan,1,hi-roman
tum abe alsi admi sale yaar,1,hi-roman
tum abe alsi admi sale bro,1,hi-roman
tum abe alsi admi sale bhai,1,hi-roman
tum abe alsi admi sale saale,1,hi-roman
abe abe alsi admi sale,1,hi-roman
abe abe alsi admi sale hai,1,hi-roman
abe abe alsi admi sale ho,1,hi-roman
abe abe alsi admi sale hain,1,hi-roman
abe abe alsi admi sale aadmi,1,hi-roman
abe abe alsi admi sale insaan,1,hi-roman
abe abe alsi admi sale yaar,1,hi-roman
abe abe alsi admi sale bro,1,hi-roman
abe abe alsi admi sale bhai,1,hi-roman
abe abe alsi admi sale saale,1,hi-roman
oye abe alsi admi sale,1,hi-roman
oye abe alsi admi sale hai,1,hi-roman
oye abe alsi admi sale ho,1,hi-roman
oye abe alsi admi sale hain,1,hi-roman
oye abe alsi admi sale aadmi,1,hi-roman
oye abe alsi admi sale insaan,1,hi-roman
oye abe alsi admi sale yaar,1,hi-roman
oye abe alsi admi sale bro,1,hi-roman
oye abe alsi admi sale bhai,1,hi-roman
oye abe alsi admi sale saale,1,hi-roman
are abe alsi admi sale,1,hi-roman
are abe alsi admi sale hai,1,hi-roman
are abe alsi admi sale ho,1,hi-roman
are abe alsi admi sale hain,1,hi-roman
are abe alsi admi sale aadmi,1,hi-roman
are abe alsi admi sale insaan,1,hi-roman
are abe alsi admi sale yaar,1,hi-roman
are abe alsi admi sale bro,1,hi-roman
are abe alsi admi sale bhai,1,hi-roman
are abe alsi admi sale saale,1,hi-roman
sun abe alsi admi sale,1,hi-roman
sun abe alsi admi sale hai,1,hi-roman
sun abe alsi admi sale ho,1,hi-roman
sun abe alsi admi sale hain,1,hi-roman
sun abe alsi admi sale aadmi,1,hi-roman
sun abe alsi admi sale insaan,1,hi-roman
sun abe alsi admi sale yaar,1,hi-roman
sun abe alsi admi sale bro,1,hi-roman
sun abe alsi admi sale bhai,1,hi-roman
sun abe alsi admi sale saale,1,hi-roman
dekh abe alsi admi sale,1,hi-roman
dekh abe alsi admi sale hai,1,hi-roman
dekh abe alsi admi sale ho,1,hi-roman
dekh abe alsi admi sale hain,1,hi-roman
dekh abe alsi admi sale aadmi,1,hi-roman
dekh abe alsi admi sale insaan,1,hi-roman
dekh abe alsi admi sale yaar,1,hi-roman
dekh abe alsi admi sale bro,1,hi-roman
dekh abe alsi admi sale bhai,1,hi-roman
dekh abe alsi admi sale saale,1,hi-roman
bhai abe alsi admi sale,1,hi-roman
bhai abe alsi admi sale hai,1,hi-roman
bhai abe alsi admi sale ho,1,hi-roman
bhai abe alsi admi sale hain,1,hi-roman
bhai abe alsi admi sale aadmi,1,hi-roman
bhai abe alsi admi sale insaan,1,hi-roman
bhai abe alsi admi sale yaar,1,hi-roman
bhai abe alsi admi sale bro,1,hi-roman
bhai abe alsi admi sale bhai,1,hi-roman
bhai abe alsi admi sale saale,1,hi-roman
saale abe alsi admi sale,1,hi-roman
saale abe alsi admi sale hai,1,hi-roman
saale abe alsi admi sale ho,1,hi-roman
saale abe alsi admi sale hain,1,hi-roman
saale abe alsi admi sale aadmi,1,hi-roman
saale abe alsi admi sale insaan,1,hi-roman
saale abe alsi admi sale yaar,1,hi-roman
saale abe alsi admi sale bro,1,hi-roman
saale abe alsi admi sale bhai,1,hi-roman
saale abe alsi admi sale saale,1,hi-roman
tu abe aalsee aadmee tha,1,hi-roman
tu abe aalsee aadmee tha hai,1,hi-roman
tu abe aalsee aadmee tha ho,1,hi-roman
tu abe aalsee aadmee tha hain,1,hi-roman
tu abe aalsee aadmee tha aadmi,1,hi-roman
tu abe aalsee aadmee tha insaan,1,hi-roman
tu abe aalsee aadmee tha yaar,1,hi-roman
tu abe aalsee aadmee tha bro,1,hi-roman
tu abe aalsee aadmee tha bhai,1,hi-roman
tu abe aalsee aadmee tha saale,1,hi-roman
tum abe aalsee aadmee tha,1,hi-roman
tum abe aalsee aadmee tha hai,1,hi-roman
tum abe aalsee aadmee tha ho,1,hi-roman
tum abe aalsee aadmee tha hain,1,hi-roman
tum abe aalsee aadmee tha aadmi,1,hi-roman
tum abe aalsee aadmee tha insaan,1,hi-roman
tum abe aalsee aadmee tha yaar,1,hi-roman
tum abe aalsee aadmee tha bro,1,hi-roman
tum abe aalsee aadmee tha bhai,1,hi-roman
tum abe aalsee aadmee tha saale,1,hi-roman
abe abe aalsee aadmee tha,1,hi-roman
abe abe aalsee aadmee tha hai,1,hi-roman
abe abe aalsee aadmee tha ho,1,hi-roman
abe abe aalsee aadmee tha hain,1,hi-roman
abe abe aalsee aadmee tha aadmi,1,hi-roman
abe abe aalsee aadmee tha insaan,1,hi-roman
abe abe aalsee aadmee tha yaar,1,hi-roman
abe abe aalsee aadmee tha bro,1,hi-roman
abe abe aalsee aadmee tha bhai,1,hi-roman
abe abe aalsee aadmee tha saale,1,hi-roman
oye abe aalsee aadmee tha,1,hi-roman
oye abe aalsee aadmee tha hai,1,hi-roman
oye abe aalsee aadmee tha ho,1,hi-roman
oye abe aalsee aadmee tha hain,1,hi-roman
oye abe aalsee aadmee tha aadmi,1,hi-roman
oye abe aalsee aadmee tha insaan,1,hi-roman
oye abe aalsee aadmee tha yaar,1,hi-roman
oye abe aalsee aadmee tha bro,1,hi-roman
oye abe aalsee aadmee tha bhai,1,hi-roman
oye abe aalsee aadmee tha saale,1,hi-roman
are abe aalsee aadmee tha,1,hi-roman
are abe aalsee aadmee tha hai,1,hi-roman
are abe aalsee aadmee tha ho,1,hi-roman
are abe aalsee aadmee tha hain,1,hi-roman
are abe aalsee aadmee tha aadmi,1,hi-roman
are abe aalsee aadmee tha insaan,1,hi-roman
are abe aalsee aadmee tha yaar,1,hi-roman
are abe aalsee aadmee tha bro,1,hi-roman
are abe aalsee aadmee tha bhai,1,hi-roman
are abe aalsee aadmee tha saale,1,hi-roman
sun abe aalsee aadmee tha,1,hi-roman
sun abe aalsee aadmee tha hai,1,hi-roman
sun abe aalsee aadmee tha ho,1,hi-roman
sun abe aalsee aadmee tha hain,1,hi-roman
sun abe aalsee aadmee tha aadmi,1,hi-roman
sun abe aalsee aadmee tha insaan,1,hi-roman
sun abe aalsee aadmee tha yaar,1,hi-roman
sun abe aalsee aadmee tha bro,1,hi-roman
sun abe aalsee aadmee tha bhai,1,hi-roman
sun abe aalsee aadmee tha saale,1,hi-roman
dekh abe aalsee aadmee tha,1,hi-roman
dekh abe aalsee aadmee tha hai,1,hi-roman
dekh abe aalsee aadmee tha ho,1,hi-roman
dekh abe aalsee aadmee tha hain,1,hi-roman
dekh abe aalsee aadmee tha aadmi,1,hi-roman
dekh abe aalsee aadmee tha insaan,1,hi-roman
dekh abe aalsee aadmee tha yaar,1,hi-roman
dekh abe aalsee aadmee tha bro,1,hi-roman
dekh abe aalsee aadmee tha bhai,1,hi-roman
dekh abe aalsee aadmee tha saale,1,hi-roman
bhai abe aalsee aadmee tha,1,hi-roman
bhai abe aalsee aadmee tha hai,1,hi-roman
bhai abe aalsee aadmee tha ho,1,hi-roman
bhai abe aalsee aadmee tha hain,1,hi-roman
bhai abe aalsee aadmee tha aadmi,1,hi-roman
bhai abe aalsee aadmee tha insaan,1,hi-roman
bhai abe aalsee aadmee tha yaar,1,hi-roman
bhai abe aalsee aadmee tha bro,1,hi-roman
bhai abe aalsee aadmee tha bhai,1,hi-roman
bhai abe aalsee aadmee tha saale,1,hi-roman
saale abe aalsee aadmee tha,1,hi-roman
saale abe aalsee aadmee tha hai,1,hi-roman
saale abe aalsee aadmee tha ho,1,hi-roman
saale abe aalsee aadmee tha hain,1,hi-roman
saale abe aalsee aadmee tha aadmi,1,hi-roman
saale abe aalsee aadmee tha insaan,1,hi-roman
saale abe aalsee aadmee tha yaar,1,hi-roman
saale abe aalsee aadmee tha bro,1,hi-roman
saale abe aalsee aadmee tha bhai,1,hi-roman
saale abe aalsee aadmee tha saale,1,hi-roman
tu abe alsi admi tha,1,hi-roman
tu abe alsi admi tha hai,1,hi-roman
tu abe alsi admi tha ho,1,hi-roman
tu abe alsi admi tha hain,1,hi-roman
tu abe alsi admi tha aadmi,1,hi-roman
tu abe alsi admi tha insaan,1,hi-roman
tu abe alsi admi tha yaar,1,hi-roman
tu abe alsi admi tha bro,1,hi-roman
tu abe alsi admi tha bhai,1,hi-roman
tu abe alsi admi tha saale,1,hi-roman
tum abe alsi admi tha,1,hi-roman
tum abe alsi admi tha hai,1,hi-roman
tum abe alsi admi tha ho,1,hi-roman
tum abe alsi admi tha hain,1,hi-roman
tum abe alsi admi tha aadmi,1,hi-roman
tum abe alsi admi tha insaan,1,hi-roman
tum abe alsi admi tha yaar,1,hi-roman
tum abe alsi admi tha bro,1,hi-roman
tum abe alsi admi tha bhai,1,hi-roman
tum abe alsi admi tha saale,1,hi-roman
abe abe alsi admi tha,1,hi-roman
abe abe alsi admi tha hai,1,hi-roman
abe abe alsi admi tha ho,1,hi-roman
abe abe alsi admi tha hain,1,hi-roman
abe abe alsi admi tha aadmi,1,hi-roman
abe abe alsi admi tha insaan,1,hi-roman
abe abe alsi admi tha yaar,1,hi-roman
abe abe alsi admi tha bro,1,hi-roman
abe abe alsi admi tha bhai,1,hi-roman
abe abe alsi admi tha saale,1,hi-roman
oye abe alsi admi tha,1,hi-roman
oye abe alsi admi tha hai,1,hi-roman
oye abe alsi admi tha ho,1,hi-roman
oye abe alsi admi tha hain,1,hi-roman
oye abe alsi admi tha aadmi,1,hi-roman
oye abe alsi admi tha insaan,1,hi-roman
oye abe alsi admi tha yaar,1,hi-roman
oye abe alsi admi tha bro,1,hi-roman
oye abe alsi admi tha bhai,1,hi-roman
oye abe alsi admi tha saale,1,hi-roman
are abe alsi admi tha,1,hi-roman
are abe alsi admi tha hai,1,hi-roman
are abe alsi admi tha ho,1,hi-roman
are abe alsi admi tha hain,1,hi-roman
are abe alsi admi tha aadmi,1,hi-roman
are abe alsi admi tha insaan,1,hi-roman
are abe alsi admi tha yaar,1,hi-roman
are abe alsi admi tha bro,1,hi-roman
are abe alsi admi tha bhai,1,hi-roman
are abe alsi admi tha saale,1,hi-roman
sun abe alsi admi tha,1,hi-roman
sun abe alsi admi tha hai,1,hi-roman
sun abe alsi admi tha ho,1,hi-roman
sun abe alsi admi tha hain,1,hi-roman
sun abe alsi admi tha aadmi,1,hi-roman
sun abe alsi admi tha insaan,1,hi-roman
sun abe alsi admi tha yaar,1,hi-roman
sun abe alsi admi tha bro,1,hi-roman
sun abe alsi admi tha bhai,1,hi-roman
sun abe alsi admi tha saale,1,hi-roman
dekh abe alsi admi tha,1,hi-roman
dekh abe alsi admi tha hai,1,hi-roman
dekh abe alsi admi tha ho,1,hi-roman
dekh abe alsi admi tha hain,1,hi-roman
dekh abe alsi admi tha aadmi,1,hi-roman
dekh abe alsi admi tha insaan,1,hi-roman
dekh abe alsi admi tha yaar,1,hi-roman
dekh abe alsi admi tha bro,1,hi-roman
dekh abe alsi admi tha bhai,1,hi-roman
dekh abe alsi admi tha saale,1,hi-roman
bhai abe alsi admi tha,1,hi-roman
bhai abe alsi admi tha hai,1,hi-roman
bhai abe alsi admi tha ho,1,hi-roman
bhai abe alsi admi tha hain,1,hi-roman
bhai abe alsi admi tha aadmi,1,hi-roman
bhai abe alsi admi tha insaan,1,hi-roman
bhai abe alsi admi tha yaar,1,hi-roman
bhai abe alsi admi tha bro,1,hi-roman
bhai abe alsi admi tha bhai,1,hi-roman
bhai abe alsi admi tha saale,1,hi-roman
saale abe alsi admi tha,1,hi-roman
saale abe alsi admi tha hai,1,hi-roman
saale abe alsi admi tha ho,1,hi-roman
saale abe alsi admi tha hain,1,hi-roman
saale abe alsi admi tha aadmi,1,hi-roman
saale abe alsi admi tha insaan,1,hi-roman
saale abe alsi admi tha yaar,1,hi-roman
saale abe alsi admi tha bro,1,hi-roman
saale abe alsi admi tha bhai,1,hi-roman
saale abe alsi admi tha saale,1,hi-roman
tu abe aalsi aadmi tha,1,hi-roman
tu abe aalsi aadmi tha hai,1,hi-roman
tu abe aalsi aadmi tha ho,1,hi-roman
tu abe aalsi aadmi tha hain,1,hi-roman
tu abe aalsi aadmi tha aadmi,1,hi-roman
tu abe aalsi aadmi tha insaan,1,hi-roman
tu abe aalsi aadmi tha yaar,1,hi-roman
tu abe aalsi aadmi tha bro,1,hi-roman
tu abe aalsi aadmi tha bhai,1,hi-roman
tu abe aalsi aadmi tha saale,1,hi-roman
tum abe aalsi aadmi tha,1,hi-roman
tum abe aalsi aadmi tha hai,1,hi-roman
tum abe aalsi aadmi tha ho,1,hi-roman
tum abe aalsi aadmi tha hain,1,hi-roman
tum abe aalsi aadmi tha aadmi,1,hi-roman
tum abe aalsi aadmi tha insaan,1,hi-roman
tum abe aalsi aadmi tha yaar,1,hi-roman
tum abe aalsi aadmi tha bro,1,hi-roman
tum abe aalsi aadmi tha bhai,1,hi-roman
tum abe aalsi aadmi tha saale,1,hi-roman
abe abe aalsi aadmi tha,1,hi-roman
abe abe aalsi aadmi tha hai,1,hi-roman
abe abe aalsi aadmi tha ho,1,hi-roman
abe abe aalsi aadmi tha hain,1,hi-roman
abe abe aalsi aadmi tha aadmi,1,hi-roman
abe abe aalsi aadmi tha insaan,1,hi-roman
abe abe aalsi aadmi tha yaar,1,hi-roman
abe abe aalsi aadmi tha bro,1,hi-roman
abe abe aalsi aadmi tha bhai,1,hi-roman
abe abe aalsi aadmi tha saale,1,hi-roman
oye abe aalsi aadmi tha,1,hi-roman
oye abe aalsi aadmi tha hai,1,hi-roman
oye abe aalsi aadmi tha ho,1,hi-roman
oye abe aalsi aadmi tha hain,1,hi-roman
oye abe aalsi aadmi tha aadmi,1,hi-roman
oye abe aalsi aadmi tha insaan,1,hi-roman
oye abe aalsi aadmi tha yaar,1,hi-roman
oye abe aalsi aadmi tha bro,1,hi-roman
oye abe aalsi aadmi tha bhai,1,hi-roman
oye abe aalsi aadmi tha saale,1,hi-roman
are abe aalsi aadmi tha,1,hi-roman
are abe aalsi aadmi tha hai,1,hi-roman
are abe aalsi aadmi tha ho,1,hi-roman
are abe aalsi aadmi tha hain,1,hi-roman
are abe aalsi aadmi tha aadmi,1,hi-roman
are abe aalsi aadmi tha insaan,1,hi-roman
are abe aalsi aadmi tha yaar,1,hi-roman
are abe aalsi aadmi tha bro,1,hi-roman
are abe aalsi aadmi tha bhai,1,hi-roman
are abe aalsi aadmi tha saale,1,hi-roman
sun abe aalsi aadmi tha,1,hi-roman
sun abe aalsi aadmi tha hai,1,hi-roman
sun abe aalsi aadmi tha ho,1,hi-roman
sun abe aalsi aadmi tha hain,1,hi-roman
sun abe aalsi aadmi tha aadmi,1,hi-roman
sun abe aalsi aadmi tha insaan,1,hi-roman
sun abe aalsi aadmi tha yaar,1,hi-roman
sun abe aalsi aadmi tha bro,1,hi-roman
sun abe aalsi aadmi tha bhai,1,hi-roman
sun abe aalsi aadmi tha saale,1,hi-roman
dekh abe aalsi aadmi tha,1,hi-roman
dekh abe aalsi aadmi tha hai,1,hi-roman
dekh abe aalsi aadmi tha ho,1,hi-roman
dekh abe aalsi aadmi tha hain,1,hi-roman
dekh abe aalsi aadmi tha aadmi,1,hi-roman
dekh abe aalsi aadmi tha insaan,1,hi-roman
dekh abe aalsi aadmi tha yaar,1,hi-roman
dekh abe aalsi aadmi tha bro,1,hi-roman
dekh abe aalsi aadmi tha bhai,1,hi-roman
dekh abe aalsi aadmi tha saale,1,hi-roman
bhai abe aalsi aadmi tha,1,hi-roman
bhai abe aalsi aadmi tha hai,1,hi-roman
bhai abe aalsi aadmi tha ho,1,hi-roman
bhai abe aalsi aadmi tha hain,1,hi-roman
bhai abe aalsi aadmi tha aadmi,1,hi-roman
bhai abe aalsi aadmi tha insaan,1,hi-roman
bhai abe aalsi aadmi tha yaar,1,hi-roman
bhai abe aalsi aadmi tha bro,1,hi-roman
bhai abe aalsi aadmi tha bhai,1,hi-roman
bhai abe aalsi aadmi tha saale,1,hi-roman
saale abe aalsi aadmi tha,1,hi-roman
saale abe aalsi aadmi tha hai,1,hi-roman
saale abe aalsi aadmi tha ho,1,hi-roman
saale abe aalsi aadmi tha hain,1,hi-roman
saale abe aalsi aadmi tha aadmi,1,hi-roman
saale abe aalsi aadmi tha insaan,1,hi-roman
saale abe aalsi aadmi tha yaar,1,hi-roman
saale abe aalsi aadmi tha bro,1,hi-roman
saale abe aalsi aadmi tha bhai,1,hi-roman
saale abe aalsi aadmi tha saale,1,hi-roman
aabe aaaalsi aaaadmi thaa,1,hi-roman
aabe aaaalsi aaaadmi thaa hai,1,hi-roman
aabe aaaalsi aaaadmi thaa ho,1,hi-roman
aabe aaaalsi aaaadmi thaa hain,1,hi-roman
aabe aaaalsi aaaadmi thaa aadmi,1,hi-roman
aabe aaaalsi aaaadmi thaa insaan,1,hi-roman
aabe aaaalsi aaaadmi thaa yaar,1,hi-roman
aabe aaaalsi aaaadmi thaa bro,1,hi-roman
aabe aaaalsi aaaadmi thaa bhai,1,hi-roman
aabe aaaalsi aaaadmi thaa saale,1,hi-roman
tu aabe aaaalsi aaaadmi thaa,1,hi-roman
tu aabe aaaalsi aaaadmi thaa hai,1,hi-roman
tu aabe aaaalsi aaaadmi thaa ho,1,hi-roman
tu aabe aaaalsi aaaadmi thaa hain,1,hi-roman
tu aabe aaaalsi aaaadmi thaa aadmi,1,hi-roman
tu aabe aaaalsi aaaadmi thaa insaan,1,hi-roman
tu aabe aaaalsi aaaadmi thaa yaar,1,hi-roman
tu aabe aaaalsi aaaadmi thaa bro,1,hi-roman
tu aabe aaaalsi aaaadmi thaa bhai,1,hi-roman
tu aabe aaaalsi aaaadmi thaa saale,1,hi-roman
tum aabe aaaalsi aaaadmi thaa,1,hi-roman
tum aabe aaaalsi aaaadmi thaa hai,1,hi-roman
tum aabe aaaalsi aaaadmi thaa ho,1,hi-roman
tum aabe aaaalsi aaaadmi thaa hain,1,hi-roman
tum aabe aaaalsi aaaadmi thaa aadmi,1,hi-roman
tum aabe aaaalsi aaaadmi thaa insaan,1,hi-roman
tum aabe aaaalsi aaaadmi thaa yaar,1,hi-roman
tum aabe aaaalsi aaaadmi thaa bro,1,hi-roman
tum aabe aaaalsi aaaadmi thaa bhai,1,hi-roman
tum aabe aaaalsi aaaadmi thaa saale,1,hi-roman
abe aabe aaaalsi aaaadmi thaa,1,hi-roman
abe aabe aaaalsi aaaadmi thaa hai,1,hi-roman
abe aabe aaaalsi aaaadmi thaa ho,1,hi-roman
abe aabe aaaalsi aaaadmi thaa hain,1,hi-roman
abe aabe aaaalsi aaaadmi thaa aadmi,1,hi-roman
abe aabe aaaalsi aaaadmi thaa insaan,1,hi-roman
abe aabe aaaalsi aaaadmi thaa yaar,1,hi-roman
abe aabe aaaalsi aaaadmi thaa bro,1,hi-roman
abe aabe aaaalsi aaaadmi thaa bhai,1,hi-roman
abe aabe aaaalsi aaaadmi thaa saale,1,hi-roman
oye aabe aaaalsi aaaadmi thaa,1,hi-roman
oye aabe aaaalsi aaaadmi thaa hai,1,hi-roman
oye aabe aaaalsi aaaadmi thaa ho,1,hi-roman
oye aabe aaaalsi aaaadmi thaa hain,1,hi-roman
oye aabe aaaalsi aaaadmi thaa aadmi,1,hi-roman
oye aabe aaaalsi aaaadmi thaa insaan,1,hi-roman
oye aabe aaaalsi aaaadmi thaa yaar,1,hi-roman
oye aabe aaaalsi aaaadmi thaa bro,1,hi-roman
oye aabe aaaalsi aaaadmi thaa bhai,1,hi-roman
oye aabe aaaalsi aaaadmi thaa saale,1,hi-roman
are aabe aaaalsi aaaadmi thaa,1,hi-roman
are aabe aaaalsi aaaadmi thaa hai,1,hi-roman
are aabe aaaalsi aaaadmi thaa ho,1,hi-roman
are aabe aaaalsi aaaadmi thaa hain,1,hi-roman
are aabe aaaalsi aaaadmi thaa aadmi,1,hi-roman
are aabe aaaalsi aaaadmi thaa insaan,1,hi-roman
are aabe aaaalsi aaaadmi thaa yaar,1,hi-roman
are aabe aaaalsi aaaadmi thaa bro,1,hi-roman
are aabe aaaalsi aaaadmi thaa bhai,1,hi-roman
are aabe aaaalsi aaaadmi thaa saale,1,hi-roman
sun aabe aaaalsi aaaadmi thaa,1,hi-roman
sun aabe aaaalsi aaaadmi thaa hai,1,hi-roman
sun aabe aaaalsi aaaadmi thaa ho,1,hi-roman
sun aabe aaaalsi aaaadmi thaa hain,1,hi-roman
sun aabe aaaalsi aaaadmi thaa aadmi,1,hi-roman
sun aabe aaaalsi aaaadmi thaa insaan,1,hi-roman
sun aabe aaaalsi aaaadmi thaa yaar,1,hi-roman
sun aabe aaaalsi aaaadmi thaa bro,1,hi-roman
sun aabe aaaalsi aaaadmi thaa bhai,1,hi-roman
sun aabe aaaalsi aaaadmi thaa saale,1,hi-roman
dekh aabe aaaalsi aaaadmi thaa,1,hi-roman
dekh aabe aaaalsi aaaadmi thaa hai,1,hi-roman
dekh aabe aaaalsi aaaadmi thaa ho,1,hi-roman
dekh aabe aaaalsi aaaadmi thaa hain,1,hi-roman
dekh aabe aaaalsi aaaadmi thaa aadmi,1,hi-roman
dekh aabe aaaalsi aaaadmi thaa insaan,1,hi-roman
dekh aabe aaaalsi aaaadmi thaa yaar,1,hi-roman
dekh aabe aaaalsi aaaadmi thaa bro,1,hi-roman
dekh aabe aaaalsi aaaadmi thaa bhai,1,hi-roman
dekh aabe aaaalsi aaaadmi thaa saale,1,hi-roman
bhai aabe aaaalsi aaaadmi thaa,1,hi-roman
bhai aabe aaaalsi aaaadmi thaa hai,1,hi-roman
bhai aabe aaaalsi aaaadmi thaa ho,1,hi-roman
bhai aabe aaaalsi aaaadmi thaa hain,1,hi-roman
bhai aabe aaaalsi aaaadmi thaa aadmi,1,hi-roman
bhai aabe aaaalsi aaaadmi thaa insaan,1,hi-roman
bhai aabe aaaalsi aaaadmi thaa yaar,1,hi-roman
bhai aabe aaaalsi aaaadmi thaa bro,1,hi-roman
bhai aabe aaaalsi aaaadmi thaa bhai,1,hi-roman
bhai aabe aaaalsi aaaadmi thaa saale,1,hi-roman
saale aabe aaaalsi aaaadmi thaa,1,hi-roman
saale aabe aaaalsi aaaadmi thaa hai,1,hi-roman
saale aabe aaaalsi aaaadmi thaa ho,1,hi-roman
saale aabe aaaalsi aaaadmi thaa hain,1,hi-roman
saale aabe aaaalsi aaaadmi thaa aadmi,1,hi-roman
saale aabe aaaalsi aaaadmi thaa insaan,1,hi-roman
saale aabe aaaalsi aaaadmi thaa yaar,1,hi-roman
saale aabe aaaalsi aaaadmi thaa bro,1,hi-roman
saale aabe aaaalsi aaaadmi thaa bhai,1,hi-roman
saale aabe aaaalsi aaaadmi thaa saale,1,hi-roman
tu abe alsi admi yar,1,hi-roman
tu abe alsi admi yar hai,1,hi-roman
tu abe alsi admi yar ho,1,hi-roman
tu abe alsi admi yar hain,1,hi-roman
tu abe alsi admi yar aadmi,1,hi-roman
tu abe alsi admi yar insaan,1,hi-roman
tu abe alsi admi yar yaar,1,hi-roman
tu abe alsi admi yar bro,1,hi-roman
tu abe alsi admi yar bhai,1,hi-roman
tu abe alsi admi yar saale,1,hi-roman
tum abe alsi admi yar,1,hi-roman
tum abe alsi admi yar hai,1,hi-roman
tum abe alsi admi yar ho,1,hi-roman
tum abe alsi admi yar hain,1,hi-roman
tum abe alsi admi yar aadmi,1,hi-roman
tum abe alsi admi yar insaan,1,hi-roman
tum abe alsi admi yar yaar,1,hi-roman
tum abe alsi admi yar bro,1,hi-roman
tum abe alsi admi yar bhai,1,hi-roman
tum abe alsi admi yar saale,1,hi-roman
abe abe alsi admi yar,1,hi-roman
abe abe alsi admi yar hai,1,hi-roman
abe abe alsi admi yar ho,1,hi-roman
abe abe alsi admi yar hain,1,hi-roman
abe abe alsi admi yar aadmi,1,hi-roman
abe abe alsi admi yar insaan,1,hi-roman
abe abe alsi admi yar yaar,1,hi-roman
abe abe alsi admi yar bro,1,hi-roman
abe abe alsi admi yar bhai,1,hi-roman
abe abe alsi admi yar saale,1,hi-roman
oye abe alsi admi yar,1,hi-roman
oye abe alsi admi yar hai,1,hi-roman
oye abe alsi admi yar ho,1,hi-roman
oye abe alsi admi yar hain,1,hi-roman
oye abe alsi admi yar aadmi,1,hi-roman
oye abe alsi admi yar insaan,1,hi-roman
oye abe alsi admi yar yaar,1,hi-roman
oye abe alsi admi yar bro,1,hi-roman
oye abe alsi admi yar bhai,1,hi-roman
oye abe alsi admi yar saale,1,hi-roman
are abe alsi admi yar,1,hi-roman
are abe alsi admi yar hai,1,hi-roman
are abe alsi admi yar ho,1,hi-roman
are abe alsi admi yar hain,1,hi-roman
are abe alsi admi yar aadmi,1,hi-roman
are abe alsi admi yar insaan,1,hi-roman
are abe alsi admi yar yaar,1,hi-roman
are abe alsi admi yar bro,1,hi-roman
are abe alsi admi yar bhai,1,hi-roman
are abe alsi admi yar saale,1,hi-roman
sun abe alsi admi yar,1,hi-roman
sun abe alsi admi yar hai,1,hi-roman
sun abe alsi admi yar ho,1,hi-roman
sun abe alsi admi yar hain,1,hi-roman
sun abe alsi admi yar aadmi,1,hi-roman
sun abe alsi admi yar insaan,1,hi-roman
sun abe alsi admi yar yaar,1,hi-roman
sun abe alsi admi yar bro,1,hi-roman
sun abe alsi admi yar bhai,1,hi-roman
sun abe alsi admi yar saale,1,hi-roman
dekh abe alsi admi yar,1,hi-roman
dekh abe alsi admi yar hai,1,hi-roman
dekh abe alsi admi yar ho,1,hi-roman
dekh abe alsi admi yar hain,1,hi-roman
dekh abe alsi admi yar aadmi,1,hi-roman
dekh abe alsi admi yar insaan,1,hi-roman
dekh abe alsi admi yar yaar,1,hi-roman
dekh abe alsi admi yar bro,1,hi-roman
dekh abe alsi admi yar bhai,1,hi-roman
dekh abe alsi admi yar saale,1,hi-roman
bhai abe alsi admi yar,1,hi-roman
bhai abe alsi admi yar hai,1,hi-roman
bhai abe alsi admi yar ho,1,hi-roman
bhai abe alsi admi yar hain,1,hi-roman
bhai abe alsi admi yar aadmi,1,hi-roman
bhai abe alsi admi yar insaan,1,hi-roman
bhai abe alsi admi yar yaar,1,hi-roman
bhai abe alsi admi yar bro,1,hi-roman
bhai abe alsi admi yar bhai,1,hi-roman
bhai abe alsi admi yar saale,1,hi-roman
saale abe alsi admi yar,1,hi-roman
saale abe alsi admi yar hai,1,hi-roman
saale abe alsi admi yar ho,1,hi-roman
saale abe alsi admi yar hain,1,hi-roman
saale abe alsi admi yar aadmi,1,hi-roman
saale abe alsi admi yar insaan,1,hi-roman
saale abe alsi admi yar yaar,1,hi-roman
saale abe alsi admi yar bro,1,hi-roman
saale abe alsi admi yar bhai,1,hi-roman
saale abe alsi admi yar saale,1,hi-roman
tu abe aalsi aadmi yaar hai,1,hi-roman
tu abe aalsi aadmi yaar ho,1,hi-roman
tu abe aalsi aadmi yaar hain,1,hi-roman
tu abe aalsi aadmi yaar aadmi,1,hi-roman
tu abe aalsi aadmi yaar insaan,1,hi-roman
tu abe aalsi aadmi yaar yaar,1,hi-roman
tu abe aalsi aadmi yaar bro,1,hi-roman
tu abe aalsi aadmi yaar bhai,1,hi-roman
tu abe aalsi aadmi yaar saale,1,hi-roman
tum abe aalsi aadmi yaar hai,1,hi-roman
tum abe aalsi aadmi yaar ho,1,hi-roman
tum abe aalsi aadmi yaar hain,1,hi-roman
tum abe aalsi aadmi yaar aadmi,1,hi-roman
tum abe aalsi aadmi yaar insaan,1,hi-roman
tum abe aalsi aadmi yaar yaar,1,hi-roman
tum abe aalsi aadmi yaar bro,1,hi-roman
tum abe aalsi aadmi yaar bhai,1,hi-roman
tum abe aalsi aadmi yaar saale,1,hi-roman
abe abe aalsi aadmi yaar hai,1,hi-roman
abe abe aalsi aadmi yaar ho,1,hi-roman
abe abe aalsi aadmi yaar hain,1,hi-roman
abe abe aalsi aadmi yaar aadmi,1,hi-roman
abe abe aalsi aadmi yaar insaan,1,hi-roman
abe abe aalsi aadmi yaar yaar,1,hi-roman
abe abe aalsi aadmi yaar bro,1,hi-roman
abe abe aalsi aadmi yaar bhai,1,hi-roman
abe abe aalsi aadmi yaar saale,1,hi-roman
oye abe aalsi aadmi yaar hai,1,hi-roman
oye abe aalsi aadmi yaar ho,1,hi-roman
oye abe aalsi aadmi yaar hain,1,hi-roman
oye abe aalsi aadmi yaar aadmi,1,hi-roman
oye abe aalsi aadmi yaar insaan,1,hi-roman
oye abe aalsi aadmi yaar yaar,1,hi-roman
oye abe aalsi aadmi yaar bro,1,hi-roman
oye abe aalsi aadmi yaar bhai,1,hi-roman
oye abe aalsi aadmi yaar saale,1,hi-roman
are abe aalsi aadmi yaar hai,1,hi-roman
are abe aalsi aadmi yaar ho,1,hi-roman
are abe aalsi aadmi yaar hain,1,hi-roman
are abe aalsi aadmi yaar aadmi,1,hi-roman
are abe aalsi aadmi yaar insaan,1,hi-roman
are abe aalsi aadmi yaar yaar,1,hi-roman
are abe aalsi aadmi yaar bro,1,hi-roman
are abe aalsi aadmi yaar bhai,1,hi-roman
are abe aalsi aadmi yaar saale,1,hi-roman
sun abe aalsi aadmi yaar hai,1,hi-roman
sun abe aalsi aadmi yaar ho,1,hi-roman
sun abe aalsi aadmi yaar hain,1,hi-roman
sun abe aalsi aadmi yaar aadmi,1,hi-roman
sun abe aalsi aadmi yaar insaan,1,hi-roman
sun abe aalsi aadmi yaar yaar,1,hi-roman
sun abe aalsi aadmi yaar bro,1,hi-roman
sun abe aalsi aadmi yaar bhai,1,hi-roman
sun abe aalsi aadmi yaar saale,1,hi-roman
dekh abe aalsi aadmi yaar hai,1,hi-roman
dekh abe aalsi aadmi yaar ho,1,hi-roman
dekh abe aalsi aadmi yaar hain,1,hi-roman
dekh abe aalsi aadmi yaar aadmi,1,hi-roman
dekh abe aalsi aadmi yaar insaan,1,hi-roman
dekh abe aalsi aadmi yaar yaar,1,hi-roman
dekh abe aalsi aadmi yaar bro,1,hi-roman
dekh abe aalsi aadmi yaar bhai,1,hi-roman
dekh abe aalsi aadmi yaar saale,1,hi-roman
bhai abe aalsi aadmi yaar hai,1,hi-roman
bhai abe aalsi aadmi yaar ho,1,hi-roman
bhai abe aalsi aadmi yaar hain,1,hi-roman
bhai abe aalsi aadmi yaar aadmi,1,hi-roman
bhai abe aalsi aadmi yaar insaan,1,hi-roman
bhai abe aalsi aadmi yaar yaar,1,hi-roman
bhai abe aalsi aadmi yaar bro,1,hi-roman
bhai abe aalsi aadmi yaar bhai,1,hi-roman
bhai abe aalsi aadmi yaar saale,1,hi-roman
saale abe aalsi aadmi yaar hai,1,hi-roman
saale abe aalsi aadmi yaar ho,1,hi-roman
saale abe aalsi aadmi yaar hain,1,hi-roman
saale abe aalsi aadmi yaar aadmi,1,hi-roman
saale abe aalsi aadmi yaar insaan,1,hi-roman
saale abe aalsi aadmi yaar yaar,1,hi-roman
saale abe aalsi aadmi yaar bro,1,hi-roman
saale abe aalsi aadmi yaar bhai,1,hi-roman
saale abe aalsi aadmi yaar saale,1,hi-roman
aabe aaaalsi aaaadmi yaaaar,1,hi-roman
aabe aaaalsi aaaadmi yaaaar hai,1,hi-roman
aabe aaaalsi aaaadmi yaaaar ho,1,hi-roman
aabe aaaalsi aaaadmi yaaaar hain,1,hi-roman
aabe aaaalsi aaaadmi yaaaar aadmi,1,hi-roman
aabe aaaalsi aaaadmi yaaaar insaan,1,hi-roman
aabe aaaalsi aaaadmi yaaaar yaar,1,hi-roman
aabe aaaalsi aaaadmi yaaaar bro,1,hi-roman
aabe aaaalsi aaaadmi yaaaar bhai,1,hi-roman
aabe aaaalsi aaaadmi yaaaar saale,1,hi-roman
tu aabe aaaalsi aaaadmi yaaaar,1,hi-roman
tu aabe aaaalsi aaaadmi yaaaar hai,1,hi-roman
tu aabe aaaalsi aaaadmi yaaaar ho,1,hi-roman
tu aabe aaaalsi aaaadmi yaaaar hain,1,hi-roman
tu aabe aaaalsi aaaadmi yaaaar aadmi,1,hi-roman
tu aabe aaaalsi aaaadmi yaaaar insaan,1,hi-roman
tu aabe aaaalsi aaaadmi yaaaar yaar,1,hi-roman
tu aabe aaaalsi aaaadmi yaaaar bro,1,hi-roman
tu aabe aaaalsi aaaadmi yaaaar bhai,1,hi-roman
tu aabe aaaalsi aaaadmi yaaaar saale,1,hi-roman
tum aabe aaaalsi aaaadmi yaaaar,1,hi-roman
tum aabe aaaalsi aaaadmi yaaaar hai,1,hi-roman
tum aabe aaaalsi aaaadmi yaaaar ho,1,hi-roman
tum aabe aaaalsi aaaadmi yaaaar hain,1,hi-roman
tum aabe aaaalsi aaaadmi yaaaar aadmi,1,hi-roman
tum aabe aaaalsi aaaadmi yaaaar insaan,1,hi-roman
tum aabe aaaalsi aaaadmi yaaaar yaar,1,hi-roman
tum aabe aaaalsi aaaadmi yaaaar bro,1,hi-roman
tum aabe aaaalsi aaaadmi yaaaar bhai,1,hi-roman
tum aabe aaaalsi aaaadmi yaaaar saale,1,hi-roman
abe aabe aaaalsi aaaadmi yaaaar,1,hi-roman
abe aabe aaaalsi aaaadmi yaaaar hai,1,hi-roman
abe aabe aaaalsi aaaadmi yaaaar ho,1,hi-roman
abe aabe aaaalsi aaaadmi yaaaar hain,1,hi-roman
abe aabe aaaalsi aaaadmi yaaaar aadmi,1,hi-roman
abe aabe aaaalsi aaaadmi yaaaar insaan,1,hi-roman
abe aabe aaaalsi aaaadmi yaaaar yaar,1,hi-roman
abe aabe aaaalsi aaaadmi yaaaar bro,1,hi-roman
abe aabe aaaalsi aaaadmi yaaaar bhai,1,hi-roman
abe aabe aaaalsi aaaadmi yaaaar saale,1,hi-roman
oye aabe aaaalsi aaaadmi yaaaar,1,hi-roman
oye aabe aaaalsi aaaadmi yaaaar hai,1,hi-roman
oye aabe aaaalsi aaaadmi yaaaar ho,1,hi-roman
oye aabe aaaalsi aaaadmi yaaaar hain,1,hi-roman
oye aabe aaaalsi aaaadmi yaaaar aadmi,1,hi-roman
oye aabe aaaalsi aaaadmi yaaaar insaan,1,hi-roman
oye aabe aaaalsi aaaadmi yaaaar yaar,1,hi-roman
oye aabe aaaalsi aaaadmi yaaaar bro,1,hi-roman
oye aabe aaaalsi aaaadmi yaaaar bhai,1,hi-roman
oye aabe aaaalsi aaaadmi yaaaar saale,1,hi-roman
are aabe aaaalsi aaaadmi yaaaar,1,hi-roman
are aabe aaaalsi aaaadmi yaaaar hai,1,hi-roman
are aabe aaaalsi aaaadmi yaaaar ho,1,hi-roman
are aabe aaaalsi aaaadmi yaaaar hain,1,hi-roman
are aabe aaaalsi aaaadmi yaaaar aadmi,1,hi-roman
are aabe aaaalsi aaaadmi yaaaar insaan,1,hi-roman
are aabe aaaalsi aaaadmi yaaaar yaar,1,hi-roman
are aabe aaaalsi aaaadmi yaaaar bro,1,hi-roman
are aabe aaaalsi aaaadmi yaaaar bhai,1,hi-roman
are aabe aaaalsi aaaadmi yaaaar saale,1,hi-roman
sun aabe aaaalsi aaaadmi yaaaar,1,hi-roman
sun aabe aaaalsi aaaadmi yaaaar hai,1,hi-roman
sun aabe aaaalsi aaaadmi yaaaar ho,1,hi-roman
sun aabe aaaalsi aaaadmi yaaaar hain,1,hi-roman
sun aabe aaaalsi aaaadmi yaaaar aadmi,1,hi-roman
sun aabe aaaalsi aaaadmi yaaaar insaan,1,hi-roman
sun aabe aaaalsi aaaadmi yaaaar yaar,1,hi-roman
sun aabe aaaalsi aaaadmi yaaaar bro,1,hi-roman
sun aabe aaaalsi aaaadmi yaaaar bhai,1,hi-roman
sun aabe aaaalsi aaaadmi yaaaar saale,1,hi-roman
dekh aabe aaaalsi aaaadmi yaaaar,1,hi-roman
dekh aabe aaaalsi aaaadmi yaaaar hai,1,hi-roman
dekh aabe aaaalsi aaaadmi yaaaar ho,1,hi-roman
dekh aabe aaaalsi aaaadmi yaaaar hain,1,hi-roman
dekh aabe aaaalsi aaaadmi yaaaar aadmi,1,hi-roman
dekh aabe aaaalsi aaaadmi yaaaar insaan,1,hi-roman
dekh aabe aaaalsi aaaadmi yaaaar yaar,1,hi-roman
dekh aabe aaaalsi aaaadmi yaaaar bro,1,hi-roman
dekh aabe aaaalsi aaaadmi yaaaar bhai,1,hi-roman
dekh aabe aaaalsi aaaadmi yaaaar saale,1,hi-roman
bhai aabe aaaalsi aaaadmi yaaaar,1,hi-roman
bhai aabe aaaalsi aaaadmi yaaaar hai,1,hi-roman
bhai aabe aaaalsi aaaadmi yaaaar ho,1,hi-roman
bhai aabe aaaalsi aaaadmi yaaaar hain,1,hi-roman
bhai aabe aaaalsi aaaadmi yaaaar aadmi,1,hi-roman
bhai aabe aaaalsi aaaadmi yaaaar insaan,1,hi-roman
bhai aabe aaaalsi aaaadmi yaaaar yaar,1,hi-roman
bhai aabe aaaalsi aaaadmi yaaaar bro,1,hi-roman
bhai aabe aaaalsi aaaadmi yaaaar bhai,1,hi-roman
bhai aabe aaaalsi aaaadmi yaaaar saale,1,hi-roman
saale aabe aaaalsi aaaadmi yaaaar,1,hi-roman
saale aabe aaaalsi aaaadmi yaaaar hai,1,hi-roman
saale aabe aaaalsi aaaadmi yaaaar ho,1,hi-roman
saale aabe aaaalsi aaaadmi yaaaar hain,1,hi-roman
saale aabe aaaalsi aaaadmi yaaaar aadmi,1,hi-roman
saale aabe aaaalsi aaaadmi yaaaar insaan,1,hi-roman
saale aabe aaaalsi aaaadmi yaaaar yaar,1,hi-roman
saale aabe aaaalsi aaaadmi yaaaar bro,1,hi-roman
saale aabe aaaalsi aaaadmi yaaaar bhai,1,hi-roman
saale aabe aaaalsi aaaadmi yaaaar saale,1,hi-roman
tu abe aalsee aadmee yaar hai,1,hi-roman
tu abe aalsee aadmee yaar ho,1,hi-roman
tu abe aalsee aadmee yaar hain,1,hi-roman
tu abe aalsee aadmee yaar aadmi,1,hi-roman
tu abe aalsee aadmee yaar insaan,1,hi-roman
tu abe aalsee aadmee yaar yaar,1,hi-roman
tu abe aalsee aadmee yaar bro,1,hi-roman
tu abe aalsee aadmee yaar bhai,1,hi-roman
tu abe aalsee aadmee yaar saale,1,hi-roman
tum abe aalsee aadmee yaar hai,1,hi-roman
tum abe aalsee aadmee yaar ho,1,hi-roman
tum abe aalsee aadmee yaar hain,1,hi-roman
tum abe aalsee aadmee yaar aadmi,1,hi-roman
tum abe aalsee aadmee yaar insaan,1,hi-roman
tum abe aalsee aadmee yaar yaar,1,hi-roman
tum abe aalsee aadmee yaar bro,1,hi-roman
tum abe aalsee aadmee yaar bhai,1,hi-roman
tum abe aalsee aadmee yaar saale,1,hi-roman
abe abe aalsee aadmee yaar hai,1,hi-roman
abe abe aalsee aadmee yaar ho,1,hi-roman
abe abe aalsee aadmee yaar hain,1,hi-roman
abe abe aalsee aadmee yaar aadmi,1,hi-roman
abe abe aalsee aadmee yaar insaan,1,hi-roman
abe abe aalsee aadmee yaar yaar,1,hi-roman
abe abe aalsee aadmee yaar bro,1,hi-roman
abe abe aalsee aadmee yaar bhai,1,hi-roman
abe abe aalsee aadmee yaar saale,1,hi-roman
oye abe aalsee aadmee yaar hai,1,hi-roman
oye abe aalsee aadmee yaar ho,1,hi-roman
oye abe aalsee aadmee yaar hain,1,hi-roman
oye abe aalsee aadmee yaar aadmi,1,hi-roman
oye abe aalsee aadmee yaar insaan,1,hi-roman
oye abe aalsee aadmee yaar yaar,1,hi-roman
oye abe aalsee aadmee yaar bro,1,hi-roman
oye abe aalsee aadmee yaar bhai,1,hi-roman
oye abe aalsee aadmee yaar saale,1,hi-roman
are abe aalsee aadmee yaar hai,1,hi-roman
are abe aalsee aadmee yaar ho,1,hi-roman
are abe aalsee aadmee yaar hain,1,hi-roman
are abe aalsee aadmee yaar aadmi,1,hi-roman
are abe aalsee aadmee yaar insaan,1,hi-roman
are abe aalsee aadmee yaar yaar,1,hi-roman
are abe aalsee aadmee yaar bro,1,hi-roman
are abe aalsee aadmee yaar bhai,1,hi-roman
are abe aalsee aadmee yaar saale,1,hi-roman
sun abe aalsee aadmee yaar hai,1,hi-roman
sun abe aalsee aadmee yaar ho,1,hi-roman
sun abe aalsee aadmee yaar hain,1,hi-roman
sun abe aalsee aadmee yaar aadmi,1,hi-roman
sun abe aalsee aadmee yaar insaan,1,hi-roman
sun abe aalsee aadmee yaar yaar,1,hi-roman
sun abe aalsee aadmee yaar bro,1,hi-roman
sun abe aalsee aadmee yaar bhai,1,hi-roman
sun abe aalsee aadmee yaar saale,1,hi-roman
dekh abe aalsee aadmee yaar hai,1,hi-roman
dekh abe aalsee aadmee yaar ho,1,hi-roman
dekh abe aalsee aadmee yaar hain,1,hi-roman
dekh abe aalsee aadmee yaar aadmi,1,hi-roman
dekh abe aalsee aadmee yaar insaan,1,hi-roman
dekh abe aalsee aadmee yaar yaar,1,hi-roman
dekh abe aalsee aadmee yaar bro,1,hi-roman
dekh abe aalsee aadmee yaar bhai,1,hi-roman
dekh abe aalsee aadmee yaar saale,1,hi-roman
bhai abe aalsee aadmee yaar hai,1,hi-roman
bhai abe aalsee aadmee yaar ho,1,hi-roman
bhai abe aalsee aadmee yaar hain,1,hi-roman
bhai abe aalsee aadmee yaar aadmi,1,hi-roman
bhai abe aalsee aadmee yaar insaan,1,hi-roman
bhai abe aalsee aadmee yaar yaar,1,hi-roman
bhai abe aalsee aadmee yaar bro,1,hi-roman
bhai abe aalsee aadmee yaar bhai,1,hi-roman
bhai abe aalsee aadmee yaar saale,1,hi-roman
saale abe aalsee aadmee yaar hai,1,hi-roman
saale abe aalsee aadmee yaar ho,1,hi-roman
saale abe aalsee aadmee yaar hain,1,hi-roman
saale abe aalsee aadmee yaar aadmi,1,hi-roman
saale abe aalsee aadmee yaar insaan,1,hi-roman
saale abe aalsee aadmee yaar yaar,1,hi-roman
saale abe aalsee aadmee yaar bro,1,hi-roman
saale abe aalsee aadmee yaar bhai,1,hi-roman
saale abe aalsee aadmee yaar saale,1,hi-roman
tu abe aalsee haee,1,hi-roman
tu abe aalsee haee hai,1,hi-roman
tu abe aalsee haee ho,1,hi-roman
tu abe aalsee haee hain,1,hi-roman
tu abe aalsee haee aadmi,1,hi-roman
tu abe aalsee haee insaan,1,hi-roman
tu abe aalsee haee yaar,1,hi-roman
tu abe aalsee haee bro,1,hi-roman
tu abe aalsee haee bhai,1,hi-roman
tu abe aalsee haee saale,1,hi-roman
tum abe aalsee haee,1,hi-roman
tum abe aalsee haee hai,1,hi-roman
tum abe aalsee haee ho,1,hi-roman
tum abe aalsee haee hain,1,hi-roman
tum abe aalsee haee aadmi,1,hi-roman
tum abe aalsee haee insaan,1,hi-roman
tum abe aalsee haee yaar,1,hi-roman
tum abe aalsee haee bro,1,hi-roman
tum abe aalsee haee bhai,1,hi-roman
tum abe aalsee haee saale,1,hi-roman
abe abe aalsee haee,1,hi-roman
abe abe aalsee haee hai,1,hi-roman
abe abe aalsee haee ho,1,hi-roman
abe abe aalsee haee hain,1,hi-roman
abe abe aalsee haee aadmi,1,hi-roman
abe abe aalsee haee insaan,1,hi-roman
abe abe aalsee haee yaar,1,hi-roman
abe abe aalsee haee bro,1,hi-roman
abe abe aalsee haee bhai,1,hi-roman
abe abe aalsee haee saale,1,hi-roman
oye abe aalsee haee,1,hi-roman
oye abe aalsee haee hai,1,hi-roman
oye abe aalsee haee ho,1,hi-roman
oye abe aalsee haee hain,1,hi-roman
oye abe aalsee haee aadmi,1,hi-roman
oye abe aalsee haee insaan,1,hi-roman
oye abe aalsee haee yaar,1,hi-roman
oye abe aalsee haee bro,1,hi-roman
oye abe aalsee haee bhai,1,hi-roman
oye abe aalsee haee saale,1,hi-roman
are abe aalsee haee,1,hi-roman
are abe aalsee haee hai,1,hi-roman
are abe aalsee haee ho,1,hi-roman
are abe aalsee haee hain,1,hi-roman
are abe aalsee haee aadmi,1,hi-roman
are abe aalsee haee insaan,1,hi-roman
are abe aalsee haee yaar,1,hi-roman
are abe aalsee haee bro,1,hi-roman
are abe aalsee haee bhai,1,hi-roman
are abe aalsee haee saale,1,hi-roman
sun abe aalsee haee,1,hi-roman
sun abe aalsee haee hai,1,hi-roman
sun abe aalsee haee ho,1,hi-roman
sun abe aalsee haee hain,1,hi-roman
sun abe aalsee haee aadmi,1,hi-roman
sun abe aalsee haee insaan,1,hi-roman
sun abe aalsee haee yaar,1,hi-roman
sun abe aalsee haee bro,1,hi-roman
sun abe aalsee haee bhai,1,hi-roman
sun abe aalsee haee saale,1,hi-roman
dekh abe aalsee haee,1,hi-roman
dekh abe aalsee haee hai,1,hi-roman
dekh abe aalsee haee ho,1,hi-roman
dekh abe aalsee haee hain,1,hi-roman
dekh abe aalsee haee aadmi,1,hi-roman
dekh abe aalsee haee insaan,1,hi-roman
dekh abe aalsee haee yaar,1,hi-roman
dekh abe aalsee haee bro,1,hi-roman
dekh abe aalsee haee bhai,1,hi-roman
dekh abe aalsee haee saale,1,hi-roman
bhai abe aalsee haee,1,hi-roman
bhai abe aalsee haee hai,1,hi-roman
bhai abe aalsee haee ho,1,hi-roman
bhai abe aalsee haee hain,1,hi-roman
bhai abe aalsee haee aadmi,1,hi-roman
bhai abe aalsee haee insaan,1,hi-roman
bhai abe aalsee haee yaar,1,hi-roman
bhai abe aalsee haee bro,1,hi-roman
bhai abe aalsee haee bhai,1,hi-roman
bhai abe aalsee haee saale,1,hi-roman
saale abe aalsee haee,1,hi-roman
saale abe aalsee haee hai,1,hi-roman
saale abe aalsee haee ho,1,hi-roman
saale abe aalsee haee hain,1,hi-roman
saale abe aalsee haee aadmi,1,hi-roman
saale abe aalsee haee insaan,1,hi-roman
saale abe aalsee haee yaar,1,hi-roman
saale abe aalsee haee bro,1,hi-roman
saale abe aalsee haee bhai,1,hi-roman
saale abe aalsee haee saale,1,hi-roman
tu abe aalsi hai hai,1,hi-roman
tu abe aalsi hai ho,1,hi-roman
tu abe aalsi hai hain,1,hi-roman
tu abe aalsi hai aadmi,1,hi-roman
tu abe aalsi hai insaan,1,hi-roman
tu abe aalsi hai yaar,1,hi-roman
tu abe aalsi hai bro,1,hi-roman
tu abe aalsi hai bhai,1,hi-roman
tu abe aalsi hai saale,1,hi-roman
tum abe aalsi hai hai,1,hi-roman
tum abe aalsi hai ho,1,hi-roman
tum abe aalsi hai hain,1,hi-roman
tum abe aalsi hai aadmi,1,hi-roman
tum abe aalsi hai insaan,1,hi-roman
tum abe aalsi hai yaar,1,hi-roman
tum abe aalsi hai bro,1,hi-roman
tum abe aalsi hai bhai,1,hi-roman
tum abe aalsi hai saale,1,hi-roman
abe abe aalsi hai hai,1,hi-roman
abe abe aalsi hai ho,1,hi-roman
abe abe aalsi hai hain,1,hi-roman
abe abe aalsi hai aadmi,1,hi-roman
abe abe aalsi hai insaan,1,hi-roman
abe abe aalsi hai yaar,1,hi-roman
abe abe aalsi hai bro,1,hi-roman
abe abe aalsi hai bhai,1,hi-roman
abe abe aalsi hai saale,1,hi-roman
oye abe aalsi hai hai,1,hi-roman
oye abe aalsi hai ho,1,hi-roman
oye abe aalsi hai hain,1,hi-roman
oye abe aalsi hai aadmi,1,hi-roman
oye abe aalsi hai insaan,1,hi-roman
oye abe aalsi hai yaar,1,hi-roman
oye abe aalsi hai bro,1,hi-roman
oye abe aalsi hai bhai,1,hi-roman
oye abe aalsi hai saale,1,hi-roman
are abe aalsi hai hai,1,hi-roman
are abe aalsi hai ho,1,hi-roman
are abe aalsi hai hain,1,hi-roman
are abe aalsi hai aadmi,1,hi-roman
are abe aalsi hai insaan,1,hi-roman
are abe aalsi hai yaar,1,hi-roman
are abe aalsi hai bro,1,hi-roman
are abe aalsi hai bhai,1,hi-roman
are abe aalsi hai saale,1,hi-roman
sun abe aalsi hai hai,1,hi-roman
sun abe aalsi hai ho,1,hi-roman
sun abe aalsi hai hain,1,hi-roman
sun abe aalsi hai aadmi,1,hi-roman
sun abe aalsi hai insaan,1,hi-roman
sun abe aalsi hai yaar,1,hi-roman
sun abe aalsi hai bro,1,hi-roman
sun abe aalsi hai bhai,1,hi-roman
sun abe aalsi hai saale,1,hi-roman
dekh abe aalsi hai hai,1,hi-roman
dekh abe aalsi hai ho,1,hi-roman
dekh abe aalsi hai hain,1,hi-roman
dekh abe aalsi hai aadmi,1,hi-roman
dekh abe aalsi hai insaan,1,hi-roman
dekh abe aalsi hai yaar,1,hi-roman
dekh abe aalsi hai bro,1,hi-roman
dekh abe aalsi hai bhai,1,hi-roman
dekh abe aalsi hai saale,1,hi-roman
bhai abe aalsi hai hai,1,hi-roman
bhai abe aalsi hai ho,1,hi-roman
bhai abe aalsi hai hain,1,hi-roman
bhai abe aalsi hai aadmi,1,hi-roman
bhai abe aalsi hai insaan,1,hi-roman
bhai abe aalsi hai yaar,1,hi-roman
bhai abe aalsi hai bro,1,hi-roman
bhai abe aalsi hai bhai,1,hi-roman
bhai abe aalsi hai saale,1,hi-roman
saale abe aalsi hai hai,1,hi-roman
saale abe aalsi hai ho,1,hi-roman
saale abe aalsi hai hain,1,hi-roman
saale abe aalsi hai aadmi,1,hi-roman
saale abe aalsi hai insaan,1,hi-roman
saale abe aalsi hai yaar,1,hi-roman
saale abe aalsi hai bro,1,hi-roman
saale abe aalsi hai bhai,1,hi-roman
saale abe aalsi hai saale,1,hi-roman
aabe aaaalsi haai,1,hi-roman
aabe aaaalsi haai hai,1,hi-roman
aabe aaaalsi haai ho,1,hi-roman
aabe aaaalsi haai hain,1,hi-roman
aabe aaaalsi haai aadmi,1,hi-roman
aabe aaaalsi haai insaan,1,hi-roman
aabe aaaalsi haai yaar,1,hi-roman
aabe aaaalsi haai bro,1,hi-roman
aabe aaaalsi haai bhai,1,hi-roman
aabe aaaalsi haai saale,1,hi-roman
tu aabe aaaalsi haai,1,hi-roman
tu aabe aaaalsi haai hai,1,hi-roman
tu aabe aaaalsi haai ho,1,hi-roman
tu aabe aaaalsi haai hain,1,hi-roman
tu aabe aaaalsi haai aadmi,1,hi-roman
tu aabe aaaalsi haai insaan,1,hi-roman
tu aabe aaaalsi haai yaar,1,hi-roman
tu aabe aaaalsi haai bro,1,hi-roman
tu aabe aaaalsi haai bhai,1,hi-roman
tu aabe aaaalsi haai saale,1,hi-roman
tum aabe aaaalsi haai,1,hi-roman
tum aabe aaaalsi haai hai,1,hi-roman
tum aabe aaaalsi haai ho,1,hi-roman
tum aabe aaaalsi haai hain,1,hi-roman
tum aabe aaaalsi haai aadmi,1,hi-roman
tum aabe aaaalsi haai insaan,1,hi-roman
tum aabe aaaalsi haai yaar,1,hi-roman
tum aabe aaaalsi haai bro,1,hi-roman
tum aabe aaaalsi haai bhai,1,hi-roman
tum aabe aaaalsi haai saale,1,hi-roman
abe aabe aaaalsi haai,1,hi-roman
abe aabe aaaalsi haai hai,1,hi-roman
abe aabe aaaalsi haai ho,1,hi-roman
abe aabe aaaalsi haai hain,1,hi-roman
abe aabe aaaalsi haai aadmi,1,hi-roman
abe aabe aaaalsi haai insaan,1,hi-roman
abe aabe aaaalsi haai yaar,1,hi-roman
abe aabe aaaalsi haai bro,1,hi-roman
abe aabe aaaalsi haai bhai,1,hi-roman
abe aabe aaaalsi haai saale,1,hi-roman
oye aabe aaaalsi haai,1,hi-roman
oye aabe aaaalsi haai hai,1,hi-roman
oye aabe aaaalsi haai ho,1,hi-roman
oye aabe aaaalsi haai hain,1,hi-roman
oye aabe aaaalsi haai aadmi,1,hi-roman
oye aabe aaaalsi haai insaan,1,hi-roman
oye aabe aaaalsi haai yaar,1,hi-roman
oye aabe aaaalsi haai bro,1,hi-roman
oye aabe aaaalsi haai bhai,1,hi-roman
oye aabe aaaalsi haai saale,1,hi-roman
are aabe aaaalsi haai,1,hi-roman
are aabe aaaalsi haai hai,1,hi-roman
are aabe aaaalsi haai ho,1,hi-roman
are aabe aaaalsi haai hain,1,hi-roman
are aabe aaaalsi haai aadmi,1,hi-roman
are aabe aaaalsi haai insaan,1,hi-roman
are aabe aaaalsi haai yaar,1,hi-roman
are aabe aaaalsi haai bro,1,hi-roman
are aabe aaaalsi haai bhai,1,hi-roman
are aabe aaaalsi haai saale,1,hi-roman
sun aabe aaaalsi haai,1,hi-roman
sun aabe aaaalsi haai hai,1,hi-roman
sun aabe aaaalsi haai ho,1,hi-roman
sun aabe aaaalsi haai hain,1,hi-roman
sun aabe aaaalsi haai aadmi,1,hi-roman
sun aabe aaaalsi haai insaan,1,hi-roman
sun aabe aaaalsi haai yaar,1,hi-roman
sun aabe aaaalsi haai bro,1,hi-roman
sun aabe aaaalsi haai bhai,1,hi-roman
sun aabe aaaalsi haai saale,1,hi-roman
dekh aabe aaaalsi haai,1,hi-roman
dekh aabe aaaalsi haai hai,1,hi-roman
dekh aabe aaaalsi haai ho,1,hi-roman
dekh aabe aaaalsi haai hain,1,hi-roman
dekh aabe aaaalsi haai aadmi,1,hi-roman
dekh aabe aaaalsi haai insaan,1,hi-roman
dekh aabe aaaalsi haai yaar,1,hi-roman
dekh aabe aaaalsi haai bro,1,hi-roman
dekh aabe aaaalsi haai bhai,1,hi-roman
dekh aabe aaaalsi haai saale,1,hi-roman
bhai aabe aaaalsi haai,1,hi-roman
bhai aabe aaaalsi haai hai,1,hi-roman
bhai aabe aaaalsi haai ho,1,hi-roman
bhai aabe aaaalsi haai hain,1,hi-roman
bhai aabe aaaalsi haai aadmi,1,hi-roman
bhai aabe aaaalsi haai insaan,1,hi-roman
bhai aabe aaaalsi haai yaar,1,hi-roman
bhai aabe aaaalsi haai bro,1,hi-roman
bhai aabe aaaalsi haai bhai,1,hi-roman
bhai aabe aaaalsi haai saale,1,hi-roman
saale aabe aaaalsi haai,1,hi-roman
saale aabe aaaalsi haai hai,1,hi-roman
saale aabe aaaalsi haai ho,1,hi-roman
saale aabe aaaalsi haai hain,1,hi-roman
saale aabe aaaalsi haai aadmi,1,hi-roman
saale aabe aaaalsi haai insaan,1,hi-roman
saale aabe aaaalsi haai yaar,1,hi-roman
saale aabe aaaalsi haai bro,1,hi-roman
saale aabe aaaalsi haai bhai,1,hi-roman
saale aabe aaaalsi haai saale,1,hi-roman
tu abe alsi hai hai,1,hi-roman
tu abe alsi hai ho,1,hi-roman
tu abe alsi hai hain,1,hi-roman
tu abe alsi hai aadmi,1,hi-roman
tu abe alsi hai insaan,1,hi-roman
tu abe alsi hai yaar,1,hi-roman
tu abe alsi hai bro,1,hi-roman
tu abe alsi hai bhai,1,hi-roman
tu abe alsi hai saale,1,hi-roman
tum abe alsi hai hai,1,hi-roman
tum abe alsi hai ho,1,hi-roman
tum abe alsi hai hain,1,hi-roman
tum abe alsi hai aadmi,1,hi-roman
tum abe alsi hai insaan,1,hi-roman
tum abe alsi hai yaar,1,hi-roman
tum abe alsi hai bro,1,hi-roman
tum abe alsi hai bhai,1,hi-roman
tum abe alsi hai saale,1,hi-roman
abe abe alsi hai hai,1,hi-roman
abe abe alsi hai ho,1,hi-roman
abe abe alsi hai hain,1,hi-roman
abe abe alsi hai aadmi,1,hi-roman
abe abe alsi hai insaan,1,hi-roman
abe abe alsi hai yaar,1,hi-roman
abe abe alsi hai bro,1,hi-roman
abe abe alsi hai bhai,1,hi-roman
abe abe alsi hai saale,1,hi-roman
oye abe alsi hai hai,1,hi-roman
oye abe alsi hai ho,1,hi-roman
oye abe alsi hai hain,1,hi-roman
oye abe alsi hai aadmi,1,hi-roman
oye abe alsi hai insaan,1,hi-roman
oye abe alsi hai yaar,1,hi-roman
oye abe alsi hai bro,1,hi-roman
oye abe alsi hai bhai,1,hi-roman
oye abe alsi hai saale,1,hi-roman
are abe alsi hai hai,1,hi-roman
are abe alsi hai ho,1,hi-roman
are abe alsi hai hain,1,hi-roman
are abe alsi hai aadmi,1,hi-roman
are abe alsi hai insaan,1,hi-roman
are abe alsi hai yaar,1,hi-roman
are abe alsi hai bro,1,hi-roman
are abe alsi hai bhai,1,hi-roman
are abe alsi hai saale,1,hi-roman
sun abe alsi hai hai,1,hi-roman
sun abe alsi hai ho,1,hi-roman
sun abe alsi hai hain,1,hi-roman
sun abe alsi hai aadmi,1,hi-roman
sun abe alsi hai insaan,1,hi-roman
sun abe alsi hai yaar,1,hi-roman
sun abe alsi hai bro,1,hi-roman
sun abe alsi hai bhai,1,hi-roman
sun abe alsi hai saale,1,hi-roman
dekh abe alsi hai hai,1,hi-roman
dekh abe alsi hai ho,1,hi-roman
dekh abe alsi hai hain,1,hi-roman
dekh abe alsi hai aadmi,1,hi-roman
dekh abe alsi hai insaan,1,hi-roman
dekh abe alsi hai yaar,1,hi-roman
dekh abe alsi hai bro,1,hi-roman
dekh abe alsi hai bhai,1,hi-roman
dekh abe alsi hai saale,1,hi-roman
bhai abe alsi hai hai,1,hi-roman
bhai abe alsi hai ho,1,hi-roman
bhai abe alsi hai hain,1,hi-roman
bhai abe alsi hai aadmi,1,hi-roman
bhai abe alsi hai insaan,1,hi-roman
bhai abe alsi hai yaar,1,hi-roman
bhai abe alsi hai bro,1,hi-roman
bhai abe alsi hai bhai,1,hi-roman
bhai abe alsi hai saale,1,hi-roman
saale abe alsi hai hai,1,hi-roman
saale abe alsi hai ho,1,hi-roman
saale abe alsi hai hain,1,hi-roman
saale abe alsi hai aadmi,1,hi-roman
saale abe alsi hai insaan,1,hi-roman
saale abe alsi hai yaar,1,hi-roman
saale abe alsi hai bro,1,hi-roman
saale abe alsi hai bhai,1,hi-roman
saale abe alsi hai saale,1,hi-roman
aabe aaaalsi haain,1,hi-roman
aabe aaaalsi haain hai,1,hi-roman
aabe aaaalsi haain ho,1,hi-roman
aabe aaaalsi haain hain,1,hi-roman
aabe aaaalsi haain aadmi,1,hi-roman
aabe aaaalsi haain insaan,1,hi-roman
aabe aaaalsi haain yaar,1,hi-roman
aabe aaaalsi haain bro,1,hi-roman
aabe aaaalsi haain bhai,1,hi-roman
aabe aaaalsi haain saale,1,hi-roman
tu aabe aaaalsi haain,1,hi-roman
tu aabe aaaalsi haain hai,1,hi-roman
tu aabe aaaalsi haain ho,1,hi-roman
tu aabe aaaalsi haain hain,1,hi-roman
tu aabe aaaalsi haain aadmi,1,hi-roman
tu aabe aaaalsi haain insaan,1,hi-roman
tu aabe aaaalsi haain yaar,1,hi-roman
tu aabe aaaalsi haain bro,1,hi-roman
tu aabe aaaalsi haain bhai,1,hi-roman
tu aabe aaaalsi haain saale,1,hi-roman
tum aabe aaaalsi haain,1,hi-roman
tum aabe aaaalsi haain hai,1,hi-roman
tum aabe aaaalsi haain ho,1,hi-roman
tum aabe aaaalsi haain hain,1,hi-roman
tum aabe aaaalsi haain aadmi,1,hi-roman
tum aabe aaaalsi haain insaan,1,hi-roman
tum aabe aaaalsi haain yaar,1,hi-roman
tum aabe aaaalsi haain bro,1,hi-roman
tum aabe aaaalsi haain bhai,1,hi-roman
tum aabe aaaalsi haain saale,1,hi-roman
abe aabe aaaalsi haain,1,hi-roman
abe aabe aaaalsi haain hai,1,hi-roman
abe aabe aaaalsi haain ho,1,hi-roman
abe aabe aaaalsi haain hain,1,hi-roman
abe aabe aaaalsi haain aadmi,1,hi-roman
abe aabe aaaalsi haain insaan,1,hi-roman
abe aabe aaaalsi haain yaar,1,hi-roman
abe aabe aaaalsi haain bro,1,hi-roman
abe aabe aaaalsi haain bhai,1,hi-roman
abe aabe aaaalsi haain saale,1,hi-roman
oye aabe aaaalsi haain,1,hi-roman
oye aabe aaaalsi haain hai,1,hi-roman
oye aabe aaaalsi haain ho,1,hi-roman
oye aabe aaaalsi haain hain,1,hi-roman
oye aabe aaaalsi haain aadmi,1,hi-roman
oye aabe aaaalsi haain insaan,1,hi-roman
oye aabe aaaalsi haain yaar,1,hi-roman
oye aabe aaaalsi haain bro,1,hi-roman
oye aabe aaaalsi haain bhai,1,hi-roman
oye aabe aaaalsi haain saale,1,hi-roman
are aabe aaaalsi haain,1,hi-roman
are aabe aaaalsi haain hai,1,hi-roman
are aabe aaaalsi haain ho,1,hi-roman
are aabe aaaalsi haain hain,1,hi-roman
are aabe aaaalsi haain aadmi,1,hi-roman
are aabe aaaalsi haain insaan,1,hi-roman
are aabe aaaalsi haain yaar,1,hi-roman
are aabe aaaalsi haain bro,1,hi-roman
are aabe aaaalsi haain bhai,1,hi-roman
are aabe aaaalsi haain saale,1,hi-roman
sun aabe aaaalsi haain,1,hi-roman
sun aabe aaaalsi haain hai,1,hi-roman
sun aabe aaaalsi haain ho,1,hi-roman
sun aabe aaaalsi haain hain,1,hi-roman
sun aabe aaaalsi haain aadmi,1,hi-roman
sun aabe aaaalsi haain insaan,1,hi-roman
sun aabe aaaalsi haain yaar,1,hi-roman
sun aabe aaaalsi haain bro,1,hi-roman
sun aabe aaaalsi haain bhai,1,hi-roman
sun aabe aaaalsi haain saale,1,hi-roman
dekh aabe aaaalsi haain,1,hi-roman
dekh aabe aaaalsi haain hai,1,hi-roman
dekh aabe aaaalsi haain ho,1,hi-roman
dekh aabe aaaalsi haain hain,1,hi-roman
dekh aabe aaaalsi haain aadmi,1,hi-roman
dekh aabe aaaalsi haain insaan,1,hi-roman
dekh aabe aaaalsi haain yaar,1,hi-roman
dekh aabe aaaalsi haain bro,1,hi-roman
dekh aabe aaaalsi haain bhai,1,hi-roman
dekh aabe aaaalsi haain saale,1,hi-roman
bhai aabe aaaalsi haain,1,hi-roman
bhai aabe aaaalsi haain hai,1,hi-roman
bhai aabe aaaalsi haain ho,1,hi-roman
bhai aabe aaaalsi haain hain,1,hi-roman
bhai aabe aaaalsi haain aadmi,1,hi-roman
bhai aabe aaaalsi haain insaan,1,hi-roman
bhai aabe aaaalsi haain yaar,1,hi-roman
bhai aabe aaaalsi haain bro,1,hi-roman
bhai aabe aaaalsi haain bhai,1,hi-roman
bhai aabe aaaalsi haain saale,1,hi-roman
saale aabe aaaalsi haain,1,hi-roman
saale aabe aaaalsi haain hai,1,hi-roman
saale aabe aaaalsi haain ho,1,hi-roman
saale aabe aaaalsi haain hain,1,hi-roman
saale aabe aaaalsi haain aadmi,1,hi-roman
saale aabe aaaalsi haain insaan,1,hi-roman
saale aabe aaaalsi haain yaar,1,hi-roman
saale aabe aaaalsi haain bro,1,hi-roman
saale aabe aaaalsi haain bhai,1,hi-roman
saale aabe aaaalsi haain saale,1,hi-roman
tu abe alsi hain hai,1,hi-roman
tu abe alsi hain ho,1,hi-roman
tu abe alsi hain hain,1,hi-roman
tu abe alsi hain aadmi,1,hi-roman
tu abe alsi hain insaan,1,hi-roman
tu abe alsi hain yaar,1,hi-roman
tu abe alsi hain bro,1,hi-roman
tu abe alsi hain bhai,1,hi-roman
tu abe alsi hain saale,1,hi-roman
tum abe alsi hain hai,1,hi-roman
tum abe alsi hain ho,1,hi-roman
tum abe alsi hain hain,1,hi-roman
tum abe alsi hain aadmi,1,hi-roman
tum abe alsi hain insaan,1,hi-roman
tum abe alsi hain yaar,1,hi-roman
tum abe alsi hain bro,1,hi-roman
tum abe alsi hain bhai,1,hi-roman
tum abe alsi hain saale,1,hi-roman
abe abe alsi hain hai,1,hi-roman
abe abe alsi hain ho,1,hi-roman
abe abe alsi hain hain,1,hi-roman
abe abe alsi hain aadmi,1,hi-roman
abe abe alsi hain insaan,1,hi-roman
abe abe alsi hain yaar,1,hi-roman
abe abe alsi hain bro,1,hi-roman
abe abe alsi hain bhai,1,hi-roman
abe abe alsi hain saale,1,hi-roman
oye abe alsi hain hai,1,hi-roman
oye abe alsi hain ho,1,hi-roman
oye abe alsi hain hain,1,hi-roman
oye abe alsi hain aadmi,1,hi-roman
oye abe alsi hain insaan,1,hi-roman
oye abe alsi hain yaar,1,hi-roman
oye abe alsi hain bro,1,hi-roman
oye abe alsi hain bhai,1,hi-roman
oye abe alsi hain saale,1,hi-roman
are abe alsi hain hai,1,hi-roman
are abe alsi hain ho,1,hi-roman
are abe alsi hain hain,1,hi-roman
are abe alsi hain aadmi,1,hi-roman
are abe alsi hain insaan,1,hi-roman
are abe alsi hain yaar,1,hi-roman
are abe alsi hain bro,1,hi-roman
are abe alsi hain bhai,1,hi-roman
are abe alsi hain saale,1,hi-roman
sun abe alsi hain hai,1,hi-roman
sun abe alsi hain ho,1,hi-roman
sun abe alsi hain hain,1,hi-roman
sun abe alsi hain aadmi,1,hi-roman
sun abe alsi hain insaan,1,hi-roman
sun abe alsi hain yaar,1,hi-roman
sun abe alsi hain bro,1,hi-roman
sun abe alsi hain bhai,1,hi-roman
sun abe alsi hain saale,1,hi-roman
dekh abe alsi hain hai,1,hi-roman
dekh abe alsi hain ho,1,hi-roman
dekh abe alsi hain hain,1,hi-roman
dekh abe alsi hain aadmi,1,hi-roman
dekh abe alsi hain insaan,1,hi-roman
dekh abe alsi hain yaar,1,hi-roman
dekh abe alsi hain bro,1,hi-roman
dekh abe alsi hain bhai,1,hi-roman
dekh abe alsi hain saale,1,hi-roman
bhai abe alsi hain hai,1,hi-roman
bhai abe alsi hain ho,1,hi-roman
bhai abe alsi hain hain,1,hi-roman
bhai abe alsi hain aadmi,1,hi-roman
bhai abe alsi hain insaan,1,hi-roman
bhai abe alsi hain yaar,1,hi-roman
bhai abe alsi hain bro,1,hi-roman
bhai abe alsi hain bhai,1,hi-roman
bhai abe alsi hain saale,1,hi-roman
saale abe alsi hain hai,1,hi-roman
saale abe alsi hain ho,1,hi-roman
saale abe alsi hain hain,1,hi-roman
saale abe alsi hain aadmi,1,hi-roman
saale abe alsi hain insaan,1,hi-roman
saale abe alsi hain yaar,1,hi-roman
saale abe alsi hain bro,1,hi-roman
saale abe alsi hain bhai,1,hi-roman
saale abe alsi hain saale,1,hi-roman
tu abe aalsee haeen,1,hi-roman
tu abe aalsee haeen hai,1,hi-roman
tu abe aalsee haeen ho,1,hi-roman
tu abe aalsee haeen hain,1,hi-roman
tu abe aalsee haeen aadmi,1,hi-roman
tu abe aalsee haeen insaan,1,hi-roman
tu abe aalsee haeen yaar,1,hi-roman
tu abe aalsee haeen bro,1,hi-roman
tu abe aalsee haeen bhai,1,hi-roman
tu abe aalsee haeen saale,1,hi-roman
tum abe aalsee haeen,1,hi-roman
tum abe aalsee haeen hai,1,hi-roman
tum abe aalsee haeen ho,1,hi-roman
tum abe aalsee haeen hain,1,hi-roman
tum abe aalsee haeen aadmi,1,hi-roman
tum abe aalsee haeen insaan,1,hi-roman
tum abe aalsee haeen yaar,1,hi-roman
tum abe aalsee haeen bro,1,hi-roman
tum abe aalsee haeen bhai,1,hi-roman
tum abe aalsee haeen saale,1,hi-roman
abe abe aalsee haeen,1,hi-roman
abe abe aalsee haeen hai,1,hi-roman
abe abe aalsee haeen ho,1,hi-roman
abe abe aalsee haeen hain,1,hi-roman
abe abe aalsee haeen aadmi,1,hi-roman
abe abe aalsee haeen insaan,1,hi-roman
abe abe aalsee haeen yaar,1,hi-roman
abe abe aalsee haeen bro,1,hi-roman
abe abe aalsee haeen bhai,1,hi-roman
abe abe aalsee haeen saale,1,hi-roman
oye abe aalsee haeen,1,hi-roman
oye abe aalsee haeen hai,1,hi-roman
oye abe aalsee haeen ho,1,hi-roman
oye abe aalsee haeen hain,1,hi-roman
oye abe aalsee haeen aadmi,1,hi-roman
oye abe aalsee haeen insaan,1,hi-roman
oye abe aalsee haeen yaar,1,hi-roman
oye abe aalsee haeen bro,1,hi-roman
oye abe aalsee haeen bhai,1,hi-roman
oye abe aalsee haeen saale,1,hi-roman
are abe aalsee haeen,1,hi-roman
are abe aalsee haeen hai,1,hi-roman
are abe aalsee haeen ho,1,hi-roman
are abe aalsee haeen hain,1,hi-roman
are abe aalsee haeen aadmi,1,hi-roman
are abe aalsee haeen insaan,1,hi-roman
are abe aalsee haeen yaar,1,hi-roman
are abe aalsee haeen bro,1,hi-roman
are abe aalsee haeen bhai,1,hi-roman
are abe aalsee haeen saale,1,hi-roman
sun abe aalsee haeen,1,hi-roman
sun abe aalsee haeen hai,1,hi-roman
sun abe aalsee haeen ho,1,hi-roman
sun abe aalsee haeen hain,1,hi-roman
sun abe aalsee haeen aadmi,1,hi-roman
sun abe aalsee haeen insaan,1,hi-roman
sun abe aalsee haeen yaar,1,hi-roman
sun abe aalsee haeen bro,1,hi-roman
sun abe aalsee haeen bhai,1,hi-roman
sun abe aalsee haeen saale,1,hi-roman
dekh abe aalsee haeen,1,hi-roman
dekh abe aalsee haeen hai,1,hi-roman
dekh abe aalsee haeen ho,1,hi-roman
dekh abe aalsee haeen hain,1,hi-roman
dekh abe aalsee haeen aadmi,1,hi-roman
dekh abe aalsee haeen insaan,1,hi-roman
dekh abe aalsee haeen yaar,1,hi-roman
dekh abe aalsee haeen bro,1,hi-roman
dekh abe aalsee haeen bhai,1,hi-roman
dekh abe aalsee haeen saale,1,hi-roman
bhai abe aalsee haeen,1,hi-roman
bhai abe aalsee haeen hai,1,hi-roman
bhai abe aalsee haeen ho,1,hi-roman
bhai abe aalsee haeen hain,1,hi-roman
bhai abe aalsee haeen aadmi,1,hi-roman
bhai abe aalsee haeen insaan,1,hi-roman
bhai abe aalsee haeen yaar,1,hi-roman
bhai abe aalsee haeen bro,1,hi-roman
bhai abe aalsee haeen bhai,1,hi-roman
bhai abe aalsee haeen saale,1,hi-roman
saale abe aalsee haeen,1,hi-roman
saale abe aalsee haeen hai,1,hi-roman
saale abe aalsee haeen ho,1,hi-roman
saale abe aalsee haeen hain,1,hi-roman
saale abe aalsee haeen aadmi,1,hi-roman
saale abe aalsee haeen insaan,1,hi-roman
saale abe aalsee haeen yaar,1,hi-roman
saale abe aalsee haeen bro,1,hi-roman
saale abe aalsee haeen bhai,1,hi-roman
saale abe aalsee haeen saale,1,hi-roman
tu abe aalsi hain hai,1,hi-roman
tu abe aalsi hain ho,1,hi-roman
tu abe aalsi hain hain,1,hi-roman
tu abe aalsi hain aadmi,1,hi-roman
tu abe aalsi hain insaan,1,hi-roman
tu abe aalsi hain yaar,1,hi-roman
tu abe aalsi hain bro,1,hi-roman
tu abe aalsi hain bhai,1,hi-roman
tu abe aalsi hain saale,1,hi-roman
tum abe aalsi hain hai,1,hi-roman
tum abe aalsi hain ho,1,hi-roman
tum abe aalsi hain hain,1,hi-roman
tum abe aalsi hain aadmi,1,hi-roman
tum abe aalsi hain insaan,1,hi-roman
tum abe aalsi hain yaar,1,hi-roman
tum abe aalsi hain bro,1,hi-roman
tum abe aalsi hain bhai,1,hi-roman
tum abe aalsi hain saale,1,hi-roman
abe abe aalsi hain hai,1,hi-roman
abe abe aalsi hain ho,1,hi-roman
abe abe aalsi hain hain,1,hi-roman
abe abe aalsi hain aadmi,1,hi-roman
abe abe aalsi hain insaan,1,hi-roman
abe abe aalsi hain yaar,1,hi-roman
abe abe aalsi hain bro,1,hi-roman
abe abe aalsi hain bhai,1,hi-roman
abe abe aalsi hain saale,1,hi-roman
oye abe aalsi hain hai,1,hi-roman
oye abe aalsi hain ho,1,hi-roman
oye abe aalsi hain hain,1,hi-roman
oye abe aalsi hain aadmi,1,hi-roman
oye abe aalsi hain insaan,1,hi-roman
oye abe aalsi hain yaar,1,hi-roman
oye abe aalsi hain bro,1,hi-roman
oye abe aalsi hain bhai,1,hi-roman
oye abe aalsi hain saale,1,hi-roman
are abe aalsi hain hai,1,hi-roman
are abe aalsi hain ho,1,hi-roman
are abe aalsi hain hain,1,hi-roman
are abe aalsi hain aadmi,1,hi-roman
are abe aalsi hain insaan,1,hi-roman
are abe aalsi hain yaar,1,hi-roman
are abe aalsi hain bro,1,hi-roman
are abe aalsi hain bhai,1,hi-roman
are abe aalsi hain saale,1,hi-roman
sun abe aalsi hain hai,1,hi-roman
sun abe aalsi hain ho,1,hi-roman
sun abe aalsi hain hain,1,hi-roman
sun abe aalsi hain aadmi,1,hi-roman
sun abe aalsi hain insaan,1,hi-roman
sun abe aalsi hain yaar,1,hi-roman
sun abe aalsi hain bro,1,hi-roman
sun abe aalsi hain bhai,1,hi-roman
sun abe aalsi hain saale,1,hi-roman
dekh abe aalsi hain hai,1,hi-roman
dekh abe aalsi hain ho,1,hi-roman
dekh abe aalsi hain hain,1,hi-roman
dekh abe aalsi hain aadmi,1,hi-roman
dekh abe aalsi hain insaan,1,hi-roman
dekh abe aalsi hain yaar,1,hi-roman
dekh abe aalsi hain bro,1,hi-roman
dekh abe aalsi hain bhai,1,hi-roman
dekh abe aalsi hain saale,1,hi-roman
bhai abe aalsi hain hai,1,hi-roman
bhai abe aalsi hain ho,1,hi-roman
bhai abe aalsi hain hain,1,hi-roman
bhai abe aalsi hain aadmi,1,hi-roman
bhai abe aalsi hain insaan,1,hi-roman
bhai abe aalsi hain yaar,1,hi-roman
bhai abe aalsi hain bro,1,hi-roman
bhai abe aalsi hain bhai,1,hi-roman
bhai abe aalsi hain saale,1,hi-roman
saale abe aalsi hain hai,1,hi-roman
saale abe aalsi hain ho,1,hi-roman
saale abe aalsi hain hain,1,hi-roman
saale abe aalsi hain aadmi,1,hi-roman
saale abe aalsi hain insaan,1,hi-roman
saale abe aalsi hain yaar,1,hi-roman
saale abe aalsi hain bro,1,hi-roman
saale abe aalsi hain bhai,1,hi-roman
saale abe aalsi hain saale,1,hi-roman
tu abe aalsee ho hai,1,hi-roman
tu abe aalsee ho ho,1,hi-roman
tu abe aalsee ho hain,1,hi-roman
tu abe aalsee ho aadmi,1,hi-roman
tu abe aalsee ho insaan,1,hi-roman
tu abe aalsee ho yaar,1,hi-roman
tu abe aalsee ho bro,1,hi-roman
tu abe aalsee ho bhai,1,hi-roman
tu abe aalsee ho saale,1,hi-roman
tum abe aalsee ho hai,1,hi-roman
tum abe aalsee ho ho,1,hi-roman
tum abe aalsee ho hain,1,hi-roman
tum abe aalsee ho aadmi,1,hi-roman
tum abe aalsee ho insaan,1,hi-roman
tum abe aalsee ho yaar,1,hi-roman
tum abe aalsee ho bro,1,hi-roman
tum abe aalsee ho bhai,1,hi-roman
tum abe aalsee ho saale,1,hi-roman
abe abe aalsee ho hai,1,hi-roman
abe abe aalsee ho ho,1,hi-roman
abe abe aalsee ho hain,1,hi-roman
abe abe aalsee ho aadmi,1,hi-roman
abe abe aalsee ho insaan,1,hi-roman
abe abe aalsee ho yaar,1,hi-roman
abe abe aalsee ho bro,1,hi-roman
abe abe aalsee ho bhai,1,hi-roman
abe abe aalsee ho saale,1,hi-roman
oye abe aalsee ho hai,1,hi-roman
oye abe aalsee ho ho,1,hi-roman
oye abe aalsee ho hain,1,hi-roman
oye abe aalsee ho aadmi,1,hi-roman
oye abe aalsee ho insaan,1,hi-roman
oye abe aalsee ho yaar,1,hi-roman
oye abe aalsee ho bro,1,hi-roman
oye abe aalsee ho bhai,1,hi-roman
oye abe aalsee ho saale,1,hi-roman
are abe aalsee ho hai,1,hi-roman
are abe aalsee ho ho,1,hi-roman
are abe aalsee ho hain,1,hi-roman
are abe aalsee ho aadmi,1,hi-roman
are abe aalsee ho insaan,1,hi-roman
are abe aalsee ho yaar,1,hi-roman
are abe aalsee ho bro,1,hi-roman
are abe aalsee ho bhai,1,hi-roman
are abe aalsee ho saale,1,hi-roman
sun abe aalsee ho hai,1,hi-roman
sun abe aalsee ho ho,1,hi-roman
sun abe aalsee ho hain,1,hi-roman
sun abe aalsee ho aadmi,1,hi-roman
sun abe aalsee ho insaan,1,hi-roman
sun abe aalsee ho yaar,1,hi-roman
sun abe aalsee ho bro,1,hi-roman
sun abe aalsee ho bhai,1,hi-roman
sun abe aalsee ho saale,1,hi-roman
dekh abe aalsee ho hai,1,hi-roman
dekh abe aalsee ho ho,1,hi-roman
dekh abe aalsee ho hain,1,hi-roman
dekh abe aalsee ho aadmi,1,hi-roman
dekh abe aalsee ho insaan,1,hi-roman
dekh abe aalsee ho yaar,1,hi-roman
dekh abe aalsee ho bro,1,hi-roman
dekh abe aalsee ho bhai,1,hi-roman
dekh abe aalsee ho saale,1,hi-roman
bhai abe aalsee ho hai,1,hi-roman
bhai abe aalsee ho ho,1,hi-roman
bhai abe aalsee ho hain,1,hi-roman
bhai abe aalsee ho aadmi,1,hi-roman
bhai abe aalsee ho insaan,1,hi-roman
bhai abe aalsee ho yaar,1,hi-roman
bhai abe aalsee ho bro,1,hi-roman
bhai abe aalsee ho bhai,1,hi-roman
bhai abe aalsee ho saale,1,hi-roman
saale abe aalsee ho hai,1,hi-roman
saale abe aalsee ho ho,1,hi-roman
saale abe aalsee ho hain,1,hi-roman
saale abe aalsee ho aadmi,1,hi-roman
saale abe aalsee ho insaan,1,hi-roman
saale abe aalsee ho yaar,1,hi-roman
saale abe aalsee ho bro,1,hi-roman
saale abe aalsee ho bhai,1,hi-roman
saale abe aalsee ho saale,1,hi-roman
aabe aaaalsi ho hai,1,hi-roman
aabe aaaalsi ho ho,1,hi-roman
aabe aaaalsi ho hain,1,hi-roman
aabe aaaalsi ho aadmi,1,hi-roman
aabe aaaalsi ho insaan,1,hi-roman
aabe aaaalsi ho yaar,1,hi-roman
aabe aaaalsi ho bro,1,hi-roman
aabe aaaalsi ho bhai,1,hi-roman
aabe aaaalsi ho saale,1,hi-roman
tu aabe aaaalsi ho hai,1,hi-roman
tu aabe aaaalsi ho ho,1,hi-roman
tu aabe aaaalsi ho hain,1,hi-roman
tu aabe aaaalsi ho aadmi,1,hi-roman
tu aabe aaaalsi ho insaan,1,hi-roman
tu aabe aaaalsi ho yaar,1,hi-roman
tu aabe aaaalsi ho bro,1,hi-roman
tu aabe aaaalsi ho bhai,1,hi-roman
tu aabe aaaalsi ho saale,1,hi-roman
tum aabe aaaalsi ho hai,1,hi-roman
tum aabe aaaalsi ho ho,1,hi-roman
tum aabe aaaalsi ho hain,1,hi-roman
tum aabe aaaalsi ho aadmi,1,hi-roman
tum aabe aaaalsi ho insaan,1,hi-roman
tum aabe aaaalsi ho yaar,1,hi-roman
tum aabe aaaalsi ho bro,1,hi-roman
tum aabe aaaalsi ho bhai,1,hi-roman
tum aabe aaaalsi ho saale,1,hi-roman
abe aabe aaaalsi ho hai,1,hi-roman
abe aabe aaaalsi ho ho,1,hi-roman
abe aabe aaaalsi ho hain,1,hi-roman
abe aabe aaaalsi ho aadmi,1,hi-roman
abe aabe aaaalsi ho insaan,1,hi-roman
abe aabe aaaalsi ho yaar,1,hi-roman
abe aabe aaaalsi ho bro,1,hi-roman
abe aabe aaaalsi ho bhai,1,hi-roman
abe aabe aaaalsi ho saale,1,hi-roman
oye aabe aaaalsi ho hai,1,hi-roman
oye aabe aaaalsi ho ho,1,hi-roman
oye aabe aaaalsi ho hain,1,hi-roman
oye aabe aaaalsi ho aadmi,1,hi-roman
oye aabe aaaalsi ho insaan,1,hi-roman
oye aabe aaaalsi ho yaar,1,hi-roman
oye aabe aaaalsi ho bro,1,hi-roman
oye aabe aaaalsi ho bhai,1,hi-roman
oye aabe aaaalsi ho saale,1,hi-roman
are aabe aaaalsi ho hai,1,hi-roman
are aabe aaaalsi ho ho,1,hi-roman
are aabe aaaalsi ho hain,1,hi-roman
are aabe aaaalsi ho aadmi,1,hi-roman
are aabe aaaalsi ho insaan,1,hi-roman
are aabe aaaalsi ho yaar,1,hi-roman
are aabe aaaalsi ho bro,1,hi-roman
are aabe aaaalsi ho bhai,1,hi-roman
are aabe aaaalsi ho saale,1,hi-roman
sun aabe aaaalsi ho hai,1,hi-roman
sun aabe aaaalsi ho ho,1,hi-roman
sun aabe aaaalsi ho hain,1,hi-roman
sun aabe aaaalsi ho aadmi,1,hi-roman
sun aabe aaaalsi ho insaan,1,hi-roman
sun aabe aaaalsi ho yaar,1,hi-roman
sun aabe aaaalsi ho bro,1,hi-roman
sun aabe aaaalsi ho bhai,1,hi-roman
sun aabe aaaalsi ho saale,1,hi-roman
dekh aabe aaaalsi ho hai,1,hi-roman
dekh aabe aaaalsi ho ho,1,hi-roman
dekh aabe aaaalsi ho hain,1,hi-roman
dekh aabe aaaalsi ho aadmi,1,hi-roman
dekh aabe aaaalsi ho insaan,1,hi-roman
dekh aabe aaaalsi ho yaar,1,hi-roman
dekh aabe aaaalsi ho bro,1,hi-roman
dekh aabe aaaalsi ho bhai,1,hi-roman
dekh aabe aaaalsi ho saale,1,hi-roman
bhai aabe aaaalsi ho hai,1,hi-roman
bhai aabe aaaalsi ho ho,1,hi-roman
bhai aabe aaaalsi ho hain,1,hi-roman
bhai aabe aaaalsi ho aadmi,1,hi-roman
bhai aabe aaaalsi ho insaan,1,hi-roman
bhai aabe aaaalsi ho yaar,1,hi-roman
bhai aabe aaaalsi ho bro,1,hi-roman
bhai aabe aaaalsi ho bhai,1,hi-roman
bhai aabe aaaalsi ho saale,1,hi-roman
saale aabe aaaalsi ho hai,1,hi-roman
saale aabe aaaalsi ho ho,1,hi-roman
saale aabe aaaalsi ho hain,1,hi-roman
saale aabe aaaalsi ho aadmi,1,hi-roman
saale aabe aaaalsi ho insaan,1,hi-roman
saale aabe aaaalsi ho yaar,1,hi-roman
saale aabe aaaalsi ho bro,1,hi-roman
saale aabe aaaalsi ho bhai,1,hi-roman
saale aabe aaaalsi ho saale,1,hi-roman
tu abe aalsi ho hai,1,hi-roman
tu abe aalsi ho ho,1,hi-roman
tu abe aalsi ho hain,1,hi-roman
tu abe aalsi ho aadmi,1,hi-roman
tu abe aalsi ho insaan,1,hi-roman
tu abe aalsi ho yaar,1,hi-roman
tu abe aalsi ho bro,1,hi-roman
tu abe aalsi ho bhai,1,hi-roman
tu abe aalsi ho saale,1,hi-roman
tum abe aalsi ho hai,1,hi-roman
tum abe aalsi ho ho,1,hi-roman
tum abe aalsi ho hain,1,hi-roman
tum abe aalsi ho aadmi,1,hi-roman
tum abe aalsi ho insaan,1,hi-roman
tum abe aalsi ho yaar,1,hi-roman
tum abe aalsi ho bro,1,hi-roman
tum abe aalsi ho bhai,1,hi-roman
tum abe aalsi ho saale,1,hi-roman
abe abe aalsi ho hai,1,hi-roman
abe abe aalsi ho ho,1,hi-roman
abe abe aalsi ho hain,1,hi-roman
abe abe aalsi ho aadmi,1,hi-roman
abe abe aalsi ho insaan,1,hi-roman
abe abe aalsi ho yaar,1,hi-roman
abe abe aalsi ho bro,1,hi-roman
abe abe aalsi ho bhai,1,hi-roman
abe abe aalsi ho saale,1,hi-roman
oye abe aalsi ho hai,1,hi-roman
oye abe aalsi ho ho,1,hi-roman
oye abe aalsi ho hain,1,hi-roman
oye abe aalsi ho aadmi,1,hi-roman
oye abe aalsi ho insaan,1,hi-roman
oye abe aalsi ho yaar,1,hi-roman
oye abe aalsi ho bro,1,hi-roman
oye abe aalsi ho bhai,1,hi-roman
oye abe aalsi ho saale,1,hi-roman
are abe aalsi ho hai,1,hi-roman
are abe aalsi ho ho,1,hi-roman
are abe aalsi ho hain,1,hi-roman
are abe aalsi ho aadmi,1,hi-roman
are abe aalsi ho insaan,1,hi-roman
are abe aalsi ho yaar,1,hi-roman
are abe aalsi ho bro,1,hi-roman
are abe aalsi ho bhai,1,hi-roman
are abe aalsi ho saale,1,hi-roman
sun abe aalsi ho hai,1,hi-roman
sun abe aalsi ho ho,1,hi-roman
sun abe aalsi ho hain,1,hi-roman
sun abe aalsi ho aadmi,1,hi-roman
sun abe aalsi ho insaan,1,hi-roman
sun abe aalsi ho yaar,1,hi-roman
sun abe aalsi ho bro,1,hi-roman
sun abe aalsi ho bhai,1,hi-roman
sun abe aalsi ho saale,1,hi-roman
dekh abe aalsi ho hai,1,hi-roman
dekh abe aalsi ho ho,1,hi-roman
dekh abe aalsi ho hain,1,hi-roman
dekh abe aalsi ho aadmi,1,hi-roman
dekh abe aalsi ho insaan,1,hi-roman
dekh abe aalsi ho yaar,1,hi-roman
dekh abe aalsi ho bro,1,hi-roman
dekh abe aalsi ho bhai,1,hi-roman
dekh abe aalsi ho saale,1,hi-roman
bhai abe aalsi ho hai,1,hi-roman
bhai abe aalsi ho ho,1,hi-roman
bhai abe aalsi ho hain,1,hi-roman
bhai abe aalsi ho aadmi,1,hi-roman
bhai abe aalsi ho insaan,1,hi-roman
bhai abe aalsi ho yaar,1,hi-roman
bhai abe aalsi ho bro,1,hi-roman
bhai abe aalsi ho bhai,1,hi-roman
bhai abe aalsi ho saale,1,hi-roman
saale abe aalsi ho hai,1,hi-roman
saale abe aalsi ho ho,1,hi-roman
saale abe aalsi ho hain,1,hi-roman
saale abe aalsi ho aadmi,1,hi-roman
saale abe aalsi ho insaan,1,hi-roman
saale abe aalsi ho yaar,1,hi-roman
saale abe aalsi ho bro,1,hi-roman
saale abe aalsi ho bhai,1,hi-roman
saale abe aalsi ho saale,1,hi-roman
tu abe alsi ho hai,1,hi-roman
tu abe alsi ho ho,1,hi-roman
tu abe alsi ho hain,1,hi-roman
tu abe alsi ho aadmi,1,hi-roman
tu abe alsi ho insaan,1,hi-roman
tu abe alsi ho yaar,1,hi-roman
tu abe alsi ho bro,1,hi-roman
tu abe alsi ho bhai,1,hi-roman
tu abe alsi ho saale,1,hi-roman
tum abe alsi ho hai,1,hi-roman
tum abe alsi ho ho,1,hi-roman
tum abe alsi ho hain,1,hi-roman
tum abe alsi ho aadmi,1,hi-roman
tum abe alsi ho insaan,1,hi-roman
tum abe alsi ho yaar,1,hi-roman
tum abe alsi ho bro,1,hi-roman
tum abe alsi ho bhai,1,hi-roman
tum abe alsi ho saale,1,hi-roman
abe abe alsi ho hai,1,hi-roman
abe abe alsi ho ho,1,hi-roman
abe abe alsi ho hain,1,hi-roman
abe abe alsi ho aadmi,1,hi-roman
abe abe alsi ho insaan,1,hi-roman
abe abe alsi ho yaar,1,hi-roman
abe abe alsi ho bro,1,hi-roman
abe abe alsi ho bhai,1,hi-roman
abe abe alsi ho saale,1,hi-roman
oye abe alsi ho hai,1,hi-roman
oye abe alsi ho ho,1,hi-roman
oye abe alsi ho hain,1,hi-roman
oye abe alsi ho aadmi,1,hi-roman
oye abe alsi ho insaan,1,hi-roman
oye abe alsi ho yaar,1,hi-roman
oye abe alsi ho bro,1,hi-roman
oye abe alsi ho bhai,1,hi-roman
oye abe alsi ho saale,1,hi-roman
are abe alsi ho hai,1,hi-roman
are abe alsi ho ho,1,hi-roman
are abe alsi ho hain,1,hi-roman
are abe alsi ho aadmi,1,hi-roman
are abe alsi ho insaan,1,hi-roman
are abe alsi ho yaar,1,hi-roman
are abe alsi ho bro,1,hi-roman
are abe alsi ho bhai,1,hi-roman
are abe alsi ho saale,1,hi-roman
sun abe alsi ho hai,1,hi-roman
sun abe alsi ho ho,1,hi-roman
sun abe alsi ho hain,1,hi-roman
sun abe alsi ho aadmi,1,hi-roman
sun abe alsi ho insaan,1,hi-roman
sun abe alsi ho yaar,1,hi-roman
sun abe alsi ho bro,1,hi-roman
sun abe alsi ho bhai,1,hi-roman
sun abe alsi ho saale,1,hi-roman
dekh abe alsi ho hai,1,hi-roman
dekh abe alsi ho ho,1,hi-roman
dekh abe alsi ho hain,1,hi-roman
dekh abe alsi ho aadmi,1,hi-roman
dekh abe alsi ho insaan,1,hi-roman
dekh abe alsi ho yaar,1,hi-roman
dekh abe alsi ho bro,1,hi-roman
dekh abe alsi ho bhai,1,hi-roman
dekh abe alsi ho saale,1,hi-roman
bhai abe alsi ho hai,1,hi-roman
bhai abe alsi ho ho,1,hi-roman
bhai abe alsi ho hain,1,hi-roman
bhai abe alsi ho aadmi,1,hi-roman
bhai abe alsi ho insaan,1,hi-roman
bhai abe alsi ho yaar,1,hi-roman
bhai abe alsi ho bro,1,hi-roman
bhai abe alsi ho bhai,1,hi-roman
bhai abe alsi ho saale,1,hi-roman
saale abe alsi ho hai,1,hi-roman
saale abe alsi ho ho,1,hi-roman
saale abe alsi ho hain,1,hi-roman
saale abe alsi ho aadmi,1,hi-roman
saale abe alsi ho insaan,1,hi-roman
saale abe alsi ho yaar,1,hi-roman
saale abe alsi ho bro,1,hi-roman
saale abe alsi ho bhai,1,hi-roman
saale abe alsi ho saale,1,hi-roman
tu abe aalsee eensaan,1,hi-roman
tu abe aalsee eensaan hai,1,hi-roman
tu abe aalsee eensaan ho,1,hi-roman
tu abe aalsee eensaan hain,1,hi-roman
tu abe aalsee eensaan aadmi,1,hi-roman
tu abe aalsee eensaan insaan,1,hi-roman
tu abe aalsee eensaan yaar,1,hi-roman
tu abe aalsee eensaan bro,1,hi-roman
tu abe aalsee eensaan bhai,1,hi-roman
tu abe aalsee eensaan saale,1,hi-roman
tum abe aalsee eensaan,1,hi-roman
tum abe aalsee eensaan hai,1,hi-roman
tum abe aalsee eensaan ho,1,hi-roman
tum abe aalsee eensaan hain,1,hi-roman
tum abe aalsee eensaan aadmi,1,hi-roman
tum abe aalsee eensaan insaan,1,hi-roman
tum abe aalsee eensaan yaar,1,hi-roman
tum abe aalsee eensaan bro,1,hi-roman
tum abe aalsee eensaan bhai,1,hi-roman
tum abe aalsee eensaan saale,1,hi-roman
abe abe aalsee eensaan,1,hi-roman
abe abe aalsee eensaan hai,1,hi-roman
abe abe aalsee eensaan ho,1,hi-roman
abe abe aalsee eensaan hain,1,hi-roman
abe abe aalsee eensaan aadmi,1,hi-roman
abe abe aalsee eensaan insaan,1,hi-roman
abe abe aalsee eensaan yaar,1,hi-roman
abe abe aalsee eensaan bro,1,hi-roman
abe abe aalsee eensaan bhai,1,hi-roman
abe abe aalsee eensaan saale,1,hi-roman
oye abe aalsee eensaan,1,hi-roman
oye abe aalsee eensaan hai,1,hi-roman
oye abe aalsee eensaan ho,1,hi-roman
oye abe aalsee eensaan hain,1,hi-roman
oye abe aalsee eensaan aadmi,1,hi-roman
oye abe aalsee eensaan insaan,1,hi-roman
oye abe aalsee eensaan yaar,1,hi-roman
oye abe aalsee eensaan bro,1,hi-roman
oye abe aalsee eensaan bhai,1,hi-roman
oye abe aalsee eensaan saale,1,hi-roman
are abe aalsee eensaan,1,hi-roman
are abe aalsee eensaan hai,1,hi-roman
are abe aalsee eensaan ho,1,hi-roman
are abe aalsee eensaan hain,1,hi-roman
are abe aalsee eensaan aadmi,1,hi-roman
are abe aalsee eensaan insaan,1,hi-roman
are abe aalsee eensaan yaar,1,hi-roman
are abe aalsee eensaan bro,1,hi-roman
are abe aalsee eensaan bhai,1,hi-roman
are abe aalsee eensaan saale,1,hi-roman
sun abe aalsee eensaan,1,hi-roman
sun abe aalsee eensaan hai,1,hi-roman
sun abe aalsee eensaan ho,1,hi-roman
sun abe aalsee eensaan hain,1,hi-roman
sun abe aalsee eensaan aadmi,1,hi-roman
sun abe aalsee eensaan insaan,1,hi-roman
sun abe aalsee eensaan yaar,1,hi-roman
sun abe aalsee eensaan bro,1,hi-roman
sun abe aalsee eensaan bhai,1,hi-roman
sun abe aalsee eensaan saale,1,hi-roman
dekh abe aalsee eensaan,1,hi-roman
dekh abe aalsee eensaan hai,1,hi-roman
dekh abe aalsee eensaan ho,1,hi-roman
dekh abe aalsee eensaan hain,1,hi-roman
dekh abe aalsee eensaan aadmi,1,hi-roman
dekh abe aalsee eensaan insaan,1,hi-roman
dekh abe aalsee eensaan yaar,1,hi-roman
dekh abe aalsee eensaan bro,1,hi-roman
dekh abe aalsee eensaan bhai,1,hi-roman
dekh abe aalsee eensaan saale,1,hi-roman
bhai abe aalsee eensaan,1,hi-roman
bhai abe aalsee eensaan hai,1,hi-roman
bhai abe aalsee eensaan ho,1,hi-roman
bhai abe aalsee eensaan hain,1,hi-roman
bhai abe aalsee eensaan aadmi,1,hi-roman
bhai abe aalsee eensaan insaan,1,hi-roman
bhai abe aalsee eensaan yaar,1,hi-roman
bhai abe aalsee eensaan bro,1,hi-roman
bhai abe aalsee eensaan bhai,1,hi-roman
bhai abe aalsee eensaan saale,1,hi-roman
saale abe aalsee eensaan,1,hi-roman
saale abe aalsee eensaan hai,1,hi-roman
saale abe aalsee eensaan ho,1,hi-roman
saale abe aalsee eensaan hain,1,hi-roman
saale abe aalsee eensaan aadmi,1,hi-roman
saale abe aalsee eensaan insaan,1,hi-roman
saale abe aalsee eensaan yaar,1,hi-roman
saale abe aalsee eensaan bro,1,hi-roman
saale abe aalsee eensaan bhai,1,hi-roman
saale abe aalsee eensaan saale,1,hi-roman
tu abe aalsi insaan hai,1,hi-roman
tu abe aalsi insaan ho,1,hi-roman
tu abe aalsi insaan hain,1,hi-roman
tu abe aalsi insaan aadmi,1,hi-roman
tu abe aalsi insaan insaan,1,hi-roman
tu abe aalsi insaan yaar,1,hi-roman
tu abe aalsi insaan bro,1,hi-roman
tu abe aalsi insaan bhai,1,hi-roman
tu abe aalsi insaan saale,1,hi-roman
tum abe aalsi insaan hai,1,hi-roman
tum abe aalsi insaan ho,1,hi-roman
tum abe aalsi insaan hain,1,hi-roman
tum abe aalsi insaan aadmi,1,hi-roman
tum abe aalsi insaan insaan,1,hi-roman
tum abe aalsi insaan yaar,1,hi-roman
tum abe aalsi insaan bro,1,hi-roman
tum abe aalsi insaan bhai,1,hi-roman
tum abe aalsi insaan saale,1,hi-roman
abe abe aalsi insaan hai,1,hi-roman
abe abe aalsi insaan ho,1,hi-roman
abe abe aalsi insaan hain,1,hi-roman
abe abe aalsi insaan aadmi,1,hi-roman
abe abe aalsi insaan insaan,1,hi-roman
abe abe aalsi insaan yaar,1,hi-roman
abe abe aalsi insaan bro,1,hi-roman
abe abe aalsi insaan bhai,1,hi-roman
abe abe aalsi insaan saale,1,hi-roman
oye abe aalsi insaan hai,1,hi-roman
oye abe aalsi insaan ho,1,hi-roman
oye abe aalsi insaan hain,1,hi-roman
oye abe aalsi insaan aadmi,1,hi-roman
oye abe aalsi insaan insaan,1,hi-roman
oye abe aalsi insaan yaar,1,hi-roman
oye abe aalsi insaan bro,1,hi-roman
oye abe aalsi insaan bhai,1,hi-roman
oye abe aalsi insaan saale,1,hi-roman
are abe aalsi insaan hai,1,hi-roman
are abe aalsi insaan ho,1,hi-roman
are abe aalsi insaan hain,1,hi-roman
are abe aalsi insaan aadmi,1,hi-roman
are abe aalsi insaan insaan,1,hi-roman
are abe aalsi insaan yaar,1,hi-roman
are abe aalsi insaan bro,1,hi-roman
are abe aalsi insaan bhai,1,hi-roman
are abe aalsi insaan saale,1,hi-roman
sun abe aalsi insaan hai,1,hi-roman
sun abe aalsi insaan ho,1,hi-roman
sun abe aalsi insaan hain,1,hi-roman
sun abe aalsi insaan aadmi,1,hi-roman
sun abe aalsi insaan insaan,1,hi-roman
sun abe aalsi insaan yaar,1,hi-roman
sun abe aalsi insaan bro,1,hi-roman
sun abe aalsi insaan bhai,1,hi-roman
sun abe aalsi insaan saale,1,hi-roman
dekh abe aalsi insaan hai,1,hi-roman
dekh abe aalsi insaan ho,1,hi-roman
dekh abe aalsi insaan hain,1,hi-roman
dekh abe aalsi insaan aadmi,1,hi-roman
dekh abe aalsi insaan insaan,1,hi-roman
dekh abe aalsi insaan yaar,1,hi-roman
dekh abe aalsi insaan bro,1,hi-roman
dekh abe aalsi insaan bhai,1,hi-roman
dekh abe aalsi insaan saale,1,hi-roman
bhai abe aalsi insaan hai,1,hi-roman
bhai abe aalsi insaan ho,1,hi-roman
bhai abe aalsi insaan hain,1,hi-roman
bhai abe aalsi insaan aadmi,1,hi-roman
bhai abe aalsi insaan insaan,1,hi-roman
bhai abe aalsi insaan yaar,1,hi-roman
bhai abe aalsi insaan bro,1,hi-roman
bhai abe aalsi insaan bhai,1,hi-roman
bhai abe aalsi insaan saale,1,hi-roman
saale abe aalsi insaan hai,1,hi-roman
saale abe aalsi insaan ho,1,hi-roman
saale abe aalsi insaan hain,1,hi-roman
saale abe aalsi insaan aadmi,1,hi-roman
saale abe aalsi insaan insaan,1,hi-roman
saale abe aalsi insaan yaar,1,hi-roman
saale abe aalsi insaan bro,1,hi-roman
saale abe aalsi insaan bhai,1,hi-roman
saale abe aalsi insaan saale,1,hi-roman
aabe aaaalsi insaaaan,1,hi-roman
aabe aaaalsi insaaaan hai,1,hi-roman
aabe aaaalsi insaaaan ho,1,hi-roman
aabe aaaalsi insaaaan hain,1,hi-roman
aabe aaaalsi insaaaan aadmi,1,hi-roman
aabe aaaalsi insaaaan insaan,1,hi-roman
aabe aaaalsi insaaaan yaar,1,hi-roman
aabe aaaalsi insaaaan bro,1,hi-roman
aabe aaaalsi insaaaan bhai,1,hi-roman
aabe aaaalsi insaaaan saale,1,hi-roman
tu aabe aaaalsi insaaaan,1,hi-roman
tu aabe aaaalsi insaaaan hai,1,hi-roman
tu aabe aaaalsi insaaaan ho,1,hi-roman
tu aabe aaaalsi insaaaan hain,1,hi-roman
tu aabe aaaalsi insaaaan aadmi,1,hi-roman
tu aabe aaaalsi insaaaan insaan,1,hi-roman
tu aabe aaaalsi insaaaan yaar,1,hi-roman
tu aabe aaaalsi insaaaan bro,1,hi-roman
tu aabe aaaalsi insaaaan bhai,1,hi-roman
tu aabe aaaalsi insaaaan saale,1,hi-roman
tum aabe aaaalsi insaaaan,1,hi-roman
tum aabe aaaalsi insaaaan hai,1,hi-roman
tum aabe aaaalsi insaaaan ho,1,hi-roman
tum aabe aaaalsi insaaaan hain,1,hi-roman
tum aabe aaaalsi insaaaan aadmi,1,hi-roman
tum aabe aaaalsi insaaaan insaan,1,hi-roman
tum aabe aaaalsi insaaaan yaar,1,hi-roman
tum aabe aaaalsi insaaaan bro,1,hi-roman
tum aabe aaaalsi insaaaan bhai,1,hi-roman
tum aabe aaaalsi insaaaan saale,1,hi-roman
abe aabe aaaalsi insaaaan,1,hi-roman
abe aabe aaaalsi insaaaan hai,1,hi-roman
abe aabe aaaalsi insaaaan ho,1,hi-roman
abe aabe aaaalsi insaaaan hain,1,hi-roman
abe aabe aaaalsi insaaaan aadmi,1,hi-roman
abe aabe aaaalsi insaaaan insaan,1,hi-roman
abe aabe aaaalsi insaaaan yaar,1,hi-roman
abe aabe aaaalsi insaaaan bro,1,hi-roman
abe aabe aaaalsi insaaaan bhai,1,hi-roman
abe aabe aaaalsi insaaaan saale,1,hi-roman
oye aabe aaaalsi insaaaan,1,hi-roman
oye aabe aaaalsi insaaaan hai,1,hi-roman
oye aabe aaaalsi insaaaan ho,1,hi-roman
oye aabe aaaalsi insaaaan hain,1,hi-roman
oye aabe aaaalsi insaaaan aadmi,1,hi-roman
oye aabe aaaalsi insaaaan insaan,1,hi-roman
oye aabe aaaalsi insaaaan yaar,1,hi-roman
oye aabe aaaalsi insaaaan bro,1,hi-roman
oye aabe aaaalsi insaaaan bhai,1,hi-roman
oye aabe aaaalsi insaaaan saale,1,hi-roman
are aabe aaaalsi insaaaan,1,hi-roman
are aabe aaaalsi insaaaan hai,1,hi-roman
are aabe aaaalsi insaaaan ho,1,hi-roman
are aabe aaaalsi insaaaan hain,1,hi-roman
are aabe aaaalsi insaaaan aadmi,1,hi-roman
are aabe aaaalsi insaaaan insaan,1,hi-roman
are aabe aaaalsi insaaaan yaar,1,hi-roman
are aabe aaaalsi insaaaan bro,1,hi-roman
are aabe aaaalsi insaaaan bhai,1,hi-roman
are aabe aaaalsi insaaaan saale,1,hi-roman
sun aabe aaaalsi insaaaan,1,hi-roman
sun aabe aaaalsi insaaaan hai,1,hi-roman
sun aabe aaaalsi insaaaan ho,1,hi-roman
sun aabe aaaalsi insaaaan hain,1,hi-roman
sun aabe aaaalsi insaaaan aadmi,1,hi-roman
sun aabe aaaalsi insaaaan insaan,1,hi-roman
sun aabe aaaalsi insaaaan yaar,1,hi-roman
sun aabe aaaalsi insaaaan bro,1,hi-roman
sun aabe aaaalsi insaaaan bhai,1,hi-roman
sun aabe aaaalsi insaaaan saale,1,hi-roman
dekh aabe aaaalsi insaaaan,1,hi-roman
dekh aabe aaaalsi insaaaan hai,1,hi-roman
dekh aabe aaaalsi insaaaan ho,1,hi-roman
dekh aabe aaaalsi insaaaan hain,1,hi-roman
dekh aabe aaaalsi insaaaan aadmi,1,hi-roman
dekh aabe aaaalsi insaaaan insaan,1,hi-roman
dekh aabe aaaalsi insaaaan yaar,1,hi-roman
dekh aabe aaaalsi insaaaan bro,1,hi-roman
dekh aabe aaaalsi insaaaan bhai,1,hi-roman
dekh aabe aaaalsi insaaaan saale,1,hi-roman
bhai aabe aaaalsi insaaaan,1,hi-roman
bhai aabe aaaalsi insaaaan hai,1,hi-roman
bhai aabe aaaalsi insaaaan ho,1,hi-roman
bhai aabe aaaalsi insaaaan hain,1,hi-roman
bhai aabe aaaalsi insaaaan aadmi,1,hi-roman
bhai aabe aaaalsi insaaaan insaan,1,hi-roman
bhai aabe aaaalsi insaaaan yaar,1,hi-roman
bhai aabe aaaalsi insaaaan bro,1,hi-roman
bhai aabe aaaalsi insaaaan bhai,1,hi-roman
bhai aabe aaaalsi insaaaan saale,1,hi-roman
saale aabe aaaalsi insaaaan,1,hi-roman
saale aabe aaaalsi insaaaan hai,1,hi-roman
saale aabe aaaalsi insaaaan ho,1,hi-roman
saale aabe aaaalsi insaaaan hain,1,hi-roman
saale aabe aaaalsi insaaaan aadmi,1,hi-roman
saale aabe aaaalsi insaaaan insaan,1,hi-roman
saale aabe aaaalsi insaaaan yaar,1,hi-roman
saale aabe aaaalsi insaaaan bro,1,hi-roman
saale aabe aaaalsi insaaaan bhai,1,hi-roman
saale aabe aaaalsi insaaaan saale,1,hi-roman
tu abe alsi insan,1,hi-roman
tu abe alsi insan hai,1,hi-roman
tu abe alsi insan ho,1,hi-roman
tu abe alsi insan hain,1,hi-roman
tu abe alsi insan aadmi,1,hi-roman
tu abe alsi insan insaan,1,hi-roman
tu abe alsi insan yaar,1,hi-roman
tu abe alsi insan bro,1,hi-roman
tu abe alsi insan bhai,1,hi-roman
tu abe alsi insan saale,1,hi-roman
tum abe alsi insan,1,hi-roman
tum abe alsi insan hai,1,hi-roman
tum abe alsi insan ho,1,hi-roman
tum abe alsi insan hain,1,hi-roman
tum abe alsi insan aadmi,1,hi-roman
tum abe alsi insan insaan,1,hi-roman
tum abe alsi insan yaar,1,hi-roman
tum abe alsi insan bro,1,hi-roman
tum abe alsi insan bhai,1,hi-roman
tum abe alsi insan saale,1,hi-roman
abe abe alsi insan,1,hi-roman
abe abe alsi insan hai,1,hi-roman
abe abe alsi insan ho,1,hi-roman
abe abe alsi insan hain,1,hi-roman
abe abe alsi insan aadmi,1,hi-roman
abe abe alsi insan insaan,1,hi-roman
abe abe alsi insan yaar,1,hi-roman
abe abe alsi insan bro,1,hi-roman
abe abe alsi insan bhai,1,hi-roman
abe abe alsi insan saale,1,hi-roman
oye abe alsi insan,1,hi-roman
oye abe alsi insan hai,1,hi-roman
oye abe alsi insan ho,1,hi-roman
oye abe alsi insan hain,1,hi-roman
oye abe alsi insan aadmi,1,hi-roman
oye abe alsi insan insaan,1,hi-roman
oye abe alsi insan yaar,1,hi-roman
oye abe alsi insan bro,1,hi-roman
oye abe alsi insan bhai,1,hi-roman
oye abe alsi insan saale,1,hi-roman
are abe alsi insan,1,hi-roman
are abe alsi insan hai,1,hi-roman
are abe alsi insan ho,1,hi-roman
are abe alsi insan hain,1,hi-roman
are abe alsi insan aadmi,1,hi-roman
are abe alsi insan insaan,1,hi-roman
are abe alsi insan yaar,1,hi-roman
are abe alsi insan bro,1,hi-roman
are abe alsi insan bhai,1,hi-roman
are abe alsi insan saale,1,hi-roman
sun abe alsi insan,1,hi-roman
sun abe alsi insan hai,1,hi-roman
sun abe alsi insan ho,1,hi-roman
sun abe alsi insan hain,1,hi-roman
sun abe alsi insan aadmi,1,hi-roman
sun abe alsi insan insaan,1,hi-roman
sun abe alsi insan yaar,1,hi-roman
sun abe alsi insan bro,1,hi-roman
sun abe alsi insan bhai,1,hi-roman
sun abe alsi insan saale,1,hi-roman
dekh abe alsi insan,1,hi-roman
dekh abe alsi insan hai,1,hi-roman
dekh abe alsi insan ho,1,hi-roman
dekh abe alsi insan hain,1,hi-roman
dekh abe alsi insan aadmi,1,hi-roman
dekh abe alsi insan insaan,1,hi-roman
dekh abe alsi insan yaar,1,hi-roman
dekh abe alsi insan bro,1,hi-roman
dekh abe alsi insan bhai,1,hi-roman
dekh abe alsi insan saale,1,hi-roman
bhai abe alsi insan,1,hi-roman
bhai abe alsi insan hai,1,hi-roman
bhai abe alsi insan ho,1,hi-roman
bhai abe alsi insan hain,1,hi-roman
bhai abe alsi insan aadmi,1,hi-roman
bhai abe alsi insan insaan,1,hi-roman
bhai abe alsi insan yaar,1,hi-roman
bhai abe alsi insan bro,1,hi-roman
bhai abe alsi insan bhai,1,hi-roman
bhai abe alsi insan saale,1,hi-roman
saale abe alsi insan,1,hi-roman
saale abe alsi insan hai,1,hi-roman
saale abe alsi insan ho,1,hi-roman
saale abe alsi insan hain,1,hi-roman
saale abe alsi insan aadmi,1,hi-roman
saale abe alsi insan insaan,1,hi-roman
saale abe alsi insan yaar,1,hi-roman
saale abe alsi insan bro,1,hi-roman
saale abe alsi insan bhai,1,hi-roman
saale abe alsi insan saale,1,hi-roman
tu abe aalsi kootte,1,hi-roman
tu abe aalsi kootte hai,1,hi-roman
tu abe aalsi kootte ho,1,hi-roman
tu abe aalsi kootte hain,1,hi-roman
tu abe aalsi kootte aadmi,1,hi-roman
tu abe aalsi kootte insaan,1,hi-roman
tu abe aalsi kootte yaar,1,hi-roman
tu abe aalsi kootte bro,1,hi-roman
tu abe aalsi kootte bhai,1,hi-roman
tu abe aalsi kootte saale,1,hi-roman
tum abe aalsi kootte,1,hi-roman
tum abe aalsi kootte hai,1,hi-roman
tum abe aalsi kootte ho,1,hi-roman
tum abe aalsi kootte hain,1,hi-roman
tum abe aalsi kootte aadmi,1,hi-roman
tum abe aalsi kootte insaan,1,hi-roman
tum abe aalsi kootte yaar,1,hi-roman
tum abe aalsi kootte bro,1,hi-roman
tum abe aalsi kootte bhai,1,hi-roman
tum abe aalsi kootte saale,1,hi-roman
abe abe aalsi kootte,1,hi-roman
abe abe aalsi kootte hai,1,hi-roman
abe abe aalsi kootte ho,1,hi-roman
abe abe aalsi kootte hain,1,hi-roman
abe abe aalsi kootte aadmi,1,hi-roman
abe abe aalsi kootte insaan,1,hi-roman
abe abe aalsi kootte yaar,1,hi-roman
abe abe aalsi kootte bro,1,hi-roman
abe abe aalsi kootte bhai,1,hi-roman
abe abe aalsi kootte saale,1,hi-roman
oye abe aalsi kootte,1,hi-roman
oye abe aalsi kootte hai,1,hi-roman
oye abe aalsi kootte ho,1,hi-roman
oye abe aalsi kootte hain,1,hi-roman
oye abe aalsi kootte aadmi,1,hi-roman
oye abe aalsi kootte insaan,1,hi-roman
oye abe aalsi kootte yaar,1,hi-roman
oye abe aalsi kootte bro,1,hi-roman
oye abe aalsi kootte bhai,1,hi-roman
oye abe aalsi kootte saale,1,hi-roman
are abe aalsi kootte,1,hi-roman
are abe aalsi kootte hai,1,hi-roman
are abe aalsi kootte ho,1,hi-roman
are abe aalsi kootte hain,1,hi-roman
are abe aalsi kootte aadmi,1,hi-roman
are abe aalsi kootte insaan,1,hi-roman
are abe aalsi kootte yaar,1,hi-roman
are abe aalsi kootte bro,1,hi-roman
are abe aalsi kootte bhai,1,hi-roman
are abe aalsi kootte saale,1,hi-roman
sun abe aalsi kootte,1,hi-roman
sun abe aalsi kootte hai,1,hi-roman
sun abe aalsi kootte ho,1,hi-roman
sun abe aalsi kootte hain,1,hi-roman
sun abe aalsi kootte aadmi,1,hi-roman
sun abe aalsi kootte insaan,1,hi-roman
sun abe aalsi kootte yaar,1,hi-roman
sun abe aalsi kootte bro,1,hi-roman
sun abe aalsi kootte bhai,1,hi-roman
sun abe aalsi kootte saale,1,hi-roman
dekh abe aalsi kootte,1,hi-roman
dekh abe aalsi kootte hai,1,hi-roman
dekh abe aalsi kootte ho,1,hi-roman
dekh abe aalsi kootte hain,1,hi-roman
dekh abe aalsi kootte aadmi,1,hi-roman
dekh abe aalsi kootte insaan,1,hi-roman
dekh abe aalsi kootte yaar,1,hi-roman
dekh abe aalsi kootte bro,1,hi-roman
dekh abe aalsi kootte bhai,1,hi-roman
dekh abe aalsi kootte saale,1,hi-roman
bhai abe aalsi kootte,1,hi-roman
bhai abe aalsi kootte hai,1,hi-roman
bhai abe aalsi kootte ho,1,hi-roman
bhai abe aalsi kootte hain,1,hi-roman
bhai abe aalsi kootte aadmi,1,hi-roman
bhai abe aalsi kootte insaan,1,hi-roman
bhai abe aalsi kootte yaar,1,hi-roman
bhai abe aalsi kootte bro,1,hi-roman
bhai abe aalsi kootte bhai,1,hi-roman
bhai abe aalsi kootte saale,1,hi-roman
saale abe aalsi kootte,1,hi-roman
saale abe aalsi kootte hai,1,hi-roman
saale abe aalsi kootte ho,1,hi-roman
saale abe aalsi kootte hain,1,hi-roman
saale abe aalsi kootte aadmi,1,hi-roman
saale abe aalsi kootte insaan,1,hi-roman
saale abe aalsi kootte yaar,1,hi-roman
saale abe aalsi kootte bro,1,hi-roman
saale abe aalsi kootte bhai,1,hi-roman
saale abe aalsi kootte saale,1,hi-roman
aabe aaaalsi kutte,1,hi-roman
aabe aaaalsi kutte hai,1,hi-roman
aabe aaaalsi kutte ho,1,hi-roman
aabe aaaalsi kutte hain,1,hi-roman
aabe aaaalsi kutte aadmi,1,hi-roman
aabe aaaalsi kutte insaan,1,hi-roman
aabe aaaalsi kutte yaar,1,hi-roman
aabe aaaalsi kutte bro,1,hi-roman
aabe aaaalsi kutte bhai,1,hi-roman
aabe aaaalsi kutte saale,1,hi-roman
tu aabe aaaalsi kutte,1,hi-roman
tu aabe aaaalsi kutte hai,1,hi-roman
tu aabe aaaalsi kutte ho,1,hi-roman
tu aabe aaaalsi kutte hain,1,hi-roman
tu aabe aaaalsi kutte aadmi,1,hi-roman
tu aabe aaaalsi kutte insaan,1,hi-roman
tu aabe aaaalsi kutte yaar,1,hi-roman
tu aabe aaaalsi kutte bro,1,hi-roman
tu aabe aaaalsi kutte bhai,1,hi-roman
tu aabe aaaalsi kutte saale,1,hi-roman
tum aabe aaaalsi kutte,1,hi-roman
tum aabe aaaalsi kutte hai,1,hi-roman
tum aabe aaaalsi kutte ho,1,hi-roman
tum aabe aaaalsi kutte hain,1,hi-roman
tum aabe aaaalsi kutte aadmi,1,hi-roman
tum aabe aaaalsi kutte insaan,1,hi-roman
tum aabe aaaalsi kutte yaar,1,hi-roman
tum aabe aaaalsi kutte bro,1,hi-roman
tum aabe aaaalsi kutte bhai,1,hi-roman
tum aabe aaaalsi kutte saale,1,hi-roman
abe aabe aaaalsi kutte,1,hi-roman
abe aabe aaaalsi kutte hai,1,hi-roman
abe aabe aaaalsi kutte ho,1,hi-roman
abe aabe aaaalsi kutte hain,1,hi-roman
abe aabe aaaalsi kutte aadmi,1,hi-roman
abe aabe aaaalsi kutte insaan,1,hi-roman
abe aabe aaaalsi kutte yaar,1,hi-roman
abe aabe aaaalsi kutte bro,1,hi-roman
abe aabe aaaalsi kutte bhai,1,hi-roman
abe aabe aaaalsi kutte saale,1,hi-roman
oye aabe aaaalsi kutte,1,hi-roman
oye aabe aaaalsi kutte hai,1,hi-roman
oye aabe aaaalsi kutte ho,1,hi-roman
oye aabe aaaalsi kutte hain,1,hi-roman
oye aabe aaaalsi kutte aadmi,1,hi-roman
oye aabe aaaalsi kutte insaan,1,hi-roman
oye aabe aaaalsi kutte yaar,1,hi-roman
oye aabe aaaalsi kutte bro,1,hi-roman
oye aabe aaaalsi kutte bhai,1,hi-roman
oye aabe aaaalsi kutte saale,1,hi-roman
are aabe aaaalsi kutte,1,hi-roman
are aabe aaaalsi kutte hai,1,hi-roman
are aabe aaaalsi kutte ho,1,hi-roman
are aabe aaaalsi kutte hain,1,hi-roman
are aabe aaaalsi kutte aadmi,1,hi-roman
are aabe aaaalsi kutte insaan,1,hi-roman
are aabe aaaalsi kutte yaar,1,hi-roman
are aabe aaaalsi kutte bro,1,hi-roman
are aabe aaaalsi kutte bhai,1,hi-roman
are aabe aaaalsi kutte saale,1,hi-roman
sun aabe aaaalsi kutte,1,hi-roman
sun aabe aaaalsi kutte hai,1,hi-roman
sun aabe aaaalsi kutte ho,1,hi-roman
sun aabe aaaalsi kutte hain,1,hi-roman
sun aabe aaaalsi kutte aadmi,1,hi-roman
sun aabe aaaalsi kutte insaan,1,hi-roman
sun aabe aaaalsi kutte yaar,1,hi-roman
sun aabe aaaalsi kutte bro,1,hi-roman
sun aabe aaaalsi kutte bhai,1,hi-roman
sun aabe aaaalsi kutte saale,1,hi-roman
dekh aabe aaaalsi kutte,1,hi-roman
dekh aabe aaaalsi kutte hai,1,hi-roman
dekh aabe aaaalsi kutte ho,1,hi-roman
dekh aabe aaaalsi kutte hain,1,hi-roman
dekh aabe aaaalsi kutte aadmi,1,hi-roman
dekh aabe aaaalsi kutte insaan,1,hi-roman
dekh aabe aaaalsi kutte yaar,1,hi-roman
dekh aabe aaaalsi kutte bro,1,hi-roman
dekh aabe aaaalsi kutte bhai,1,hi-roman
dekh aabe aaaalsi kutte saale,1,hi-roman
bhai aabe aaaalsi kutte,1,hi-roman
bhai aabe aaaalsi kutte hai,1,hi-roman
bhai aabe aaaalsi kutte ho,1,hi-roman
bhai aabe aaaalsi kutte hain,1,hi-roman
bhai aabe aaaalsi kutte aadmi,1,hi-roman
bhai aabe aaaalsi kutte insaan,1,hi-roman
bhai aabe aaaalsi kutte yaar,1,hi-roman
bhai aabe aaaalsi kutte bro,1,hi-roman
bhai aabe aaaalsi kutte bhai,1,hi-roman
bhai aabe aaaalsi kutte saale,1,hi-roman
saale aabe aaaalsi kutte,1,hi-roman
saale aabe aaaalsi kutte hai,1,hi-roman
saale aabe aaaalsi kutte ho,1,hi-roman
saale aabe aaaalsi kutte hain,1,hi-roman
saale aabe aaaalsi kutte aadmi,1,hi-roman
saale aabe aaaalsi kutte insaan,1,hi-roman
saale aabe aaaalsi kutte yaar,1,hi-roman
saale aabe aaaalsi kutte bro,1,hi-roman
saale aabe aaaalsi kutte bhai,1,hi-roman
saale aabe aaaalsi kutte saale,1,hi-roman
tu abe aalsi kutte,1,hi-roman
tu abe aalsi kutte hai,1,hi-roman
tu abe aalsi kutte ho,1,hi-roman
tu abe aalsi kutte hain,1,hi-roman
tu abe aalsi kutte aadmi,1,hi-roman
tu abe aalsi kutte insaan,1,hi-roman
tu abe aalsi kutte yaar,1,hi-roman
tu abe aalsi kutte bro,1,hi-roman
tu abe aalsi kutte bhai,1,hi-roman
tu abe aalsi kutte saale,1,hi-roman
tum abe aalsi kutte,1,hi-roman
tum abe aalsi kutte hai,1,hi-roman
tum abe aalsi kutte ho,1,hi-roman
tum abe aalsi kutte hain,1,hi-roman
tum abe aalsi kutte aadmi,1,hi-roman
tum abe aalsi kutte insaan,1,hi-roman
tum abe aalsi kutte yaar,1,hi-roman
tum abe aalsi kutte bro,1,hi-roman
tum abe aalsi kutte bhai,1,hi-roman
tum abe aalsi kutte saale,1,hi-roman
abe abe aalsi kutte,1,hi-roman
abe abe aalsi kutte hai,1,hi-roman
abe abe aalsi kutte ho,1,hi-roman
abe abe aalsi kutte hain,1,hi-roman
abe abe aalsi kutte aadmi,1,hi-roman
abe abe aalsi kutte insaan,1,hi-roman
abe abe aalsi kutte yaar,1,hi-roman
abe abe aalsi kutte bro,1,hi-roman
abe abe aalsi kutte bhai,1,hi-roman
abe abe aalsi kutte saale,1,hi-roman
oye abe aalsi kutte,1,hi-roman
oye abe aalsi kutte hai,1,hi-roman
oye abe aalsi kutte ho,1,hi-roman
oye abe aalsi kutte hain,1,hi-roman
oye abe aalsi kutte aadmi,1,hi-roman
oye abe aalsi kutte insaan,1,hi-roman
oye abe aalsi kutte yaar,1,hi-roman
oye abe aalsi kutte bro,1,hi-roman
oye abe aalsi kutte bhai,1,hi-roman
oye abe aalsi kutte saale,1,hi-roman
are abe aalsi kutte,1,hi-roman
are abe aalsi kutte hai,1,hi-roman
are abe aalsi kutte ho,1,hi-roman
are abe aalsi kutte hain,1,hi-roman
are abe aalsi kutte aadmi,1,hi-roman
are abe aalsi kutte insaan,1,hi-roman
are abe aalsi kutte yaar,1,hi-roman
are abe aalsi kutte bro,1,hi-roman
are abe aalsi kutte bhai,1,hi-roman
are abe aalsi kutte saale,1,hi-roman
sun abe aalsi kutte,1,hi-roman
sun abe aalsi kutte hai,1,hi-roman
sun abe aalsi kutte ho,1,hi-roman
sun abe aalsi kutte hain,1,hi-roman
sun abe aalsi kutte aadmi,1,hi-roman
sun abe aalsi kutte insaan,1,hi-roman
sun abe aalsi kutte yaar,1,hi-roman
sun abe aalsi kutte bro,1,hi-roman
sun abe aalsi kutte bhai,1,hi-roman
sun abe aalsi kutte saale,1,hi-roman
dekh abe aalsi kutte,1,hi-roman
dekh abe aalsi kutte hai,1,hi-roman
dekh abe aalsi kutte ho,1,hi-roman
dekh abe aalsi kutte hain,1,hi-roman
dekh abe aalsi kutte aadmi,1,hi-roman
dekh abe aalsi kutte insaan,1,hi-roman
dekh abe aalsi kutte yaar,1,hi-roman
dekh abe aalsi kutte bro,1,hi-roman
dekh abe aalsi kutte bhai,1,hi-roman
dekh abe aalsi kutte saale,1,hi-roman
bhai abe aalsi kutte,1,hi-roman
bhai abe aalsi kutte hai,1,hi-roman
bhai abe aalsi kutte ho,1,hi-roman
bhai abe aalsi kutte hain,1,hi-roman
bhai abe aalsi kutte aadmi,1,hi-roman
bhai abe aalsi kutte insaan,1,hi-roman
bhai abe aalsi kutte yaar,1,hi-roman
bhai abe aalsi kutte bro,1,hi-roman
bhai abe aalsi kutte bhai,1,hi-roman
bhai abe aalsi kutte saale,1,hi-roman
saale abe aalsi kutte,1,hi-roman
saale abe aalsi kutte hai,1,hi-roman
saale abe aalsi kutte ho,1,hi-roman
saale abe aalsi kutte hain,1,hi-roman
saale abe aalsi kutte aadmi,1,hi-roman
saale abe aalsi kutte insaan,1,hi-roman
saale abe aalsi kutte yaar,1,hi-roman
saale abe aalsi kutte bro,1,hi-roman
saale abe aalsi kutte bhai,1,hi-roman
saale abe aalsi kutte saale,1,hi-roman
tu abe aalsee kutte,1,hi-roman
tu abe aalsee kutte hai,1,hi-roman
tu abe aalsee kutte ho,1,hi-roman
tu abe aalsee kutte hain,1,hi-roman
tu abe aalsee kutte aadmi,1,hi-roman
tu abe aalsee kutte insaan,1,hi-roman
tu abe aalsee kutte yaar,1,hi-roman
tu abe aalsee kutte bro,1,hi-roman
tu abe aalsee kutte bhai,1,hi-roman
tu abe aalsee kutte saale,1,hi-roman
tum abe aalsee kutte,1,hi-roman
tum abe aalsee kutte hai,1,hi-roman
tum abe aalsee kutte ho,1,hi-roman
tum abe aalsee kutte hain,1,hi-roman
tum abe aalsee kutte aadmi,1,hi-roman
tum abe aalsee kutte insaan,1,hi-roman
tum abe aalsee kutte yaar,1,hi-roman
tum abe aalsee kutte bro,1,hi-roman
tum abe aalsee kutte bhai,1,hi-roman
tum abe aalsee kutte saale,1,hi-roman
abe abe aalsee kutte,1,hi-roman
abe abe aalsee kutte hai,1,hi-roman
abe abe aalsee kutte ho,1,hi-roman
abe abe aalsee kutte hain,1,hi-roman
abe abe aalsee kutte aadmi,1,hi-roman
abe abe aalsee kutte insaan,1,hi-roman
abe abe aalsee kutte yaar,1,hi-roman
abe abe aalsee kutte bro,1,hi-roman
abe abe aalsee kutte bhai,1,hi-roman
abe abe aalsee kutte saale,1,hi-roman
oye abe aalsee kutte,1,hi-roman
oye abe aalsee kutte hai,1,hi-roman
oye abe aalsee kutte ho,1,hi-roman
oye abe aalsee kutte hain,1,hi-roman
oye abe aalsee kutte aadmi,1,hi-roman
oye abe aalsee kutte insaan,1,hi-roman
oye abe aalsee kutte yaar,1,hi-roman
oye abe aalsee kutte bro,1,hi-roman
oye abe aalsee kutte bhai,1,hi-roman
oye abe aalsee kutte saale,1,hi-roman
are abe aalsee kutte,1,hi-roman
are abe aalsee kutte hai,1,hi-roman
are abe aalsee kutte ho,1,hi-roman
are abe aalsee kutte hain,1,hi-roman
are abe aalsee kutte aadmi,1,hi-roman
are abe aalsee kutte insaan,1,hi-roman
are abe aalsee kutte yaar,1,hi-roman
are abe aalsee kutte bro,1,hi-roman
are abe aalsee kutte bhai,1,hi-roman
are abe aalsee kutte saale,1,hi-roman
sun abe aalsee kutte,1,hi-roman
sun abe aalsee kutte hai,1,hi-roman
sun abe aalsee kutte ho,1,hi-roman
sun abe aalsee kutte hain,1,hi-roman
sun abe aalsee kutte aadmi,1,hi-roman
sun abe aalsee kutte insaan,1,hi-roman
sun abe aalsee kutte yaar,1,hi-roman
sun abe aalsee kutte bro,1,hi-roman
sun abe aalsee kutte bhai,1,hi-roman
sun abe aalsee kutte saale,1,hi-roman
dekh abe aalsee kutte,1,hi-roman
dekh abe aalsee kutte hai,1,hi-roman
dekh abe aalsee kutte ho,1,hi-roman
dekh abe aalsee kutte hain,1,hi-roman
dekh abe aalsee kutte aadmi,1,hi-roman
dekh abe aalsee kutte insaan,1,hi-roman
dekh abe aalsee kutte yaar,1,hi-roman
dekh abe aalsee kutte bro,1,hi-roman
dekh abe aalsee kutte bhai,1,hi-roman
dekh abe aalsee kutte saale,1,hi-roman
bhai abe aalsee kutte,1,hi-roman
bhai abe aalsee kutte hai,1,hi-roman
bhai abe aalsee kutte ho,1,hi-roman
bhai abe aalsee kutte hain,1,hi-roman
bhai abe aalsee kutte aadmi,1,hi-roman
bhai abe aalsee kutte insaan,1,hi-roman
bhai abe aalsee kutte yaar,1,hi-roman
bhai abe aalsee kutte bro,1,hi-roman
bhai abe aalsee kutte bhai,1,hi-roman
bhai abe aalsee kutte saale,1,hi-roman
saale abe aalsee kutte,1,hi-roman
saale abe aalsee kutte hai,1,hi-roman
saale abe aalsee kutte ho,1,hi-roman
saale abe aalsee kutte hain,1,hi-roman
saale abe aalsee kutte aadmi,1,hi-roman
saale abe aalsee kutte insaan,1,hi-roman
saale abe aalsee kutte yaar,1,hi-roman
saale abe aalsee kutte bro,1,hi-roman
saale abe aalsee kutte bhai,1,hi-roman
saale abe aalsee kutte saale,1,hi-roman
tu abe alsi kutte,1,hi-roman
tu abe alsi kutte hai,1,hi-roman
tu abe alsi kutte ho,1,hi-roman
tu abe alsi kutte hain,1,hi-roman
tu abe alsi kutte aadmi,1,hi-roman
tu abe alsi kutte insaan,1,hi-roman
tu abe alsi kutte yaar,1,hi-roman
tu abe alsi kutte bro,1,hi-roman
tu abe alsi kutte bhai,1,hi-roman
tu abe alsi kutte saale,1,hi-roman
tum abe alsi kutte,1,hi-roman
tum abe alsi kutte hai,1,hi-roman
tum abe alsi kutte ho,1,hi-roman
tum abe alsi kutte hain,1,hi-roman
tum abe alsi kutte aadmi,1,hi-roman
tum abe alsi kutte insaan,1,hi-roman
tum abe alsi kutte yaar,1,hi-roman
tum abe alsi kutte bro,1,hi-roman
tum abe alsi kutte bhai,1,hi-roman
tum abe alsi kutte saale,1,hi-roman
abe abe alsi kutte,1,hi-roman
abe abe alsi kutte hai,1,hi-roman
abe abe alsi kutte ho,1,hi-roman
abe abe alsi kutte hain,1,hi-roman
abe abe alsi kutte aadmi,1,hi-roman
abe abe alsi kutte insaan,1,hi-roman
abe abe alsi kutte yaar,1,hi-roman
abe abe alsi kutte bro,1,hi-roman
abe abe alsi kutte bhai,1,hi-roman
abe abe alsi kutte saale,1,hi-roman
oye abe alsi kutte,1,hi-roman
oye abe alsi kutte hai,1,hi-roman
oye abe alsi kutte ho,1,hi-roman
oye abe alsi kutte hain,1,hi-roman
oye abe alsi kutte aadmi,1,hi-roman
oye abe alsi kutte insaan,1,hi-roman
oye abe alsi kutte yaar,1,hi-roman
oye abe alsi kutte bro,1,hi-roman
oye abe alsi kutte bhai,1,hi-roman
oye abe alsi kutte saale,1,hi-roman
are abe alsi kutte,1,hi-roman
are abe alsi kutte hai,1,hi-roman
are abe alsi kutte ho,1,hi-roman
are abe alsi kutte hain,1,hi-roman
are abe alsi kutte aadmi,1,hi-roman
are abe alsi kutte insaan,1,hi-roman
are abe alsi kutte yaar,1,hi-roman
are abe alsi kutte bro,1,hi-roman
are abe alsi kutte bhai,1,hi-roman
are abe alsi kutte saale,1,hi-roman
sun abe alsi kutte,1,hi-roman
sun abe alsi kutte hai,1,hi-roman
sun abe alsi kutte ho,1,hi-roman
sun abe alsi kutte hain,1,hi-roman
sun abe alsi kutte aadmi,1,hi-roman
sun abe alsi kutte insaan,1,hi-roman
sun abe alsi kutte yaar,1,hi-roman
sun abe alsi kutte bro,1,hi-roman
sun abe alsi kutte bhai,1,hi-roman
sun abe alsi kutte saale,1,hi-roman
dekh abe alsi kutte,1,hi-roman
dekh abe alsi kutte hai,1,hi-roman
dekh abe alsi kutte ho,1,hi-roman
dekh abe alsi kutte hain,1,hi-roman
dekh abe alsi kutte aadmi,1,hi-roman
dekh abe alsi kutte insaan,1,hi-roman
dekh abe alsi kutte yaar,1,hi-roman
dekh abe alsi kutte bro,1,hi-roman
dekh abe alsi kutte bhai,1,hi-roman
dekh abe alsi kutte saale,1,hi-roman
bhai abe alsi kutte,1,hi-roman
bhai abe alsi kutte hai,1,hi-roman
bhai abe alsi kutte ho,1,hi-roman
bhai abe alsi kutte hain,1,hi-roman
bhai abe alsi kutte aadmi,1,hi-roman
bhai abe alsi kutte insaan,1,hi-roman
bhai abe alsi kutte yaar,1,hi-roman
bhai abe alsi kutte bro,1,hi-roman
bhai abe alsi kutte bhai,1,hi-roman
bhai abe alsi kutte saale,1,hi-roman
saale abe alsi kutte,1,hi-roman
saale abe alsi kutte hai,1,hi-roman
saale abe alsi kutte ho,1,hi-roman
saale abe alsi kutte hain,1,hi-roman
saale abe alsi kutte aadmi,1,hi-roman
saale abe alsi kutte insaan,1,hi-roman
saale abe alsi kutte yaar,1,hi-roman
saale abe alsi kutte bro,1,hi-roman
saale abe alsi kutte bhai,1,hi-roman
saale abe alsi kutte saale,1,hi-roman
tu abe alsi sale,1,hi-roman
tu abe alsi sale hai,1,hi-roman
tu abe alsi sale ho,1,hi-roman
tu abe alsi sale hain,1,hi-roman
tu abe alsi sale aadmi,1,hi-roman
tu abe alsi sale insaan,1,hi-roman
tu abe alsi sale yaar,1,hi-roman
tu abe alsi sale bro,1,hi-roman
tu abe alsi sale bhai,1,hi-roman
tu abe alsi sale saale,1,hi-roman
tum abe alsi sale,1,hi-roman
tum abe alsi sale hai,1,hi-roman
tum abe alsi sale ho,1,hi-roman
tum abe alsi sale hain,1,hi-roman
tum abe alsi sale aadmi,1,hi-roman
tum abe alsi sale insaan,1,hi-roman
tum abe alsi sale yaar,1,hi-roman
tum abe alsi sale bro,1,hi-roman
tum abe alsi sale bhai,1,hi-roman
tum abe alsi sale saale,1,hi-roman
abe abe alsi sale,1,hi-roman
abe abe alsi sale hai,1,hi-roman
abe abe alsi sale ho,1,hi-roman
abe abe alsi sale hain,1,hi-roman
abe abe alsi sale aadmi,1,hi-roman
abe abe alsi sale insaan,1,hi-roman
abe abe alsi sale yaar,1,hi-roman
abe abe alsi sale bro,1,hi-roman
abe abe alsi sale bhai,1,hi-roman
abe abe alsi sale saale,1,hi-roman
oye abe alsi sale,1,hi-roman
oye abe alsi sale hai,1,hi-roman
oye abe alsi sale ho,1,hi-roman
oye abe alsi sale hain,1,hi-roman
oye abe alsi sale aadmi,1,hi-roman
oye abe alsi sale insaan,1,hi-roman
oye abe alsi sale yaar,1,hi-roman
oye abe alsi sale bro,1,hi-roman
oye abe alsi sale bhai,1,hi-roman
oye abe alsi sale saale,1,hi-roman
are abe alsi sale,1,hi-roman
are abe alsi sale hai,1,hi-roman
are abe alsi sale ho,1,hi-roman
are abe alsi sale hain,1,hi-roman
are abe alsi sale aadmi,1,hi-roman
are abe alsi sale insaan,1,hi-roman
are abe alsi sale yaar,1,hi-roman
are abe alsi sale bro,1,hi-roman
are abe alsi sale bhai,1,hi-roman
are abe alsi sale saale,1,hi-roman
sun abe alsi sale,1,hi-roman
sun abe alsi sale hai,1,hi-roman
sun abe alsi sale ho,1,hi-roman
sun abe alsi sale hain,1,hi-roman
sun abe alsi sale aadmi,1,hi-roman
sun abe alsi sale insaan,1,hi-roman
sun abe alsi sale yaar,1,hi-roman
sun abe alsi sale bro,1,hi-roman
sun abe alsi sale bhai,1,hi-roman
sun abe alsi sale saale,1,hi-roman
dekh abe alsi sale,1,hi-roman
dekh abe alsi sale hai,1,hi-roman
dekh abe alsi sale ho,1,hi-roman
dekh abe alsi sale hain,1,hi-roman
dekh abe alsi sale aadmi,1,hi-roman
dekh abe alsi sale insaan,1,hi-roman
dekh abe alsi sale yaar,1,hi-roman
dekh abe alsi sale bro,1,hi-roman
dekh abe alsi sale bhai,1,hi-roman
dekh abe alsi sale saale,1,hi-roman
bhai abe alsi sale,1,hi-roman
bhai abe alsi sale hai,1,hi-roman
bhai abe alsi sale ho,1,hi-roman
bhai abe alsi sale hain,1,hi-roman
bhai abe alsi sale aadmi,1,hi-roman
bhai abe alsi sale insaan,1,hi-roman
bhai abe alsi sale yaar,1,hi-roman
bhai abe alsi sale bro,1,hi-roman
bhai abe alsi sale bhai,1,hi-roman
bhai abe alsi sale saale,1,hi-roman
saale abe alsi sale,1,hi-roman
saale abe alsi sale hai,1,hi-roman
saale abe alsi sale ho,1,hi-roman
saale abe alsi sale hain,1,hi-roman
saale abe alsi sale aadmi,1,hi-roman
saale abe alsi sale insaan,1,hi-roman
saale abe alsi sale yaar,1,hi-roman
saale abe alsi sale bro,1,hi-roman
saale abe alsi sale bhai,1,hi-roman
saale abe alsi sale saale,1,hi-roman
aabe aaaalsi saaaale,1,hi-roman
aabe aaaalsi saaaale hai,1,hi-roman
aabe aaaalsi saaaale ho,1,hi-roman
aabe aaaalsi saaaale hain,1,hi-roman
aabe aaaalsi saaaale aadmi,1,hi-roman
aabe aaaalsi saaaale insaan,1,hi-roman
aabe aaaalsi saaaale yaar,1,hi-roman
aabe aaaalsi saaaale bro,1,hi-roman
aabe aaaalsi saaaale bhai,1,hi-roman
aabe aaaalsi saaaale saale,1,hi-roman
tu aabe aaaalsi saaaale,1,hi-roman
tu aabe aaaalsi saaaale hai,1,hi-roman
tu aabe aaaalsi saaaale ho,1,hi-roman
tu aabe aaaalsi saaaale hain,1,hi-roman
tu aabe aaaalsi saaaale aadmi,1,hi-roman
tu aabe aaaalsi saaaale insaan,1,hi-roman
tu aabe aaaalsi saaaale yaar,1,hi-roman
tu aabe aaaalsi saaaale bro,1,hi-roman
tu aabe aaaalsi saaaale bhai,1,hi-roman
tu aabe aaaalsi saaaale saale,1,hi-roman
tum aabe aaaalsi saaaale,1,hi-roman
tum aabe aaaalsi saaaale hai,1,hi-roman
tum aabe aaaalsi saaaale ho,1,hi-roman
tum aabe aaaalsi saaaale hain,1,hi-roman
tum aabe aaaalsi saaaale aadmi,1,hi-roman
tum aabe aaaalsi saaaale insaan,1,hi-roman
tum aabe aaaalsi saaaale yaar,1,hi-roman
tum aabe aaaalsi saaaale bro,1,hi-roman
tum aabe aaaalsi saaaale bhai,1,hi-roman
tum aabe aaaalsi saaaale saale,1,hi-roman
abe aabe aaaalsi saaaale,1,hi-roman
abe aabe aaaalsi saaaale hai,1,hi-roman
abe aabe aaaalsi saaaale ho,1,hi-roman
abe aabe aaaalsi saaaale hain,1,hi-roman
abe aabe aaaalsi saaaale aadmi,1,hi-roman
abe aabe aaaalsi saaaale insaan,1,hi-roman
abe aabe aaaalsi saaaale yaar,1,hi-roman
abe aabe aaaalsi saaaale bro,1,hi-roman
abe aabe aaaalsi saaaale bhai,1,hi-roman
abe aabe aaaalsi saaaale saale,1,hi-roman
oye aabe aaaalsi saaaale,1,hi-roman
oye aabe aaaalsi saaaale hai,1,hi-roman
oye aabe aaaalsi saaaale ho,1,hi-roman
oye aabe aaaalsi saaaale hain,1,hi-roman
oye aabe aaaalsi saaaale aadmi,1,hi-roman
oye aabe aaaalsi saaaale insaan,1,hi-roman
oye aabe aaaalsi saaaale yaar,1,hi-roman
oye aabe aaaalsi saaaale bro,1,hi-roman
oye aabe aaaalsi saaaale bhai,1,hi-roman
oye aabe aaaalsi saaaale saale,1,hi-roman
are aabe aaaalsi saaaale,1,hi-roman
are aabe aaaalsi saaaale hai,1,hi-roman
are aabe aaaalsi saaaale ho,1,hi-roman
are aabe aaaalsi saaaale hain,1,hi-roman
are aabe aaaalsi saaaale aadmi,1,hi-roman
are aabe aaaalsi saaaale insaan,1,hi-roman
are aabe aaaalsi saaaale yaar,1,hi-roman
are aabe aaaalsi saaaale bro,1,hi-roman
are aabe aaaalsi saaaale bhai,1,hi-roman
are aabe aaaalsi saaaale saale,1,hi-roman
sun aabe aaaalsi saaaale,1,hi-roman
sun aabe aaaalsi saaaale hai,1,hi-roman
sun aabe aaaalsi saaaale ho,1,hi-roman
sun aabe aaaalsi saaaale hain,1,hi-roman
sun aabe aaaalsi saaaale aadmi,1,hi-roman
sun aabe aaaalsi saaaale insaan,1,hi-roman
sun aabe aaaalsi saaaale yaar,1,hi-roman
sun aabe aaaalsi saaaale bro,1,hi-roman
sun aabe aaaalsi saaaale bhai,1,hi-roman
sun aabe aaaalsi saaaale saale,1,hi-roman
dekh aabe aaaalsi saaaale,1,hi-roman
dekh aabe aaaalsi saaaale hai,1,hi-roman
dekh aabe aaaalsi saaaale ho,1,hi-roman
dekh aabe aaaalsi saaaale hain,1,hi-roman
dekh aabe aaaalsi saaaale aadmi,1,hi-roman
dekh aabe aaaalsi saaaale insaan,1,hi-roman
dekh aabe aaaalsi saaaale yaar,1,hi-roman
dekh aabe aaaalsi saaaale bro,1,hi-roman
dekh aabe aaaalsi saaaale bhai,1,hi-roman
dekh aabe aaaalsi saaaale saale,1,hi-roman
bhai aabe aaaalsi saaaale,1,hi-roman
bhai aabe aaaalsi saaaale hai,1,hi-roman
bhai aabe aaaalsi saaaale ho,1,hi-roman
bhai aabe aaaalsi saaaale hain,1,hi-roman
bhai aabe aaaalsi saaaale aadmi,1,hi-roman
bhai aabe aaaalsi saaaale insaan,1,hi-roman
bhai aabe aaaalsi saaaale yaar,1,hi-roman
bhai aabe aaaalsi saaaale bro,1,hi-roman
bhai aabe aaaalsi saaaale bhai,1,hi-roman
bhai aabe aaaalsi saaaale saale,1,hi-roman
saale aabe aaaalsi saaaale,1,hi-roman
saale aabe aaaalsi saaaale hai,1,hi-roman
saale aabe aaaalsi saaaale ho,1,hi-roman
saale aabe aaaalsi saaaale hain,1,hi-roman
saale aabe aaaalsi saaaale aadmi,1,hi-roman
saale aabe aaaalsi saaaale insaan,1,hi-roman
saale aabe aaaalsi saaaale yaar,1,hi-roman
saale aabe aaaalsi saaaale bro,1,hi-roman
saale aabe aaaalsi saaaale bhai,1,hi-roman
saale aabe aaaalsi saaaale saale,1,hi-roman
tu abe aalsi saale hai,1,hi-roman
tu abe aalsi saale ho,1,hi-roman
tu abe aalsi saale hain,1,hi-roman
tu abe aalsi saale aadmi,1,hi-roman
tu abe aalsi saale insaan,1,hi-roman
tu abe aalsi saale yaar,1,hi-roman
tu abe aalsi saale bro,1,hi-roman
tu abe aalsi saale bhai,1,hi-roman
tu abe aalsi saale saale,1,hi-roman
tum abe aalsi saale hai,1,hi-roman
tum abe aalsi saale ho,1,hi-roman
tum abe aalsi saale hain,1,hi-roman
tum abe aalsi saale aadmi,1,hi-roman
tum abe aalsi saale insaan,1,hi-roman
tum abe aalsi saale yaar,1,hi-roman
tum abe aalsi saale bro,1,hi-roman
tum abe aalsi saale bhai,1,hi-roman
tum abe aalsi saale saale,1,hi-roman
abe abe aalsi saale hai,1,hi-roman
abe abe aalsi saale ho,1,hi-roman
abe abe aalsi saale hain,1,hi-roman
abe abe aalsi saale aadmi,1,hi-roman
abe abe aalsi saale insaan,1,hi-roman
abe abe aalsi saale yaar,1,hi-roman
abe abe aalsi saale bro,1,hi-roman
abe abe aalsi saale bhai,1,hi-roman
abe abe aalsi saale saale,1,hi-roman
oye abe aalsi saale hai,1,hi-roman
oye abe aalsi saale ho,1,hi-roman
oye abe aalsi saale hain,1,hi-roman
oye abe aalsi saale aadmi,1,hi-roman
oye abe aalsi saale insaan,1,hi-roman
oye abe aalsi saale yaar,1,hi-roman
oye abe aalsi saale bro,1,hi-roman
oye abe aalsi saale bhai,1,hi-roman
oye abe aalsi saale saale,1,hi-roman
are abe aalsi saale hai,1,hi-roman
are abe aalsi saale ho,1,hi-roman
are abe aalsi saale hain,1,hi-roman
are abe aalsi saale aadmi,1,hi-roman
are abe aalsi saale insaan,1,hi-roman
are abe aalsi saale yaar,1,hi-roman
are abe aalsi saale bro,1,hi-roman
are abe aalsi saale bhai,1,hi-roman
are abe aalsi saale saale,1,hi-roman
sun abe aalsi saale hai,1,hi-roman
sun abe aalsi saale ho,1,hi-roman
sun abe aalsi saale hain,1,hi-roman
sun abe aalsi saale aadmi,1,hi-roman
sun abe aalsi saale insaan,1,hi-roman
sun abe aalsi saale yaar,1,hi-roman
sun abe aalsi saale bro,1,hi-roman
sun abe aalsi saale bhai,1,hi-roman
sun abe aalsi saale saale,1,hi-roman
dekh abe aalsi saale hai,1,hi-roman
dekh abe aalsi saale ho,1,hi-roman
dekh abe aalsi saale hain,1,hi-roman
dekh abe aalsi saale aadmi,1,hi-roman
dekh abe aalsi saale insaan,1,hi-roman
dekh abe aalsi saale yaar,1,hi-roman
dekh abe aalsi saale bro,1,hi-roman
dekh abe aalsi saale bhai,1,hi-roman
dekh abe aalsi saale saale,1,hi-roman
bhai abe aalsi saale hai,1,hi-roman
bhai abe aalsi saale ho,1,hi-roman
bhai abe aalsi saale hain,1,hi-roman
bhai abe aalsi saale aadmi,1,hi-roman
bhai abe aalsi saale insaan,1,hi-roman
bhai abe aalsi saale yaar,1,hi-roman
bhai abe aalsi saale bro,1,hi-roman
bhai abe aalsi saale bhai,1,hi-roman
bhai abe aalsi saale saale,1,hi-roman
saale abe aalsi saale hai,1,hi-roman
saale abe aalsi saale ho,1,hi-roman
saale abe aalsi saale hain,1,hi-roman
saale abe aalsi saale aadmi,1,hi-roman
saale abe aalsi saale insaan,1,hi-roman
saale abe aalsi saale yaar,1,hi-roman
saale abe aalsi saale bro,1,hi-roman
saale abe aalsi saale bhai,1,hi-roman
saale abe aalsi saale saale,1,hi-roman
tu abe aalsee saale hai,1,hi-roman
tu abe aalsee saale ho,1,hi-roman
tu abe aalsee saale hain,1,hi-roman
tu abe aalsee saale aadmi,1,hi-roman
tu abe aalsee saale insaan,1,hi-roman
tu abe aalsee saale yaar,1,hi-roman
tu abe aalsee saale bro,1,hi-roman
tu abe aalsee saale bhai,1,hi-roman
tu abe aalsee saale saale,1,hi-roman
tum abe aalsee saale hai,1,hi-roman
tum abe aalsee saale ho,1,hi-roman
tum abe aalsee saale hain,1,hi-roman
tum abe aalsee saale aadmi,1,hi-roman
tum abe aalsee saale insaan,1,hi-roman
tum abe aalsee saale yaar,1,hi-roman
tum abe aalsee saale bro,1,hi-roman
tum abe aalsee saale bhai,1,hi-roman
tum abe aalsee saale saale,1,hi-roman
abe abe aalsee saale hai,1,hi-roman
abe abe aalsee saale ho,1,hi-roman
abe abe aalsee saale hain,1,hi-roman
abe abe aalsee saale aadmi,1,hi-roman
abe abe aalsee saale insaan,1,hi-roman
abe abe aalsee saale yaar,1,hi-roman
abe abe aalsee saale bro,1,hi-roman
abe abe aalsee saale bhai,1,hi-roman
abe abe aalsee saale saale,1,hi-roman
oye abe aalsee saale hai,1,hi-roman
oye abe aalsee saale ho,1,hi-roman
oye abe aalsee saale hain,1,hi-roman
oye abe aalsee saale aadmi,1,hi-roman
oye abe aalsee saale insaan,1,hi-roman
oye abe aalsee saale yaar,1,hi-roman
oye abe aalsee saale bro,1,hi-roman
oye abe aalsee saale bhai,1,hi-roman
oye abe aalsee saale saale,1,hi-roman
are abe aalsee saale hai,1,hi-roman
are abe aalsee saale ho,1,hi-roman
are abe aalsee saale hain,1,hi-roman
are abe aalsee saale aadmi,1,hi-roman
are abe aalsee saale insaan,1,hi-roman
are abe aalsee saale yaar,1,hi-roman
are abe aalsee saale bro,1,hi-roman
are abe aalsee saale bhai,1,hi-roman
are abe aalsee saale saale,1,hi-roman
sun abe aalsee saale hai,1,hi-roman
sun abe aalsee saale ho,1,hi-roman
sun abe aalsee saale hain,1,hi-roman
sun abe aalsee saale aadmi,1,hi-roman
sun abe aalsee saale insaan,1,hi-roman
sun abe aalsee saale yaar,1,hi-roman
sun abe aalsee saale bro,1,hi-roman
sun abe aalsee saale bhai,1,hi-roman
sun abe aalsee saale saale,1,hi-roman
dekh abe aalsee saale hai,1,hi-roman
dekh abe aalsee saale ho,1,hi-roman
dekh abe aalsee saale hain,1,hi-roman
dekh abe aalsee saale aadmi,1,hi-roman
dekh abe aalsee saale insaan,1,hi-roman
dekh abe aalsee saale yaar,1,hi-roman
dekh abe aalsee saale bro,1,hi-roman
dekh abe aalsee saale bhai,1,hi-roman
dekh abe aalsee saale saale,1,hi-roman
bhai abe aalsee saale hai,1,hi-roman
bhai abe aalsee saale ho,1,hi-roman
bhai abe aalsee saale hain,1,hi-roman
bhai abe aalsee saale aadmi,1,hi-roman
bhai abe aalsee saale insaan,1,hi-roman
bhai abe aalsee saale yaar,1,hi-roman
bhai abe aalsee saale bro,1,hi-roman
bhai abe aalsee saale bhai,1,hi-roman
bhai abe aalsee saale saale,1,hi-roman
saale abe aalsee saale hai,1,hi-roman
saale abe aalsee saale ho,1,hi-roman
saale abe aalsee saale hain,1,hi-roman
saale abe aalsee saale aadmi,1,hi-roman
saale abe aalsee saale insaan,1,hi-roman
saale abe aalsee saale yaar,1,hi-roman
saale abe aalsee saale bro,1,hi-roman
saale abe aalsee saale bhai,1,hi-roman
saale abe aalsee saale saale,1,hi-roman
aabe aaaalsi thaa,1,hi-roman
aabe aaaalsi thaa hai,1,hi-roman
aabe aaaalsi thaa ho,1,hi-roman
aabe aaaalsi thaa hain,1,hi-roman
aabe aaaalsi thaa aadmi,1,hi-roman
aabe aaaalsi thaa insaan,1,hi-roman
aabe aaaalsi thaa yaar,1,hi-roman
aabe aaaalsi thaa bro,1,hi-roman
aabe aaaalsi thaa bhai,1,hi-roman
aabe aaaalsi thaa saale,1,hi-roman
tu aabe aaaalsi thaa,1,hi-roman
tu aabe aaaalsi thaa hai,1,hi-roman
tu aabe aaaalsi thaa ho,1,hi-roman
tu aabe aaaalsi thaa hain,1,hi-roman
tu aabe aaaalsi thaa aadmi,1,hi-roman
tu aabe aaaalsi thaa insaan,1,hi-roman
tu aabe aaaalsi thaa yaar,1,hi-roman
tu aabe aaaalsi thaa bro,1,hi-roman
tu aabe aaaalsi thaa bhai,1,hi-roman
tu aabe aaaalsi thaa saale,1,hi-roman
tum aabe aaaalsi thaa,1,hi-roman
tum aabe aaaalsi thaa hai,1,hi-roman
tum aabe aaaalsi thaa ho,1,hi-roman
tum aabe aaaalsi thaa hain,1,hi-roman
tum aabe aaaalsi thaa aadmi,1,hi-roman
tum aabe aaaalsi thaa insaan,1,hi-roman
tum aabe aaaalsi thaa yaar,1,hi-roman
tum aabe aaaalsi thaa bro,1,hi-roman
tum aabe aaaalsi thaa bhai,1,hi-roman
tum aabe aaaalsi thaa saale,1,hi-roman
abe aabe aaaalsi thaa,1,hi-roman
abe aabe aaaalsi thaa hai,1,hi-roman
abe aabe aaaalsi thaa ho,1,hi-roman
abe aabe aaaalsi thaa hain,1,hi-roman
abe aabe aaaalsi thaa aadmi,1,hi-roman
abe aabe aaaalsi thaa insaan,1,hi-roman
abe aabe aaaalsi thaa yaar,1,hi-roman
abe aabe aaaalsi thaa bro,1,hi-roman
abe aabe aaaalsi thaa bhai,1,hi-roman
abe aabe aaaalsi thaa saale,1,hi-roman
oye aabe aaaalsi thaa,1,hi-roman
oye aabe aaaalsi thaa hai,1,hi-roman
oye aabe aaaalsi thaa ho,1,hi-roman
oye aabe aaaalsi thaa hain,1,hi-roman
oye aabe aaaalsi thaa aadmi,1,hi-roman
oye aabe aaaalsi thaa insaan,1,hi-roman
oye aabe aaaalsi thaa yaar,1,hi-roman
oye aabe aaaalsi thaa bro,1,hi-roman
oye aabe aaaalsi thaa bhai,1,hi-roman
oye aabe aaaalsi thaa saale,1,hi-roman
are aabe aaaalsi thaa,1,hi-roman
are aabe aaaalsi thaa hai,1,hi-roman
are aabe aaaalsi thaa ho,1,hi-roman
are aabe aaaalsi thaa hain,1,hi-roman
are aabe aaaalsi thaa aadmi,1,hi-roman
are aabe aaaalsi thaa insaan,1,hi-roman
are aabe aaaalsi thaa yaar,1,hi-roman
are aabe aaaalsi thaa bro,1,hi-roman
are aabe aaaalsi thaa bhai,1,hi-roman
are aabe aaaalsi thaa saale,1,hi-roman
sun aabe aaaalsi thaa,1,hi-roman
sun aabe aaaalsi thaa hai,1,hi-roman
sun aabe aaaalsi thaa ho,1,hi-roman
sun aabe aaaalsi thaa hain,1,hi-roman
sun aabe aaaalsi thaa aadmi,1,hi-roman
sun aabe aaaalsi thaa insaan,1,hi-roman
sun aabe aaaalsi thaa yaar,1,hi-roman
sun aabe aaaalsi thaa bro,1,hi-roman
sun aabe aaaalsi thaa bhai,1,hi-roman
sun aabe aaaalsi thaa saale,1,hi-roman
dekh aabe aaaalsi thaa,1,hi-roman
dekh aabe aaaalsi thaa hai,1,hi-roman
dekh aabe aaaalsi thaa ho,1,hi-roman
dekh aabe aaaalsi thaa hain,1,hi-roman
dekh aabe aaaalsi thaa aadmi,1,hi-roman
dekh aabe aaaalsi thaa insaan,1,hi-roman
dekh aabe aaaalsi thaa yaar,1,hi-roman
dekh aabe aaaalsi thaa bro,1,hi-roman
dekh aabe aaaalsi thaa bhai,1,hi-roman
dekh aabe aaaalsi thaa saale,1,hi-roman
bhai aabe aaaalsi thaa,1,hi-roman
bhai aabe aaaalsi thaa hai,1,hi-roman
bhai aabe aaaalsi thaa ho,1,hi-roman
bhai aabe aaaalsi thaa hain,1,hi-roman
bhai aabe aaaalsi thaa aadmi,1,hi-roman
bhai aabe aaaalsi thaa insaan,1,hi-roman
bhai aabe aaaalsi thaa yaar,1,hi-roman
bhai aabe aaaalsi thaa bro,1,hi-roman
bhai aabe aaaalsi thaa bhai,1,hi-roman
bhai aabe aaaalsi thaa saale,1,hi-roman
saale aabe aaaalsi thaa,1,hi-roman
saale aabe aaaalsi thaa hai,1,hi-roman
saale aabe aaaalsi thaa ho,1,hi-roman
saale aabe aaaalsi thaa hain,1,hi-roman
saale aabe aaaalsi thaa aadmi,1,hi-roman
saale aabe aaaalsi thaa insaan,1,hi-roman
saale aabe aaaalsi thaa yaar,1,hi-roman
saale aabe aaaalsi thaa bro,1,hi-roman
saale aabe aaaalsi thaa bhai,1,hi-roman
saale aabe aaaalsi thaa saale,1,hi-roman
tu abe alsi tha,1,hi-roman
tu abe alsi tha hai,1,hi-roman
tu abe alsi tha ho,1,hi-roman
tu abe alsi tha hain,1,hi-roman
tu abe alsi tha aadmi,1,hi-roman
tu abe alsi tha insaan,1,hi-roman
tu abe alsi tha yaar,1,hi-roman
tu abe alsi tha bro,1,hi-roman
tu abe alsi tha bhai,1,hi-roman
tu abe alsi tha saale,1,hi-roman
tum abe alsi tha,1,hi-roman
tum abe alsi tha hai,1,hi-roman
tum abe alsi tha ho,1,hi-roman
tum abe alsi tha hain,1,hi-roman
tum abe alsi tha aadmi,1,hi-roman
tum abe alsi tha insaan,1,hi-roman
tum abe alsi tha yaar,1,hi-roman
tum abe alsi tha bro,1,hi-roman
tum abe alsi tha bhai,1,hi-roman
tum abe alsi tha saale,1,hi-roman
abe abe alsi tha,1,hi-roman
abe abe alsi tha hai,1,hi-roman
abe abe alsi tha ho,1,hi-roman
abe abe alsi tha hain,1,hi-roman
abe abe alsi tha aadmi,1,hi-roman
abe abe alsi tha insaan,1,hi-roman
abe abe alsi tha yaar,1,hi-roman
abe abe alsi tha bro,1,hi-roman
abe abe alsi tha bhai,1,hi-roman
abe abe alsi tha saale,1,hi-roman
oye abe alsi tha,1,hi-roman
oye abe alsi tha hai,1,hi-roman
oye abe alsi tha ho,1,hi-roman
oye abe alsi tha hain,1,hi-roman
oye abe alsi tha aadmi,1,hi-roman
oye abe alsi tha insaan,1,hi-roman
oye abe alsi tha yaar,1,hi-roman
oye abe alsi tha bro,1,hi-roman
oye abe alsi tha bhai,1,hi-roman
oye abe alsi tha saale,1,hi-roman
are abe alsi tha,1,hi-roman
are abe alsi tha hai,1,hi-roman
are abe alsi tha ho,1,hi-roman
are abe alsi tha hain,1,hi-roman
are abe alsi tha aadmi,1,hi-roman
are abe alsi tha insaan,1,hi-roman
are abe alsi tha yaar,1,hi-roman
are abe alsi tha bro,1,hi-roman
are abe alsi tha bhai,1,hi-roman
are abe alsi tha saale,1,hi-roman
sun abe alsi tha,1,hi-roman
sun abe alsi tha hai,1,hi-roman
sun abe alsi tha ho,1,hi-roman
sun abe alsi tha hain,1,hi-roman
sun abe alsi tha aadmi,1,hi-roman
sun abe alsi tha insaan,1,hi-roman
sun abe alsi tha yaar,1,hi-roman
sun abe alsi tha bro,1,hi-roman
sun abe alsi tha bhai,1,hi-roman
sun abe alsi tha saale,1,hi-roman
dekh abe alsi tha,1,hi-roman
dekh abe alsi tha hai,1,hi-roman
dekh abe alsi tha ho,1,hi-roman
dekh abe alsi tha hain,1,hi-roman
dekh abe alsi tha aadmi,1,hi-roman
dekh abe alsi tha insaan,1,hi-roman
dekh abe alsi tha yaar,1,hi-roman
dekh abe alsi tha bro,1,hi-roman
dekh abe alsi tha bhai,1,hi-roman
dekh abe alsi tha saale,1,hi-roman
bhai abe alsi tha,1,hi-roman
bhai abe alsi tha hai,1,hi-roman
bhai abe alsi tha ho,1,hi-roman
bhai abe alsi tha hain,1,hi-roman
bhai abe alsi tha aadmi,1,hi-roman
bhai abe alsi tha insaan,1,hi-roman
bhai abe alsi tha yaar,1,hi-roman
bhai abe alsi tha bro,1,hi-roman
bhai abe alsi tha bhai,1,hi-roman
bhai abe alsi tha saale,1,hi-roman
saale abe alsi tha,1,hi-roman
saale abe alsi tha hai,1,hi-roman
saale abe alsi tha ho,1,hi-roman
saale abe alsi tha hain,1,hi-roman
saale abe alsi tha aadmi,1,hi-roman
saale abe alsi tha insaan,1,hi-roman
saale abe alsi tha yaar,1,hi-roman
saale abe alsi tha bro,1,hi-roman
saale abe alsi tha bhai,1,hi-roman
saale abe alsi tha saale,1,hi-roman
tu abe aalsi tha,1,hi-roman
tu abe aalsi tha hai,1,hi-roman
tu abe aalsi tha ho,1,hi-roman
tu abe aalsi tha hain,1,hi-roman
tu abe aalsi tha aadmi,1,hi-roman
tu abe aalsi tha insaan,1,hi-roman
tu abe aalsi tha yaar,1,hi-roman
tu abe aalsi tha bro,1,hi-roman
tu abe aalsi tha bhai,1,hi-roman
tu abe aalsi tha saale,1,hi-roman
tum abe aalsi tha,1,hi-roman
tum abe aalsi tha hai,1,hi-roman
tum abe aalsi tha ho,1,hi-roman
tum abe aalsi tha hain,1,hi-roman
tum abe aalsi tha aadmi,1,hi-roman
tum abe aalsi tha insaan,1,hi-roman
tum abe aalsi tha yaar,1,hi-roman
tum abe aalsi tha bro,1,hi-roman
tum abe aalsi tha bhai,1,hi-roman
tum abe aalsi tha saale,1,hi-roman
abe abe aalsi tha,1,hi-roman
abe abe aalsi tha hai,1,hi-roman
abe abe aalsi tha ho,1,hi-roman
abe abe aalsi tha hain,1,hi-roman
abe abe aalsi tha aadmi,1,hi-roman
abe abe aalsi tha insaan,1,hi-roman
abe abe aalsi tha yaar,1,hi-roman
abe abe aalsi tha bro,1,hi-roman
abe abe aalsi tha bhai,1,hi-roman
abe abe aalsi tha saale,1,hi-roman
oye abe aalsi tha,1,hi-roman
oye abe aalsi tha hai,1,hi-roman
oye abe aalsi tha ho,1,hi-roman
oye abe aalsi tha hain,1,hi-roman
oye abe aalsi tha aadmi,1,hi-roman
oye abe aalsi tha insaan,1,hi-roman
oye abe aalsi tha yaar,1,hi-roman
oye abe aalsi tha bro,1,hi-roman
oye abe aalsi tha bhai,1,hi-roman
oye abe aalsi tha saale,1,hi-roman
are abe aalsi tha,1,hi-roman
are abe aalsi tha hai,1,hi-roman
are abe aalsi tha ho,1,hi-roman
are abe aalsi tha hain,1,hi-roman
are abe aalsi tha aadmi,1,hi-roman
are abe aalsi tha insaan,1,hi-roman
are abe aalsi tha yaar,1,hi-roman
are abe aalsi tha bro,1,hi-roman
are abe aalsi tha bhai,1,hi-roman
are abe aalsi tha saale,1,hi-roman
sun abe aalsi tha,1,hi-roman
sun abe aalsi tha hai,1,hi-roman
sun abe aalsi tha ho,1,hi-roman
sun abe aalsi tha hain,1,hi-roman
sun abe aalsi tha aadmi,1,hi-roman
sun abe aalsi tha insaan,1,hi-roman
sun abe aalsi tha yaar,1,hi-roman
sun abe aalsi tha bro,1,hi-roman
sun abe aalsi tha bhai,1,hi-roman
sun abe aalsi tha saale,1,hi-roman
dekh abe aalsi tha,1,hi-roman
dekh abe aalsi tha hai,1,hi-roman
dekh abe aalsi tha ho,1,hi-roman
dekh abe aalsi tha hain,1,hi-roman
dekh abe aalsi tha aadmi,1,hi-roman
dekh abe aalsi tha insaan,1,hi-roman
dekh abe aalsi tha yaar,1,hi-roman
dekh abe aalsi tha bro,1,hi-roman
dekh abe aalsi tha bhai,1,hi-roman
dekh abe aalsi tha saale,1,hi-roman
bhai abe aalsi tha,1,hi-roman
bhai abe aalsi tha hai,1,hi-roman
bhai abe aalsi tha ho,1,hi-roman
bhai abe aalsi tha hain,1,hi-roman
bhai abe aalsi tha aadmi,1,hi-roman
bhai abe aalsi tha insaan,1,hi-roman
bhai abe aalsi tha yaar,1,hi-roman
bhai abe aalsi tha bro,1,hi-roman
bhai abe aalsi tha bhai,1,hi-roman
bhai abe aalsi tha saale,1,hi-roman
saale abe aalsi tha,1,hi-roman
saale abe aalsi tha hai,1,hi-roman
saale abe aalsi tha ho,1,hi-roman
saale abe aalsi tha hain,1,hi-roman
saale abe aalsi tha aadmi,1,hi-roman
saale abe aalsi tha insaan,1,hi-roman
saale abe aalsi tha yaar,1,hi-roman
saale abe aalsi tha bro,1,hi-roman
saale abe aalsi tha bhai,1,hi-roman
saale abe aalsi tha saale,1,hi-roman
tu abe aalsee tha,1,hi-roman
tu abe aalsee tha hai,1,hi-roman
tu abe aalsee tha ho,1,hi-roman
tu abe aalsee tha hain,1,hi-roman
tu abe aalsee tha aadmi,1,hi-roman
tu abe aalsee tha insaan,1,hi-roman
tu abe aalsee tha yaar,1,hi-roman
tu abe aalsee tha bro,1,hi-roman
tu abe aalsee tha bhai,1,hi-roman
tu abe aalsee tha saale,1,hi-roman
tum abe aalsee tha,1,hi-roman
tum abe aalsee tha hai,1,hi-roman
tum abe aalsee tha ho,1,hi-roman
tum abe aalsee tha hain,1,hi-roman
tum abe aalsee tha aadmi,1,hi-roman
tum abe aalsee tha insaan,1,hi-roman
tum abe aalsee tha yaar,1,hi-roman
tum abe aalsee tha bro,1,hi-roman
tum abe aalsee tha bhai,1,hi-roman
tum abe aalsee tha saale,1,hi-roman
abe abe aalsee tha,1,hi-roman
abe abe aalsee tha hai,1,hi-roman
abe abe aalsee tha ho,1,hi-roman
abe abe aalsee tha hain,1,hi-roman
abe abe aalsee tha aadmi,1,hi-roman
abe abe aalsee tha insaan,1,hi-roman
abe abe aalsee tha yaar,1,hi-roman
abe abe aalsee tha bro,1,hi-roman
abe abe aalsee tha bhai,1,hi-roman
abe abe aalsee tha saale,1,hi-roman
oye abe aalsee tha,1,hi-roman
oye abe aalsee tha hai,1,hi-roman
oye abe aalsee tha ho,1,hi-roman
oye abe aalsee tha hain,1,hi-roman
oye abe aalsee tha aadmi,1,hi-roman
oye abe aalsee tha insaan,1,hi-roman
oye abe aalsee tha yaar,1,hi-roman
oye abe aalsee tha bro,1,hi-roman
oye abe aalsee tha bhai,1,hi-roman
oye abe aalsee tha saale,1,hi-roman
are abe aalsee tha,1,hi-roman
are abe aalsee tha hai,1,hi-roman
are abe aalsee tha ho,1,hi-roman
are abe aalsee tha hain,1,hi-roman
are abe aalsee tha aadmi,1,hi-roman
are abe aalsee tha insaan,1,hi-roman
are abe aalsee tha yaar,1,hi-roman
are abe aalsee tha bro,1,hi-roman
are abe aalsee tha bhai,1,hi-roman
are abe aalsee tha saale,1,hi-roman
sun abe aalsee tha,1,hi-roman
sun abe aalsee tha hai,1,hi-roman
sun abe aalsee tha ho,1,hi-roman
sun abe aalsee tha hain,1,hi-roman
sun abe aalsee tha aadmi,1,hi-roman
sun abe aalsee tha insaan,1,hi-roman
sun abe aalsee tha yaar,1,hi-roman
sun abe aalsee tha bro,1,hi-roman
sun abe aalsee tha bhai,1,hi-roman
sun abe aalsee tha saale,1,hi-roman
dekh abe aalsee tha,1,hi-roman
dekh abe aalsee tha hai,1,hi-roman
dekh abe aalsee tha ho,1,hi-roman
dekh abe aalsee tha hain,1,hi-roman
dekh abe aalsee tha aadmi,1,hi-roman
dekh abe aalsee tha insaan,1,hi-roman
dekh abe aalsee tha yaar,1,hi-roman
dekh abe aalsee tha bro,1,hi-roman
dekh abe aalsee tha bhai,1,hi-roman
dekh abe aalsee tha saale,1,hi-roman
bhai abe aalsee tha,1,hi-roman
bhai abe aalsee tha hai,1,hi-roman
bhai abe aalsee tha ho,1,hi-roman
bhai abe aalsee tha hain,1,hi-roman
bhai abe aalsee tha aadmi,1,hi-roman
bhai abe aalsee tha insaan,1,hi-roman
bhai abe aalsee tha yaar,1,hi-roman
bhai abe aalsee tha bro,1,hi-roman
bhai abe aalsee tha bhai,1,hi-roman
bhai abe aalsee tha saale,1,hi-roman
saale abe aalsee tha,1,hi-roman
saale abe aalsee tha hai,1,hi-roman
saale abe aalsee tha ho,1,hi-roman
saale abe aalsee tha hain,1,hi-roman
saale abe aalsee tha aadmi,1,hi-roman
saale abe aalsee tha insaan,1,hi-roman
saale abe aalsee tha yaar,1,hi-roman
saale abe aalsee tha bro,1,hi-roman
saale abe aalsee tha bhai,1,hi-roman
saale abe aalsee tha saale,1,hi-roman
tu abe alsi yar,1,hi-roman
tu abe alsi yar hai,1,hi-roman
tu abe alsi yar ho,1,hi-roman
tu abe alsi yar hain,1,hi-roman
tu abe alsi yar aadmi,1,hi-roman
tu abe alsi yar insaan,1,hi-roman
tu abe alsi yar yaar,1,hi-roman
tu abe alsi yar bro,1,hi-roman
tu abe alsi yar bhai,1,hi-roman
tu abe alsi yar saale,1,hi-roman
tum abe alsi yar,1,hi-roman
tum abe alsi yar hai,1,hi-roman
tum abe alsi yar ho,1,hi-roman
tum abe alsi yar hain,1,hi-roman
tum abe alsi yar aadmi,1,hi-roman
tum abe alsi yar insaan,1,hi-roman
tum abe alsi yar yaar,1,hi-roman
tum abe alsi yar bro,1,hi-roman
tum abe alsi yar bhai,1,hi-roman
tum abe alsi yar saale,1,hi-roman
abe abe alsi yar,1,hi-roman
abe abe alsi yar hai,1,hi-roman
abe abe alsi yar ho,1,hi-roman
abe abe alsi yar hain,1,hi-roman
abe abe alsi yar aadmi,1,hi-roman
abe abe alsi yar insaan,1,hi-roman
abe abe alsi yar yaar,1,hi-roman
abe abe alsi yar bro,1,hi-roman
abe abe alsi yar bhai,1,hi-roman
abe abe alsi yar saale,1,hi-roman
oye abe alsi yar,1,hi-roman
oye abe alsi yar hai,1,hi-roman
oye abe alsi yar ho,1,hi-roman
oye abe alsi yar hain,1,hi-roman
oye abe alsi yar aadmi,1,hi-roman
oye abe alsi yar insaan,1,hi-roman
oye abe alsi yar yaar,1,hi-roman
oye abe alsi yar bro,1,hi-roman
oye abe alsi yar bhai,1,hi-roman
oye abe alsi yar saale,1,hi-roman
are abe alsi yar,1,hi-roman
are abe alsi yar hai,1,hi-roman
are abe alsi yar ho,1,hi-roman
are abe alsi yar hain,1,hi-roman
are abe alsi yar aadmi,1,hi-roman
are abe alsi yar insaan,1,hi-roman
are abe alsi yar yaar,1,hi-roman
are abe alsi yar bro,1,hi-roman
are abe alsi yar bhai,1,hi-roman
are abe alsi yar saale,1,hi-roman
sun abe alsi yar,1,hi-roman
sun abe alsi yar hai,1,hi-roman
sun abe alsi yar ho,1,hi-roman
sun abe alsi yar hain,1,hi-roman
sun abe alsi yar aadmi,1,hi-roman
sun abe alsi yar insaan,1,hi-roman
sun abe alsi yar yaar,1,hi-roman
sun abe alsi yar bro,1,hi-roman
sun abe alsi yar bhai,1,hi-roman
sun abe alsi yar saale,1,hi-roman
dekh abe alsi yar,1,hi-roman
dekh abe alsi yar hai,1,hi-roman
dekh abe alsi yar ho,1,hi-roman
dekh abe alsi yar hain,1,hi-roman
dekh abe alsi yar aadmi,1,hi-roman
dekh abe alsi yar insaan,1,hi-roman
dekh abe alsi yar yaar,1,hi-roman
dekh abe alsi yar bro,1,hi-roman
dekh abe alsi yar bhai,1,hi-roman
dekh abe alsi yar saale,1,hi-roman
bhai abe alsi yar,1,hi-roman
bhai abe alsi yar hai,1,hi-roman
bhai abe alsi yar ho,1,hi-roman
bhai abe alsi yar hain,1,hi-roman
bhai abe alsi yar aadmi,1,hi-roman
bhai abe alsi yar insaan,1,hi-roman
bhai abe alsi yar yaar,1,hi-roman
bhai abe alsi yar bro,1,hi-roman
bhai abe alsi yar bhai,1,hi-roman
bhai abe alsi yar saale,1,hi-roman
saale abe alsi yar,1,hi-roman
saale abe alsi yar hai,1,hi-roman
saale abe alsi yar ho,1,hi-roman
saale abe alsi yar hain,1,hi-roman
saale abe alsi yar aadmi,1,hi-roman
saale abe alsi yar insaan,1,hi-roman
saale abe alsi yar yaar,1,hi-roman
saale abe alsi yar bro,1,hi-roman
saale abe alsi yar bhai,1,hi-roman
saale abe alsi yar saale,1,hi-roman
aabe aaaalsi yaaaar,1,hi-roman
aabe aaaalsi yaaaar hai,1,hi-roman
aabe aaaalsi yaaaar ho,1,hi-roman
aabe aaaalsi yaaaar hain,1,hi-roman
aabe aaaalsi yaaaar aadmi,1,hi-roman
aabe aaaalsi yaaaar insaan,1,hi-roman
aabe aaaalsi yaaaar yaar,1,hi-roman
aabe aaaalsi yaaaar bro,1,hi-roman
aabe aaaalsi yaaaar bhai,1,hi-roman
aabe aaaalsi yaaaar saale,1,hi-roman
tu aabe aaaalsi yaaaar,1,hi-roman
tu aabe aaaalsi yaaaar hai,1,hi-roman
tu aabe aaaalsi yaaaar ho,1,hi-roman
tu aabe aaaalsi yaaaar hain,1,hi-roman
tu aabe aaaalsi yaaaar aadmi,1,hi-roman
tu aabe aaaalsi yaaaar insaan,1,hi-roman
tu aabe aaaalsi yaaaar yaar,1,hi-roman
tu aabe aaaalsi yaaaar bro,1,hi-roman
tu aabe aaaalsi yaaaar bhai,1,hi-roman
tu aabe aaaalsi yaaaar saale,1,hi-roman
tum aabe aaaalsi yaaaar,1,hi-roman
tum aabe aaaalsi yaaaar hai,1,hi-roman
tum aabe aaaalsi yaaaar ho,1,hi-roman
tum aabe aaaalsi yaaaar hain,1,hi-roman
tum aabe aaaalsi yaaaar aadmi,1,hi-roman
tum aabe aaaalsi yaaaar insaan,1,hi-roman
tum aabe aaaalsi yaaaar yaar,1,hi-roman
tum aabe aaaalsi yaaaar bro,1,hi-roman
tum aabe aaaalsi yaaaar bhai,1,hi-roman
tum aabe aaaalsi yaaaar saale,1,hi-roman
abe aabe aaaalsi yaaaar,1,hi-roman
abe aabe aaaalsi yaaaar hai,1,hi-roman
abe aabe aaaalsi yaaaar ho,1,hi-roman
abe aabe aaaalsi yaaaar hain,1,hi-roman
abe aabe aaaalsi yaaaar aadmi,1,hi-roman
abe aabe aaaalsi yaaaar insaan,1,hi-roman
abe aabe aaaalsi yaaaar yaar,1,hi-roman
abe aabe aaaalsi yaaaar bro,1,hi-roman
abe aabe aaaalsi yaaaar bhai,1,hi-roman
abe aabe aaaalsi yaaaar saale,1,hi-roman
oye aabe aaaalsi yaaaar,1,hi-roman
oye aabe aaaalsi yaaaar hai,1,hi-roman
oye aabe aaaalsi yaaaar ho,1,hi-roman
oye aabe aaaalsi yaaaar hain,1,hi-roman
oye aabe aaaalsi yaaaar aadmi,1,hi-roman
oye aabe aaaalsi yaaaar insaan,1,hi-roman
oye aabe aaaalsi yaaaar yaar,1,hi-roman
oye aabe aaaalsi yaaaar bro,1,hi-roman
oye aabe aaaalsi yaaaar bhai,1,hi-roman
oye aabe aaaalsi yaaaar saale,1,hi-roman
are aabe aaaalsi yaaaar,1,hi-roman
are aabe aaaalsi yaaaar hai,1,hi-roman
are aabe aaaalsi yaaaar ho,1,hi-roman
are aabe aaaalsi yaaaar hain,1,hi-roman
are aabe aaaalsi yaaaar aadmi,1,hi-roman
are aabe aaaalsi yaaaar insaan,1,hi-roman
are aabe aaaalsi yaaaar yaar,1,hi-roman
are aabe aaaalsi yaaaar bro,1,hi-roman
are aabe aaaalsi yaaaar bhai,1,hi-roman
are aabe aaaalsi yaaaar saale,1,hi-roman
sun aabe aaaalsi yaaaar,1,hi-roman
sun aabe aaaalsi yaaaar hai,1,hi-roman
sun aabe aaaalsi yaaaar ho,1,hi-roman
sun aabe aaaalsi yaaaar hain,1,hi-roman
sun aabe aaaalsi yaaaar aadmi,1,hi-roman
sun aabe aaaalsi yaaaar insaan,1,hi-roman
sun aabe aaaalsi yaaaar yaar,1,hi-roman
sun aabe aaaalsi yaaaar bro,1,hi-roman
sun aabe aaaalsi yaaaar bhai,1,hi-roman
sun aabe aaaalsi yaaaar saale,1,hi-roman
dekh aabe aaaalsi yaaaar,1,hi-roman
dekh aabe aaaalsi yaaaar hai,1,hi-roman
dekh aabe aaaalsi yaaaar ho,1,hi-roman
dekh aabe aaaalsi yaaaar hain,1,hi-roman
dekh aabe aaaalsi yaaaar aadmi,1,hi-roman
dekh aabe aaaalsi yaaaar insaan,1,hi-roman
dekh aabe aaaalsi yaaaar yaar,1,hi-roman
dekh aabe aaaalsi yaaaar bro,1,hi-roman
dekh aabe aaaalsi yaaaar bhai,1,hi-roman
dekh aabe aaaalsi yaaaar saale,1,hi-roman
bhai aabe aaaalsi yaaaar,1,hi-roman
bhai aabe aaaalsi yaaaar hai,1,hi-roman
bhai aabe aaaalsi yaaaar ho,1,hi-roman
bhai aabe aaaalsi yaaaar hain,1,hi-roman
bhai aabe aaaalsi yaaaar aadmi,1,hi-roman
bhai aabe aaaalsi yaaaar insaan,1,hi-roman
bhai aabe aaaalsi yaaaar yaar,1,hi-roman
bhai aabe aaaalsi yaaaar bro,1,hi-roman
bhai aabe aaaalsi yaaaar bhai,1,hi-roman
bhai aabe aaaalsi yaaaar saale,1,hi-roman
saale aabe aaaalsi yaaaar,1,hi-roman
saale aabe aaaalsi yaaaar hai,1,hi-roman
saale aabe aaaalsi yaaaar ho,1,hi-roman
saale aabe aaaalsi yaaaar hain,1,hi-roman
saale aabe aaaalsi yaaaar aadmi,1,hi-roman
saale aabe aaaalsi yaaaar insaan,1,hi-roman
saale aabe aaaalsi yaaaar yaar,1,hi-roman
saale aabe aaaalsi yaaaar bro,1,hi-roman
saale aabe aaaalsi yaaaar bhai,1,hi-roman
saale aabe aaaalsi yaaaar saale,1,hi-roman
tu abe aalsi yaar hai,1,hi-roman
tu abe aalsi yaar ho,1,hi-roman
tu abe aalsi yaar hain,1,hi-roman
tu abe aalsi yaar aadmi,1,hi-roman
tu abe aalsi yaar insaan,1,hi-roman
tu abe aalsi yaar yaar,1,hi-roman
tu abe aalsi yaar bro,1,hi-roman
tu abe aalsi yaar bhai,1,hi-roman
tu abe aalsi yaar saale,1,hi-roman
tum abe aalsi yaar hai,1,hi-roman
tum abe aalsi yaar ho,1,hi-roman
tum abe aalsi yaar hain,1,hi-roman
tum abe aalsi yaar aadmi,1,hi-roman
tum abe aalsi yaar insaan,1,hi-roman
tum abe aalsi yaar yaar,1,hi-roman
tum abe aalsi yaar bro,1,hi-roman
tum abe aalsi yaar bhai,1,hi-roman
tum abe aalsi yaar saale,1,hi-roman
abe abe aalsi yaar hai,1,hi-roman
abe abe aalsi yaar ho,1,hi-roman
abe abe aalsi yaar hain,1,hi-roman
abe abe aalsi yaar aadmi,1,hi-roman
abe abe aalsi yaar insaan,1,hi-roman
abe abe aalsi yaar yaar,1,hi-roman
abe abe aalsi yaar bro,1,hi-roman
abe abe aalsi yaar bhai,1,hi-roman
abe abe aalsi yaar saale,1,hi-roman
oye abe aalsi yaar hai,1,hi-roman
oye abe aalsi yaar ho,1,hi-roman
oye abe aalsi yaar hain,1,hi-roman
oye abe aalsi yaar aadmi,1,hi-roman
oye abe aalsi yaar insaan,1,hi-roman
oye abe aalsi yaar yaar,1,hi-roman
oye abe aalsi yaar bro,1,hi-roman
oye abe aalsi yaar bhai,1,hi-roman
oye abe aalsi yaar saale,1,hi-roman
are abe aalsi yaar hai,1,hi-roman
are abe aalsi yaar ho,1,hi-roman
are abe aalsi yaar hain,1,hi-roman
are abe aalsi yaar aadmi,1,hi-roman
are abe aalsi yaar insaan,1,hi-roman
are abe aalsi yaar yaar,1,hi-roman
are abe aalsi yaar bro,1,hi-roman
are abe aalsi yaar bhai,1,hi-roman
are abe aalsi yaar saale,1,hi-roman
sun abe aalsi yaar hai,1,hi-roman
sun abe aalsi yaar ho,1,hi-roman
sun abe aalsi yaar hain,1,hi-roman
sun abe aalsi yaar aadmi,1,hi-roman
sun abe aalsi yaar insaan,1,hi-roman
sun abe aalsi yaar yaar,1,hi-roman
sun abe aalsi yaar bro,1,hi-roman
sun abe aalsi yaar bhai,1,hi-roman
sun abe aalsi yaar saale,1,hi-roman
dekh abe aalsi yaar hai,1,hi-roman
dekh abe aalsi yaar ho,1,hi-roman
dekh abe aalsi yaar hain,1,hi-roman
dekh abe aalsi yaar aadmi,1,hi-roman
dekh abe aalsi yaar insaan,1,hi-roman
dekh abe aalsi yaar yaar,1,hi-roman
dekh abe aalsi yaar bro,1,hi-roman
dekh abe aalsi yaar bhai,1,hi-roman
dekh abe aalsi yaar saale,1,hi-roman
bhai abe aalsi yaar hai,1,hi-roman
bhai abe aalsi yaar ho,1,hi-roman
bhai abe aalsi yaar hain,1,hi-roman
bhai abe aalsi yaar aadmi,1,hi-roman
bhai abe aalsi yaar insaan,1,hi-roman
bhai abe aalsi yaar yaar,1,hi-roman
bhai abe aalsi yaar bro,1,hi-roman
bhai abe aalsi yaar bhai,1,hi-roman
bhai abe aalsi yaar saale,1,hi-roman
saale abe aalsi yaar hai,1,hi-roman
saale abe aalsi yaar ho,1,hi-roman
saale abe aalsi yaar hain,1,hi-roman
saale abe aalsi yaar aadmi,1,hi-roman
saale abe aalsi yaar insaan,1,hi-roman
saale abe aalsi yaar yaar,1,hi-roman
saale abe aalsi yaar bro,1,hi-roman
saale abe aalsi yaar bhai,1,hi-roman
saale abe aalsi yaar saale,1,hi-roman
tu abe aalsee yaar hai,1,hi-roman
tu abe aalsee yaar ho,1,hi-roman
tu abe aalsee yaar hain,1,hi-roman
tu abe aalsee yaar aadmi,1,hi-roman
tu abe aalsee yaar insaan,1,hi-roman
tu abe aalsee yaar yaar,1,hi-roman
tu abe aalsee yaar bro,1,hi-roman
tu abe aalsee yaar bhai,1,hi-roman
tu abe aalsee yaar saale,1,hi-roman
tum abe aalsee yaar hai,1,hi-roman
tum abe aalsee yaar ho,1,hi-roman
tum abe aalsee yaar hain,1,hi-roman
tum abe aalsee yaar aadmi,1,hi-roman
tum abe aalsee yaar insaan,1,hi-roman
tum abe aalsee yaar yaar,1,hi-roman
tum abe aalsee yaar bro,1,hi-roman
tum abe aalsee yaar bhai,1,hi-roman
tum abe aalsee yaar saale,1,hi-roman
abe abe aalsee yaar hai,1,hi-roman
abe abe aalsee yaar ho,1,hi-roman
abe abe aalsee yaar hain,1,hi-roman
abe abe aalsee yaar aadmi,1,hi-roman
abe abe aalsee yaar insaan,1,hi-roman
abe abe aalsee yaar yaar,1,hi-roman
abe abe aalsee yaar bro,1,hi-roman
abe abe aalsee yaar bhai,1,hi-roman
abe abe aalsee yaar saale,1,hi-roman
oye abe aalsee yaar hai,1,hi-roman
oye abe aalsee yaar ho,1,hi-roman
oye abe aalsee yaar hain,1,hi-roman
oye abe aalsee yaar aadmi,1,hi-roman
oye abe aalsee yaar insaan,1,hi-roman
oye abe aalsee yaar yaar,1,hi-roman
oye abe aalsee yaar bro,1,hi-roman
oye abe aalsee yaar bhai,1,hi-roman
oye abe aalsee yaar saale,1,hi-roman
are abe aalsee yaar hai,1,hi-roman
are abe aalsee yaar ho,1,hi-roman
are abe aalsee yaar hain,1,hi-roman
are abe aalsee yaar aadmi,1,hi-roman
are abe aalsee yaar insaan,1,hi-roman
are abe aalsee yaar yaar,1,hi-roman
are abe aalsee yaar bro,1,hi-roman
are abe aalsee yaar bhai,1,hi-roman
are abe aalsee yaar saale,1,hi-roman
sun abe aalsee yaar hai,1,hi-roman
sun abe aalsee yaar ho,1,hi-roman
sun abe aalsee yaar hain,1,hi-roman
sun abe aalsee yaar aadmi,1,hi-roman
sun abe aalsee yaar insaan,1,hi-roman
sun abe aalsee yaar yaar,1,hi-roman
sun abe aalsee yaar bro,1,hi-roman
sun abe aalsee yaar bhai,1,hi-roman
sun abe aalsee yaar saale,1,hi-roman
dekh abe aalsee yaar hai,1,hi-roman
dekh abe aalsee yaar ho,1,hi-roman
dekh abe aalsee yaar hain,1,hi-roman
dekh abe aalsee yaar aadmi,1,hi-roman
dekh abe aalsee yaar insaan,1,hi-roman
dekh abe aalsee yaar yaar,1,hi-roman
dekh abe aalsee yaar bro,1,hi-roman
dekh abe aalsee yaar bhai,1,hi-roman
dekh abe aalsee yaar saale,1,hi-roman
bhai abe aalsee yaar hai,1,hi-roman
bhai abe aalsee yaar ho,1,hi-roman
bhai abe aalsee yaar hain,1,hi-roman
bhai abe aalsee yaar aadmi,1,hi-roman
bhai abe aalsee yaar insaan,1,hi-roman
bhai abe aalsee yaar yaar,1,hi-roman
bhai abe aalsee yaar bro,1,hi-roman
bhai abe aalsee yaar bhai,1,hi-roman
bhai abe aalsee yaar saale,1,hi-roman
saale abe aalsee yaar hai,1,hi-roman
saale abe aalsee yaar ho,1,hi-roman
saale abe aalsee yaar hain,1,hi-roman
saale abe aalsee yaar aadmi,1,hi-roman
saale abe aalsee yaar insaan,1,hi-roman
saale abe aalsee yaar yaar,1,hi-roman
saale abe aalsee yaar bro,1,hi-roman
saale abe aalsee yaar bhai,1,hi-roman
saale abe aalsee yaar saale,1,hi-roman
abe akadbaz,1,hi-roman
abe akadbaz hai,1,hi-roman
abe akadbaz ho,1,hi-roman
abe akadbaz hain,1,hi-roman
abe akadbaz aadmi,1,hi-roman
abe akadbaz insaan,1,hi-roman
abe akadbaz yaar,1,hi-roman
abe akadbaz bro,1,hi-roman
abe akadbaz bhai,1,hi-roman
abe akadbaz saale,1,hi-roman
tu abe akadbaz,1,hi-roman
tu abe akadbaz hai,1,hi-roman
tu abe akadbaz ho,1,hi-roman
tu abe akadbaz hain,1,hi-roman
tu abe akadbaz aadmi,1,hi-roman
tu abe akadbaz insaan,1,hi-roman
tu abe akadbaz yaar,1,hi-roman
tu abe akadbaz bro,1,hi-roman
tu abe akadbaz bhai,1,hi-roman
tu abe akadbaz saale,1,hi-roman
tum abe akadbaz,1,hi-roman
tum abe akadbaz hai,1,hi-roman
tum abe akadbaz ho,1,hi-roman
tum abe akadbaz hain,1,hi-roman
tum abe akadbaz aadmi,1,hi-roman
tum abe akadbaz insaan,1,hi-roman
tum abe akadbaz yaar,1,hi-roman
tum abe akadbaz bro,1,hi-roman
tum abe akadbaz bhai,1,hi-roman
tum abe akadbaz saale,1,hi-roman
abe abe akadbaz,1,hi-roman
abe abe akadbaz hai,1,hi-roman
abe abe akadbaz ho,1,hi-roman
abe abe akadbaz hain,1,hi-roman
abe abe akadbaz aadmi,1,hi-roman
abe abe akadbaz insaan,1,hi-roman
abe abe akadbaz yaar,1,hi-roman
abe abe akadbaz bro,1,hi-roman
abe abe akadbaz bhai,1,hi-roman
abe abe akadbaz saale,1,hi-roman
oye abe akadbaz,1,hi-roman
oye abe akadbaz hai,1,hi-roman
oye abe akadbaz ho,1,hi-roman
oye abe akadbaz hain,1,hi-roman
oye abe akadbaz aadmi,1,hi-roman
oye abe akadbaz insaan,1,hi-roman
oye abe akadbaz yaar,1,hi-roman
oye abe akadbaz bro,1,hi-roman
oye abe akadbaz bhai,1,hi-roman
oye abe akadbaz saale,1,hi-roman
are abe akadbaz,1,hi-roman
are abe akadbaz hai,1,hi-roman
are abe akadbaz ho,1,hi-roman
are abe akadbaz hain,1,hi-roman
are abe akadbaz aadmi,1,hi-roman
are abe akadbaz insaan,1,hi-roman
are abe akadbaz yaar,1,hi-roman
are abe akadbaz bro,1,hi-roman
are abe akadbaz bhai,1,hi-roman
are abe akadbaz saale,1,hi-roman
sun abe akadbaz,1,hi-roman
sun abe akadbaz hai,1,hi-roman
sun abe akadbaz ho,1,hi-roman
sun abe akadbaz hain,1,hi-roman
sun abe akadbaz aadmi,1,hi-roman
sun abe akadbaz insaan,1,hi-roman
sun abe akadbaz yaar,1,hi-roman
sun abe akadbaz bro,1,hi-roman
sun abe akadbaz bhai,1,hi-roman
sun abe akadbaz saale,1,hi-roman
dekh abe akadbaz,1,hi-roman
dekh abe akadbaz hai,1,hi-roman
dekh abe akadbaz ho,1,hi-roman
dekh abe akadbaz hain,1,hi-roman
dekh abe akadbaz aadmi,1,hi-roman
dekh abe akadbaz insaan,1,hi-roman
dekh abe akadbaz yaar,1,hi-roman
dekh abe akadbaz bro,1,hi-roman
dekh abe akadbaz bhai,1,hi-roman
dekh abe akadbaz saale,1,hi-roman
bhai abe akadbaz,1,hi-roman
bhai abe akadbaz hai,1,hi-roman
bhai abe akadbaz ho,1,hi-roman
bhai abe akadbaz hain,1,hi-roman
bhai abe akadbaz aadmi,1,hi-roman
bhai abe akadbaz insaan,1,hi-roman
bhai abe akadbaz yaar,1,hi-roman
bhai abe akadbaz bro,1,hi-roman
bhai abe akadbaz bhai,1,hi-roman
bhai abe akadbaz saale,1,hi-roman
saale abe akadbaz,1,hi-roman
saale abe akadbaz hai,1,hi-roman
saale abe akadbaz ho,1,hi-roman
saale abe akadbaz hain,1,hi-roman
saale abe akadbaz aadmi,1,hi-roman
saale abe akadbaz insaan,1,hi-roman
saale abe akadbaz yaar,1,hi-roman
saale abe akadbaz bro,1,hi-roman
saale abe akadbaz bhai,1,hi-roman
saale abe akadbaz saale,1,hi-roman
abe akadbaaj,1,hi-roman
abe akadbaaj hai,1,hi-roman
abe akadbaaj ho,1,hi-roman
abe akadbaaj hain,1,hi-roman
abe akadbaaj aadmi,1,hi-roman
abe akadbaaj insaan,1,hi-roman
abe akadbaaj yaar,1,hi-roman
abe akadbaaj bro,1,hi-roman
abe akadbaaj bhai,1,hi-roman
abe akadbaaj saale,1,hi-roman
tu abe akadbaaj,1,hi-roman
tu abe akadbaaj hai,1,hi-roman
tu abe akadbaaj ho,1,hi-roman
tu abe akadbaaj hain,1,hi-roman
tu abe akadbaaj aadmi,1,hi-roman
tu abe akadbaaj insaan,1,hi-roman
tu abe akadbaaj yaar,1,hi-roman
tu abe akadbaaj bro,1,hi-roman
tu abe akadbaaj bhai,1,hi-roman
tu abe akadbaaj saale,1,hi-roman
tum abe akadbaaj,1,hi-roman
tum abe akadbaaj hai,1,hi-roman
tum abe akadbaaj ho,1,hi-roman
tum abe akadbaaj hain,1,hi-roman
tum abe akadbaaj aadmi,1,hi-roman
tum abe akadbaaj insaan,1,hi-roman
tum abe akadbaaj yaar,1,hi-roman
tum abe akadbaaj bro,1,hi-roman
tum abe akadbaaj bhai,1,hi-roman
tum abe akadbaaj saale,1,hi-roman
abe abe akadbaaj,1,hi-roman
abe abe akadbaaj hai,1,hi-roman
abe abe akadbaaj ho,1,hi-roman
abe abe akadbaaj hain,1,hi-roman
abe abe akadbaaj aadmi,1,hi-roman
abe abe akadbaaj insaan,1,hi-roman
abe abe akadbaaj yaar,1,hi-roman
abe abe akadbaaj bro,1,hi-roman
abe abe akadbaaj bhai,1,hi-roman
abe abe akadbaaj saale,1,hi-roman
oye abe akadbaaj,1,hi-roman
oye abe akadbaaj hai,1,hi-roman
oye abe akadbaaj ho,1,hi-roman
oye abe akadbaaj hain,1,hi-roman
oye abe akadbaaj aadmi,1,hi-roman
oye abe akadbaaj insaan,1,hi-roman
oye abe akadbaaj yaar,1,hi-roman
oye abe akadbaaj bro,1,hi-roman
oye abe akadbaaj bhai,1,hi-roman
oye abe akadbaaj saale,1,hi-roman
are abe akadbaaj,1,hi-roman
are abe akadbaaj hai,1,hi-roman
are abe akadbaaj ho,1,hi-roman
are abe akadbaaj hain,1,hi-roman
are abe akadbaaj aadmi,1,hi-roman
are abe akadbaaj insaan,1,hi-roman
are abe akadbaaj yaar,1,hi-roman
are abe akadbaaj bro,1,hi-roman
are abe akadbaaj bhai,1,hi-roman
are abe akadbaaj saale,1,hi-roman
sun abe akadbaaj,1,hi-roman
sun abe akadbaaj hai,1,hi-roman
sun abe akadbaaj ho,1,hi-roman
sun abe akadbaaj hain,1,hi-roman
sun abe akadbaaj aadmi,1,hi-roman
sun abe akadbaaj insaan,1,hi-roman
sun abe akadbaaj yaar,1,hi-roman
sun abe akadbaaj bro,1,hi-roman
sun abe akadbaaj bhai,1,hi-roman
sun abe akadbaaj saale,1,hi-roman
dekh abe akadbaaj,1,hi-roman
dekh abe akadbaaj hai,1,hi-roman
dekh abe akadbaaj ho,1,hi-roman
dekh abe akadbaaj hain,1,hi-roman
dekh abe akadbaaj aadmi,1,hi-roman
dekh abe akadbaaj insaan,1,hi-roman
dekh abe akadbaaj yaar,1,hi-roman
dekh abe akadbaaj bro,1,hi-roman
dekh abe akadbaaj bhai,1,hi-roman
dekh abe akadbaaj saale,1,hi-roman
bhai abe akadbaaj,1,hi-roman
bhai abe akadbaaj hai,1,hi-roman
bhai abe akadbaaj ho,1,hi-roman
bhai abe akadbaaj hain,1,hi-roman
bhai abe akadbaaj aadmi,1,hi-roman
bhai abe akadbaaj insaan,1,hi-roman
bhai abe akadbaaj yaar,1,hi-roman
bhai abe akadbaaj bro,1,hi-roman
bhai abe akadbaaj bhai,1,hi-roman
bhai abe akadbaaj saale,1,hi-roman
saale abe akadbaaj,1,hi-roman
saale abe akadbaaj hai,1,hi-roman
saale abe akadbaaj ho,1,hi-roman
saale abe akadbaaj hain,1,hi-roman
saale abe akadbaaj aadmi,1,hi-roman
saale abe akadbaaj insaan,1,hi-roman
saale abe akadbaaj yaar,1,hi-roman
saale abe akadbaaj bro,1,hi-roman
saale abe akadbaaj bhai,1,hi-roman
saale abe akadbaaj saale,1,hi-roman
abe akadbaaz bro,1,hi-roman
abe akadbaaz bhai,1,hi-roman
tu abe akadbaaz,1,hi-roman
tu abe akadbaaz hai,1,hi-roman
tu abe akadbaaz ho,1,hi-roman
tu abe akadbaaz hain,1,hi-roman
tu abe akadbaaz aadmi,1,hi-roman
tu abe akadbaaz insaan,1,hi-roman
tu abe akadbaaz yaar,1,hi-roman
tu abe akadbaaz bro,1,hi-roman
tu abe akadbaaz bhai,1,hi-roman
tu abe akadbaaz saale,1,hi-roman
tum abe akadbaaz,1,hi-roman
tum abe akadbaaz hai,1,hi-roman
tum abe akadbaaz ho,1,hi-roman
tum abe akadbaaz hain,1,hi-roman
tum abe akadbaaz aadmi,1,hi-roman
tum abe akadbaaz insaan,1,hi-roman
tum abe akadbaaz yaar,1,hi-roman
tum abe akadbaaz bro,1,hi-roman
tum abe akadbaaz bhai,1,hi-roman
tum abe akadbaaz saale,1,hi-roman
abe abe akadbaaz,1,hi-roman
abe abe akadbaaz hai,1,hi-roman
abe abe akadbaaz ho,1,hi-roman
abe abe akadbaaz hain,1,hi-roman
abe abe akadbaaz aadmi,1,hi-roman
abe abe akadbaaz insaan,1,hi-roman
abe abe akadbaaz yaar,1,hi-roman
abe abe akadbaaz bro,1,hi-roman
abe abe akadbaaz bhai,1,hi-roman
abe abe akadbaaz saale,1,hi-roman
oye abe akadbaaz,1,hi-roman
oye abe akadbaaz hai,1,hi-roman
oye abe akadbaaz ho,1,hi-roman
oye abe akadbaaz hain,1,hi-roman
oye abe akadbaaz aadmi,1,hi-roman
oye abe akadbaaz insaan,1,hi-roman
oye abe akadbaaz yaar,1,hi-roman
oye abe akadbaaz bro,1,hi-roman
oye abe akadbaaz bhai,1,hi-roman
oye abe akadbaaz saale,1,hi-roman
are abe akadbaaz,1,hi-roman
are abe akadbaaz hai,1,hi-roman
are abe akadbaaz ho,1,hi-roman
are abe akadbaaz hain,1,hi-roman
are abe akadbaaz aadmi,1,hi-roman
are abe akadbaaz insaan,1,hi-roman
are abe akadbaaz yaar,1,hi-roman
are abe akadbaaz bro,1,hi-roman
are abe akadbaaz bhai,1,hi-roman
are abe akadbaaz saale,1,hi-roman
sun abe akadbaaz,1,hi-roman
sun abe akadbaaz hai,1,hi-roman
sun abe akadbaaz ho,1,hi-roman
sun abe akadbaaz hain,1,hi-roman
sun abe akadbaaz aadmi,1,hi-roman
sun abe akadbaaz insaan,1,hi-roman
sun abe akadbaaz yaar,1,hi-roman
sun abe akadbaaz bro,1,hi-roman
sun abe akadbaaz bhai,1,hi-roman
sun abe akadbaaz saale,1,hi-roman
dekh abe akadbaaz,1,hi-roman
dekh abe akadbaaz hai,1,hi-roman
dekh abe akadbaaz ho,1,hi-roman
dekh abe akadbaaz hain,1,hi-roman
dekh abe akadbaaz aadmi,1,hi-roman
dekh abe akadbaaz insaan,1,hi-roman
dekh abe akadbaaz yaar,1,hi-roman
dekh abe akadbaaz bro,1,hi-roman
dekh abe akadbaaz bhai,1,hi-roman
dekh abe akadbaaz saale,1,hi-roman
bhai abe akadbaaz,1,hi-roman
bhai abe akadbaaz hai,1,hi-roman
bhai abe akadbaaz ho,1,hi-roman
bhai abe akadbaaz hain,1,hi-roman
bhai abe akadbaaz aadmi,1,hi-roman
bhai abe akadbaaz insaan,1,hi-roman
bhai abe akadbaaz yaar,1,hi-roman
bhai abe akadbaaz bro,1,hi-roman
bhai abe akadbaaz bhai,1,hi-roman
bhai abe akadbaaz saale,1,hi-roman
saale abe akadbaaz,1,hi-roman
saale abe akadbaaz hai,1,hi-roman
saale abe akadbaaz ho,1,hi-roman
saale abe akadbaaz hain,1,hi-roman
saale abe akadbaaz aadmi,1,hi-roman
saale abe akadbaaz insaan,1,hi-roman
saale abe akadbaaz yaar,1,hi-roman
saale abe akadbaaz bro,1,hi-roman
saale abe akadbaaz bhai,1,hi-roman
saale abe akadbaaz saale,1,hi-roman
aabe aakaadbaaaaz,1,hi-roman
aabe aakaadbaaaaz hai,1,hi-roman
aabe aakaadbaaaaz ho,1,hi-roman
aabe aakaadbaaaaz hain,1,hi-roman
aabe aakaadbaaaaz aadmi,1,hi-roman
aabe aakaadbaaaaz insaan,1,hi-roman
aabe aakaadbaaaaz yaar,1,hi-roman
aabe aakaadbaaaaz bro,1,hi-roman
aabe aakaadbaaaaz bhai,1,hi-roman
aabe aakaadbaaaaz saale,1,hi-roman
tu aabe aakaadbaaaaz,1,hi-roman
tu aabe aakaadbaaaaz hai,1,hi-roman
tu aabe aakaadbaaaaz ho,1,hi-roman
tu aabe aakaadbaaaaz hain,1,hi-roman
tu aabe aakaadbaaaaz aadmi,1,hi-roman
tu aabe aakaadbaaaaz insaan,1,hi-roman
tu aabe aakaadbaaaaz yaar,1,hi-roman
tu aabe aakaadbaaaaz bro,1,hi-roman
tu aabe aakaadbaaaaz bhai,1,hi-roman
tu aabe aakaadbaaaaz saale,1,hi-roman
tum aabe aakaadbaaaaz,1,hi-roman
tum aabe aakaadbaaaaz hai,1,hi-roman
tum aabe aakaadbaaaaz ho,1,hi-roman
tum aabe aakaadbaaaaz hain,1,hi-roman
tum aabe aakaadbaaaaz aadmi,1,hi-roman
tum aabe aakaadbaaaaz insaan,1,hi-roman
tum aabe aakaadbaaaaz yaar,1,hi-roman
tum aabe aakaadbaaaaz bro,1,hi-roman
tum aabe aakaadbaaaaz bhai,1,hi-roman
tum aabe aakaadbaaaaz saale,1,hi-roman
abe aabe aakaadbaaaaz,1,hi-roman
abe aabe aakaadbaaaaz hai,1,hi-roman
abe aabe aakaadbaaaaz ho,1,hi-roman
abe aabe aakaadbaaaaz hain,1,hi-roman
abe aabe aakaadbaaaaz aadmi,1,hi-roman
abe aabe aakaadbaaaaz insaan,1,hi-roman
abe aabe aakaadbaaaaz yaar,1,hi-roman
abe aabe aakaadbaaaaz bro,1,hi-roman
abe aabe aakaadbaaaaz bhai,1,hi-roman
abe aabe aakaadbaaaaz saale,1,hi-roman
oye aabe aakaadbaaaaz,1,hi-roman
oye aabe aakaadbaaaaz hai,1,hi-roman
oye aabe aakaadbaaaaz ho,1,hi-roman
oye aabe aakaadbaaaaz hain,1,hi-roman
oye aabe aakaadbaaaaz aadmi,1,hi-roman
oye aabe aakaadbaaaaz insaan,1,hi-roman
oye aabe aakaadbaaaaz yaar,1,hi-roman
oye aabe aakaadbaaaaz bro,1,hi-roman
oye aabe aakaadbaaaaz bhai,1,hi-roman
oye aabe aakaadbaaaaz saale,1,hi-roman
are aabe aakaadbaaaaz,1,hi-roman
are aabe aakaadbaaaaz hai,1,hi-roman
are aabe aakaadbaaaaz ho,1,hi-roman
are aabe aakaadbaaaaz hain,1,hi-roman
are aabe aakaadbaaaaz aadmi,1,hi-roman
are aabe aakaadbaaaaz insaan,1,hi-roman
are aabe aakaadbaaaaz yaar,1,hi-roman
are aabe aakaadbaaaaz bro,1,hi-roman
are aabe aakaadbaaaaz bhai,1,hi-roman
are aabe aakaadbaaaaz saale,1,hi-roman
sun aabe aakaadbaaaaz,1,hi-roman
sun aabe aakaadbaaaaz hai,1,hi-roman
sun aabe aakaadbaaaaz ho,1,hi-roman
sun aabe aakaadbaaaaz hain,1,hi-roman
sun aabe aakaadbaaaaz aadmi,1,hi-roman
sun aabe aakaadbaaaaz insaan,1,hi-roman
sun aabe aakaadbaaaaz yaar,1,hi-roman
sun aabe aakaadbaaaaz bro,1,hi-roman
sun aabe aakaadbaaaaz bhai,1,hi-roman
sun aabe aakaadbaaaaz saale,1,hi-roman
dekh aabe aakaadbaaaaz,1,hi-roman
dekh aabe aakaadbaaaaz hai,1,hi-roman
dekh aabe aakaadbaaaaz ho,1,hi-roman
dekh aabe aakaadbaaaaz hain,1,hi-roman
dekh aabe aakaadbaaaaz aadmi,1,hi-roman
dekh aabe aakaadbaaaaz insaan,1,hi-roman
dekh aabe aakaadbaaaaz yaar,1,hi-roman
dekh aabe aakaadbaaaaz bro,1,hi-roman
dekh aabe aakaadbaaaaz bhai,1,hi-roman
dekh aabe aakaadbaaaaz saale,1,hi-roman
bhai aabe aakaadbaaaaz,1,hi-roman
bhai aabe aakaadbaaaaz hai,1,hi-roman
bhai aabe aakaadbaaaaz ho,1,hi-roman
bhai aabe aakaadbaaaaz hain,1,hi-roman
bhai aabe aakaadbaaaaz aadmi,1,hi-roman
bhai aabe aakaadbaaaaz insaan,1,hi-roman
bhai aabe aakaadbaaaaz yaar,1,hi-roman
bhai aabe aakaadbaaaaz bro,1,hi-roman
bhai aabe aakaadbaaaaz bhai,1,hi-roman
bhai aabe aakaadbaaaaz saale,1,hi-roman
saale aabe aakaadbaaaaz,1,hi-roman
saale aabe aakaadbaaaaz hai,1,hi-roman
saale aabe aakaadbaaaaz ho,1,hi-roman
saale aabe aakaadbaaaaz hain,1,hi-roman
saale aabe aakaadbaaaaz aadmi,1,hi-roman
saale aabe aakaadbaaaaz insaan,1,hi-roman
saale aabe aakaadbaaaaz yaar,1,hi-roman
saale aabe aakaadbaaaaz bro,1,hi-roman
saale aabe aakaadbaaaaz bhai,1,hi-roman
saale aabe aakaadbaaaaz saale,1,hi-roman
aabe aakaadbaaaaz aaaadmi,1,hi-roman
aabe aakaadbaaaaz aaaadmi hai,1,hi-roman
aabe aakaadbaaaaz aaaadmi ho,1,hi-roman
aabe aakaadbaaaaz aaaadmi hain,1,hi-roman
aabe aakaadbaaaaz aaaadmi aadmi,1,hi-roman
aabe aakaadbaaaaz aaaadmi insaan,1,hi-roman
aabe aakaadbaaaaz aaaadmi yaar,1,hi-roman
aabe aakaadbaaaaz aaaadmi bro,1,hi-roman
aabe aakaadbaaaaz aaaadmi bhai,1,hi-roman
aabe aakaadbaaaaz aaaadmi saale,1,hi-roman
tu aabe aakaadbaaaaz aaaadmi,1,hi-roman
tu aabe aakaadbaaaaz aaaadmi hai,1,hi-roman
tu aabe aakaadbaaaaz aaaadmi ho,1,hi-roman
tu aabe aakaadbaaaaz aaaadmi hain,1,hi-roman
tu aabe aakaadbaaaaz aaaadmi aadmi,1,hi-roman
tu aabe aakaadbaaaaz aaaadmi insaan,1,hi-roman
tu aabe aakaadbaaaaz aaaadmi yaar,1,hi-roman
tu aabe aakaadbaaaaz aaaadmi bro,1,hi-roman
tu aabe aakaadbaaaaz aaaadmi bhai,1,hi-roman
tu aabe aakaadbaaaaz aaaadmi saale,1,hi-roman
tum aabe aakaadbaaaaz aaaadmi,1,hi-roman
tum aabe aakaadbaaaaz aaaadmi hai,1,hi-roman
tum aabe aakaadbaaaaz aaaadmi ho,1,hi-roman
tum aabe aakaadbaaaaz aaaadmi hain,1,hi-roman
tum aabe aakaadbaaaaz aaaadmi aadmi,1,hi-roman
tum aabe aakaadbaaaaz aaaadmi insaan,1,hi-roman
tum aabe aakaadbaaaaz aaaadmi yaar,1,hi-roman
tum aabe aakaadbaaaaz aaaadmi bro,1,hi-roman
tum aabe aakaadbaaaaz aaaadmi bhai,1,hi-roman
tum aabe aakaadbaaaaz aaaadmi saale,1,hi-roman
abe aabe aakaadbaaaaz aaaadmi,1,hi-roman
abe aabe aakaadbaaaaz aaaadmi hai,1,hi-roman
abe aabe aakaadbaaaaz aaaadmi ho,1,hi-roman
abe aabe aakaadbaaaaz aaaadmi hain,1,hi-roman
abe aabe aakaadbaaaaz aaaadmi aadmi,1,hi-roman
abe aabe aakaadbaaaaz aaaadmi insaan,1,hi-roman
abe aabe aakaadbaaaaz aaaadmi yaar,1,hi-roman
abe aabe aakaadbaaaaz aaaadmi bro,1,hi-roman
abe aabe aakaadbaaaaz aaaadmi bhai,1,hi-roman
abe aabe aakaadbaaaaz aaaadmi saale,1,hi-roman
oye aabe aakaadbaaaaz aaaadmi,1,hi-roman
oye aabe aakaadbaaaaz aaaadmi hai,1,hi-roman
oye aabe aakaadbaaaaz aaaadmi ho,1,hi-roman
oye aabe aakaadbaaaaz aaaadmi hain,1,hi-roman
oye aabe aakaadbaaaaz aaaadmi aadmi,1,hi-roman
oye aabe aakaadbaaaaz aaaadmi insaan,1,hi-roman
oye aabe aakaadbaaaaz aaaadmi yaar,1,hi-roman
oye aabe aakaadbaaaaz aaaadmi bro,1,hi-roman
oye aabe aakaadbaaaaz aaaadmi bhai,1,hi-roman
oye aabe aakaadbaaaaz aaaadmi saale,1,hi-roman
are aabe aakaadbaaaaz aaaadmi,1,hi-roman
are aabe aakaadbaaaaz aaaadmi hai,1,hi-roman
are aabe aakaadbaaaaz aaaadmi ho,1,hi-roman
are aabe aakaadbaaaaz aaaadmi hain,1,hi-roman
are aabe aakaadbaaaaz aaaadmi aadmi,1,hi-roman
are aabe aakaadbaaaaz aaaadmi insaan,1,hi-roman
are aabe aakaadbaaaaz aaaadmi yaar,1,hi-roman
are aabe aakaadbaaaaz aaaadmi bro,1,hi-roman
are aabe aakaadbaaaaz aaaadmi bhai,1,hi-roman
are aabe aakaadbaaaaz aaaadmi saale,1,hi-roman
sun aabe aakaadbaaaaz aaaadmi,1,hi-roman
sun aabe aakaadbaaaaz aaaadmi hai,1,hi-roman
sun aabe aakaadbaaaaz aaaadmi ho,1,hi-roman
sun aabe aakaadbaaaaz aaaadmi hain,1,hi-roman
sun aabe aakaadbaaaaz aaaadmi aadmi,1,hi-roman
sun aabe aakaadbaaaaz aaaadmi insaan,1,hi-roman
sun aabe aakaadbaaaaz aaaadmi yaar,1,hi-roman
sun aabe aakaadbaaaaz aaaadmi bro,1,hi-roman
sun aabe aakaadbaaaaz aaaadmi bhai,1,hi-roman
sun aabe aakaadbaaaaz aaaadmi saale,1,hi-roman
dekh aabe aakaadbaaaaz aaaadmi,1,hi-roman
dekh aabe aakaadbaaaaz aaaadmi hai,1,hi-roman
dekh aabe aakaadbaaaaz aaaadmi ho,1,hi-roman
dekh aabe aakaadbaaaaz aaaadmi hain,1,hi-roman
dekh aabe aakaadbaaaaz aaaadmi aadmi,1,hi-roman
dekh aabe aakaadbaaaaz aaaadmi insaan,1,hi-roman
dekh aabe aakaadbaaaaz aaaadmi yaar,1,hi-roman
dekh aabe aakaadbaaaaz aaaadmi bro,1,hi-roman
dekh aabe aakaadbaaaaz aaaadmi bhai,1,hi-roman
dekh aabe aakaadbaaaaz aaaadmi saale,1,hi-roman
bhai aabe aakaadbaaaaz aaaadmi,1,hi-roman
bhai aabe aakaadbaaaaz aaaadmi hai,1,hi-roman
bhai aabe aakaadbaaaaz aaaadmi ho,1,hi-roman
bhai aabe aakaadbaaaaz aaaadmi hain,1,hi-roman
bhai aabe aakaadbaaaaz aaaadmi aadmi,1,hi-roman
bhai aabe aakaadbaaaaz aaaadmi insaan,1,hi-roman
bhai aabe aakaadbaaaaz aaaadmi yaar,1,hi-roman
bhai aabe aakaadbaaaaz aaaadmi bro,1,hi-roman
bhai aabe aakaadbaaaaz aaaadmi bhai,1,hi-roman
bhai aabe aakaadbaaaaz aaaadmi saale,1,hi-roman
saale aabe aakaadbaaaaz aaaadmi,1,hi-roman
saale aabe aakaadbaaaaz aaaadmi hai,1,hi-roman
saale aabe aakaadbaaaaz aaaadmi ho,1,hi-roman
saale aabe aakaadbaaaaz aaaadmi hain,1,hi-roman
saale aabe aakaadbaaaaz aaaadmi aadmi,1,hi-roman
saale aabe aakaadbaaaaz aaaadmi insaan,1,hi-roman
saale aabe aakaadbaaaaz aaaadmi yaar,1,hi-roman
saale aabe aakaadbaaaaz aaaadmi bro,1,hi-roman
saale aabe aakaadbaaaaz aaaadmi bhai,1,hi-roman
saale aabe aakaadbaaaaz aaaadmi saale,1,hi-roman
abe akadbaaz aadmi hai,1,hi-roman
abe akadbaaz aadmi ho,1,hi-roman
abe akadbaaz aadmi hain,1,hi-roman
abe akadbaaz aadmi aadmi,1,hi-roman
abe akadbaaz aadmi insaan,1,hi-roman
abe akadbaaz aadmi yaar,1,hi-roman
abe akadbaaz aadmi bro,1,hi-roman
abe akadbaaz aadmi bhai,1,hi-roman
abe akadbaaz aadmi saale,1,hi-roman
tu abe akadbaaz aadmi hai,1,hi-roman
tu abe akadbaaz aadmi ho,1,hi-roman
tu abe akadbaaz aadmi hain,1,hi-roman
tu abe akadbaaz aadmi aadmi,1,hi-roman
tu abe akadbaaz aadmi insaan,1,hi-roman
tu abe akadbaaz aadmi yaar,1,hi-roman
tu abe akadbaaz aadmi bro,1,hi-roman
